Fitter report for CHOOSE_LAB3
Mon Nov 04 19:54:46 2024
Quartus II 64-Bit Version 13.0.1 Build 232 06/12/2013 Service Pack 1 SJ Full Version


---------------------
; Table of Contents ;
---------------------
  1. Legal Notice
  2. Fitter Summary
  3. Fitter Settings
  4. Parallel Compilation
  5. I/O Assignment Warnings
  6. Incremental Compilation Preservation Summary
  7. Incremental Compilation Partition Settings
  8. Incremental Compilation Placement Preservation
  9. Pin-Out File
 10. Fitter Resource Usage Summary
 11. Fitter Partition Statistics
 12. Input Pins
 13. Output Pins
 14. Dual Purpose and Dedicated Pins
 15. I/O Bank Usage
 16. All Package Pins
 17. Fitter Resource Utilization by Entity
 18. Delay Chain Summary
 19. Pad To Core Delay Chain Fanout
 20. Non-Global High Fan-Out Signals
 21. Other Routing Usage Summary
 22. LAB Logic Elements
 23. LAB Signals Sourced
 24. LAB Signals Sourced Out
 25. LAB Distinct Inputs
 26. I/O Rules Summary
 27. I/O Rules Details
 28. I/O Rules Matrix
 29. Fitter Device Options
 30. Operating Settings and Conditions
 31. Fitter Messages
 32. Fitter Suppressed Messages



----------------
; Legal Notice ;
----------------
Copyright (C) 1991-2013 Altera Corporation
Your use of Altera Corporation's design tools, logic functions 
and other software and tools, and its AMPP partner logic 
functions, and any output files from any of the foregoing 
(including device programming or simulation files), and any 
associated documentation or information are expressly subject 
to the terms and conditions of the Altera Program License 
Subscription Agreement, Altera MegaCore Function License 
Agreement, or other applicable license agreement, including, 
without limitation, that your use is for the sole purpose of 
programming logic devices manufactured by Altera and sold by 
Altera or its authorized distributors.  Please refer to the 
applicable agreement for further details.



+---------------------------------------------------------------------------------------+
; Fitter Summary                                                                        ;
+------------------------------------+--------------------------------------------------+
; Fitter Status                      ; Successful - Mon Nov 04 19:54:46 2024            ;
; Quartus II 64-Bit Version          ; 13.0.1 Build 232 06/12/2013 SP 1 SJ Full Version ;
; Revision Name                      ; CHOOSE_LAB3                                      ;
; Top-level Entity Name              ; CHOOSE_LAB3                                      ;
; Family                             ; Cyclone IV GX                                    ;
; Device                             ; EP4CGX22CF19C6                                   ;
; Timing Models                      ; Final                                            ;
; Total logic elements               ; 32 / 21,280 ( < 1 % )                            ;
;     Total combinational functions  ; 32 / 21,280 ( < 1 % )                            ;
;     Dedicated logic registers      ; 0 / 21,280 ( 0 % )                               ;
; Total registers                    ; 0                                                ;
; Total pins                         ; 67 / 167 ( 40 % )                                ;
; Total virtual pins                 ; 0                                                ;
; Total memory bits                  ; 0 / 774,144 ( 0 % )                              ;
; Embedded Multiplier 9-bit elements ; 0 / 80 ( 0 % )                                   ;
; Total GXB Receiver Channel PCS     ; 0 / 4 ( 0 % )                                    ;
; Total GXB Receiver Channel PMA     ; 0 / 4 ( 0 % )                                    ;
; Total GXB Transmitter Channel PCS  ; 0 / 4 ( 0 % )                                    ;
; Total GXB Transmitter Channel PMA  ; 0 / 4 ( 0 % )                                    ;
; Total PLLs                         ; 0 / 4 ( 0 % )                                    ;
+------------------------------------+--------------------------------------------------+


+------------------------------------------------------------------------------------------------------------------------------------------------------------+
; Fitter Settings                                                                                                                                            ;
+----------------------------------------------------------------------------+---------------------------------------+---------------------------------------+
; Option                                                                     ; Setting                               ; Default Value                         ;
+----------------------------------------------------------------------------+---------------------------------------+---------------------------------------+
; Device                                                                     ; auto                                  ;                                       ;
; Fit Attempts to Skip                                                       ; 0                                     ; 0.0                                   ;
; Use smart compilation                                                      ; Off                                   ; Off                                   ;
; Enable parallel Assembler and TimeQuest Timing Analyzer during compilation ; On                                    ; On                                    ;
; Enable compact report table                                                ; Off                                   ; Off                                   ;
; Auto Merge PLLs                                                            ; On                                    ; On                                    ;
; Router Timing Optimization Level                                           ; Normal                                ; Normal                                ;
; Perform Clocking Topology Analysis During Routing                          ; Off                                   ; Off                                   ;
; Placement Effort Multiplier                                                ; 1.0                                   ; 1.0                                   ;
; Router Effort Multiplier                                                   ; 1.0                                   ; 1.0                                   ;
; Optimize Hold Timing                                                       ; All Paths                             ; All Paths                             ;
; Optimize Multi-Corner Timing                                               ; On                                    ; On                                    ;
; PowerPlay Power Optimization                                               ; Normal compilation                    ; Normal compilation                    ;
; SSN Optimization                                                           ; Off                                   ; Off                                   ;
; Optimize Timing                                                            ; Normal compilation                    ; Normal compilation                    ;
; Optimize Timing for ECOs                                                   ; Off                                   ; Off                                   ;
; Regenerate full fit report during ECO compiles                             ; Off                                   ; Off                                   ;
; Optimize IOC Register Placement for Timing                                 ; Normal                                ; Normal                                ;
; Limit to One Fitting Attempt                                               ; Off                                   ; Off                                   ;
; Final Placement Optimizations                                              ; Automatically                         ; Automatically                         ;
; Fitter Aggressive Routability Optimizations                                ; Automatically                         ; Automatically                         ;
; Fitter Initial Placement Seed                                              ; 1                                     ; 1                                     ;
; PCI I/O                                                                    ; Off                                   ; Off                                   ;
; Weak Pull-Up Resistor                                                      ; Off                                   ; Off                                   ;
; Enable Bus-Hold Circuitry                                                  ; Off                                   ; Off                                   ;
; Auto Packed Registers                                                      ; Auto                                  ; Auto                                  ;
; Auto Delay Chains                                                          ; On                                    ; On                                    ;
; Auto Delay Chains for High Fanout Input Pins                               ; Off                                   ; Off                                   ;
; Allow Single-ended Buffer for Differential-XSTL Input                      ; Off                                   ; Off                                   ;
; Treat Bidirectional Pin as Output Pin                                      ; Off                                   ; Off                                   ;
; Perform Physical Synthesis for Combinational Logic for Fitting             ; Off                                   ; Off                                   ;
; Perform Physical Synthesis for Combinational Logic for Performance         ; Off                                   ; Off                                   ;
; Perform Register Duplication for Performance                               ; Off                                   ; Off                                   ;
; Perform Logic to Memory Mapping for Fitting                                ; Off                                   ; Off                                   ;
; Perform Register Retiming for Performance                                  ; Off                                   ; Off                                   ;
; Perform Asynchronous Signal Pipelining                                     ; Off                                   ; Off                                   ;
; Fitter Effort                                                              ; Auto Fit                              ; Auto Fit                              ;
; Physical Synthesis Effort Level                                            ; Normal                                ; Normal                                ;
; Logic Cell Insertion - Logic Duplication                                   ; Auto                                  ; Auto                                  ;
; Auto Register Duplication                                                  ; Auto                                  ; Auto                                  ;
; Auto Global Clock                                                          ; On                                    ; On                                    ;
; Auto Global Register Control Signals                                       ; On                                    ; On                                    ;
; Generate GXB Reconfig MIF                                                  ; Off                                   ; Off                                   ;
; Reserve all unused pins                                                    ; As input tri-stated with weak pull-up ; As input tri-stated with weak pull-up ;
; Synchronizer Identification                                                ; Off                                   ; Off                                   ;
; Enable Beneficial Skew Optimization                                        ; On                                    ; On                                    ;
; Optimize Design for Metastability                                          ; On                                    ; On                                    ;
; Active Serial clock source                                                 ; FREQ_40MHz                            ; FREQ_40MHz                            ;
; Force Fitter to Avoid Periphery Placement Warnings                         ; Off                                   ; Off                                   ;
; Enable input tri-state on active configuration pins in user mode           ; Off                                   ; Off                                   ;
+----------------------------------------------------------------------------+---------------------------------------+---------------------------------------+


+------------------------------------------+
; Parallel Compilation                     ;
+----------------------------+-------------+
; Processors                 ; Number      ;
+----------------------------+-------------+
; Number detected on machine ; 8           ;
; Maximum allowed            ; 4           ;
;                            ;             ;
; Average used               ; 1.00        ;
; Maximum used               ; 4           ;
;                            ;             ;
; Usage by Processor         ; % Time Used ;
;     Processor 1            ; 100.0%      ;
;     Processors 2-4         ; < 0.1%      ;
;     Processors 5-8         ;   0.0%      ;
+----------------------------+-------------+


+-------------------------------------------+
; I/O Assignment Warnings                   ;
+-----------+-------------------------------+
; Pin Name  ; Reason                        ;
+-----------+-------------------------------+
; res_out1  ; Incomplete set of assignments ;
; res_out2  ; Incomplete set of assignments ;
; res_out3  ; Incomplete set of assignments ;
; res_out4  ; Incomplete set of assignments ;
; res_out5  ; Incomplete set of assignments ;
; res_out6  ; Incomplete set of assignments ;
; res_out7  ; Incomplete set of assignments ;
; res_out8  ; Incomplete set of assignments ;
; res_out9  ; Incomplete set of assignments ;
; res_out10 ; Incomplete set of assignments ;
; res_out11 ; Incomplete set of assignments ;
; res_out12 ; Incomplete set of assignments ;
; res_out13 ; Incomplete set of assignments ;
; res_out14 ; Incomplete set of assignments ;
; res_out15 ; Incomplete set of assignments ;
; res_out16 ; Incomplete set of assignments ;
; s_choose  ; Incomplete set of assignments ;
; l_choose  ; Incomplete set of assignments ;
; l1        ; Incomplete set of assignments ;
; s1        ; Incomplete set of assignments ;
; r_choose  ; Incomplete set of assignments ;
; r1        ; Incomplete set of assignments ;
; l2        ; Incomplete set of assignments ;
; s2        ; Incomplete set of assignments ;
; r2        ; Incomplete set of assignments ;
; l3        ; Incomplete set of assignments ;
; s3        ; Incomplete set of assignments ;
; r3        ; Incomplete set of assignments ;
; l4        ; Incomplete set of assignments ;
; s4        ; Incomplete set of assignments ;
; r4        ; Incomplete set of assignments ;
; l5        ; Incomplete set of assignments ;
; s5        ; Incomplete set of assignments ;
; r5        ; Incomplete set of assignments ;
; l6        ; Incomplete set of assignments ;
; s6        ; Incomplete set of assignments ;
; r6        ; Incomplete set of assignments ;
; l7        ; Incomplete set of assignments ;
; s7        ; Incomplete set of assignments ;
; r7        ; Incomplete set of assignments ;
; l8        ; Incomplete set of assignments ;
; s8        ; Incomplete set of assignments ;
; r8        ; Incomplete set of assignments ;
; l9        ; Incomplete set of assignments ;
; s9        ; Incomplete set of assignments ;
; r9        ; Incomplete set of assignments ;
; l10       ; Incomplete set of assignments ;
; s10       ; Incomplete set of assignments ;
; r10       ; Incomplete set of assignments ;
; l11       ; Incomplete set of assignments ;
; s11       ; Incomplete set of assignments ;
; r11       ; Incomplete set of assignments ;
; l12       ; Incomplete set of assignments ;
; s12       ; Incomplete set of assignments ;
; r12       ; Incomplete set of assignments ;
; l13       ; Incomplete set of assignments ;
; s13       ; Incomplete set of assignments ;
; r13       ; Incomplete set of assignments ;
; l14       ; Incomplete set of assignments ;
; s14       ; Incomplete set of assignments ;
; r14       ; Incomplete set of assignments ;
; l15       ; Incomplete set of assignments ;
; s15       ; Incomplete set of assignments ;
; r15       ; Incomplete set of assignments ;
; l16       ; Incomplete set of assignments ;
; s16       ; Incomplete set of assignments ;
; r16       ; Incomplete set of assignments ;
+-----------+-------------------------------+


+----------------------------------------------+
; Incremental Compilation Preservation Summary ;
+---------------------+------------------------+
; Type                ; Value                  ;
+---------------------+------------------------+
; Placement (by node) ;                        ;
;     -- Requested    ; 0 / 177 ( 0.00 % )     ;
;     -- Achieved     ; 0 / 177 ( 0.00 % )     ;
;                     ;                        ;
; Routing (by net)    ;                        ;
;     -- Requested    ; 0 / 0 ( 0.00 % )       ;
;     -- Achieved     ; 0 / 0 ( 0.00 % )       ;
+---------------------+------------------------+


+----------------------------------------------------------------------------------------------------------------------------------------------------------------------------------------+
; Incremental Compilation Partition Settings                                                                                                                                             ;
+--------------------------------+----------------+-------------------+-------------------------+------------------------+------------------------------+--------------------------------+
; Partition Name                 ; Partition Type ; Netlist Type Used ; Preservation Level Used ; Netlist Type Requested ; Preservation Level Requested ; Contents                       ;
+--------------------------------+----------------+-------------------+-------------------------+------------------------+------------------------------+--------------------------------+
; Top                            ; User-created   ; Source File       ; N/A                     ; Source File            ; N/A                          ;                                ;
; hard_block:auto_generated_inst ; Auto-generated ; Source File       ; N/A                     ; Source File            ; N/A                          ; hard_block:auto_generated_inst ;
+--------------------------------+----------------+-------------------+-------------------------+------------------------+------------------------------+--------------------------------+


+------------------------------------------------------------------------------------------------------------+
; Incremental Compilation Placement Preservation                                                             ;
+--------------------------------+---------+-------------------+-------------------------+-------------------+
; Partition Name                 ; # Nodes ; # Preserved Nodes ; Preservation Level Used ; Netlist Type Used ;
+--------------------------------+---------+-------------------+-------------------------+-------------------+
; Top                            ; 167     ; 0                 ; N/A                     ; Source File       ;
; hard_block:auto_generated_inst ; 10      ; 0                 ; N/A                     ; Source File       ;
+--------------------------------+---------+-------------------+-------------------------+-------------------+


+--------------+
; Pin-Out File ;
+--------------+
The pin-out file can be found in D:/altera/CHOOSE_LAB3/output_files/CHOOSE_LAB3.pin.


+---------------------------------------------------------------------+
; Fitter Resource Usage Summary                                       ;
+---------------------------------------------+-----------------------+
; Resource                                    ; Usage                 ;
+---------------------------------------------+-----------------------+
; Total logic elements                        ; 32 / 21,280 ( < 1 % ) ;
;     -- Combinational with no register       ; 32                    ;
;     -- Register only                        ; 0                     ;
;     -- Combinational with a register        ; 0                     ;
;                                             ;                       ;
; Logic element usage by number of LUT inputs ;                       ;
;     -- 4 input functions                    ; 16                    ;
;     -- 3 input functions                    ; 16                    ;
;     -- <=2 input functions                  ; 0                     ;
;     -- Register only                        ; 0                     ;
;                                             ;                       ;
; Logic elements by mode                      ;                       ;
;     -- normal mode                          ; 32                    ;
;     -- arithmetic mode                      ; 0                     ;
;                                             ;                       ;
; Total registers*                            ; 0 / 22,031 ( 0 % )    ;
;     -- Dedicated logic registers            ; 0 / 21,280 ( 0 % )    ;
;     -- I/O registers                        ; 0 / 751 ( 0 % )       ;
;                                             ;                       ;
; Total LABs:  partially or completely used   ; 2 / 1,330 ( < 1 % )   ;
; Virtual pins                                ; 0                     ;
; I/O pins                                    ; 67 / 167 ( 40 % )     ;
;     -- Clock pins                           ; 1 / 6 ( 17 % )        ;
;     -- Dedicated input pins                 ; 0 / 16 ( 0 % )        ;
;                                             ;                       ;
; Global signals                              ; 0                     ;
; M9Ks                                        ; 0 / 84 ( 0 % )        ;
; Total block memory bits                     ; 0 / 774,144 ( 0 % )   ;
; Total block memory implementation bits      ; 0 / 774,144 ( 0 % )   ;
; Embedded Multiplier 9-bit elements          ; 0 / 80 ( 0 % )        ;
; PLLs                                        ; 0 / 4 ( 0 % )         ;
; Global clocks                               ; 0 / 20 ( 0 % )        ;
; JTAGs                                       ; 0 / 1 ( 0 % )         ;
; CRC blocks                                  ; 0 / 1 ( 0 % )         ;
; ASMI blocks                                 ; 0 / 1 ( 0 % )         ;
; GXB Receiver channel PCSs                   ; 0 / 4 ( 0 % )         ;
; GXB Receiver channel PMAs                   ; 0 / 4 ( 0 % )         ;
; GXB Transmitter channel PCSs                ; 0 / 4 ( 0 % )         ;
; GXB Transmitter channel PMAs                ; 0 / 4 ( 0 % )         ;
; Impedance control blocks                    ; 0 / 3 ( 0 % )         ;
; Average interconnect usage (total/H/V)      ; 0% / 0% / 0%          ;
; Peak interconnect usage (total/H/V)         ; 0% / 0% / 1%          ;
; Maximum fan-out                             ; 16                    ;
; Highest non-global fan-out                  ; 16                    ;
; Total fan-out                               ; 200                   ;
; Average fan-out                             ; 1.14                  ;
+---------------------------------------------+-----------------------+
*  Register count does not include registers inside RAM blocks or DSP blocks.



+-----------------------------------------------------------------------------------------------------+
; Fitter Partition Statistics                                                                         ;
+---------------------------------------------+----------------------+--------------------------------+
; Statistic                                   ; Top                  ; hard_block:auto_generated_inst ;
+---------------------------------------------+----------------------+--------------------------------+
; Difficulty Clustering Region                ; Low                  ; Low                            ;
;                                             ;                      ;                                ;
; Total logic elements                        ; 32 / 21280 ( < 1 % ) ; 0 / 21280 ( 0 % )              ;
;     -- Combinational with no register       ; 32                   ; 0                              ;
;     -- Register only                        ; 0                    ; 0                              ;
;     -- Combinational with a register        ; 0                    ; 0                              ;
;                                             ;                      ;                                ;
; Logic element usage by number of LUT inputs ;                      ;                                ;
;     -- 4 input functions                    ; 16                   ; 0                              ;
;     -- 3 input functions                    ; 16                   ; 0                              ;
;     -- <=2 input functions                  ; 0                    ; 0                              ;
;     -- Register only                        ; 0                    ; 0                              ;
;                                             ;                      ;                                ;
; Logic elements by mode                      ;                      ;                                ;
;     -- normal mode                          ; 32                   ; 0                              ;
;     -- arithmetic mode                      ; 0                    ; 0                              ;
;                                             ;                      ;                                ;
; Total registers                             ; 0                    ; 0                              ;
;     -- Dedicated logic registers            ; 0 / 21280 ( 0 % )    ; 0 / 21280 ( 0 % )              ;
;                                             ;                      ;                                ;
; Total LABs:  partially or completely used   ; 2 / 1330 ( < 1 % )   ; 0 / 1330 ( 0 % )               ;
;                                             ;                      ;                                ;
; Virtual pins                                ; 0                    ; 0                              ;
; I/O pins                                    ; 67                   ; 0                              ;
; Embedded Multiplier 9-bit elements          ; 0 / 80 ( 0 % )       ; 0 / 80 ( 0 % )                 ;
; Total memory bits                           ; 0                    ; 0                              ;
; Total RAM block bits                        ; 0                    ; 0                              ;
;                                             ;                      ;                                ;
; Connections                                 ;                      ;                                ;
;     -- Input Connections                    ; 0                    ; 0                              ;
;     -- Registered Input Connections         ; 0                    ; 0                              ;
;     -- Output Connections                   ; 0                    ; 0                              ;
;     -- Registered Output Connections        ; 0                    ; 0                              ;
;                                             ;                      ;                                ;
; Internal Connections                        ;                      ;                                ;
;     -- Total Connections                    ; 195                  ; 5                              ;
;     -- Registered Connections               ; 0                    ; 0                              ;
;                                             ;                      ;                                ;
; External Connections                        ;                      ;                                ;
;     -- Top                                  ; 0                    ; 0                              ;
;     -- hard_block:auto_generated_inst       ; 0                    ; 0                              ;
;                                             ;                      ;                                ;
; Partition Interface                         ;                      ;                                ;
;     -- Input Ports                          ; 51                   ; 0                              ;
;     -- Output Ports                         ; 16                   ; 0                              ;
;     -- Bidir Ports                          ; 0                    ; 0                              ;
;                                             ;                      ;                                ;
; Registered Ports                            ;                      ;                                ;
;     -- Registered Input Ports               ; 0                    ; 0                              ;
;     -- Registered Output Ports              ; 0                    ; 0                              ;
;                                             ;                      ;                                ;
; Port Connectivity                           ;                      ;                                ;
;     -- Input Ports driven by GND            ; 0                    ; 0                              ;
;     -- Output Ports driven by GND           ; 0                    ; 0                              ;
;     -- Input Ports driven by VCC            ; 0                    ; 0                              ;
;     -- Output Ports driven by VCC           ; 0                    ; 0                              ;
;     -- Input Ports with no Source           ; 0                    ; 0                              ;
;     -- Output Ports with no Source          ; 0                    ; 0                              ;
;     -- Input Ports with no Fanout           ; 0                    ; 0                              ;
;     -- Output Ports with no Fanout          ; 0                    ; 0                              ;
+---------------------------------------------+----------------------+--------------------------------+


+---------------------------------------------------------------------------------------------------------------------------------------------------------------------------------------------------------------------------------------------------------------------------------------------+
; Input Pins                                                                                                                                                                                                                                                                                  ;
+----------+-------+----------+--------------+--------------+--------------+-----------------------+--------------------+--------+----------------+---------------+-----------------+----------+--------------+--------------+-------------+---------------------------+----------------------+
; Name     ; Pin # ; I/O Bank ; X coordinate ; Y coordinate ; Z coordinate ; Combinational Fan-Out ; Registered Fan-Out ; Global ; Input Register ; Power Up High ; PCI I/O Enabled ; Bus Hold ; Weak Pull Up ; I/O Standard ; Termination ; Termination Control Block ; Location assigned by ;
+----------+-------+----------+--------------+--------------+--------------+-----------------------+--------------------+--------+----------------+---------------+-----------------+----------+--------------+--------------+-------------+---------------------------+----------------------+
; l1       ; T16   ; 4        ; 46           ; 0            ; 7            ; 1                     ; 0                  ; no     ; no             ; no            ; yes             ; no       ; Off          ; 2.5 V        ; Off         ; --                        ; Fitter               ;
; l10      ; C9    ; 8        ; 18           ; 41           ; 0            ; 1                     ; 0                  ; no     ; no             ; no            ; yes             ; no       ; Off          ; 2.5 V        ; Off         ; --                        ; Fitter               ;
; l11      ; B9    ; 8        ; 21           ; 41           ; 0            ; 1                     ; 0                  ; no     ; no             ; no            ; yes             ; no       ; Off          ; 2.5 V        ; Off         ; --                        ; Fitter               ;
; l12      ; T9    ; 3        ; 18           ; 0            ; 0            ; 1                     ; 0                  ; no     ; no             ; no            ; yes             ; no       ; Off          ; 2.5 V        ; Off         ; --                        ; Fitter               ;
; l13      ; A9    ; 8        ; 16           ; 41           ; 7            ; 1                     ; 0                  ; no     ; no             ; no            ; yes             ; no       ; Off          ; 2.5 V        ; Off         ; --                        ; Fitter               ;
; l14      ; U13   ; 4        ; 29           ; 0            ; 7            ; 1                     ; 0                  ; no     ; no             ; no            ; yes             ; no       ; Off          ; 2.5 V        ; Off         ; --                        ; Fitter               ;
; l15      ; U10   ; 3        ; 23           ; 0            ; 0            ; 1                     ; 0                  ; no     ; no             ; no            ; yes             ; no       ; Off          ; 2.5 V        ; Off         ; --                        ; Fitter               ;
; l16      ; R10   ; 3        ; 25           ; 0            ; 0            ; 1                     ; 0                  ; no     ; no             ; no            ; yes             ; no       ; Off          ; 2.5 V        ; Off         ; --                        ; Fitter               ;
; l2       ; T18   ; 5        ; 52           ; 11           ; 7            ; 1                     ; 0                  ; no     ; no             ; no            ; yes             ; no       ; Off          ; 2.5 V        ; Off         ; --                        ; Fitter               ;
; l3       ; T13   ; 4        ; 41           ; 0            ; 21           ; 1                     ; 0                  ; no     ; no             ; no            ; yes             ; no       ; Off          ; 2.5 V        ; Off         ; --                        ; Fitter               ;
; l4       ; L15   ; 5        ; 52           ; 13           ; 0            ; 1                     ; 0                  ; no     ; no             ; no            ; yes             ; no       ; Off          ; 2.5 V        ; Off         ; --                        ; Fitter               ;
; l5       ; R13   ; 4        ; 36           ; 0            ; 0            ; 1                     ; 0                  ; no     ; no             ; no            ; yes             ; no       ; Off          ; 2.5 V        ; Off         ; --                        ; Fitter               ;
; l6       ; M17   ; 5        ; 52           ; 15           ; 7            ; 1                     ; 0                  ; no     ; no             ; no            ; yes             ; no       ; Off          ; 2.5 V        ; Off         ; --                        ; Fitter               ;
; l7       ; T11   ; 4        ; 31           ; 0            ; 14           ; 1                     ; 0                  ; no     ; no             ; no            ; yes             ; no       ; Off          ; 2.5 V        ; Off         ; --                        ; Fitter               ;
; l8       ; U12   ; 4        ; 31           ; 0            ; 0            ; 1                     ; 0                  ; no     ; no             ; no            ; yes             ; no       ; Off          ; 2.5 V        ; Off         ; --                        ; Fitter               ;
; l9       ; A8    ; 8        ; 16           ; 41           ; 0            ; 1                     ; 0                  ; no     ; no             ; no            ; yes             ; no       ; Off          ; 2.5 V        ; Off         ; --                        ; Fitter               ;
; l_choose ; V12   ; 4        ; 27           ; 0            ; 0            ; 16                    ; 0                  ; no     ; no             ; no            ; yes             ; no       ; Off          ; 2.5 V        ; Off         ; --                        ; Fitter               ;
; r1       ; T15   ; 4        ; 48           ; 0            ; 0            ; 1                     ; 0                  ; no     ; no             ; no            ; yes             ; no       ; Off          ; 2.5 V        ; Off         ; --                        ; Fitter               ;
; r10      ; U9    ; 3        ; 16           ; 0            ; 7            ; 1                     ; 0                  ; no     ; no             ; no            ; yes             ; no       ; Off          ; 2.5 V        ; Off         ; --                        ; Fitter               ;
; r11      ; T12   ; 4        ; 31           ; 0            ; 7            ; 1                     ; 0                  ; no     ; no             ; no            ; yes             ; no       ; Off          ; 2.5 V        ; Off         ; --                        ; Fitter               ;
; r12      ; P6    ; 3        ; 3            ; 0            ; 7            ; 1                     ; 0                  ; no     ; no             ; no            ; yes             ; no       ; Off          ; 2.5 V        ; Off         ; --                        ; Fitter               ;
; r13      ; R9    ; 3        ; 18           ; 0            ; 7            ; 1                     ; 0                  ; no     ; no             ; no            ; yes             ; no       ; Off          ; 2.5 V        ; Off         ; --                        ; Fitter               ;
; r14      ; N7    ; 3        ; 10           ; 0            ; 0            ; 1                     ; 0                  ; no     ; no             ; no            ; yes             ; no       ; Off          ; 2.5 V        ; Off         ; --                        ; Fitter               ;
; r15      ; V9    ; 3        ; 21           ; 0            ; 7            ; 1                     ; 0                  ; no     ; no             ; no            ; yes             ; no       ; Off          ; 2.5 V        ; Off         ; --                        ; Fitter               ;
; r16      ; V5    ; 3        ; 7            ; 0            ; 21           ; 1                     ; 0                  ; no     ; no             ; no            ; yes             ; no       ; Off          ; 2.5 V        ; Off         ; --                        ; Fitter               ;
; r2       ; N15   ; 5        ; 52           ; 9            ; 7            ; 1                     ; 0                  ; no     ; no             ; no            ; yes             ; no       ; Off          ; 2.5 V        ; Off         ; --                        ; Fitter               ;
; r3       ; R14   ; 4        ; 48           ; 0            ; 7            ; 1                     ; 0                  ; no     ; no             ; no            ; yes             ; no       ; Off          ; 2.5 V        ; Off         ; --                        ; Fitter               ;
; r4       ; U15   ; 4        ; 41           ; 0            ; 7            ; 1                     ; 0                  ; no     ; no             ; no            ; yes             ; no       ; Off          ; 2.5 V        ; Off         ; --                        ; Fitter               ;
; r5       ; U18   ; 4        ; 46           ; 0            ; 21           ; 1                     ; 0                  ; no     ; no             ; no            ; yes             ; no       ; Off          ; 2.5 V        ; Off         ; --                        ; Fitter               ;
; r6       ; T17   ; 4        ; 46           ; 0            ; 0            ; 1                     ; 0                  ; no     ; no             ; no            ; yes             ; no       ; Off          ; 2.5 V        ; Off         ; --                        ; Fitter               ;
; r7       ; V17   ; 4        ; 43           ; 0            ; 0            ; 1                     ; 0                  ; no     ; no             ; no            ; yes             ; no       ; Off          ; 2.5 V        ; Off         ; --                        ; Fitter               ;
; r8       ; V18   ; 4        ; 46           ; 0            ; 14           ; 1                     ; 0                  ; no     ; no             ; no            ; yes             ; no       ; Off          ; 2.5 V        ; Off         ; --                        ; Fitter               ;
; r9       ; T8    ; 3        ; 14           ; 0            ; 7            ; 1                     ; 0                  ; no     ; no             ; no            ; yes             ; no       ; Off          ; 2.5 V        ; Off         ; --                        ; Fitter               ;
; r_choose ; R11   ; 4        ; 31           ; 0            ; 21           ; 16                    ; 0                  ; no     ; no             ; no            ; yes             ; no       ; Off          ; 2.5 V        ; Off         ; --                        ; Fitter               ;
; s1       ; V16   ; 4        ; 43           ; 0            ; 7            ; 1                     ; 0                  ; no     ; no             ; no            ; yes             ; no       ; Off          ; 2.5 V        ; Off         ; --                        ; Fitter               ;
; s10      ; D8    ; 8        ; 14           ; 41           ; 0            ; 1                     ; 0                  ; no     ; no             ; no            ; yes             ; no       ; Off          ; 2.5 V        ; Off         ; --                        ; Fitter               ;
; s11      ; P10   ; 3        ; 25           ; 0            ; 7            ; 1                     ; 0                  ; no     ; no             ; no            ; yes             ; no       ; Off          ; 2.5 V        ; Off         ; --                        ; Fitter               ;
; s12      ; T10   ; 3        ; 23           ; 0            ; 7            ; 1                     ; 0                  ; no     ; no             ; no            ; yes             ; no       ; Off          ; 2.5 V        ; Off         ; --                        ; Fitter               ;
; s13      ; V10   ; 3        ; 21           ; 0            ; 0            ; 1                     ; 0                  ; no     ; no             ; no            ; yes             ; no       ; Off          ; 2.5 V        ; Off         ; --                        ; Fitter               ;
; s14      ; D9    ; 8        ; 18           ; 41           ; 7            ; 1                     ; 0                  ; no     ; no             ; no            ; yes             ; no       ; Off          ; 2.5 V        ; Off         ; --                        ; Fitter               ;
; s15      ; V8    ; 3        ; 16           ; 0            ; 0            ; 1                     ; 0                  ; no     ; no             ; no            ; yes             ; no       ; Off          ; 2.5 V        ; Off         ; --                        ; Fitter               ;
; s16      ; V13   ; 4        ; 29           ; 0            ; 0            ; 1                     ; 0                  ; no     ; no             ; no            ; yes             ; no       ; Off          ; 2.5 V        ; Off         ; --                        ; Fitter               ;
; s2       ; R15   ; 4        ; 50           ; 0            ; 0            ; 1                     ; 0                  ; no     ; no             ; no            ; yes             ; no       ; Off          ; 2.5 V        ; Off         ; --                        ; Fitter               ;
; s3       ; R18   ; 5        ; 52           ; 12           ; 0            ; 1                     ; 0                  ; no     ; no             ; no            ; yes             ; no       ; Off          ; 2.5 V        ; Off         ; --                        ; Fitter               ;
; s4       ; R12   ; 4        ; 36           ; 0            ; 7            ; 1                     ; 0                  ; no     ; no             ; no            ; yes             ; no       ; Off          ; 2.5 V        ; Off         ; --                        ; Fitter               ;
; s5       ; N16   ; 5        ; 52           ; 9            ; 0            ; 1                     ; 0                  ; no     ; no             ; no            ; yes             ; no       ; Off          ; 2.5 V        ; Off         ; --                        ; Fitter               ;
; s6       ; P12   ; 4        ; 38           ; 0            ; 7            ; 1                     ; 0                  ; no     ; no             ; no            ; yes             ; no       ; Off          ; 2.5 V        ; Off         ; --                        ; Fitter               ;
; s7       ; P18   ; 5        ; 52           ; 12           ; 7            ; 1                     ; 0                  ; no     ; no             ; no            ; yes             ; no       ; Off          ; 2.5 V        ; Off         ; --                        ; Fitter               ;
; s8       ; R17   ; 5        ; 52           ; 11           ; 0            ; 1                     ; 0                  ; no     ; no             ; no            ; yes             ; no       ; Off          ; 2.5 V        ; Off         ; --                        ; Fitter               ;
; s9       ; R8    ; 3        ; 14           ; 0            ; 0            ; 1                     ; 0                  ; no     ; no             ; no            ; yes             ; no       ; Off          ; 2.5 V        ; Off         ; --                        ; Fitter               ;
; s_choose ; V11   ; 4        ; 27           ; 0            ; 7            ; 16                    ; 0                  ; no     ; no             ; no            ; yes             ; no       ; Off          ; 2.5 V        ; Off         ; --                        ; Fitter               ;
+----------+-------+----------+--------------+--------------+--------------+-----------------------+--------------------+--------+----------------+---------------+-----------------+----------+--------------+--------------+-------------+---------------------------+----------------------+


+------------------------------------------------------------------------------------------------------------------------------------------------------------------------------------------------------------------------------------------------------------------------------------------------------------------------------------------------------------------------------------------------------------------------------------------------------------+
; Output Pins                                                                                                                                                                                                                                                                                                                                                                                                                                                ;
+-----------+-------+----------+--------------+--------------+--------------+-----------------+------------------------+---------------+-----------+-----------------+------------+---------------+----------+--------------+--------------+------------------+-----------------------------------+---------------------------+----------------------------+-----------------------------+----------------------+----------------------+---------------------+
; Name      ; Pin # ; I/O Bank ; X coordinate ; Y coordinate ; Z coordinate ; Output Register ; Output Enable Register ; Power Up High ; Slew Rate ; PCI I/O Enabled ; Open Drain ; TRI Primitive ; Bus Hold ; Weak Pull Up ; I/O Standard ; Current Strength ; Termination                       ; Termination Control Block ; Output Buffer Pre-emphasis ; Voltage Output Differential ; Location assigned by ; Output Enable Source ; Output Enable Group ;
+-----------+-------+----------+--------------+--------------+--------------+-----------------+------------------------+---------------+-----------+-----------------+------------+---------------+----------+--------------+--------------+------------------+-----------------------------------+---------------------------+----------------------------+-----------------------------+----------------------+----------------------+---------------------+
; res_out1  ; R16   ; 5        ; 52           ; 10           ; 0            ; no              ; no                     ; no            ; 2         ; no              ; no         ; no            ; no       ; Off          ; 2.5 V        ; Default          ; Series 50 Ohm without Calibration ; --                        ; no                         ; no                          ; Fitter               ; -                    ; -                   ;
; res_out10 ; T6    ; 3        ; 5            ; 0            ; 7            ; no              ; no                     ; no            ; 2         ; no              ; no         ; no            ; no       ; Off          ; 2.5 V        ; Default          ; Series 50 Ohm without Calibration ; --                        ; no                         ; no                          ; Fitter               ; -                    ; -                   ;
; res_out11 ; V7    ; 3        ; 12           ; 0            ; 0            ; no              ; no                     ; no            ; 2         ; no              ; no         ; no            ; no       ; Off          ; 2.5 V        ; Default          ; Series 50 Ohm without Calibration ; --                        ; no                         ; no                          ; Fitter               ; -                    ; -                   ;
; res_out12 ; U7    ; 3        ; 12           ; 0            ; 7            ; no              ; no                     ; no            ; 2         ; no              ; no         ; no            ; no       ; Off          ; 2.5 V        ; Default          ; Series 50 Ohm without Calibration ; --                        ; no                         ; no                          ; Fitter               ; -                    ; -                   ;
; res_out13 ; M7    ; 3        ; 10           ; 0            ; 7            ; no              ; no                     ; no            ; 2         ; no              ; no         ; no            ; no       ; Off          ; 2.5 V        ; Default          ; Series 50 Ohm without Calibration ; --                        ; no                         ; no                          ; Fitter               ; -                    ; -                   ;
; res_out14 ; R7    ; 3        ; 7            ; 0            ; 7            ; no              ; no                     ; no            ; 2         ; no              ; no         ; no            ; no       ; Off          ; 2.5 V        ; Default          ; Series 50 Ohm without Calibration ; --                        ; no                         ; no                          ; Fitter               ; -                    ; -                   ;
; res_out15 ; V6    ; 3        ; 7            ; 0            ; 14           ; no              ; no                     ; no            ; 2         ; no              ; no         ; no            ; no       ; Off          ; 2.5 V        ; Default          ; Series 50 Ohm without Calibration ; --                        ; no                         ; no                          ; Fitter               ; -                    ; -                   ;
; res_out16 ; U6    ; 3        ; 5            ; 0            ; 0            ; no              ; no                     ; no            ; 2         ; no              ; no         ; no            ; no       ; Off          ; 2.5 V        ; Default          ; Series 50 Ohm without Calibration ; --                        ; no                         ; no                          ; Fitter               ; -                    ; -                   ;
; res_out2  ; V15   ; 4        ; 34           ; 0            ; 0            ; no              ; no                     ; no            ; 2         ; no              ; no         ; no            ; no       ; Off          ; 2.5 V        ; Default          ; Series 50 Ohm without Calibration ; --                        ; no                         ; no                          ; Fitter               ; -                    ; -                   ;
; res_out3  ; T14   ; 4        ; 41           ; 0            ; 14           ; no              ; no                     ; no            ; 2         ; no              ; no         ; no            ; no       ; Off          ; 2.5 V        ; Default          ; Series 50 Ohm without Calibration ; --                        ; no                         ; no                          ; Fitter               ; -                    ; -                   ;
; res_out4  ; P15   ; 4        ; 50           ; 0            ; 7            ; no              ; no                     ; no            ; 2         ; no              ; no         ; no            ; no       ; Off          ; 2.5 V        ; Default          ; Series 50 Ohm without Calibration ; --                        ; no                         ; no                          ; Fitter               ; -                    ; -                   ;
; res_out5  ; V14   ; 4        ; 34           ; 0            ; 7            ; no              ; no                     ; no            ; 2         ; no              ; no         ; no            ; no       ; Off          ; 2.5 V        ; Default          ; Series 50 Ohm without Calibration ; --                        ; no                         ; no                          ; Fitter               ; -                    ; -                   ;
; res_out6  ; P16   ; 5        ; 52           ; 10           ; 7            ; no              ; no                     ; no            ; 2         ; no              ; no         ; no            ; no       ; Off          ; 2.5 V        ; Default          ; Series 50 Ohm without Calibration ; --                        ; no                         ; no                          ; Fitter               ; -                    ; -                   ;
; res_out7  ; U16   ; 4        ; 41           ; 0            ; 0            ; no              ; no                     ; no            ; 2         ; no              ; no         ; no            ; no       ; Off          ; 2.5 V        ; Default          ; Series 50 Ohm without Calibration ; --                        ; no                         ; no                          ; Fitter               ; -                    ; -                   ;
; res_out8  ; P13   ; 4        ; 38           ; 0            ; 0            ; no              ; no                     ; no            ; 2         ; no              ; no         ; no            ; no       ; Off          ; 2.5 V        ; Default          ; Series 50 Ohm without Calibration ; --                        ; no                         ; no                          ; Fitter               ; -                    ; -                   ;
; res_out9  ; T7    ; 3        ; 7            ; 0            ; 0            ; no              ; no                     ; no            ; 2         ; no              ; no         ; no            ; no       ; Off          ; 2.5 V        ; Default          ; Series 50 Ohm without Calibration ; --                        ; no                         ; no                          ; Fitter               ; -                    ; -                   ;
+-----------+-------+----------+--------------+--------------+--------------+-----------------+------------------------+---------------+-----------+-----------------+------------+---------------+----------+--------------+--------------+------------------+-----------------------------------+---------------------------+----------------------------+-----------------------------+----------------------+----------------------+---------------------+


+------------------------------------------------------------------------------------------------------------+
; Dual Purpose and Dedicated Pins                                                                            ;
+----------+-----------------------+--------------------------+------------------+---------------------------+
; Location ; Pin Name              ; Reserved As              ; User Signal Name ; Pin Type                  ;
+----------+-----------------------+--------------------------+------------------+---------------------------+
; P4       ; MSEL2                 ; -                        ; -                ; Dedicated Programming Pin ;
; R5       ; MSEL1                 ; -                        ; -                ; Dedicated Programming Pin ;
; T5       ; MSEL0                 ; -                        ; -                ; Dedicated Programming Pin ;
; U4       ; CONF_DONE             ; -                        ; -                ; Dedicated Programming Pin ;
; V4       ; nSTATUS               ; -                        ; -                ; Dedicated Programming Pin ;
; P6       ; DIFFIO_B1p, CRC_ERROR ; Use as regular IO        ; r12              ; Dual Purpose Pin          ;
; R6       ; DIFFIO_B1n, NCEO      ; Use as programming pin   ; ~ALTERA_NCEO~    ; Dual Purpose Pin          ;
; V5       ; DIFFIO_B3p, INIT_DONE ; Use as regular IO        ; r16              ; Dual Purpose Pin          ;
; A4       ; DATA0                 ; As input tri-stated      ; ~ALTERA_DATA0~   ; Dual Purpose Pin          ;
; B4       ; ASDO                  ; As input tri-stated      ; ~ALTERA_ASDO~    ; Dual Purpose Pin          ;
; C5       ; NCSO                  ; As input tri-stated      ; ~ALTERA_NCSO~    ; Dual Purpose Pin          ;
; D5       ; DCLK                  ; As output driving ground ; ~ALTERA_DCLK~    ; Dual Purpose Pin          ;
; C4       ; nCONFIG               ; -                        ; -                ; Dedicated Programming Pin ;
; D3       ; nCE                   ; -                        ; -                ; Dedicated Programming Pin ;
+----------+-----------------------+--------------------------+------------------+---------------------------+


+--------------------------------------------------------------------------------+
; I/O Bank Usage                                                                 ;
+----------+-------------------+---------------+--------------+------------------+
; I/O Bank ; Usage             ; VCCIO Voltage ; VREF Voltage ; VCCCLKIN Voltage ;
+----------+-------------------+---------------+--------------+------------------+
; QL0      ; 0 / 16 ( 0 % )    ; --            ; --           ; --               ;
; 3        ; 24 / 26 ( 92 % )  ; 2.5V          ; --           ; --               ;
; 3A       ; 0 / 2 ( 0 % )     ; --            ; --           ; 2.5V             ;
; 4        ; 28 / 28 ( 100 % ) ; 2.5V          ; --           ; --               ;
; 5        ; 10 / 20 ( 50 % )  ; 2.5V          ; --           ; --               ;
; 6        ; 0 / 18 ( 0 % )    ; 2.5V          ; --           ; --               ;
; 7        ; 0 / 28 ( 0 % )    ; 2.5V          ; --           ; --               ;
; 8A       ; 0 / 2 ( 0 % )     ; --            ; --           ; 2.5V             ;
; 8        ; 6 / 23 ( 26 % )   ; 2.5V          ; --           ; --               ;
; 9        ; 4 / 4 ( 100 % )   ; 2.5V          ; --           ; --               ;
+----------+-------------------+---------------+--------------+------------------+


+--------------------------------------------------------------------------------------------------------------------------------------------------------------------------------+
; All Package Pins                                                                                                                                                               ;
+----------+------------+----------+--------------------------------------------------+--------+--------------+---------+------------+-----------------+----------+--------------+
; Location ; Pad Number ; I/O Bank ; Pin Name/Usage                                   ; Dir.   ; I/O Standard ; Voltage ; I/O Type   ; User Assignment ; Bus Hold ; Weak Pull Up ;
+----------+------------+----------+--------------------------------------------------+--------+--------------+---------+------------+-----------------+----------+--------------+
; A1       ;            ;          ; GND                                              ; gnd    ;              ;         ; --         ;                 ; --       ; --           ;
; A2       ;            ;          ; GND                                              ; gnd    ;              ;         ; --         ;                 ; --       ; --           ;
; A3       ;            ;          ; GND                                              ; gnd    ;              ;         ; --         ;                 ; --       ; --           ;
; A4       ; 168        ; 9        ; ~ALTERA_DATA0~ / RESERVED_INPUT_WITH_WEAK_PULLUP ; input  ; 2.5 V        ;         ; Column I/O ; N               ; no       ; On           ;
; A5       ; 165        ; 8        ; RESERVED_INPUT_WITH_WEAK_PULLUP                  ;        ;              ;         ; Column I/O ;                 ; no       ; On           ;
; A6       ; 161        ; 8        ; RESERVED_INPUT_WITH_WEAK_PULLUP                  ;        ;              ;         ; Column I/O ;                 ; no       ; On           ;
; A7       ; 157        ; 8        ; RESERVED_INPUT_WITH_WEAK_PULLUP                  ;        ;              ;         ; Column I/O ;                 ; no       ; On           ;
; A8       ; 153        ; 8        ; l9                                               ; input  ; 2.5 V        ;         ; Column I/O ; N               ; no       ; Off          ;
; A9       ; 154        ; 8        ; l13                                              ; input  ; 2.5 V        ;         ; Column I/O ; N               ; no       ; Off          ;
; A10      ; 147        ; 8        ; RESERVED_INPUT_WITH_WEAK_PULLUP                  ;        ;              ;         ; Column I/O ;                 ; no       ; On           ;
; A11      ; 148        ; 8        ; RESERVED_INPUT_WITH_WEAK_PULLUP                  ;        ;              ;         ; Column I/O ;                 ; no       ; On           ;
; A12      ; 141        ; 7        ; GND+                                             ;        ;              ;         ; Column I/O ;                 ; --       ; --           ;
; A13      ; 137        ; 7        ; RESERVED_INPUT_WITH_WEAK_PULLUP                  ;        ;              ;         ; Column I/O ;                 ; no       ; On           ;
; A14      ; 133        ; 7        ; RESERVED_INPUT_WITH_WEAK_PULLUP                  ;        ;              ;         ; Column I/O ;                 ; no       ; On           ;
; A15      ; 134        ; 7        ; RESERVED_INPUT_WITH_WEAK_PULLUP                  ;        ;              ;         ; Column I/O ;                 ; no       ; On           ;
; A16      ; 129        ; 7        ; RESERVED_INPUT_WITH_WEAK_PULLUP                  ;        ;              ;         ; Column I/O ;                 ; no       ; On           ;
; A17      ; 121        ; 7        ; RESERVED_INPUT_WITH_WEAK_PULLUP                  ;        ;              ;         ; Column I/O ;                 ; no       ; On           ;
; A18      ; 122        ; 7        ; RESERVED_INPUT_WITH_WEAK_PULLUP                  ;        ;              ;         ; Column I/O ;                 ; no       ; On           ;
; B1       ; 1          ; QL0      ; GXB_NC                                           ;        ;              ;         ; --         ;                 ; --       ; --           ;
; B2       ; 0          ; QL0      ; GXB_NC                                           ;        ;              ;         ; --         ;                 ; --       ; --           ;
; B3       ;            ;          ; GND                                              ; gnd    ;              ;         ; --         ;                 ; --       ; --           ;
; B4       ; 169        ; 9        ; ~ALTERA_ASDO~ / RESERVED_INPUT_WITH_WEAK_PULLUP  ; input  ; 2.5 V        ;         ; Column I/O ; N               ; no       ; On           ;
; B5       ; 166        ; 8        ; RESERVED_INPUT_WITH_WEAK_PULLUP                  ;        ;              ;         ; Column I/O ;                 ; no       ; On           ;
; B6       ; 162        ; 8        ; RESERVED_INPUT_WITH_WEAK_PULLUP                  ;        ;              ;         ; Column I/O ;                 ; no       ; On           ;
; B7       ; 158        ; 8        ; RESERVED_INPUT_WITH_WEAK_PULLUP                  ;        ;              ;         ; Column I/O ;                 ; no       ; On           ;
; B8       ;            ;          ; GND                                              ; gnd    ;              ;         ; --         ;                 ; --       ; --           ;
; B9       ; 149        ; 8        ; l11                                              ; input  ; 2.5 V        ;         ; Column I/O ; N               ; no       ; Off          ;
; B10      ; 150        ; 8        ; RESERVED_INPUT_WITH_WEAK_PULLUP                  ;        ;              ;         ; Column I/O ;                 ; no       ; On           ;
; B11      ;            ;          ; GND                                              ; gnd    ;              ;         ; --         ;                 ; --       ; --           ;
; B12      ; 142        ; 7        ; GND+                                             ;        ;              ;         ; Column I/O ;                 ; --       ; --           ;
; B13      ; 138        ; 7        ; RESERVED_INPUT_WITH_WEAK_PULLUP                  ;        ;              ;         ; Column I/O ;                 ; no       ; On           ;
; B14      ;            ;          ; GND                                              ; gnd    ;              ;         ; --         ;                 ; --       ; --           ;
; B15      ; 125        ; 7        ; RESERVED_INPUT_WITH_WEAK_PULLUP                  ;        ;              ;         ; Column I/O ;                 ; no       ; On           ;
; B16      ; 130        ; 7        ; RESERVED_INPUT_WITH_WEAK_PULLUP                  ;        ;              ;         ; Column I/O ;                 ; no       ; On           ;
; B17      ;            ;          ; GND                                              ; gnd    ;              ;         ; --         ;                 ; --       ; --           ;
; B18      ; 116        ; 7        ; RESERVED_INPUT_WITH_WEAK_PULLUP                  ;        ;              ;         ; Column I/O ;                 ; no       ; On           ;
; C1       ;            ;          ; GND                                              ; gnd    ;              ;         ; --         ;                 ; --       ; --           ;
; C2       ;            ;          ; GND                                              ; gnd    ;              ;         ; --         ;                 ; --       ; --           ;
; C3       ;            ;          ; GND                                              ; gnd    ;              ;         ; --         ;                 ; --       ; --           ;
; C4       ; 172        ; 9        ; ^nCONFIG                                         ;        ;              ;         ; --         ;                 ; --       ; --           ;
; C5       ; 170        ; 9        ; ~ALTERA_NCSO~ / RESERVED_INPUT_WITH_WEAK_PULLUP  ; input  ; 2.5 V        ;         ; Column I/O ; N               ; no       ; On           ;
; C6       ; 163        ; 8        ; RESERVED_INPUT_WITH_WEAK_PULLUP                  ;        ;              ;         ; Column I/O ;                 ; no       ; On           ;
; C7       ; 159        ; 8        ; RESERVED_INPUT_WITH_WEAK_PULLUP                  ;        ;              ;         ; Column I/O ;                 ; no       ; On           ;
; C8       ; 156        ; 8        ; RESERVED_INPUT_WITH_WEAK_PULLUP                  ;        ;              ;         ; Column I/O ;                 ; no       ; On           ;
; C9       ; 151        ; 8        ; l10                                              ; input  ; 2.5 V        ;         ; Column I/O ; N               ; no       ; Off          ;
; C10      ; 145        ; 8        ; RESERVED_INPUT_WITH_WEAK_PULLUP                  ;        ;              ;         ; Column I/O ;                 ; no       ; On           ;
; C11      ; 146        ; 8        ; RESERVED_INPUT_WITH_WEAK_PULLUP                  ;        ;              ;         ; Column I/O ;                 ; no       ; On           ;
; C12      ; 131        ; 7        ; RESERVED_INPUT_WITH_WEAK_PULLUP                  ;        ;              ;         ; Column I/O ;                 ; no       ; On           ;
; C13      ; 132        ; 7        ; RESERVED_INPUT_WITH_WEAK_PULLUP                  ;        ;              ;         ; Column I/O ;                 ; no       ; On           ;
; C14      ; 123        ; 7        ; RESERVED_INPUT_WITH_WEAK_PULLUP                  ;        ;              ;         ; Column I/O ;                 ; no       ; On           ;
; C15      ; 126        ; 7        ; RESERVED_INPUT_WITH_WEAK_PULLUP                  ;        ;              ;         ; Column I/O ;                 ; no       ; On           ;
; C16      ; 117        ; 7        ; RESERVED_INPUT_WITH_WEAK_PULLUP                  ;        ;              ;         ; Column I/O ;                 ; no       ; On           ;
; C17      ; 118        ; 7        ; RESERVED_INPUT_WITH_WEAK_PULLUP                  ;        ;              ;         ; Column I/O ;                 ; no       ; On           ;
; C18      ; 115        ; 7        ; RESERVED_INPUT_WITH_WEAK_PULLUP                  ;        ;              ;         ; Column I/O ;                 ; no       ; On           ;
; D1       ; 3          ; QL0      ; GXB_GND*                                         ;        ;              ;         ; --         ;                 ; --       ; --           ;
; D2       ; 2          ; QL0      ; GXB_GND*                                         ;        ;              ;         ; --         ;                 ; --       ; --           ;
; D3       ; 173        ; 9        ; ^nCE                                             ;        ;              ;         ; --         ;                 ; --       ; --           ;
; D4       ; 174        ; 9        ; #TDI                                             ; input  ;              ;         ; --         ;                 ; --       ; --           ;
; D5       ; 171        ; 9        ; ~ALTERA_DCLK~                                    ; output ; 2.5 V        ;         ; Column I/O ; N               ; no       ; On           ;
; D6       ; 164        ; 8        ; RESERVED_INPUT_WITH_WEAK_PULLUP                  ;        ;              ;         ; Column I/O ;                 ; no       ; On           ;
; D7       ; 160        ; 8        ; RESERVED_INPUT_WITH_WEAK_PULLUP                  ;        ;              ;         ; Column I/O ;                 ; no       ; On           ;
; D8       ; 155        ; 8        ; s10                                              ; input  ; 2.5 V        ;         ; Column I/O ; N               ; no       ; Off          ;
; D9       ; 152        ; 8        ; s14                                              ; input  ; 2.5 V        ;         ; Column I/O ; N               ; no       ; Off          ;
; D10      ; 139        ; 7        ; RESERVED_INPUT_WITH_WEAK_PULLUP                  ;        ;              ;         ; Column I/O ;                 ; no       ; On           ;
; D11      ; 135        ; 7        ; RESERVED_INPUT_WITH_WEAK_PULLUP                  ;        ;              ;         ; Column I/O ;                 ; no       ; On           ;
; D12      ; 136        ; 7        ; RESERVED_INPUT_WITH_WEAK_PULLUP                  ;        ;              ;         ; Column I/O ;                 ; no       ; On           ;
; D13      ; 127        ; 7        ; RESERVED_INPUT_WITH_WEAK_PULLUP                  ;        ;              ;         ; Column I/O ;                 ; no       ; On           ;
; D14      ; 124        ; 7        ; RESERVED_INPUT_WITH_WEAK_PULLUP                  ;        ;              ;         ; Column I/O ;                 ; no       ; On           ;
; D15      ; 119        ; 7        ; RESERVED_INPUT_WITH_WEAK_PULLUP                  ;        ;              ;         ; Column I/O ;                 ; no       ; On           ;
; D16      ; 120        ; 7        ; RESERVED_INPUT_WITH_WEAK_PULLUP                  ;        ;              ;         ; Column I/O ;                 ; no       ; On           ;
; D17      ; 110        ; 6        ; RESERVED_INPUT_WITH_WEAK_PULLUP                  ;        ;              ;         ; Row I/O    ;                 ; no       ; On           ;
; D18      ; 109        ; 6        ; RESERVED_INPUT_WITH_WEAK_PULLUP                  ;        ;              ;         ; Row I/O    ;                 ; no       ; On           ;
; E1       ;            ;          ; GND                                              ; gnd    ;              ;         ; --         ;                 ; --       ; --           ;
; E2       ;            ;          ; GND                                              ; gnd    ;              ;         ; --         ;                 ; --       ; --           ;
; E3       ; 176        ; 9        ; #TMS                                             ; input  ;              ;         ; --         ;                 ; --       ; --           ;
; E4       ; 177        ; 9        ; #TDO                                             ; output ;              ;         ; --         ;                 ; --       ; --           ;
; E5       ; 175        ; 9        ; #TCK                                             ; input  ;              ;         ; --         ;                 ; --       ; --           ;
; E6       ; 167        ; 8        ; RESERVED_INPUT_WITH_WEAK_PULLUP                  ;        ;              ;         ; Column I/O ;                 ; no       ; On           ;
; E7       ;            ; 8        ; VCCIO8                                           ; power  ;              ; 2.5V    ; --         ;                 ; --       ; --           ;
; E8       ;            ;          ; GND                                              ; gnd    ;              ;         ; --         ;                 ; --       ; --           ;
; E9       ;            ; 8        ; VCCIO8                                           ; power  ;              ; 2.5V    ; --         ;                 ; --       ; --           ;
; E10      ; 140        ; 7        ; RESERVED_INPUT_WITH_WEAK_PULLUP                  ;        ;              ;         ; Column I/O ;                 ; no       ; On           ;
; E11      ;            ;          ; GND                                              ; gnd    ;              ;         ; --         ;                 ; --       ; --           ;
; E12      ; 128        ; 7        ; RESERVED_INPUT_WITH_WEAK_PULLUP                  ;        ;              ;         ; Column I/O ;                 ; --       ; --           ;
; E13      ;            ; 7        ; VCCIO7                                           ; power  ;              ; 2.5V    ; --         ;                 ; --       ; --           ;
; E14      ;            ;          ; GND                                              ; gnd    ;              ;         ; --         ;                 ; --       ; --           ;
; E15      ; 113        ; 6        ; RESERVED_INPUT_WITH_WEAK_PULLUP                  ;        ;              ;         ; Row I/O    ;                 ; no       ; On           ;
; E16      ; 111        ; 6        ; RESERVED_INPUT_WITH_WEAK_PULLUP                  ;        ;              ;         ; Row I/O    ;                 ; no       ; On           ;
; E17      ;            ;          ; GND                                              ; gnd    ;              ;         ; --         ;                 ; --       ; --           ;
; E18      ; 107        ; 6        ; RESERVED_INPUT_WITH_WEAK_PULLUP                  ;        ;              ;         ; Row I/O    ;                 ; no       ; On           ;
; F1       ; 5          ; QL0      ; GXB_NC                                           ;        ;              ;         ; --         ;                 ; --       ; --           ;
; F2       ; 4          ; QL0      ; GXB_NC                                           ;        ;              ;         ; --         ;                 ; --       ; --           ;
; F3       ;            ; --       ; VCCL_GXB                                         ; power  ;              ; 1.2V    ; --         ;                 ; --       ; --           ;
; F4       ;            ; 9        ; VCCIO9                                           ; power  ;              ; 2.5V    ; --         ;                 ; --       ; --           ;
; F5       ;            ;          ; GND                                              ; gnd    ;              ;         ; --         ;                 ; --       ; --           ;
; F6       ;            ;          ; VCCD_PLL                                         ; power  ;              ; 1.2V    ; --         ;                 ; --       ; --           ;
; F7       ;            ;          ; VCCINT                                           ; power  ;              ; 1.2V    ; --         ;                 ; --       ; --           ;
; F8       ;            ; 8        ; VCCIO8                                           ; power  ;              ; 2.5V    ; --         ;                 ; --       ; --           ;
; F9       ;            ; 8A       ; VCC_CLKIN8A                                      ; power  ;              ; 2.5V    ; --         ;                 ; --       ; --           ;
; F10      ;            ; 7        ; VCCIO7                                           ; power  ;              ; 2.5V    ; --         ;                 ; --       ; --           ;
; F11      ;            ; 7        ; VCCIO7                                           ; power  ;              ; 2.5V    ; --         ;                 ; --       ; --           ;
; F12      ;            ; 7        ; VCCIO7                                           ; power  ;              ; 2.5V    ; --         ;                 ; --       ; --           ;
; F13      ;            ;          ; GND                                              ; gnd    ;              ;         ; --         ;                 ; --       ; --           ;
; F14      ;            ;          ; VCCD_PLL                                         ; power  ;              ; 1.2V    ; --         ;                 ; --       ; --           ;
; F15      ; 114        ; 6        ; RESERVED_INPUT_WITH_WEAK_PULLUP                  ;        ;              ;         ; Row I/O    ;                 ; no       ; On           ;
; F16      ; 112        ; 6        ; RESERVED_INPUT_WITH_WEAK_PULLUP                  ;        ;              ;         ; Row I/O    ;                 ; no       ; On           ;
; F17      ; 102        ; 6        ; RESERVED_INPUT_WITH_WEAK_PULLUP                  ;        ;              ;         ; Row I/O    ;                 ; no       ; On           ;
; F18      ; 108        ; 6        ; RESERVED_INPUT_WITH_WEAK_PULLUP                  ;        ;              ;         ; Row I/O    ;                 ; no       ; On           ;
; G1       ;            ;          ; GND                                              ; gnd    ;              ;         ; --         ;                 ; --       ; --           ;
; G2       ;            ;          ; GND                                              ; gnd    ;              ;         ; --         ;                 ; --       ; --           ;
; G3       ;            ; --       ; VCCH_GXB                                         ; power  ;              ; 2.5V    ; --         ;                 ; --       ; --           ;
; G4       ;            ;          ; VCCINT                                           ; power  ;              ; 1.2V    ; --         ;                 ; --       ; --           ;
; G5       ;            ; --       ; VCCA                                             ; power  ;              ; 2.5V    ; --         ;                 ; --       ; --           ;
; G6       ;            ;          ; VCCINT                                           ; power  ;              ; 1.2V    ; --         ;                 ; --       ; --           ;
; G7       ;            ;          ; GND                                              ; gnd    ;              ;         ; --         ;                 ; --       ; --           ;
; G8       ;            ;          ; VCCINT                                           ; power  ;              ; 1.2V    ; --         ;                 ; --       ; --           ;
; G9       ; 143        ; 8A       ; GXB_GND*                                         ;        ;              ;         ; Column I/O ;                 ; --       ; --           ;
; G10      ; 144        ; 8A       ; GXB_GND*                                         ;        ;              ;         ; Column I/O ;                 ; --       ; --           ;
; G11      ;            ;          ; GND                                              ; gnd    ;              ;         ; --         ;                 ; --       ; --           ;
; G12      ;            ;          ; VCCINT                                           ; power  ;              ; 1.2V    ; --         ;                 ; --       ; --           ;
; G13      ;            ; --       ; VCCA                                             ; power  ;              ; 2.5V    ; --         ;                 ; --       ; --           ;
; G14      ;            ; 6        ; VCCIO6                                           ; power  ;              ; 2.5V    ; --         ;                 ; --       ; --           ;
; G15      ; 105        ; 6        ; RESERVED_INPUT_WITH_WEAK_PULLUP                  ;        ;              ;         ; Row I/O    ;                 ; --       ; --           ;
; G16      ; 104        ; 6        ; RESERVED_INPUT_WITH_WEAK_PULLUP                  ;        ;              ;         ; Row I/O    ;                 ; no       ; On           ;
; G17      ; 103        ; 6        ; RESERVED_INPUT_WITH_WEAK_PULLUP                  ;        ;              ;         ; Row I/O    ;                 ; no       ; On           ;
; G18      ; 101        ; 6        ; RESERVED_INPUT_WITH_WEAK_PULLUP                  ;        ;              ;         ; Row I/O    ;                 ; no       ; On           ;
; H1       ; 7          ; QL0      ; GXB_GND*                                         ;        ;              ;         ; --         ;                 ; --       ; --           ;
; H2       ; 6          ; QL0      ; GXB_GND*                                         ;        ;              ;         ; --         ;                 ; --       ; --           ;
; H3       ;            ; --       ; VCCL_GXB                                         ; power  ;              ; 1.2V    ; --         ;                 ; --       ; --           ;
; H4       ;            ;          ; GND                                              ; gnd    ;              ;         ; --         ;                 ; --       ; --           ;
; H5       ;            ;          ; VCCINT                                           ; power  ;              ; 1.2V    ; --         ;                 ; --       ; --           ;
; H6       ;            ;          ; GND                                              ; gnd    ;              ;         ; --         ;                 ; --       ; --           ;
; H7       ;            ;          ; VCCINT                                           ; power  ;              ; 1.2V    ; --         ;                 ; --       ; --           ;
; H8       ;            ;          ; GND                                              ; gnd    ;              ;         ; --         ;                 ; --       ; --           ;
; H9       ;            ;          ; VCCINT                                           ; power  ;              ; 1.2V    ; --         ;                 ; --       ; --           ;
; H10      ;            ;          ; GND                                              ; gnd    ;              ;         ; --         ;                 ; --       ; --           ;
; H11      ;            ;          ; VCCINT                                           ; power  ;              ; 1.2V    ; --         ;                 ; --       ; --           ;
; H12      ;            ;          ; GND                                              ; gnd    ;              ;         ; --         ;                 ; --       ; --           ;
; H13      ;            ;          ; VCCINT                                           ; power  ;              ; 1.2V    ; --         ;                 ; --       ; --           ;
; H14      ;            ;          ; GND                                              ; gnd    ;              ;         ; --         ;                 ; --       ; --           ;
; H15      ;            ; 6        ; VCCIO6                                           ; power  ;              ; 2.5V    ; --         ;                 ; --       ; --           ;
; H16      ; 106        ; 6        ; RESERVED_INPUT_WITH_WEAK_PULLUP                  ;        ;              ;         ; Row I/O    ;                 ; no       ; On           ;
; H17      ;            ;          ; GND                                              ; gnd    ;              ;         ; --         ;                 ; --       ; --           ;
; H18      ; 97         ; 6        ; GND+                                             ;        ;              ;         ; Row I/O    ;                 ; --       ; --           ;
; J1       ;            ;          ; GND                                              ; gnd    ;              ;         ; --         ;                 ; --       ; --           ;
; J2       ;            ;          ; GND                                              ; gnd    ;              ;         ; --         ;                 ; --       ; --           ;
; J3       ;            ; --       ; VCCA_GXB                                         ; power  ;              ; 2.5V    ; --         ;                 ; --       ; --           ;
; J4       ;            ;          ; VCCINT                                           ; power  ;              ; 1.2V    ; --         ;                 ; --       ; --           ;
; J5       ;            ;          ; GND                                              ; gnd    ;              ;         ; --         ;                 ; --       ; --           ;
; J6       ;            ;          ; VCCINT                                           ; power  ;              ; 1.2V    ; --         ;                 ; --       ; --           ;
; J7       ;            ;          ; GND                                              ; gnd    ;              ;         ; --         ;                 ; --       ; --           ;
; J8       ;            ;          ; VCCINT                                           ; power  ;              ; 1.2V    ; --         ;                 ; --       ; --           ;
; J9       ;            ;          ; GND                                              ; gnd    ;              ;         ; --         ;                 ; --       ; --           ;
; J10      ;            ;          ; VCCINT                                           ; power  ;              ; 1.2V    ; --         ;                 ; --       ; --           ;
; J11      ;            ;          ; GND                                              ; gnd    ;              ;         ; --         ;                 ; --       ; --           ;
; J12      ;            ;          ; VCCINT                                           ; power  ;              ; 1.2V    ; --         ;                 ; --       ; --           ;
; J13      ;            ;          ; GND                                              ; gnd    ;              ;         ; --         ;                 ; --       ; --           ;
; J14      ;            ;          ; VCCINT                                           ; power  ;              ; 1.2V    ; --         ;                 ; --       ; --           ;
; J15      ;            ; 6        ; VCCIO6                                           ; power  ;              ; 2.5V    ; --         ;                 ; --       ; --           ;
; J16      ; 100        ; 6        ; RESERVED_INPUT_WITH_WEAK_PULLUP                  ;        ;              ;         ; Row I/O    ;                 ; no       ; On           ;
; J17      ; 99         ; 6        ; RESERVED_INPUT_WITH_WEAK_PULLUP                  ;        ;              ;         ; Row I/O    ;                 ; no       ; On           ;
; J18      ; 98         ; 6        ; GND+                                             ;        ;              ;         ; Row I/O    ;                 ; --       ; --           ;
; K1       ; 9          ; QL0      ; GXB_NC                                           ;        ;              ;         ; --         ;                 ; --       ; --           ;
; K2       ; 8          ; QL0      ; GXB_NC                                           ;        ;              ;         ; --         ;                 ; --       ; --           ;
; K3       ;            ; --       ; VCCL_GXB                                         ; power  ;              ; 1.2V    ; --         ;                 ; --       ; --           ;
; K4       ;            ;          ; GND                                              ; gnd    ;              ;         ; --         ;                 ; --       ; --           ;
; K5       ;            ;          ; VCCINT                                           ; power  ;              ; 1.2V    ; --         ;                 ; --       ; --           ;
; K6       ;            ;          ; GND                                              ; gnd    ;              ;         ; --         ;                 ; --       ; --           ;
; K7       ;            ;          ; VCCINT                                           ; power  ;              ; 1.2V    ; --         ;                 ; --       ; --           ;
; K8       ;            ;          ; GND                                              ; gnd    ;              ;         ; --         ;                 ; --       ; --           ;
; K9       ;            ;          ; VCCINT                                           ; power  ;              ; 1.2V    ; --         ;                 ; --       ; --           ;
; K10      ;            ;          ; GND                                              ; gnd    ;              ;         ; --         ;                 ; --       ; --           ;
; K11      ;            ;          ; VCCINT                                           ; power  ;              ; 1.2V    ; --         ;                 ; --       ; --           ;
; K12      ;            ;          ; GND                                              ; gnd    ;              ;         ; --         ;                 ; --       ; --           ;
; K13      ;            ;          ; VCCINT                                           ; power  ;              ; 1.2V    ; --         ;                 ; --       ; --           ;
; K14      ;            ; 5        ; VCCIO5                                           ; power  ;              ; 2.5V    ; --         ;                 ; --       ; --           ;
; K15      ; 92         ; 5        ; RESERVED_INPUT_WITH_WEAK_PULLUP                  ;        ;              ;         ; Row I/O    ;                 ; no       ; On           ;
; K16      ; 91         ; 5        ; RESERVED_INPUT_WITH_WEAK_PULLUP                  ;        ;              ;         ; Row I/O    ;                 ; no       ; On           ;
; K17      ; 96         ; 5        ; GND+                                             ;        ;              ;         ; Row I/O    ;                 ; --       ; --           ;
; K18      ; 95         ; 5        ; GND+                                             ;        ;              ;         ; Row I/O    ;                 ; --       ; --           ;
; L1       ;            ;          ; GND                                              ; gnd    ;              ;         ; --         ;                 ; --       ; --           ;
; L2       ;            ;          ; GND                                              ; gnd    ;              ;         ; --         ;                 ; --       ; --           ;
; L3       ;            ; --       ; VCCH_GXB                                         ; power  ;              ; 2.5V    ; --         ;                 ; --       ; --           ;
; L4       ;            ;          ; VCCINT                                           ; power  ;              ; 1.2V    ; --         ;                 ; --       ; --           ;
; L5       ;            ;          ; GND                                              ; gnd    ;              ;         ; --         ;                 ; --       ; --           ;
; L6       ;            ; --       ; VCCA                                             ; power  ;              ; 2.5V    ; --         ;                 ; --       ; --           ;
; L7       ;            ;          ; GND                                              ; gnd    ;              ;         ; --         ;                 ; --       ; --           ;
; L8       ;            ;          ; VCCINT                                           ; power  ;              ; 1.2V    ; --         ;                 ; --       ; --           ;
; L9       ;            ;          ; GND                                              ; gnd    ;              ;         ; --         ;                 ; --       ; --           ;
; L10      ;            ;          ; VCCINT                                           ; power  ;              ; 1.2V    ; --         ;                 ; --       ; --           ;
; L11      ;            ;          ; GND                                              ; gnd    ;              ;         ; --         ;                 ; --       ; --           ;
; L12      ;            ;          ; VCCINT                                           ; power  ;              ; 1.2V    ; --         ;                 ; --       ; --           ;
; L13      ;            ; --       ; VCCA                                             ; power  ;              ; 2.5V    ; --         ;                 ; --       ; --           ;
; L14      ;            ;          ; GND                                              ; gnd    ;              ;         ; --         ;                 ; --       ; --           ;
; L15      ; 86         ; 5        ; l4                                               ; input  ; 2.5 V        ;         ; Row I/O    ; N               ; no       ; Off          ;
; L16      ; 85         ; 5        ; RESERVED_INPUT_WITH_WEAK_PULLUP                  ;        ;              ;         ; Row I/O    ;                 ; --       ; --           ;
; L17      ;            ;          ; GND                                              ; gnd    ;              ;         ; --         ;                 ; --       ; --           ;
; L18      ; 93         ; 5        ; RESERVED_INPUT_WITH_WEAK_PULLUP                  ;        ;              ;         ; Row I/O    ;                 ; no       ; On           ;
; M1       ; 11         ; QL0      ; GXB_GND*                                         ;        ;              ;         ; --         ;                 ; --       ; --           ;
; M2       ; 10         ; QL0      ; GXB_GND*                                         ;        ;              ;         ; --         ;                 ; --       ; --           ;
; M3       ;            ; --       ; VCCL_GXB                                         ; power  ;              ; 1.2V    ; --         ;                 ; --       ; --           ;
; M4       ;            ;          ; GND                                              ; gnd    ;              ;         ; --         ;                 ; --       ; --           ;
; M5       ;            ;          ; VCCD_PLL                                         ; power  ;              ; 1.2V    ; --         ;                 ; --       ; --           ;
; M6       ;            ;          ; GND                                              ; gnd    ;              ;         ; --         ;                 ; --       ; --           ;
; M7       ; 31         ; 3        ; res_out13                                        ; output ; 2.5 V        ;         ; Column I/O ; N               ; no       ; Off          ;
; M8       ;            ;          ; GND                                              ; gnd    ;              ;         ; --         ;                 ; --       ; --           ;
; M9       ; 47         ; 3A       ; GXB_GND*                                         ;        ;              ;         ; Column I/O ;                 ; --       ; --           ;
; M10      ; 48         ; 3A       ; GXB_GND*                                         ;        ;              ;         ; Column I/O ;                 ; --       ; --           ;
; M11      ;            ;          ; VCCINT                                           ; power  ;              ; 1.2V    ; --         ;                 ; --       ; --           ;
; M12      ;            ;          ; GND                                              ; gnd    ;              ;         ; --         ;                 ; --       ; --           ;
; M13      ;            ;          ; GND                                              ; gnd    ;              ;         ; --         ;                 ; --       ; --           ;
; M14      ;            ;          ; VCCD_PLL                                         ; power  ;              ; 1.2V    ; --         ;                 ; --       ; --           ;
; M15      ;            ; 5        ; VCCIO5                                           ; power  ;              ; 2.5V    ; --         ;                 ; --       ; --           ;
; M16      ; 88         ; 5        ; RESERVED_INPUT_WITH_WEAK_PULLUP                  ;        ;              ;         ; Row I/O    ;                 ; no       ; On           ;
; M17      ; 87         ; 5        ; l6                                               ; input  ; 2.5 V        ;         ; Row I/O    ; N               ; no       ; Off          ;
; M18      ; 94         ; 5        ; RESERVED_INPUT_WITH_WEAK_PULLUP                  ;        ;              ;         ; Row I/O    ;                 ; no       ; On           ;
; N1       ;            ;          ; GND                                              ; gnd    ;              ;         ; --         ;                 ; --       ; --           ;
; N2       ;            ;          ; GND                                              ; gnd    ;              ;         ; --         ;                 ; --       ; --           ;
; N3       ;            ; --       ; VCCA_GXB                                         ; power  ;              ; 2.5V    ; --         ;                 ; --       ; --           ;
; N4       ;            ;          ; VCCINT                                           ; power  ;              ; 1.2V    ; --         ;                 ; --       ; --           ;
; N5       ; 21         ; 3        ; RESERVED_INPUT_WITH_WEAK_PULLUP                  ;        ;              ;         ; Column I/O ;                 ; no       ; On           ;
; N6       ; 22         ; 3        ; RESERVED_INPUT_WITH_WEAK_PULLUP                  ;        ;              ;         ; Column I/O ;                 ; no       ; On           ;
; N7       ; 32         ; 3        ; r14                                              ; input  ; 2.5 V        ;         ; Column I/O ; N               ; no       ; Off          ;
; N8       ;            ; 3        ; VCCIO3                                           ; power  ;              ; 2.5V    ; --         ;                 ; --       ; --           ;
; N9       ;            ; 3A       ; VCC_CLKIN3A                                      ; power  ;              ; 2.5V    ; --         ;                 ; --       ; --           ;
; N10      ;            ;          ; GND                                              ; gnd    ;              ;         ; --         ;                 ; --       ; --           ;
; N11      ;            ; 4        ; VCCIO4                                           ; power  ;              ; 2.5V    ; --         ;                 ; --       ; --           ;
; N12      ;            ; 4        ; VCCIO4                                           ; power  ;              ; 2.5V    ; --         ;                 ; --       ; --           ;
; N13      ;            ; 4        ; VCCIO4                                           ; power  ;              ; 2.5V    ; --         ;                 ; --       ; --           ;
; N14      ;            ; 4        ; VCCIO4                                           ; power  ;              ; 2.5V    ; --         ;                 ; --       ; --           ;
; N15      ; 77         ; 5        ; r2                                               ; input  ; 2.5 V        ;         ; Row I/O    ; N               ; no       ; Off          ;
; N16      ; 78         ; 5        ; s5                                               ; input  ; 2.5 V        ;         ; Row I/O    ; N               ; no       ; Off          ;
; N17      ; 90         ; 5        ; RESERVED_INPUT_WITH_WEAK_PULLUP                  ;        ;              ;         ; Row I/O    ;                 ; no       ; On           ;
; N18      ; 89         ; 5        ; RESERVED_INPUT_WITH_WEAK_PULLUP                  ;        ;              ;         ; Row I/O    ;                 ; no       ; On           ;
; P1       ; 13         ; QL0      ; GXB_NC                                           ;        ;              ;         ; --         ;                 ; --       ; --           ;
; P2       ; 12         ; QL0      ; GXB_NC                                           ;        ;              ;         ; --         ;                 ; --       ; --           ;
; P3       ;            ;          ; GND                                              ; gnd    ;              ;         ; --         ;                 ; --       ; --           ;
; P4       ; 16         ; 3        ; ^MSEL2                                           ;        ;              ;         ; --         ;                 ; --       ; --           ;
; P5       ;            ;          ; GND                                              ; gnd    ;              ;         ; --         ;                 ; --       ; --           ;
; P6       ; 23         ; 3        ; r12                                              ; input  ; 2.5 V        ;         ; Column I/O ; N               ; no       ; Off          ;
; P7       ;            ; 3        ; VCCIO3                                           ; power  ;              ; 2.5V    ; --         ;                 ; --       ; --           ;
; P8       ;            ;          ; GND                                              ; gnd    ;              ;         ; --         ;                 ; --       ; --           ;
; P9       ;            ; 3        ; VCCIO3                                           ; power  ;              ; 2.5V    ; --         ;                 ; --       ; --           ;
; P10      ; 45         ; 3        ; s11                                              ; input  ; 2.5 V        ;         ; Column I/O ; N               ; no       ; Off          ;
; P11      ;            ;          ; GND                                              ; gnd    ;              ;         ; --         ;                 ; --       ; --           ;
; P12      ; 61         ; 4        ; s6                                               ; input  ; 2.5 V        ;         ; Column I/O ; N               ; no       ; Off          ;
; P13      ; 62         ; 4        ; res_out8                                         ; output ; 2.5 V        ;         ; Column I/O ; N               ; no       ; Off          ;
; P14      ;            ;          ; GND                                              ; gnd    ;              ;         ; --         ;                 ; --       ; --           ;
; P15      ; 75         ; 4        ; res_out4                                         ; output ; 2.5 V        ;         ; Column I/O ; N               ; no       ; Off          ;
; P16      ; 79         ; 5        ; res_out6                                         ; output ; 2.5 V        ;         ; Row I/O    ; N               ; no       ; Off          ;
; P17      ;            ;          ; GND                                              ; gnd    ;              ;         ; --         ;                 ; --       ; --           ;
; P18      ; 83         ; 5        ; s7                                               ; input  ; 2.5 V        ;         ; Row I/O    ; N               ; no       ; Off          ;
; R1       ;            ;          ; GND                                              ; gnd    ;              ;         ; --         ;                 ; --       ; --           ;
; R2       ;            ;          ; GND                                              ; gnd    ;              ;         ; --         ;                 ; --       ; --           ;
; R3       ;            ;          ; GND                                              ; gnd    ;              ;         ; --         ;                 ; --       ; --           ;
; R4       ;            ; --       ; VCCL_GXB                                         ; power  ;              ; 1.2V    ; --         ;                 ; --       ; --           ;
; R5       ; 17         ; 3        ; ^MSEL1                                           ;        ;              ;         ; --         ;                 ; --       ; --           ;
; R6       ; 24         ; 3        ; ~ALTERA_NCEO~ / RESERVED_OUTPUT_OPEN_DRAIN       ; output ; 2.5 V        ;         ; Column I/O ; N               ; no       ; Off          ;
; R7       ; 29         ; 3        ; res_out14                                        ; output ; 2.5 V        ;         ; Column I/O ; N               ; no       ; Off          ;
; R8       ; 36         ; 3        ; s9                                               ; input  ; 2.5 V        ;         ; Column I/O ; N               ; no       ; Off          ;
; R9       ; 39         ; 3        ; r13                                              ; input  ; 2.5 V        ;         ; Column I/O ; N               ; no       ; Off          ;
; R10      ; 46         ; 3        ; l16                                              ; input  ; 2.5 V        ;         ; Column I/O ; N               ; no       ; Off          ;
; R11      ; 53         ; 4        ; r_choose                                         ; input  ; 2.5 V        ;         ; Column I/O ; N               ; no       ; Off          ;
; R12      ; 59         ; 4        ; s4                                               ; input  ; 2.5 V        ;         ; Column I/O ; N               ; no       ; Off          ;
; R13      ; 60         ; 4        ; l5                                               ; input  ; 2.5 V        ;         ; Column I/O ; N               ; no       ; Off          ;
; R14      ; 73         ; 4        ; r3                                               ; input  ; 2.5 V        ;         ; Column I/O ; N               ; no       ; Off          ;
; R15      ; 76         ; 4        ; s2                                               ; input  ; 2.5 V        ;         ; Column I/O ; N               ; no       ; Off          ;
; R16      ; 80         ; 5        ; res_out1                                         ; output ; 2.5 V        ;         ; Row I/O    ; N               ; no       ; Off          ;
; R17      ; 82         ; 5        ; s8                                               ; input  ; 2.5 V        ;         ; Row I/O    ; N               ; no       ; Off          ;
; R18      ; 84         ; 5        ; s3                                               ; input  ; 2.5 V        ;         ; Row I/O    ; N               ; no       ; Off          ;
; T1       ; 15         ; QL0      ; GXB_GND*                                         ;        ;              ;         ; --         ;                 ; --       ; --           ;
; T2       ; 14         ; QL0      ; GXB_GND*                                         ;        ;              ;         ; --         ;                 ; --       ; --           ;
; T3       ;            ;          ; GND                                              ; gnd    ;              ;         ; --         ;                 ; --       ; --           ;
; T4       ;            ; --       ; VCCA_GXB                                         ; power  ;              ; 2.5V    ; --         ;                 ; --       ; --           ;
; T5       ; 18         ; 3        ; ^MSEL0                                           ;        ;              ;         ; --         ;                 ; --       ; --           ;
; T6       ; 25         ; 3        ; res_out10                                        ; output ; 2.5 V        ;         ; Column I/O ; N               ; no       ; Off          ;
; T7       ; 30         ; 3        ; res_out9                                         ; output ; 2.5 V        ;         ; Column I/O ; N               ; no       ; Off          ;
; T8       ; 35         ; 3        ; r9                                               ; input  ; 2.5 V        ;         ; Column I/O ; N               ; no       ; Off          ;
; T9       ; 40         ; 3        ; l12                                              ; input  ; 2.5 V        ;         ; Column I/O ; N               ; no       ; Off          ;
; T10      ; 43         ; 3        ; s12                                              ; input  ; 2.5 V        ;         ; Column I/O ; N               ; no       ; Off          ;
; T11      ; 54         ; 4        ; l7                                               ; input  ; 2.5 V        ;         ; Column I/O ; N               ; no       ; Off          ;
; T12      ; 55         ; 4        ; r11                                              ; input  ; 2.5 V        ;         ; Column I/O ; N               ; no       ; Off          ;
; T13      ; 63         ; 4        ; l3                                               ; input  ; 2.5 V        ;         ; Column I/O ; N               ; no       ; Off          ;
; T14      ; 64         ; 4        ; res_out3                                         ; output ; 2.5 V        ;         ; Column I/O ; N               ; no       ; Off          ;
; T15      ; 74         ; 4        ; r1                                               ; input  ; 2.5 V        ;         ; Column I/O ; N               ; no       ; Off          ;
; T16      ; 71         ; 4        ; l1                                               ; input  ; 2.5 V        ;         ; Column I/O ; N               ; no       ; Off          ;
; T17      ; 72         ; 4        ; r6                                               ; input  ; 2.5 V        ;         ; Column I/O ; N               ; no       ; Off          ;
; T18      ; 81         ; 5        ; l2                                               ; input  ; 2.5 V        ;         ; Row I/O    ; N               ; no       ; Off          ;
; U1       ;            ;          ; GND                                              ; gnd    ;              ;         ; --         ;                 ; --       ; --           ;
; U2       ;            ;          ; GND                                              ; gnd    ;              ;         ; --         ;                 ; --       ; --           ;
; U3       ;            ;          ; NC                                               ;        ;              ;         ; --         ;                 ; --       ; --           ;
; U4       ; 19         ; 3        ; ^CONF_DONE                                       ;        ;              ;         ; --         ;                 ; --       ; --           ;
; U5       ;            ;          ; GND                                              ; gnd    ;              ;         ; --         ;                 ; --       ; --           ;
; U6       ; 26         ; 3        ; res_out16                                        ; output ; 2.5 V        ;         ; Column I/O ; N               ; no       ; Off          ;
; U7       ; 33         ; 3        ; res_out12                                        ; output ; 2.5 V        ;         ; Column I/O ; N               ; no       ; Off          ;
; U8       ;            ;          ; GND                                              ; gnd    ;              ;         ; --         ;                 ; --       ; --           ;
; U9       ; 37         ; 3        ; r10                                              ; input  ; 2.5 V        ;         ; Column I/O ; N               ; no       ; Off          ;
; U10      ; 44         ; 3        ; l15                                              ; input  ; 2.5 V        ;         ; Column I/O ; N               ; no       ; Off          ;
; U11      ;            ;          ; GND                                              ; gnd    ;              ;         ; --         ;                 ; --       ; --           ;
; U12      ; 56         ; 4        ; l8                                               ; input  ; 2.5 V        ;         ; Column I/O ; N               ; no       ; Off          ;
; U13      ; 51         ; 4        ; l14                                              ; input  ; 2.5 V        ;         ; Column I/O ; N               ; no       ; Off          ;
; U14      ;            ;          ; GND                                              ; gnd    ;              ;         ; --         ;                 ; --       ; --           ;
; U15      ; 65         ; 4        ; r4                                               ; input  ; 2.5 V        ;         ; Column I/O ; N               ; no       ; Off          ;
; U16      ; 66         ; 4        ; res_out7                                         ; output ; 2.5 V        ;         ; Column I/O ; N               ; no       ; Off          ;
; U17      ;            ;          ; GND                                              ; gnd    ;              ;         ; --         ;                 ; --       ; --           ;
; U18      ; 69         ; 4        ; r5                                               ; input  ; 2.5 V        ;         ; Column I/O ; N               ; no       ; Off          ;
; V1       ;            ;          ; RREF                                             ;        ;              ;         ; --         ;                 ; --       ; --           ;
; V2       ;            ;          ; GND                                              ; gnd    ;              ;         ; --         ;                 ; --       ; --           ;
; V3       ;            ;          ; NC                                               ;        ;              ;         ; --         ;                 ; --       ; --           ;
; V4       ; 20         ; 3        ; ^nSTATUS                                         ;        ;              ;         ; --         ;                 ; --       ; --           ;
; V5       ; 27         ; 3        ; r16                                              ; input  ; 2.5 V        ;         ; Column I/O ; N               ; no       ; Off          ;
; V6       ; 28         ; 3        ; res_out15                                        ; output ; 2.5 V        ;         ; Column I/O ; N               ; no       ; Off          ;
; V7       ; 34         ; 3        ; res_out11                                        ; output ; 2.5 V        ;         ; Column I/O ; N               ; no       ; Off          ;
; V8       ; 38         ; 3        ; s15                                              ; input  ; 2.5 V        ;         ; Column I/O ; N               ; no       ; Off          ;
; V9       ; 41         ; 3        ; r15                                              ; input  ; 2.5 V        ;         ; Column I/O ; N               ; no       ; Off          ;
; V10      ; 42         ; 3        ; s13                                              ; input  ; 2.5 V        ;         ; Column I/O ; N               ; no       ; Off          ;
; V11      ; 49         ; 4        ; s_choose                                         ; input  ; 2.5 V        ;         ; Column I/O ; N               ; no       ; Off          ;
; V12      ; 50         ; 4        ; l_choose                                         ; input  ; 2.5 V        ;         ; Column I/O ; N               ; no       ; Off          ;
; V13      ; 52         ; 4        ; s16                                              ; input  ; 2.5 V        ;         ; Column I/O ; N               ; no       ; Off          ;
; V14      ; 57         ; 4        ; res_out5                                         ; output ; 2.5 V        ;         ; Column I/O ; N               ; no       ; Off          ;
; V15      ; 58         ; 4        ; res_out2                                         ; output ; 2.5 V        ;         ; Column I/O ; N               ; no       ; Off          ;
; V16      ; 67         ; 4        ; s1                                               ; input  ; 2.5 V        ;         ; Column I/O ; N               ; no       ; Off          ;
; V17      ; 68         ; 4        ; r7                                               ; input  ; 2.5 V        ;         ; Column I/O ; N               ; no       ; Off          ;
; V18      ; 70         ; 4        ; r8                                               ; input  ; 2.5 V        ;         ; Column I/O ; N               ; no       ; Off          ;
+----------+------------+----------+--------------------------------------------------+--------+--------------+---------+------------+-----------------+----------+--------------+
Note: Pin directions (input, output or bidir) are based on device operating in user mode.


+-----------------------------------------------------------------------------------------------------------------------------------------------------------------------------------------------------------------------------------------------------------------------------+
; Fitter Resource Utilization by Entity                                                                                                                                                                                                                                       ;
+----------------------------+-------------+---------------------------+---------------+-------------+------+--------------+---------+-----------+-----------+------+--------------+--------------+-------------------+------------------+---------------------+--------------+
; Compilation Hierarchy Node ; Logic Cells ; Dedicated Logic Registers ; I/O Registers ; Memory Bits ; M9Ks ; DSP Elements ; DSP 9x9 ; DSP 18x18 ; DSP 36x36 ; Pins ; Virtual Pins ; LUT-Only LCs ; Register-Only LCs ; LUT/Register LCs ; Full Hierarchy Name ; Library Name ;
+----------------------------+-------------+---------------------------+---------------+-------------+------+--------------+---------+-----------+-----------+------+--------------+--------------+-------------------+------------------+---------------------+--------------+
; |CHOOSE_LAB3               ; 32 (32)     ; 0 (0)                     ; 0 (0)         ; 0           ; 0    ; 0            ; 0       ; 0         ; 0         ; 67   ; 0            ; 32 (32)      ; 0 (0)             ; 0 (0)            ; |CHOOSE_LAB3        ; work         ;
+----------------------------+-------------+---------------------------+---------------+-------------+------+--------------+---------+-----------+-----------+------+--------------+--------------+-------------------+------------------+---------------------+--------------+
Note: For table entries with two numbers listed, the numbers in parentheses indicate the number of resources of the given type used by the specific entity alone. The numbers listed outside of parentheses indicate the total resources of the given type used by the specific entity and all of its sub-entities in the hierarchy.


+-------------------------------------------------------------------------------------------+
; Delay Chain Summary                                                                       ;
+-----------+----------+---------------+---------------+-----------------------+-----+------+
; Name      ; Pin Type ; Pad to Core 0 ; Pad to Core 1 ; Pad to Input Register ; TCO ; TCOE ;
+-----------+----------+---------------+---------------+-----------------------+-----+------+
; res_out1  ; Output   ; --            ; --            ; --                    ; --  ; --   ;
; res_out2  ; Output   ; --            ; --            ; --                    ; --  ; --   ;
; res_out3  ; Output   ; --            ; --            ; --                    ; --  ; --   ;
; res_out4  ; Output   ; --            ; --            ; --                    ; --  ; --   ;
; res_out5  ; Output   ; --            ; --            ; --                    ; --  ; --   ;
; res_out6  ; Output   ; --            ; --            ; --                    ; --  ; --   ;
; res_out7  ; Output   ; --            ; --            ; --                    ; --  ; --   ;
; res_out8  ; Output   ; --            ; --            ; --                    ; --  ; --   ;
; res_out9  ; Output   ; --            ; --            ; --                    ; --  ; --   ;
; res_out10 ; Output   ; --            ; --            ; --                    ; --  ; --   ;
; res_out11 ; Output   ; --            ; --            ; --                    ; --  ; --   ;
; res_out12 ; Output   ; --            ; --            ; --                    ; --  ; --   ;
; res_out13 ; Output   ; --            ; --            ; --                    ; --  ; --   ;
; res_out14 ; Output   ; --            ; --            ; --                    ; --  ; --   ;
; res_out15 ; Output   ; --            ; --            ; --                    ; --  ; --   ;
; res_out16 ; Output   ; --            ; --            ; --                    ; --  ; --   ;
; s_choose  ; Input    ; (0) 0 ps      ; --            ; --                    ; --  ; --   ;
; l_choose  ; Input    ; (0) 0 ps      ; --            ; --                    ; --  ; --   ;
; l1        ; Input    ; --            ; (6) 1313 ps   ; --                    ; --  ; --   ;
; s1        ; Input    ; (6) 1313 ps   ; --            ; --                    ; --  ; --   ;
; r_choose  ; Input    ; (6) 1313 ps   ; --            ; --                    ; --  ; --   ;
; r1        ; Input    ; (6) 1313 ps   ; --            ; --                    ; --  ; --   ;
; l2        ; Input    ; --            ; (6) 1314 ps   ; --                    ; --  ; --   ;
; s2        ; Input    ; --            ; (6) 1313 ps   ; --                    ; --  ; --   ;
; r2        ; Input    ; --            ; (6) 1314 ps   ; --                    ; --  ; --   ;
; l3        ; Input    ; --            ; (6) 1313 ps   ; --                    ; --  ; --   ;
; s3        ; Input    ; (6) 1314 ps   ; --            ; --                    ; --  ; --   ;
; r3        ; Input    ; (6) 1313 ps   ; --            ; --                    ; --  ; --   ;
; l4        ; Input    ; (6) 1314 ps   ; --            ; --                    ; --  ; --   ;
; s4        ; Input    ; (6) 1313 ps   ; --            ; --                    ; --  ; --   ;
; r4        ; Input    ; (6) 1313 ps   ; --            ; --                    ; --  ; --   ;
; l5        ; Input    ; (6) 1313 ps   ; --            ; --                    ; --  ; --   ;
; s5        ; Input    ; --            ; (6) 1314 ps   ; --                    ; --  ; --   ;
; r5        ; Input    ; --            ; (6) 1313 ps   ; --                    ; --  ; --   ;
; l6        ; Input    ; --            ; (6) 1314 ps   ; --                    ; --  ; --   ;
; s6        ; Input    ; (6) 1313 ps   ; --            ; --                    ; --  ; --   ;
; r6        ; Input    ; (6) 1313 ps   ; --            ; --                    ; --  ; --   ;
; l7        ; Input    ; --            ; (6) 1313 ps   ; --                    ; --  ; --   ;
; s7        ; Input    ; --            ; (6) 1314 ps   ; --                    ; --  ; --   ;
; r7        ; Input    ; (6) 1313 ps   ; --            ; --                    ; --  ; --   ;
; l8        ; Input    ; (6) 1313 ps   ; --            ; --                    ; --  ; --   ;
; s8        ; Input    ; (6) 1314 ps   ; --            ; --                    ; --  ; --   ;
; r8        ; Input    ; (6) 1313 ps   ; --            ; --                    ; --  ; --   ;
; l9        ; Input    ; --            ; (6) 1313 ps   ; --                    ; --  ; --   ;
; s9        ; Input    ; --            ; (6) 1313 ps   ; --                    ; --  ; --   ;
; r9        ; Input    ; (6) 1313 ps   ; --            ; --                    ; --  ; --   ;
; l10       ; Input    ; --            ; (6) 1313 ps   ; --                    ; --  ; --   ;
; s10       ; Input    ; (6) 1313 ps   ; --            ; --                    ; --  ; --   ;
; r10       ; Input    ; (6) 1313 ps   ; --            ; --                    ; --  ; --   ;
; l11       ; Input    ; (6) 1313 ps   ; --            ; --                    ; --  ; --   ;
; s11       ; Input    ; (6) 1313 ps   ; --            ; --                    ; --  ; --   ;
; r11       ; Input    ; (6) 1313 ps   ; --            ; --                    ; --  ; --   ;
; l12       ; Input    ; (6) 1313 ps   ; --            ; --                    ; --  ; --   ;
; s12       ; Input    ; (6) 1313 ps   ; --            ; --                    ; --  ; --   ;
; r12       ; Input    ; (6) 1313 ps   ; --            ; --                    ; --  ; --   ;
; l13       ; Input    ; (6) 1313 ps   ; --            ; --                    ; --  ; --   ;
; s13       ; Input    ; (6) 1313 ps   ; --            ; --                    ; --  ; --   ;
; r13       ; Input    ; (6) 1313 ps   ; --            ; --                    ; --  ; --   ;
; l14       ; Input    ; (6) 1313 ps   ; --            ; --                    ; --  ; --   ;
; s14       ; Input    ; --            ; (6) 1313 ps   ; --                    ; --  ; --   ;
; r14       ; Input    ; (6) 1313 ps   ; --            ; --                    ; --  ; --   ;
; l15       ; Input    ; --            ; (6) 1313 ps   ; --                    ; --  ; --   ;
; s15       ; Input    ; (6) 1313 ps   ; --            ; --                    ; --  ; --   ;
; r15       ; Input    ; (6) 1313 ps   ; --            ; --                    ; --  ; --   ;
; l16       ; Input    ; (6) 1313 ps   ; --            ; --                    ; --  ; --   ;
; s16       ; Input    ; (6) 1313 ps   ; --            ; --                    ; --  ; --   ;
; r16       ; Input    ; (6) 1313 ps   ; --            ; --                    ; --  ; --   ;
+-----------+----------+---------------+---------------+-----------------------+-----+------+


+---------------------------------------------------+
; Pad To Core Delay Chain Fanout                    ;
+---------------------+-------------------+---------+
; Source Pin / Fanout ; Pad To Core Index ; Setting ;
+---------------------+-------------------+---------+
; s_choose            ;                   ;         ;
; l_choose            ;                   ;         ;
; l1                  ;                   ;         ;
;      - c_or1~0      ; 1                 ; 6       ;
; s1                  ;                   ;         ;
;      - c_or1~0      ; 0                 ; 6       ;
; r_choose            ;                   ;         ;
;      - c_or1        ; 0                 ; 6       ;
;      - c_or2        ; 0                 ; 6       ;
;      - c_or3        ; 0                 ; 6       ;
;      - c_or4        ; 0                 ; 6       ;
;      - c_or5        ; 0                 ; 6       ;
;      - c_or6        ; 0                 ; 6       ;
;      - c_or7        ; 0                 ; 6       ;
;      - c_or8        ; 0                 ; 6       ;
;      - c_or9        ; 0                 ; 6       ;
;      - c_or10       ; 0                 ; 6       ;
;      - c_or11       ; 0                 ; 6       ;
;      - c_or12       ; 0                 ; 6       ;
;      - c_or13       ; 0                 ; 6       ;
;      - c_or14       ; 0                 ; 6       ;
;      - c_or15       ; 0                 ; 6       ;
;      - c_or16       ; 0                 ; 6       ;
; r1                  ;                   ;         ;
;      - c_or1        ; 0                 ; 6       ;
; l2                  ;                   ;         ;
;      - c_or2~0      ; 1                 ; 6       ;
; s2                  ;                   ;         ;
;      - c_or2~0      ; 1                 ; 6       ;
; r2                  ;                   ;         ;
;      - c_or2        ; 1                 ; 6       ;
; l3                  ;                   ;         ;
;      - c_or3~0      ; 1                 ; 6       ;
; s3                  ;                   ;         ;
;      - c_or3~0      ; 0                 ; 6       ;
; r3                  ;                   ;         ;
;      - c_or3        ; 0                 ; 6       ;
; l4                  ;                   ;         ;
;      - c_or4~0      ; 0                 ; 6       ;
; s4                  ;                   ;         ;
;      - c_or4~0      ; 0                 ; 6       ;
; r4                  ;                   ;         ;
;      - c_or4        ; 0                 ; 6       ;
; l5                  ;                   ;         ;
;      - c_or5~0      ; 0                 ; 6       ;
; s5                  ;                   ;         ;
;      - c_or5~0      ; 1                 ; 6       ;
; r5                  ;                   ;         ;
;      - c_or5        ; 1                 ; 6       ;
; l6                  ;                   ;         ;
;      - c_or6~0      ; 1                 ; 6       ;
; s6                  ;                   ;         ;
;      - c_or6~0      ; 0                 ; 6       ;
; r6                  ;                   ;         ;
;      - c_or6        ; 0                 ; 6       ;
; l7                  ;                   ;         ;
;      - c_or7~0      ; 1                 ; 6       ;
; s7                  ;                   ;         ;
;      - c_or7~0      ; 1                 ; 6       ;
; r7                  ;                   ;         ;
;      - c_or7        ; 0                 ; 6       ;
; l8                  ;                   ;         ;
;      - c_or8~0      ; 0                 ; 6       ;
; s8                  ;                   ;         ;
;      - c_or8~0      ; 0                 ; 6       ;
; r8                  ;                   ;         ;
;      - c_or8        ; 0                 ; 6       ;
; l9                  ;                   ;         ;
;      - c_or9~0      ; 1                 ; 6       ;
; s9                  ;                   ;         ;
;      - c_or9~0      ; 1                 ; 6       ;
; r9                  ;                   ;         ;
;      - c_or9        ; 0                 ; 6       ;
; l10                 ;                   ;         ;
;      - c_or10~0     ; 1                 ; 6       ;
; s10                 ;                   ;         ;
;      - c_or10~0     ; 0                 ; 6       ;
; r10                 ;                   ;         ;
;      - c_or10       ; 0                 ; 6       ;
; l11                 ;                   ;         ;
;      - c_or11~0     ; 0                 ; 6       ;
; s11                 ;                   ;         ;
;      - c_or11~0     ; 0                 ; 6       ;
; r11                 ;                   ;         ;
;      - c_or11       ; 0                 ; 6       ;
; l12                 ;                   ;         ;
;      - c_or12~0     ; 0                 ; 6       ;
; s12                 ;                   ;         ;
;      - c_or12~0     ; 0                 ; 6       ;
; r12                 ;                   ;         ;
;      - c_or12       ; 0                 ; 6       ;
; l13                 ;                   ;         ;
;      - c_or13~0     ; 0                 ; 6       ;
; s13                 ;                   ;         ;
;      - c_or13~0     ; 0                 ; 6       ;
; r13                 ;                   ;         ;
;      - c_or13       ; 0                 ; 6       ;
; l14                 ;                   ;         ;
;      - c_or14~0     ; 0                 ; 6       ;
; s14                 ;                   ;         ;
;      - c_or14~0     ; 1                 ; 6       ;
; r14                 ;                   ;         ;
;      - c_or14       ; 0                 ; 6       ;
; l15                 ;                   ;         ;
;      - c_or15~0     ; 1                 ; 6       ;
; s15                 ;                   ;         ;
;      - c_or15~0     ; 0                 ; 6       ;
; r15                 ;                   ;         ;
;      - c_or15       ; 0                 ; 6       ;
; l16                 ;                   ;         ;
;      - c_or16~0     ; 0                 ; 6       ;
; s16                 ;                   ;         ;
;      - c_or16~0     ; 0                 ; 6       ;
; r16                 ;                   ;         ;
;      - c_or16       ; 0                 ; 6       ;
+---------------------+-------------------+---------+


+---------------------------------+
; Non-Global High Fan-Out Signals ;
+----------------+----------------+
; Name           ; Fan-Out        ;
+----------------+----------------+
; r_choose~input ; 16             ;
; l_choose~input ; 16             ;
; s_choose~input ; 16             ;
; r16~input      ; 1              ;
; s16~input      ; 1              ;
; l16~input      ; 1              ;
; r15~input      ; 1              ;
; s15~input      ; 1              ;
; l15~input      ; 1              ;
; r14~input      ; 1              ;
; s14~input      ; 1              ;
; l14~input      ; 1              ;
; r13~input      ; 1              ;
; s13~input      ; 1              ;
; l13~input      ; 1              ;
; r12~input      ; 1              ;
; s12~input      ; 1              ;
; l12~input      ; 1              ;
; r11~input      ; 1              ;
; s11~input      ; 1              ;
; l11~input      ; 1              ;
; r10~input      ; 1              ;
; s10~input      ; 1              ;
; l10~input      ; 1              ;
; r9~input       ; 1              ;
; s9~input       ; 1              ;
; l9~input       ; 1              ;
; r8~input       ; 1              ;
; s8~input       ; 1              ;
; l8~input       ; 1              ;
; r7~input       ; 1              ;
; s7~input       ; 1              ;
; l7~input       ; 1              ;
; r6~input       ; 1              ;
; s6~input       ; 1              ;
; l6~input       ; 1              ;
; r5~input       ; 1              ;
; s5~input       ; 1              ;
; l5~input       ; 1              ;
; r4~input       ; 1              ;
; s4~input       ; 1              ;
; l4~input       ; 1              ;
; r3~input       ; 1              ;
; s3~input       ; 1              ;
; l3~input       ; 1              ;
; r2~input       ; 1              ;
; s2~input       ; 1              ;
; l2~input       ; 1              ;
; r1~input       ; 1              ;
; s1~input       ; 1              ;
; l1~input       ; 1              ;
; c_or16         ; 1              ;
; c_or16~0       ; 1              ;
; c_or15         ; 1              ;
; c_or15~0       ; 1              ;
; c_or14         ; 1              ;
; c_or14~0       ; 1              ;
; c_or13         ; 1              ;
; c_or13~0       ; 1              ;
; c_or12         ; 1              ;
; c_or12~0       ; 1              ;
; c_or11         ; 1              ;
; c_or11~0       ; 1              ;
; c_or10         ; 1              ;
; c_or10~0       ; 1              ;
; c_or9          ; 1              ;
; c_or9~0        ; 1              ;
; c_or8          ; 1              ;
; c_or8~0        ; 1              ;
; c_or7          ; 1              ;
; c_or7~0        ; 1              ;
; c_or6          ; 1              ;
; c_or6~0        ; 1              ;
; c_or5          ; 1              ;
; c_or5~0        ; 1              ;
; c_or4          ; 1              ;
; c_or4~0        ; 1              ;
; c_or3          ; 1              ;
; c_or3~0        ; 1              ;
; c_or2          ; 1              ;
; c_or2~0        ; 1              ;
; c_or1          ; 1              ;
; c_or1~0        ; 1              ;
+----------------+----------------+


+-----------------------------------------------------------+
; Other Routing Usage Summary                               ;
+-----------------------------------+-----------------------+
; Other Routing Resource Type       ; Usage                 ;
+-----------------------------------+-----------------------+
; Block interconnects               ; 70 / 88,936 ( < 1 % ) ;
; C16 interconnects                 ; 29 / 2,912 ( < 1 % )  ;
; C4 interconnects                  ; 71 / 54,912 ( < 1 % ) ;
; GXB block output buffers          ; 0 / 1,600 ( 0 % )     ;
; Global clocks                     ; 0 / 20 ( 0 % )        ;
; Interquad Reference Clock Outputs ; 0 / 1 ( 0 % )         ;
; Interquad TXRX Clocks             ; 0 / 8 ( 0 % )         ;
; Interquad TXRX PCSRX outputs      ; 0 / 4 ( 0 % )         ;
; Interquad TXRX PCSTX outputs      ; 0 / 4 ( 0 % )         ;
; Local interconnects               ; 16 / 29,440 ( < 1 % ) ;
; R24 interconnects                 ; 14 / 3,040 ( < 1 % )  ;
; R4 interconnects                  ; 87 / 76,160 ( < 1 % ) ;
+-----------------------------------+-----------------------+


+---------------------------------------------------------------------------+
; LAB Logic Elements                                                        ;
+---------------------------------------------+-----------------------------+
; Number of Logic Elements  (Average = 16.00) ; Number of LABs  (Total = 2) ;
+---------------------------------------------+-----------------------------+
; 1                                           ; 0                           ;
; 2                                           ; 0                           ;
; 3                                           ; 0                           ;
; 4                                           ; 0                           ;
; 5                                           ; 0                           ;
; 6                                           ; 0                           ;
; 7                                           ; 0                           ;
; 8                                           ; 0                           ;
; 9                                           ; 0                           ;
; 10                                          ; 0                           ;
; 11                                          ; 0                           ;
; 12                                          ; 0                           ;
; 13                                          ; 0                           ;
; 14                                          ; 0                           ;
; 15                                          ; 0                           ;
; 16                                          ; 2                           ;
+---------------------------------------------+-----------------------------+


+----------------------------------------------------------------------------+
; LAB Signals Sourced                                                        ;
+----------------------------------------------+-----------------------------+
; Number of Signals Sourced  (Average = 16.00) ; Number of LABs  (Total = 2) ;
+----------------------------------------------+-----------------------------+
; 0                                            ; 0                           ;
; 1                                            ; 0                           ;
; 2                                            ; 0                           ;
; 3                                            ; 0                           ;
; 4                                            ; 0                           ;
; 5                                            ; 0                           ;
; 6                                            ; 0                           ;
; 7                                            ; 0                           ;
; 8                                            ; 0                           ;
; 9                                            ; 0                           ;
; 10                                           ; 0                           ;
; 11                                           ; 0                           ;
; 12                                           ; 0                           ;
; 13                                           ; 0                           ;
; 14                                           ; 0                           ;
; 15                                           ; 0                           ;
; 16                                           ; 2                           ;
+----------------------------------------------+-----------------------------+


+-------------------------------------------------------------------------------+
; LAB Signals Sourced Out                                                       ;
+-------------------------------------------------+-----------------------------+
; Number of Signals Sourced Out  (Average = 8.00) ; Number of LABs  (Total = 2) ;
+-------------------------------------------------+-----------------------------+
; 0                                               ; 0                           ;
; 1                                               ; 0                           ;
; 2                                               ; 0                           ;
; 3                                               ; 0                           ;
; 4                                               ; 0                           ;
; 5                                               ; 0                           ;
; 6                                               ; 0                           ;
; 7                                               ; 0                           ;
; 8                                               ; 2                           ;
+-------------------------------------------------+-----------------------------+


+----------------------------------------------------------------------------+
; LAB Distinct Inputs                                                        ;
+----------------------------------------------+-----------------------------+
; Number of Distinct Inputs  (Average = 27.00) ; Number of LABs  (Total = 2) ;
+----------------------------------------------+-----------------------------+
; 0                                            ; 0                           ;
; 1                                            ; 0                           ;
; 2                                            ; 0                           ;
; 3                                            ; 0                           ;
; 4                                            ; 0                           ;
; 5                                            ; 0                           ;
; 6                                            ; 0                           ;
; 7                                            ; 0                           ;
; 8                                            ; 0                           ;
; 9                                            ; 0                           ;
; 10                                           ; 0                           ;
; 11                                           ; 0                           ;
; 12                                           ; 0                           ;
; 13                                           ; 0                           ;
; 14                                           ; 0                           ;
; 15                                           ; 0                           ;
; 16                                           ; 0                           ;
; 17                                           ; 0                           ;
; 18                                           ; 0                           ;
; 19                                           ; 0                           ;
; 20                                           ; 0                           ;
; 21                                           ; 0                           ;
; 22                                           ; 0                           ;
; 23                                           ; 0                           ;
; 24                                           ; 0                           ;
; 25                                           ; 0                           ;
; 26                                           ; 0                           ;
; 27                                           ; 2                           ;
+----------------------------------------------+-----------------------------+


+------------------------------------------+
; I/O Rules Summary                        ;
+----------------------------------+-------+
; I/O Rules Statistic              ; Total ;
+----------------------------------+-------+
; Total I/O Rules                  ; 30    ;
; Number of I/O Rules Passed       ; 9     ;
; Number of I/O Rules Failed       ; 0     ;
; Number of I/O Rules Unchecked    ; 0     ;
; Number of I/O Rules Inapplicable ; 21    ;
+----------------------------------+-------+


+-----------------------------------------------------------------------------------------------------------------------------------------------------------------------------------------------------------------------------------------------------------------------------------------------------+
; I/O Rules Details                                                                                                                                                                                                                                                                                   ;
+--------------+-----------+-----------------------------------+------------------------------------------------------------------------------------------------------+----------+--------------------------------------------------------------------------+---------------------+-------------------+
; Status       ; ID        ; Category                          ; Rule Description                                                                                     ; Severity ; Information                                                              ; Area                ; Extra Information ;
+--------------+-----------+-----------------------------------+------------------------------------------------------------------------------------------------------+----------+--------------------------------------------------------------------------+---------------------+-------------------+
; Inapplicable ; IO_000001 ; Capacity Checks                   ; Number of pins in an I/O bank should not exceed the number of locations available.                   ; Critical ; No Location assignments found.                                           ; I/O                 ;                   ;
; Inapplicable ; IO_000002 ; Capacity Checks                   ; Number of clocks in an I/O bank should not exceed the number of clocks available.                    ; Critical ; No Global Signal assignments found.                                      ; I/O                 ;                   ;
; Inapplicable ; IO_000003 ; Capacity Checks                   ; Number of pins in a Vrefgroup should not exceed the number of locations available.                   ; Critical ; No Location assignments found.                                           ; I/O                 ;                   ;
; Inapplicable ; IO_000004 ; Voltage Compatibility Checks      ; The I/O bank should support the requested VCCIO.                                                     ; Critical ; No IOBANK_VCCIO assignments found.                                       ; I/O                 ;                   ;
; Inapplicable ; IO_000005 ; Voltage Compatibility Checks      ; The I/O bank should not have competing VREF values.                                                  ; Critical ; No VREF I/O Standard assignments found.                                  ; I/O                 ;                   ;
; Pass         ; IO_000006 ; Voltage Compatibility Checks      ; The I/O bank should not have competing VCCIO values.                                                 ; Critical ; 0 such failures found.                                                   ; I/O                 ;                   ;
; Inapplicable ; IO_000007 ; Valid Location Checks             ; Checks for unavailable locations.                                                                    ; Critical ; No Location assignments found.                                           ; I/O                 ;                   ;
; Inapplicable ; IO_000008 ; Valid Location Checks             ; Checks for reserved locations.                                                                       ; Critical ; No reserved LogicLock region found.                                      ; I/O                 ;                   ;
; Pass         ; IO_000009 ; I/O Properties Checks for One I/O ; The location should support the requested I/O standard.                                              ; Critical ; 0 such failures found.                                                   ; I/O                 ;                   ;
; Pass         ; IO_000010 ; I/O Properties Checks for One I/O ; The location should support the requested I/O direction.                                             ; Critical ; 0 such failures found.                                                   ; I/O                 ;                   ;
; Inapplicable ; IO_000011 ; I/O Properties Checks for One I/O ; The location should support the requested Current Strength.                                          ; Critical ; No Current Strength assignments found.                                   ; I/O                 ;                   ;
; Pass         ; IO_000012 ; I/O Properties Checks for One I/O ; The location should support the requested On Chip Termination value.                                 ; Critical ; 0 such failures found.                                                   ; I/O                 ;                   ;
; Inapplicable ; IO_000013 ; I/O Properties Checks for One I/O ; The location should support the requested Bus Hold value.                                            ; Critical ; No Enable Bus-Hold Circuitry assignments found.                          ; I/O                 ;                   ;
; Inapplicable ; IO_000014 ; I/O Properties Checks for One I/O ; The location should support the requested Weak Pull Up value.                                        ; Critical ; No Weak Pull-Up Resistor assignments found.                              ; I/O                 ;                   ;
; Pass         ; IO_000015 ; I/O Properties Checks for One I/O ; The location should support the requested PCI Clamp Diode.                                           ; Critical ; 0 such failures found.                                                   ; I/O                 ;                   ;
; Inapplicable ; IO_000018 ; I/O Properties Checks for One I/O ; The I/O standard should support the requested Current Strength.                                      ; Critical ; No Current Strength assignments found.                                   ; I/O                 ;                   ;
; Pass         ; IO_000019 ; I/O Properties Checks for One I/O ; The I/O standard should support the requested On Chip Termination value.                             ; Critical ; 0 such failures found.                                                   ; I/O                 ;                   ;
; Pass         ; IO_000020 ; I/O Properties Checks for One I/O ; The I/O standard should support the requested PCI Clamp Diode.                                       ; Critical ; 0 such failures found.                                                   ; I/O                 ;                   ;
; Inapplicable ; IO_000021 ; I/O Properties Checks for One I/O ; The I/O standard should support the requested Weak Pull Up value.                                    ; Critical ; No Weak Pull-Up Resistor assignments found.                              ; I/O                 ;                   ;
; Inapplicable ; IO_000022 ; I/O Properties Checks for One I/O ; The I/O standard should support the requested Bus Hold value.                                        ; Critical ; No Enable Bus-Hold Circuitry assignments found.                          ; I/O                 ;                   ;
; Inapplicable ; IO_000023 ; I/O Properties Checks for One I/O ; The I/O standard should support the Open Drain value.                                                ; Critical ; No open drain assignments found.                                         ; I/O                 ;                   ;
; Pass         ; IO_000024 ; I/O Properties Checks for One I/O ; The I/O direction should support the On Chip Termination value.                                      ; Critical ; 0 such failures found.                                                   ; I/O                 ;                   ;
; Inapplicable ; IO_000026 ; I/O Properties Checks for One I/O ; On Chip Termination and Current Strength should not be used at the same time.                        ; Critical ; No Current Strength assignments found.                                   ; I/O                 ;                   ;
; Inapplicable ; IO_000027 ; I/O Properties Checks for One I/O ; Weak Pull Up and Bus Hold should not be used at the same time.                                       ; Critical ; No Enable Bus-Hold Circuitry or Weak Pull-Up Resistor assignments found. ; I/O                 ;                   ;
; Inapplicable ; IO_000045 ; I/O Properties Checks for One I/O ; The I/O standard should support the requested Slew Rate value.                                       ; Critical ; No Slew Rate assignments found.                                          ; I/O                 ;                   ;
; Inapplicable ; IO_000046 ; I/O Properties Checks for One I/O ; The location should support the requested Slew Rate value.                                           ; Critical ; No Slew Rate assignments found.                                          ; I/O                 ;                   ;
; Inapplicable ; IO_000047 ; I/O Properties Checks for One I/O ; On Chip Termination and Slew Rate should not be used at the same time.                               ; Critical ; No Slew Rate assignments found.                                          ; I/O                 ;                   ;
; Pass         ; IO_000033 ; Electromigration Checks           ; Current density for consecutive I/Os should not exceed 240mA for row I/Os and 240mA for column I/Os. ; Critical ; 0 such failures found.                                                   ; I/O                 ;                   ;
; Inapplicable ; IO_000034 ; SI Related Distance Checks        ; Single-ended outputs should be 5 LAB row(s) away from a differential I/O.                            ; High     ; No Differential I/O Standard assignments found.                          ; I/O                 ;                   ;
; Inapplicable ; IO_000042 ; SI Related SSO Limit Checks       ; No more than 20 outputs are allowed in a VREF group when VREF is being read from.                    ; High     ; No VREF I/O Standard assignments found.                                  ; I/O                 ;                   ;
; ----         ; ----      ; Disclaimer                        ; OCT rules are checked but not reported.                                                              ; None     ; ----                                                                     ; On Chip Termination ;                   ;
+--------------+-----------+-----------------------------------+------------------------------------------------------------------------------------------------------+----------+--------------------------------------------------------------------------+---------------------+-------------------+


+--------------------------------------------------------------------------------------------------------------------------------------------------------------------------------------------------------------------------------------------------------------------------------------------------------------------------------------------------------------------------------------------------------------------------------------------------------------------------+
; I/O Rules Matrix                                                                                                                                                                                                                                                                                                                                                                                                                                                         ;
+--------------------+--------------+--------------+--------------+--------------+--------------+-----------+--------------+--------------+-----------+-----------+--------------+--------------+--------------+--------------+--------------+--------------+--------------+--------------+--------------+--------------+--------------+--------------+--------------+--------------+--------------+--------------+--------------+-----------+--------------+--------------+
; Pin/Rules          ; IO_000001    ; IO_000002    ; IO_000003    ; IO_000004    ; IO_000005    ; IO_000006 ; IO_000007    ; IO_000008    ; IO_000009 ; IO_000010 ; IO_000011    ; IO_000012    ; IO_000013    ; IO_000014    ; IO_000015    ; IO_000018    ; IO_000019    ; IO_000020    ; IO_000021    ; IO_000022    ; IO_000023    ; IO_000024    ; IO_000026    ; IO_000027    ; IO_000045    ; IO_000046    ; IO_000047    ; IO_000033 ; IO_000034    ; IO_000042    ;
+--------------------+--------------+--------------+--------------+--------------+--------------+-----------+--------------+--------------+-----------+-----------+--------------+--------------+--------------+--------------+--------------+--------------+--------------+--------------+--------------+--------------+--------------+--------------+--------------+--------------+--------------+--------------+--------------+-----------+--------------+--------------+
; Total Pass         ; 0            ; 0            ; 0            ; 0            ; 0            ; 67        ; 0            ; 0            ; 67        ; 67        ; 0            ; 16           ; 0            ; 0            ; 51           ; 0            ; 16           ; 51           ; 0            ; 0            ; 0            ; 16           ; 0            ; 0            ; 0            ; 0            ; 0            ; 67        ; 0            ; 0            ;
; Total Unchecked    ; 0            ; 0            ; 0            ; 0            ; 0            ; 0         ; 0            ; 0            ; 0         ; 0         ; 0            ; 0            ; 0            ; 0            ; 0            ; 0            ; 0            ; 0            ; 0            ; 0            ; 0            ; 0            ; 0            ; 0            ; 0            ; 0            ; 0            ; 0         ; 0            ; 0            ;
; Total Inapplicable ; 67           ; 67           ; 67           ; 67           ; 67           ; 0         ; 67           ; 67           ; 0         ; 0         ; 67           ; 51           ; 67           ; 67           ; 16           ; 67           ; 51           ; 16           ; 67           ; 67           ; 67           ; 51           ; 67           ; 67           ; 67           ; 67           ; 67           ; 0         ; 67           ; 67           ;
; Total Fail         ; 0            ; 0            ; 0            ; 0            ; 0            ; 0         ; 0            ; 0            ; 0         ; 0         ; 0            ; 0            ; 0            ; 0            ; 0            ; 0            ; 0            ; 0            ; 0            ; 0            ; 0            ; 0            ; 0            ; 0            ; 0            ; 0            ; 0            ; 0         ; 0            ; 0            ;
; res_out1           ; Inapplicable ; Inapplicable ; Inapplicable ; Inapplicable ; Inapplicable ; Pass      ; Inapplicable ; Inapplicable ; Pass      ; Pass      ; Inapplicable ; Pass         ; Inapplicable ; Inapplicable ; Inapplicable ; Inapplicable ; Pass         ; Inapplicable ; Inapplicable ; Inapplicable ; Inapplicable ; Pass         ; Inapplicable ; Inapplicable ; Inapplicable ; Inapplicable ; Inapplicable ; Pass      ; Inapplicable ; Inapplicable ;
; res_out2           ; Inapplicable ; Inapplicable ; Inapplicable ; Inapplicable ; Inapplicable ; Pass      ; Inapplicable ; Inapplicable ; Pass      ; Pass      ; Inapplicable ; Pass         ; Inapplicable ; Inapplicable ; Inapplicable ; Inapplicable ; Pass         ; Inapplicable ; Inapplicable ; Inapplicable ; Inapplicable ; Pass         ; Inapplicable ; Inapplicable ; Inapplicable ; Inapplicable ; Inapplicable ; Pass      ; Inapplicable ; Inapplicable ;
; res_out3           ; Inapplicable ; Inapplicable ; Inapplicable ; Inapplicable ; Inapplicable ; Pass      ; Inapplicable ; Inapplicable ; Pass      ; Pass      ; Inapplicable ; Pass         ; Inapplicable ; Inapplicable ; Inapplicable ; Inapplicable ; Pass         ; Inapplicable ; Inapplicable ; Inapplicable ; Inapplicable ; Pass         ; Inapplicable ; Inapplicable ; Inapplicable ; Inapplicable ; Inapplicable ; Pass      ; Inapplicable ; Inapplicable ;
; res_out4           ; Inapplicable ; Inapplicable ; Inapplicable ; Inapplicable ; Inapplicable ; Pass      ; Inapplicable ; Inapplicable ; Pass      ; Pass      ; Inapplicable ; Pass         ; Inapplicable ; Inapplicable ; Inapplicable ; Inapplicable ; Pass         ; Inapplicable ; Inapplicable ; Inapplicable ; Inapplicable ; Pass         ; Inapplicable ; Inapplicable ; Inapplicable ; Inapplicable ; Inapplicable ; Pass      ; Inapplicable ; Inapplicable ;
; res_out5           ; Inapplicable ; Inapplicable ; Inapplicable ; Inapplicable ; Inapplicable ; Pass      ; Inapplicable ; Inapplicable ; Pass      ; Pass      ; Inapplicable ; Pass         ; Inapplicable ; Inapplicable ; Inapplicable ; Inapplicable ; Pass         ; Inapplicable ; Inapplicable ; Inapplicable ; Inapplicable ; Pass         ; Inapplicable ; Inapplicable ; Inapplicable ; Inapplicable ; Inapplicable ; Pass      ; Inapplicable ; Inapplicable ;
; res_out6           ; Inapplicable ; Inapplicable ; Inapplicable ; Inapplicable ; Inapplicable ; Pass      ; Inapplicable ; Inapplicable ; Pass      ; Pass      ; Inapplicable ; Pass         ; Inapplicable ; Inapplicable ; Inapplicable ; Inapplicable ; Pass         ; Inapplicable ; Inapplicable ; Inapplicable ; Inapplicable ; Pass         ; Inapplicable ; Inapplicable ; Inapplicable ; Inapplicable ; Inapplicable ; Pass      ; Inapplicable ; Inapplicable ;
; res_out7           ; Inapplicable ; Inapplicable ; Inapplicable ; Inapplicable ; Inapplicable ; Pass      ; Inapplicable ; Inapplicable ; Pass      ; Pass      ; Inapplicable ; Pass         ; Inapplicable ; Inapplicable ; Inapplicable ; Inapplicable ; Pass         ; Inapplicable ; Inapplicable ; Inapplicable ; Inapplicable ; Pass         ; Inapplicable ; Inapplicable ; Inapplicable ; Inapplicable ; Inapplicable ; Pass      ; Inapplicable ; Inapplicable ;
; res_out8           ; Inapplicable ; Inapplicable ; Inapplicable ; Inapplicable ; Inapplicable ; Pass      ; Inapplicable ; Inapplicable ; Pass      ; Pass      ; Inapplicable ; Pass         ; Inapplicable ; Inapplicable ; Inapplicable ; Inapplicable ; Pass         ; Inapplicable ; Inapplicable ; Inapplicable ; Inapplicable ; Pass         ; Inapplicable ; Inapplicable ; Inapplicable ; Inapplicable ; Inapplicable ; Pass      ; Inapplicable ; Inapplicable ;
; res_out9           ; Inapplicable ; Inapplicable ; Inapplicable ; Inapplicable ; Inapplicable ; Pass      ; Inapplicable ; Inapplicable ; Pass      ; Pass      ; Inapplicable ; Pass         ; Inapplicable ; Inapplicable ; Inapplicable ; Inapplicable ; Pass         ; Inapplicable ; Inapplicable ; Inapplicable ; Inapplicable ; Pass         ; Inapplicable ; Inapplicable ; Inapplicable ; Inapplicable ; Inapplicable ; Pass      ; Inapplicable ; Inapplicable ;
; res_out10          ; Inapplicable ; Inapplicable ; Inapplicable ; Inapplicable ; Inapplicable ; Pass      ; Inapplicable ; Inapplicable ; Pass      ; Pass      ; Inapplicable ; Pass         ; Inapplicable ; Inapplicable ; Inapplicable ; Inapplicable ; Pass         ; Inapplicable ; Inapplicable ; Inapplicable ; Inapplicable ; Pass         ; Inapplicable ; Inapplicable ; Inapplicable ; Inapplicable ; Inapplicable ; Pass      ; Inapplicable ; Inapplicable ;
; res_out11          ; Inapplicable ; Inapplicable ; Inapplicable ; Inapplicable ; Inapplicable ; Pass      ; Inapplicable ; Inapplicable ; Pass      ; Pass      ; Inapplicable ; Pass         ; Inapplicable ; Inapplicable ; Inapplicable ; Inapplicable ; Pass         ; Inapplicable ; Inapplicable ; Inapplicable ; Inapplicable ; Pass         ; Inapplicable ; Inapplicable ; Inapplicable ; Inapplicable ; Inapplicable ; Pass      ; Inapplicable ; Inapplicable ;
; res_out12          ; Inapplicable ; Inapplicable ; Inapplicable ; Inapplicable ; Inapplicable ; Pass      ; Inapplicable ; Inapplicable ; Pass      ; Pass      ; Inapplicable ; Pass         ; Inapplicable ; Inapplicable ; Inapplicable ; Inapplicable ; Pass         ; Inapplicable ; Inapplicable ; Inapplicable ; Inapplicable ; Pass         ; Inapplicable ; Inapplicable ; Inapplicable ; Inapplicable ; Inapplicable ; Pass      ; Inapplicable ; Inapplicable ;
; res_out13          ; Inapplicable ; Inapplicable ; Inapplicable ; Inapplicable ; Inapplicable ; Pass      ; Inapplicable ; Inapplicable ; Pass      ; Pass      ; Inapplicable ; Pass         ; Inapplicable ; Inapplicable ; Inapplicable ; Inapplicable ; Pass         ; Inapplicable ; Inapplicable ; Inapplicable ; Inapplicable ; Pass         ; Inapplicable ; Inapplicable ; Inapplicable ; Inapplicable ; Inapplicable ; Pass      ; Inapplicable ; Inapplicable ;
; res_out14          ; Inapplicable ; Inapplicable ; Inapplicable ; Inapplicable ; Inapplicable ; Pass      ; Inapplicable ; Inapplicable ; Pass      ; Pass      ; Inapplicable ; Pass         ; Inapplicable ; Inapplicable ; Inapplicable ; Inapplicable ; Pass         ; Inapplicable ; Inapplicable ; Inapplicable ; Inapplicable ; Pass         ; Inapplicable ; Inapplicable ; Inapplicable ; Inapplicable ; Inapplicable ; Pass      ; Inapplicable ; Inapplicable ;
; res_out15          ; Inapplicable ; Inapplicable ; Inapplicable ; Inapplicable ; Inapplicable ; Pass      ; Inapplicable ; Inapplicable ; Pass      ; Pass      ; Inapplicable ; Pass         ; Inapplicable ; Inapplicable ; Inapplicable ; Inapplicable ; Pass         ; Inapplicable ; Inapplicable ; Inapplicable ; Inapplicable ; Pass         ; Inapplicable ; Inapplicable ; Inapplicable ; Inapplicable ; Inapplicable ; Pass      ; Inapplicable ; Inapplicable ;
; res_out16          ; Inapplicable ; Inapplicable ; Inapplicable ; Inapplicable ; Inapplicable ; Pass      ; Inapplicable ; Inapplicable ; Pass      ; Pass      ; Inapplicable ; Pass         ; Inapplicable ; Inapplicable ; Inapplicable ; Inapplicable ; Pass         ; Inapplicable ; Inapplicable ; Inapplicable ; Inapplicable ; Pass         ; Inapplicable ; Inapplicable ; Inapplicable ; Inapplicable ; Inapplicable ; Pass      ; Inapplicable ; Inapplicable ;
; s_choose           ; Inapplicable ; Inapplicable ; Inapplicable ; Inapplicable ; Inapplicable ; Pass      ; Inapplicable ; Inapplicable ; Pass      ; Pass      ; Inapplicable ; Inapplicable ; Inapplicable ; Inapplicable ; Pass         ; Inapplicable ; Inapplicable ; Pass         ; Inapplicable ; Inapplicable ; Inapplicable ; Inapplicable ; Inapplicable ; Inapplicable ; Inapplicable ; Inapplicable ; Inapplicable ; Pass      ; Inapplicable ; Inapplicable ;
; l_choose           ; Inapplicable ; Inapplicable ; Inapplicable ; Inapplicable ; Inapplicable ; Pass      ; Inapplicable ; Inapplicable ; Pass      ; Pass      ; Inapplicable ; Inapplicable ; Inapplicable ; Inapplicable ; Pass         ; Inapplicable ; Inapplicable ; Pass         ; Inapplicable ; Inapplicable ; Inapplicable ; Inapplicable ; Inapplicable ; Inapplicable ; Inapplicable ; Inapplicable ; Inapplicable ; Pass      ; Inapplicable ; Inapplicable ;
; l1                 ; Inapplicable ; Inapplicable ; Inapplicable ; Inapplicable ; Inapplicable ; Pass      ; Inapplicable ; Inapplicable ; Pass      ; Pass      ; Inapplicable ; Inapplicable ; Inapplicable ; Inapplicable ; Pass         ; Inapplicable ; Inapplicable ; Pass         ; Inapplicable ; Inapplicable ; Inapplicable ; Inapplicable ; Inapplicable ; Inapplicable ; Inapplicable ; Inapplicable ; Inapplicable ; Pass      ; Inapplicable ; Inapplicable ;
; s1                 ; Inapplicable ; Inapplicable ; Inapplicable ; Inapplicable ; Inapplicable ; Pass      ; Inapplicable ; Inapplicable ; Pass      ; Pass      ; Inapplicable ; Inapplicable ; Inapplicable ; Inapplicable ; Pass         ; Inapplicable ; Inapplicable ; Pass         ; Inapplicable ; Inapplicable ; Inapplicable ; Inapplicable ; Inapplicable ; Inapplicable ; Inapplicable ; Inapplicable ; Inapplicable ; Pass      ; Inapplicable ; Inapplicable ;
; r_choose           ; Inapplicable ; Inapplicable ; Inapplicable ; Inapplicable ; Inapplicable ; Pass      ; Inapplicable ; Inapplicable ; Pass      ; Pass      ; Inapplicable ; Inapplicable ; Inapplicable ; Inapplicable ; Pass         ; Inapplicable ; Inapplicable ; Pass         ; Inapplicable ; Inapplicable ; Inapplicable ; Inapplicable ; Inapplicable ; Inapplicable ; Inapplicable ; Inapplicable ; Inapplicable ; Pass      ; Inapplicable ; Inapplicable ;
; r1                 ; Inapplicable ; Inapplicable ; Inapplicable ; Inapplicable ; Inapplicable ; Pass      ; Inapplicable ; Inapplicable ; Pass      ; Pass      ; Inapplicable ; Inapplicable ; Inapplicable ; Inapplicable ; Pass         ; Inapplicable ; Inapplicable ; Pass         ; Inapplicable ; Inapplicable ; Inapplicable ; Inapplicable ; Inapplicable ; Inapplicable ; Inapplicable ; Inapplicable ; Inapplicable ; Pass      ; Inapplicable ; Inapplicable ;
; l2                 ; Inapplicable ; Inapplicable ; Inapplicable ; Inapplicable ; Inapplicable ; Pass      ; Inapplicable ; Inapplicable ; Pass      ; Pass      ; Inapplicable ; Inapplicable ; Inapplicable ; Inapplicable ; Pass         ; Inapplicable ; Inapplicable ; Pass         ; Inapplicable ; Inapplicable ; Inapplicable ; Inapplicable ; Inapplicable ; Inapplicable ; Inapplicable ; Inapplicable ; Inapplicable ; Pass      ; Inapplicable ; Inapplicable ;
; s2                 ; Inapplicable ; Inapplicable ; Inapplicable ; Inapplicable ; Inapplicable ; Pass      ; Inapplicable ; Inapplicable ; Pass      ; Pass      ; Inapplicable ; Inapplicable ; Inapplicable ; Inapplicable ; Pass         ; Inapplicable ; Inapplicable ; Pass         ; Inapplicable ; Inapplicable ; Inapplicable ; Inapplicable ; Inapplicable ; Inapplicable ; Inapplicable ; Inapplicable ; Inapplicable ; Pass      ; Inapplicable ; Inapplicable ;
; r2                 ; Inapplicable ; Inapplicable ; Inapplicable ; Inapplicable ; Inapplicable ; Pass      ; Inapplicable ; Inapplicable ; Pass      ; Pass      ; Inapplicable ; Inapplicable ; Inapplicable ; Inapplicable ; Pass         ; Inapplicable ; Inapplicable ; Pass         ; Inapplicable ; Inapplicable ; Inapplicable ; Inapplicable ; Inapplicable ; Inapplicable ; Inapplicable ; Inapplicable ; Inapplicable ; Pass      ; Inapplicable ; Inapplicable ;
; l3                 ; Inapplicable ; Inapplicable ; Inapplicable ; Inapplicable ; Inapplicable ; Pass      ; Inapplicable ; Inapplicable ; Pass      ; Pass      ; Inapplicable ; Inapplicable ; Inapplicable ; Inapplicable ; Pass         ; Inapplicable ; Inapplicable ; Pass         ; Inapplicable ; Inapplicable ; Inapplicable ; Inapplicable ; Inapplicable ; Inapplicable ; Inapplicable ; Inapplicable ; Inapplicable ; Pass      ; Inapplicable ; Inapplicable ;
; s3                 ; Inapplicable ; Inapplicable ; Inapplicable ; Inapplicable ; Inapplicable ; Pass      ; Inapplicable ; Inapplicable ; Pass      ; Pass      ; Inapplicable ; Inapplicable ; Inapplicable ; Inapplicable ; Pass         ; Inapplicable ; Inapplicable ; Pass         ; Inapplicable ; Inapplicable ; Inapplicable ; Inapplicable ; Inapplicable ; Inapplicable ; Inapplicable ; Inapplicable ; Inapplicable ; Pass      ; Inapplicable ; Inapplicable ;
; r3                 ; Inapplicable ; Inapplicable ; Inapplicable ; Inapplicable ; Inapplicable ; Pass      ; Inapplicable ; Inapplicable ; Pass      ; Pass      ; Inapplicable ; Inapplicable ; Inapplicable ; Inapplicable ; Pass         ; Inapplicable ; Inapplicable ; Pass         ; Inapplicable ; Inapplicable ; Inapplicable ; Inapplicable ; Inapplicable ; Inapplicable ; Inapplicable ; Inapplicable ; Inapplicable ; Pass      ; Inapplicable ; Inapplicable ;
; l4                 ; Inapplicable ; Inapplicable ; Inapplicable ; Inapplicable ; Inapplicable ; Pass      ; Inapplicable ; Inapplicable ; Pass      ; Pass      ; Inapplicable ; Inapplicable ; Inapplicable ; Inapplicable ; Pass         ; Inapplicable ; Inapplicable ; Pass         ; Inapplicable ; Inapplicable ; Inapplicable ; Inapplicable ; Inapplicable ; Inapplicable ; Inapplicable ; Inapplicable ; Inapplicable ; Pass      ; Inapplicable ; Inapplicable ;
; s4                 ; Inapplicable ; Inapplicable ; Inapplicable ; Inapplicable ; Inapplicable ; Pass      ; Inapplicable ; Inapplicable ; Pass      ; Pass      ; Inapplicable ; Inapplicable ; Inapplicable ; Inapplicable ; Pass         ; Inapplicable ; Inapplicable ; Pass         ; Inapplicable ; Inapplicable ; Inapplicable ; Inapplicable ; Inapplicable ; Inapplicable ; Inapplicable ; Inapplicable ; Inapplicable ; Pass      ; Inapplicable ; Inapplicable ;
; r4                 ; Inapplicable ; Inapplicable ; Inapplicable ; Inapplicable ; Inapplicable ; Pass      ; Inapplicable ; Inapplicable ; Pass      ; Pass      ; Inapplicable ; Inapplicable ; Inapplicable ; Inapplicable ; Pass         ; Inapplicable ; Inapplicable ; Pass         ; Inapplicable ; Inapplicable ; Inapplicable ; Inapplicable ; Inapplicable ; Inapplicable ; Inapplicable ; Inapplicable ; Inapplicable ; Pass      ; Inapplicable ; Inapplicable ;
; l5                 ; Inapplicable ; Inapplicable ; Inapplicable ; Inapplicable ; Inapplicable ; Pass      ; Inapplicable ; Inapplicable ; Pass      ; Pass      ; Inapplicable ; Inapplicable ; Inapplicable ; Inapplicable ; Pass         ; Inapplicable ; Inapplicable ; Pass         ; Inapplicable ; Inapplicable ; Inapplicable ; Inapplicable ; Inapplicable ; Inapplicable ; Inapplicable ; Inapplicable ; Inapplicable ; Pass      ; Inapplicable ; Inapplicable ;
; s5                 ; Inapplicable ; Inapplicable ; Inapplicable ; Inapplicable ; Inapplicable ; Pass      ; Inapplicable ; Inapplicable ; Pass      ; Pass      ; Inapplicable ; Inapplicable ; Inapplicable ; Inapplicable ; Pass         ; Inapplicable ; Inapplicable ; Pass         ; Inapplicable ; Inapplicable ; Inapplicable ; Inapplicable ; Inapplicable ; Inapplicable ; Inapplicable ; Inapplicable ; Inapplicable ; Pass      ; Inapplicable ; Inapplicable ;
; r5                 ; Inapplicable ; Inapplicable ; Inapplicable ; Inapplicable ; Inapplicable ; Pass      ; Inapplicable ; Inapplicable ; Pass      ; Pass      ; Inapplicable ; Inapplicable ; Inapplicable ; Inapplicable ; Pass         ; Inapplicable ; Inapplicable ; Pass         ; Inapplicable ; Inapplicable ; Inapplicable ; Inapplicable ; Inapplicable ; Inapplicable ; Inapplicable ; Inapplicable ; Inapplicable ; Pass      ; Inapplicable ; Inapplicable ;
; l6                 ; Inapplicable ; Inapplicable ; Inapplicable ; Inapplicable ; Inapplicable ; Pass      ; Inapplicable ; Inapplicable ; Pass      ; Pass      ; Inapplicable ; Inapplicable ; Inapplicable ; Inapplicable ; Pass         ; Inapplicable ; Inapplicable ; Pass         ; Inapplicable ; Inapplicable ; Inapplicable ; Inapplicable ; Inapplicable ; Inapplicable ; Inapplicable ; Inapplicable ; Inapplicable ; Pass      ; Inapplicable ; Inapplicable ;
; s6                 ; Inapplicable ; Inapplicable ; Inapplicable ; Inapplicable ; Inapplicable ; Pass      ; Inapplicable ; Inapplicable ; Pass      ; Pass      ; Inapplicable ; Inapplicable ; Inapplicable ; Inapplicable ; Pass         ; Inapplicable ; Inapplicable ; Pass         ; Inapplicable ; Inapplicable ; Inapplicable ; Inapplicable ; Inapplicable ; Inapplicable ; Inapplicable ; Inapplicable ; Inapplicable ; Pass      ; Inapplicable ; Inapplicable ;
; r6                 ; Inapplicable ; Inapplicable ; Inapplicable ; Inapplicable ; Inapplicable ; Pass      ; Inapplicable ; Inapplicable ; Pass      ; Pass      ; Inapplicable ; Inapplicable ; Inapplicable ; Inapplicable ; Pass         ; Inapplicable ; Inapplicable ; Pass         ; Inapplicable ; Inapplicable ; Inapplicable ; Inapplicable ; Inapplicable ; Inapplicable ; Inapplicable ; Inapplicable ; Inapplicable ; Pass      ; Inapplicable ; Inapplicable ;
; l7                 ; Inapplicable ; Inapplicable ; Inapplicable ; Inapplicable ; Inapplicable ; Pass      ; Inapplicable ; Inapplicable ; Pass      ; Pass      ; Inapplicable ; Inapplicable ; Inapplicable ; Inapplicable ; Pass         ; Inapplicable ; Inapplicable ; Pass         ; Inapplicable ; Inapplicable ; Inapplicable ; Inapplicable ; Inapplicable ; Inapplicable ; Inapplicable ; Inapplicable ; Inapplicable ; Pass      ; Inapplicable ; Inapplicable ;
; s7                 ; Inapplicable ; Inapplicable ; Inapplicable ; Inapplicable ; Inapplicable ; Pass      ; Inapplicable ; Inapplicable ; Pass      ; Pass      ; Inapplicable ; Inapplicable ; Inapplicable ; Inapplicable ; Pass         ; Inapplicable ; Inapplicable ; Pass         ; Inapplicable ; Inapplicable ; Inapplicable ; Inapplicable ; Inapplicable ; Inapplicable ; Inapplicable ; Inapplicable ; Inapplicable ; Pass      ; Inapplicable ; Inapplicable ;
; r7                 ; Inapplicable ; Inapplicable ; Inapplicable ; Inapplicable ; Inapplicable ; Pass      ; Inapplicable ; Inapplicable ; Pass      ; Pass      ; Inapplicable ; Inapplicable ; Inapplicable ; Inapplicable ; Pass         ; Inapplicable ; Inapplicable ; Pass         ; Inapplicable ; Inapplicable ; Inapplicable ; Inapplicable ; Inapplicable ; Inapplicable ; Inapplicable ; Inapplicable ; Inapplicable ; Pass      ; Inapplicable ; Inapplicable ;
; l8                 ; Inapplicable ; Inapplicable ; Inapplicable ; Inapplicable ; Inapplicable ; Pass      ; Inapplicable ; Inapplicable ; Pass      ; Pass      ; Inapplicable ; Inapplicable ; Inapplicable ; Inapplicable ; Pass         ; Inapplicable ; Inapplicable ; Pass         ; Inapplicable ; Inapplicable ; Inapplicable ; Inapplicable ; Inapplicable ; Inapplicable ; Inapplicable ; Inapplicable ; Inapplicable ; Pass      ; Inapplicable ; Inapplicable ;
; s8                 ; Inapplicable ; Inapplicable ; Inapplicable ; Inapplicable ; Inapplicable ; Pass      ; Inapplicable ; Inapplicable ; Pass      ; Pass      ; Inapplicable ; Inapplicable ; Inapplicable ; Inapplicable ; Pass         ; Inapplicable ; Inapplicable ; Pass         ; Inapplicable ; Inapplicable ; Inapplicable ; Inapplicable ; Inapplicable ; Inapplicable ; Inapplicable ; Inapplicable ; Inapplicable ; Pass      ; Inapplicable ; Inapplicable ;
; r8                 ; Inapplicable ; Inapplicable ; Inapplicable ; Inapplicable ; Inapplicable ; Pass      ; Inapplicable ; Inapplicable ; Pass      ; Pass      ; Inapplicable ; Inapplicable ; Inapplicable ; Inapplicable ; Pass         ; Inapplicable ; Inapplicable ; Pass         ; Inapplicable ; Inapplicable ; Inapplicable ; Inapplicable ; Inapplicable ; Inapplicable ; Inapplicable ; Inapplicable ; Inapplicable ; Pass      ; Inapplicable ; Inapplicable ;
; l9                 ; Inapplicable ; Inapplicable ; Inapplicable ; Inapplicable ; Inapplicable ; Pass      ; Inapplicable ; Inapplicable ; Pass      ; Pass      ; Inapplicable ; Inapplicable ; Inapplicable ; Inapplicable ; Pass         ; Inapplicable ; Inapplicable ; Pass         ; Inapplicable ; Inapplicable ; Inapplicable ; Inapplicable ; Inapplicable ; Inapplicable ; Inapplicable ; Inapplicable ; Inapplicable ; Pass      ; Inapplicable ; Inapplicable ;
; s9                 ; Inapplicable ; Inapplicable ; Inapplicable ; Inapplicable ; Inapplicable ; Pass      ; Inapplicable ; Inapplicable ; Pass      ; Pass      ; Inapplicable ; Inapplicable ; Inapplicable ; Inapplicable ; Pass         ; Inapplicable ; Inapplicable ; Pass         ; Inapplicable ; Inapplicable ; Inapplicable ; Inapplicable ; Inapplicable ; Inapplicable ; Inapplicable ; Inapplicable ; Inapplicable ; Pass      ; Inapplicable ; Inapplicable ;
; r9                 ; Inapplicable ; Inapplicable ; Inapplicable ; Inapplicable ; Inapplicable ; Pass      ; Inapplicable ; Inapplicable ; Pass      ; Pass      ; Inapplicable ; Inapplicable ; Inapplicable ; Inapplicable ; Pass         ; Inapplicable ; Inapplicable ; Pass         ; Inapplicable ; Inapplicable ; Inapplicable ; Inapplicable ; Inapplicable ; Inapplicable ; Inapplicable ; Inapplicable ; Inapplicable ; Pass      ; Inapplicable ; Inapplicable ;
; l10                ; Inapplicable ; Inapplicable ; Inapplicable ; Inapplicable ; Inapplicable ; Pass      ; Inapplicable ; Inapplicable ; Pass      ; Pass      ; Inapplicable ; Inapplicable ; Inapplicable ; Inapplicable ; Pass         ; Inapplicable ; Inapplicable ; Pass         ; Inapplicable ; Inapplicable ; Inapplicable ; Inapplicable ; Inapplicable ; Inapplicable ; Inapplicable ; Inapplicable ; Inapplicable ; Pass      ; Inapplicable ; Inapplicable ;
; s10                ; Inapplicable ; Inapplicable ; Inapplicable ; Inapplicable ; Inapplicable ; Pass      ; Inapplicable ; Inapplicable ; Pass      ; Pass      ; Inapplicable ; Inapplicable ; Inapplicable ; Inapplicable ; Pass         ; Inapplicable ; Inapplicable ; Pass         ; Inapplicable ; Inapplicable ; Inapplicable ; Inapplicable ; Inapplicable ; Inapplicable ; Inapplicable ; Inapplicable ; Inapplicable ; Pass      ; Inapplicable ; Inapplicable ;
; r10                ; Inapplicable ; Inapplicable ; Inapplicable ; Inapplicable ; Inapplicable ; Pass      ; Inapplicable ; Inapplicable ; Pass      ; Pass      ; Inapplicable ; Inapplicable ; Inapplicable ; Inapplicable ; Pass         ; Inapplicable ; Inapplicable ; Pass         ; Inapplicable ; Inapplicable ; Inapplicable ; Inapplicable ; Inapplicable ; Inapplicable ; Inapplicable ; Inapplicable ; Inapplicable ; Pass      ; Inapplicable ; Inapplicable ;
; l11                ; Inapplicable ; Inapplicable ; Inapplicable ; Inapplicable ; Inapplicable ; Pass      ; Inapplicable ; Inapplicable ; Pass      ; Pass      ; Inapplicable ; Inapplicable ; Inapplicable ; Inapplicable ; Pass         ; Inapplicable ; Inapplicable ; Pass         ; Inapplicable ; Inapplicable ; Inapplicable ; Inapplicable ; Inapplicable ; Inapplicable ; Inapplicable ; Inapplicable ; Inapplicable ; Pass      ; Inapplicable ; Inapplicable ;
; s11                ; Inapplicable ; Inapplicable ; Inapplicable ; Inapplicable ; Inapplicable ; Pass      ; Inapplicable ; Inapplicable ; Pass      ; Pass      ; Inapplicable ; Inapplicable ; Inapplicable ; Inapplicable ; Pass         ; Inapplicable ; Inapplicable ; Pass         ; Inapplicable ; Inapplicable ; Inapplicable ; Inapplicable ; Inapplicable ; Inapplicable ; Inapplicable ; Inapplicable ; Inapplicable ; Pass      ; Inapplicable ; Inapplicable ;
; r11                ; Inapplicable ; Inapplicable ; Inapplicable ; Inapplicable ; Inapplicable ; Pass      ; Inapplicable ; Inapplicable ; Pass      ; Pass      ; Inapplicable ; Inapplicable ; Inapplicable ; Inapplicable ; Pass         ; Inapplicable ; Inapplicable ; Pass         ; Inapplicable ; Inapplicable ; Inapplicable ; Inapplicable ; Inapplicable ; Inapplicable ; Inapplicable ; Inapplicable ; Inapplicable ; Pass      ; Inapplicable ; Inapplicable ;
; l12                ; Inapplicable ; Inapplicable ; Inapplicable ; Inapplicable ; Inapplicable ; Pass      ; Inapplicable ; Inapplicable ; Pass      ; Pass      ; Inapplicable ; Inapplicable ; Inapplicable ; Inapplicable ; Pass         ; Inapplicable ; Inapplicable ; Pass         ; Inapplicable ; Inapplicable ; Inapplicable ; Inapplicable ; Inapplicable ; Inapplicable ; Inapplicable ; Inapplicable ; Inapplicable ; Pass      ; Inapplicable ; Inapplicable ;
; s12                ; Inapplicable ; Inapplicable ; Inapplicable ; Inapplicable ; Inapplicable ; Pass      ; Inapplicable ; Inapplicable ; Pass      ; Pass      ; Inapplicable ; Inapplicable ; Inapplicable ; Inapplicable ; Pass         ; Inapplicable ; Inapplicable ; Pass         ; Inapplicable ; Inapplicable ; Inapplicable ; Inapplicable ; Inapplicable ; Inapplicable ; Inapplicable ; Inapplicable ; Inapplicable ; Pass      ; Inapplicable ; Inapplicable ;
; r12                ; Inapplicable ; Inapplicable ; Inapplicable ; Inapplicable ; Inapplicable ; Pass      ; Inapplicable ; Inapplicable ; Pass      ; Pass      ; Inapplicable ; Inapplicable ; Inapplicable ; Inapplicable ; Pass         ; Inapplicable ; Inapplicable ; Pass         ; Inapplicable ; Inapplicable ; Inapplicable ; Inapplicable ; Inapplicable ; Inapplicable ; Inapplicable ; Inapplicable ; Inapplicable ; Pass      ; Inapplicable ; Inapplicable ;
; l13                ; Inapplicable ; Inapplicable ; Inapplicable ; Inapplicable ; Inapplicable ; Pass      ; Inapplicable ; Inapplicable ; Pass      ; Pass      ; Inapplicable ; Inapplicable ; Inapplicable ; Inapplicable ; Pass         ; Inapplicable ; Inapplicable ; Pass         ; Inapplicable ; Inapplicable ; Inapplicable ; Inapplicable ; Inapplicable ; Inapplicable ; Inapplicable ; Inapplicable ; Inapplicable ; Pass      ; Inapplicable ; Inapplicable ;
; s13                ; Inapplicable ; Inapplicable ; Inapplicable ; Inapplicable ; Inapplicable ; Pass      ; Inapplicable ; Inapplicable ; Pass      ; Pass      ; Inapplicable ; Inapplicable ; Inapplicable ; Inapplicable ; Pass         ; Inapplicable ; Inapplicable ; Pass         ; Inapplicable ; Inapplicable ; Inapplicable ; Inapplicable ; Inapplicable ; Inapplicable ; Inapplicable ; Inapplicable ; Inapplicable ; Pass      ; Inapplicable ; Inapplicable ;
; r13                ; Inapplicable ; Inapplicable ; Inapplicable ; Inapplicable ; Inapplicable ; Pass      ; Inapplicable ; Inapplicable ; Pass      ; Pass      ; Inapplicable ; Inapplicable ; Inapplicable ; Inapplicable ; Pass         ; Inapplicable ; Inapplicable ; Pass         ; Inapplicable ; Inapplicable ; Inapplicable ; Inapplicable ; Inapplicable ; Inapplicable ; Inapplicable ; Inapplicable ; Inapplicable ; Pass      ; Inapplicable ; Inapplicable ;
; l14                ; Inapplicable ; Inapplicable ; Inapplicable ; Inapplicable ; Inapplicable ; Pass      ; Inapplicable ; Inapplicable ; Pass      ; Pass      ; Inapplicable ; Inapplicable ; Inapplicable ; Inapplicable ; Pass         ; Inapplicable ; Inapplicable ; Pass         ; Inapplicable ; Inapplicable ; Inapplicable ; Inapplicable ; Inapplicable ; Inapplicable ; Inapplicable ; Inapplicable ; Inapplicable ; Pass      ; Inapplicable ; Inapplicable ;
; s14                ; Inapplicable ; Inapplicable ; Inapplicable ; Inapplicable ; Inapplicable ; Pass      ; Inapplicable ; Inapplicable ; Pass      ; Pass      ; Inapplicable ; Inapplicable ; Inapplicable ; Inapplicable ; Pass         ; Inapplicable ; Inapplicable ; Pass         ; Inapplicable ; Inapplicable ; Inapplicable ; Inapplicable ; Inapplicable ; Inapplicable ; Inapplicable ; Inapplicable ; Inapplicable ; Pass      ; Inapplicable ; Inapplicable ;
; r14                ; Inapplicable ; Inapplicable ; Inapplicable ; Inapplicable ; Inapplicable ; Pass      ; Inapplicable ; Inapplicable ; Pass      ; Pass      ; Inapplicable ; Inapplicable ; Inapplicable ; Inapplicable ; Pass         ; Inapplicable ; Inapplicable ; Pass         ; Inapplicable ; Inapplicable ; Inapplicable ; Inapplicable ; Inapplicable ; Inapplicable ; Inapplicable ; Inapplicable ; Inapplicable ; Pass      ; Inapplicable ; Inapplicable ;
; l15                ; Inapplicable ; Inapplicable ; Inapplicable ; Inapplicable ; Inapplicable ; Pass      ; Inapplicable ; Inapplicable ; Pass      ; Pass      ; Inapplicable ; Inapplicable ; Inapplicable ; Inapplicable ; Pass         ; Inapplicable ; Inapplicable ; Pass         ; Inapplicable ; Inapplicable ; Inapplicable ; Inapplicable ; Inapplicable ; Inapplicable ; Inapplicable ; Inapplicable ; Inapplicable ; Pass      ; Inapplicable ; Inapplicable ;
; s15                ; Inapplicable ; Inapplicable ; Inapplicable ; Inapplicable ; Inapplicable ; Pass      ; Inapplicable ; Inapplicable ; Pass      ; Pass      ; Inapplicable ; Inapplicable ; Inapplicable ; Inapplicable ; Pass         ; Inapplicable ; Inapplicable ; Pass         ; Inapplicable ; Inapplicable ; Inapplicable ; Inapplicable ; Inapplicable ; Inapplicable ; Inapplicable ; Inapplicable ; Inapplicable ; Pass      ; Inapplicable ; Inapplicable ;
; r15                ; Inapplicable ; Inapplicable ; Inapplicable ; Inapplicable ; Inapplicable ; Pass      ; Inapplicable ; Inapplicable ; Pass      ; Pass      ; Inapplicable ; Inapplicable ; Inapplicable ; Inapplicable ; Pass         ; Inapplicable ; Inapplicable ; Pass         ; Inapplicable ; Inapplicable ; Inapplicable ; Inapplicable ; Inapplicable ; Inapplicable ; Inapplicable ; Inapplicable ; Inapplicable ; Pass      ; Inapplicable ; Inapplicable ;
; l16                ; Inapplicable ; Inapplicable ; Inapplicable ; Inapplicable ; Inapplicable ; Pass      ; Inapplicable ; Inapplicable ; Pass      ; Pass      ; Inapplicable ; Inapplicable ; Inapplicable ; Inapplicable ; Pass         ; Inapplicable ; Inapplicable ; Pass         ; Inapplicable ; Inapplicable ; Inapplicable ; Inapplicable ; Inapplicable ; Inapplicable ; Inapplicable ; Inapplicable ; Inapplicable ; Pass      ; Inapplicable ; Inapplicable ;
; s16                ; Inapplicable ; Inapplicable ; Inapplicable ; Inapplicable ; Inapplicable ; Pass      ; Inapplicable ; Inapplicable ; Pass      ; Pass      ; Inapplicable ; Inapplicable ; Inapplicable ; Inapplicable ; Pass         ; Inapplicable ; Inapplicable ; Pass         ; Inapplicable ; Inapplicable ; Inapplicable ; Inapplicable ; Inapplicable ; Inapplicable ; Inapplicable ; Inapplicable ; Inapplicable ; Pass      ; Inapplicable ; Inapplicable ;
; r16                ; Inapplicable ; Inapplicable ; Inapplicable ; Inapplicable ; Inapplicable ; Pass      ; Inapplicable ; Inapplicable ; Pass      ; Pass      ; Inapplicable ; Inapplicable ; Inapplicable ; Inapplicable ; Pass         ; Inapplicable ; Inapplicable ; Pass         ; Inapplicable ; Inapplicable ; Inapplicable ; Inapplicable ; Inapplicable ; Inapplicable ; Inapplicable ; Inapplicable ; Inapplicable ; Pass      ; Inapplicable ; Inapplicable ;
+--------------------+--------------+--------------+--------------+--------------+--------------+-----------+--------------+--------------+-----------+-----------+--------------+--------------+--------------+--------------+--------------+--------------+--------------+--------------+--------------+--------------+--------------+--------------+--------------+--------------+--------------+--------------+--------------+-----------+--------------+--------------+


+-----------------------------------------------------------------------------------------------+
; Fitter Device Options                                                                         ;
+------------------------------------------------------------------+----------------------------+
; Option                                                           ; Setting                    ;
+------------------------------------------------------------------+----------------------------+
; Enable user-supplied start-up clock (CLKUSR)                     ; Off                        ;
; Enable device-wide reset (DEV_CLRn)                              ; Off                        ;
; Enable device-wide output enable (DEV_OE)                        ; Off                        ;
; Enable INIT_DONE output                                          ; Off                        ;
; Configuration scheme                                             ; Active Serial              ;
; Error detection CRC                                              ; Off                        ;
; Enable input tri-state on active configuration pins in user mode ; Off                        ;
; Active Serial clock source                                       ; 40 MHz Internal Oscillator ;
; Configuration Voltage Level                                      ; Auto                       ;
; Force Configuration Voltage Level                                ; Off                        ;
; nCEO                                                             ; As output driving ground   ;
; Data[0]                                                          ; As input tri-stated        ;
; Data[1]/ASDO                                                     ; As input tri-stated        ;
; Data[7..2]                                                       ; Unreserved                 ;
; FLASH_nCE/nCSO                                                   ; As input tri-stated        ;
; DCLK                                                             ; As output driving ground   ;
; Base pin-out file on sameframe device                            ; Off                        ;
+------------------------------------------------------------------+----------------------------+


+------------------------------------+
; Operating Settings and Conditions  ;
+---------------------------+--------+
; Setting                   ; Value  ;
+---------------------------+--------+
; Nominal Core Voltage      ; 1.20 V ;
; Low Junction Temperature  ; 0 °C   ;
; High Junction Temperature ; 85 °C  ;
+---------------------------+--------+


+-----------------+
; Fitter Messages ;
+-----------------+
Info (11104): Parallel Compilation has detected 8 hyper-threaded processors. However, the extra hyper-threaded processors will not be used by default. Parallel Compilation will use 4 of the 4 physical processors detected instead.
Info (119004): Automatically selected device EP4CGX22CF19C6 for design CHOOSE_LAB3
Info (119005): Fitting design with smaller device may be possible, but smaller device must be specified
Info (21076): High junction temperature operating condition is not set. Assuming a default value of '85'.
Info (21076): Low junction temperature operating condition is not set. Assuming a default value of '0'.
Info (171003): Fitter is performing an Auto Fit compilation, which may decrease Fitter effort to reduce compilation time
Info (176444): Device migration not selected. If you intend to use device migration later, you may need to change the pin assignments as they may be incompatible with other devices
    Info (176445): Device EP4CGX30CF19C6 is compatible
Info (169124): Fitter converted 5 user pins into dedicated programming pins
    Info (169125): Pin ~ALTERA_NCEO~ is reserved at location R6
    Info (169125): Pin ~ALTERA_DATA0~ is reserved at location A4
    Info (169125): Pin ~ALTERA_ASDO~ is reserved at location B4
    Info (169125): Pin ~ALTERA_NCSO~ is reserved at location C5
    Info (169125): Pin ~ALTERA_DCLK~ is reserved at location D5
Warning (15714): Some pins have incomplete I/O assignments. Refer to the I/O Assignment Warnings report for details
Critical Warning (169085): No exact pin location assignment(s) for 67 pins of 67 total pins
    Info (169086): Pin res_out1 not assigned to an exact location on the device
    Info (169086): Pin res_out2 not assigned to an exact location on the device
    Info (169086): Pin res_out3 not assigned to an exact location on the device
    Info (169086): Pin res_out4 not assigned to an exact location on the device
    Info (169086): Pin res_out5 not assigned to an exact location on the device
    Info (169086): Pin res_out6 not assigned to an exact location on the device
    Info (169086): Pin res_out7 not assigned to an exact location on the device
    Info (169086): Pin res_out8 not assigned to an exact location on the device
    Info (169086): Pin res_out9 not assigned to an exact location on the device
    Info (169086): Pin res_out10 not assigned to an exact location on the device
    Info (169086): Pin res_out11 not assigned to an exact location on the device
    Info (169086): Pin res_out12 not assigned to an exact location on the device
    Info (169086): Pin res_out13 not assigned to an exact location on the device
    Info (169086): Pin res_out14 not assigned to an exact location on the device
    Info (169086): Pin res_out15 not assigned to an exact location on the device
    Info (169086): Pin res_out16 not assigned to an exact location on the device
    Info (169086): Pin s_choose not assigned to an exact location on the device
    Info (169086): Pin l_choose not assigned to an exact location on the device
    Info (169086): Pin l1 not assigned to an exact location on the device
    Info (169086): Pin s1 not assigned to an exact location on the device
    Info (169086): Pin r_choose not assigned to an exact location on the device
    Info (169086): Pin r1 not assigned to an exact location on the device
    Info (169086): Pin l2 not assigned to an exact location on the device
    Info (169086): Pin s2 not assigned to an exact location on the device
    Info (169086): Pin r2 not assigned to an exact location on the device
    Info (169086): Pin l3 not assigned to an exact location on the device
    Info (169086): Pin s3 not assigned to an exact location on the device
    Info (169086): Pin r3 not assigned to an exact location on the device
    Info (169086): Pin l4 not assigned to an exact location on the device
    Info (169086): Pin s4 not assigned to an exact location on the device
    Info (169086): Pin r4 not assigned to an exact location on the device
    Info (169086): Pin l5 not assigned to an exact location on the device
    Info (169086): Pin s5 not assigned to an exact location on the device
    Info (169086): Pin r5 not assigned to an exact location on the device
    Info (169086): Pin l6 not assigned to an exact location on the device
    Info (169086): Pin s6 not assigned to an exact location on the device
    Info (169086): Pin r6 not assigned to an exact location on the device
    Info (169086): Pin l7 not assigned to an exact location on the device
    Info (169086): Pin s7 not assigned to an exact location on the device
    Info (169086): Pin r7 not assigned to an exact location on the device
    Info (169086): Pin l8 not assigned to an exact location on the device
    Info (169086): Pin s8 not assigned to an exact location on the device
    Info (169086): Pin r8 not assigned to an exact location on the device
    Info (169086): Pin l9 not assigned to an exact location on the device
    Info (169086): Pin s9 not assigned to an exact location on the device
    Info (169086): Pin r9 not assigned to an exact location on the device
    Info (169086): Pin l10 not assigned to an exact location on the device
    Info (169086): Pin s10 not assigned to an exact location on the device
    Info (169086): Pin r10 not assigned to an exact location on the device
    Info (169086): Pin l11 not assigned to an exact location on the device
    Info (169086): Pin s11 not assigned to an exact location on the device
    Info (169086): Pin r11 not assigned to an exact location on the device
    Info (169086): Pin l12 not assigned to an exact location on the device
    Info (169086): Pin s12 not assigned to an exact location on the device
    Info (169086): Pin r12 not assigned to an exact location on the device
    Info (169086): Pin l13 not assigned to an exact location on the device
    Info (169086): Pin s13 not assigned to an exact location on the device
    Info (169086): Pin r13 not assigned to an exact location on the device
    Info (169086): Pin l14 not assigned to an exact location on the device
    Info (169086): Pin s14 not assigned to an exact location on the device
    Info (169086): Pin r14 not assigned to an exact location on the device
    Info (169086): Pin l15 not assigned to an exact location on the device
    Info (169086): Pin s15 not assigned to an exact location on the device
    Info (169086): Pin r15 not assigned to an exact location on the device
    Info (169086): Pin l16 not assigned to an exact location on the device
    Info (169086): Pin s16 not assigned to an exact location on the device
    Info (169086): Pin r16 not assigned to an exact location on the device
Critical Warning (332012): Synopsys Design Constraints File file not found: 'CHOOSE_LAB3.sdc'. A Synopsys Design Constraints File is required by the TimeQuest Timing Analyzer to get proper timing constraints. Without it, the Compiler will not properly optimize the design.
Info (332144): No user constrained base clocks found in the design
Info (332096): The command derive_clocks did not find any clocks to derive.  No clocks were created or changed.
Warning (332068): No clocks defined in design.
Info (332143): No user constrained clock uncertainty found in the design. Calling "derive_clock_uncertainty"
Info (332154): The derive_clock_uncertainty command did not apply clock uncertainty to any clock-to-clock transfers.
Info (332130): Timing requirements not specified -- quality metrics such as performance may be sacrificed to reduce compilation time.
Info (176233): Starting register packing
Info (176235): Finished register packing
    Extra Info (176219): No registers were packed into other blocks
Info (176214): Statistics of I/O pins that need to be placed that use the same VCCIO and VREF, before I/O pin placement
    Info (176211): Number of I/O pins in group: 67 (unused VREF, 2.5V VCCIO, 51 input, 16 output, 0 bidirectional)
        Info (176212): I/O standards used: 2.5 V.
Info (176215): I/O bank details before I/O pin placement
    Info (176214): Statistics of I/O banks
        Info (176213): I/O bank number QL0 does not use VREF pins and has undetermined VCCIO pins. 0 total pin(s) used --  0 pins available
        Info (176213): I/O bank number 3 does not use VREF pins and has undetermined VCCIO pins. 1 total pin(s) used --  25 pins available
        Info (176213): I/O bank number 3A does not use VREF pins and has undetermined VCCIO pins. 0 total pin(s) used --  2 pins available
        Info (176213): I/O bank number 4 does not use VREF pins and has undetermined VCCIO pins. 0 total pin(s) used --  28 pins available
        Info (176213): I/O bank number 5 does not use VREF pins and has undetermined VCCIO pins. 0 total pin(s) used --  20 pins available
        Info (176213): I/O bank number 6 does not use VREF pins and has undetermined VCCIO pins. 0 total pin(s) used --  18 pins available
        Info (176213): I/O bank number 7 does not use VREF pins and has undetermined VCCIO pins. 0 total pin(s) used --  28 pins available
        Info (176213): I/O bank number 8A does not use VREF pins and has undetermined VCCIO pins. 0 total pin(s) used --  2 pins available
        Info (176213): I/O bank number 8 does not use VREF pins and has undetermined VCCIO pins. 0 total pin(s) used --  23 pins available
        Info (176213): I/O bank number 9 does not use VREF pins and has undetermined VCCIO pins. 4 total pin(s) used --  0 pins available
Info (171121): Fitter preparation operations ending: elapsed time is 00:00:01
Info (170189): Fitter placement preparation operations beginning
Info (170190): Fitter placement preparation operations ending: elapsed time is 00:00:00
Info (170191): Fitter placement operations beginning
Info (170137): Fitter placement was successful
Info (170192): Fitter placement operations ending: elapsed time is 00:00:00
Info (170193): Fitter routing operations beginning
Info (170195): Router estimated average interconnect usage is 0% of the available device resources
    Info (170196): Router estimated peak interconnect usage is 0% of the available device resources in the region that extends from location X39_Y0 to location X52_Y9
Info (170194): Fitter routing operations ending: elapsed time is 00:00:00
Info (170199): The Fitter performed an Auto Fit compilation.  Optimizations were skipped to reduce compilation time.
    Info (170201): Optimizations that may affect the design's routability were skipped
    Info (170200): Optimizations that may affect the design's timing were skipped
Info (11888): Total time spent on timing analysis during the Fitter is 0.08 seconds.
Info (334003): Started post-fitting delay annotation
Info (334004): Delay annotation completed successfully
Info (334003): Started post-fitting delay annotation
Info (334004): Delay annotation completed successfully
Info (11218): Fitter post-fit operations ending: elapsed time is 00:00:01
Info (144001): Generated suppressed messages file D:/altera/CHOOSE_LAB3/output_files/CHOOSE_LAB3.fit.smsg
Info: Quartus II 64-Bit Fitter was successful. 0 errors, 4 warnings
    Info: Peak virtual memory: 1151 megabytes
    Info: Processing ended: Mon Nov 04 19:54:47 2024
    Info: Elapsed time: 00:00:06
    Info: Total CPU time (on all processors): 00:00:06


+----------------------------+
; Fitter Suppressed Messages ;
+----------------------------+
The suppressed messages can be found in D:/altera/CHOOSE_LAB3/output_files/CHOOSE_LAB3.fit.smsg.


