Analysis & Synthesis report for lab31119
Mon Dec 02 20:52:33 2024
Quartus II 64-Bit Version 13.0.1 Build 232 06/12/2013 Service Pack 1 SJ Full Version


---------------------
; Table of Contents ;
---------------------
  1. Legal Notice
  2. Analysis & Synthesis Summary
  3. Analysis & Synthesis Settings
  4. Parallel Compilation
  5. Analysis & Synthesis Source Files Read
  6. Analysis & Synthesis Resource Usage Summary
  7. Analysis & Synthesis Resource Utilization by Entity
  8. Analysis & Synthesis RAM Summary
  9. Analysis & Synthesis IP Cores Summary
 10. Registers Removed During Synthesis
 11. General Register Statistics
 12. Source assignments for MROM:inst31|altsyncram:altsyncram_component|altsyncram_v8a1:auto_generated
 13. Source assignments for MEM:inst9|altsyncram:altsyncram_component|altsyncram_abj1:auto_generated
 14. Parameter Settings for User Entity Instance: MROM:inst31|altsyncram:altsyncram_component
 15. Parameter Settings for User Entity Instance: upc:inst45|74161:inst
 16. Parameter Settings for User Entity Instance: upc:inst45|74161:inst1
 17. Parameter Settings for User Entity Instance: upc:inst45|74161:inst2
 18. Parameter Settings for User Entity Instance: ALU_LAB3:inst10|chufa:inst7|DIV2:inst1|lpm_divide:LPM_DIVIDE_component
 19. Parameter Settings for User Entity Instance: MEM:inst9|altsyncram:altsyncram_component
 20. altsyncram Parameter Settings by Entity Instance
 21. Elapsed Time Per Partition
 22. Analysis & Synthesis Messages



----------------
; Legal Notice ;
----------------
Copyright (C) 1991-2013 Altera Corporation
Your use of Altera Corporation's design tools, logic functions 
and other software and tools, and its AMPP partner logic 
functions, and any output files from any of the foregoing 
(including device programming or simulation files), and any 
associated documentation or information are expressly subject 
to the terms and conditions of the Altera Program License 
Subscription Agreement, Altera MegaCore Function License 
Agreement, or other applicable license agreement, including, 
without limitation, that your use is for the sole purpose of 
programming logic devices manufactured by Altera and sold by 
Altera or its authorized distributors.  Please refer to the 
applicable agreement for further details.



+---------------------------------------------------------------------------------------+
; Analysis & Synthesis Summary                                                          ;
+------------------------------------+--------------------------------------------------+
; Analysis & Synthesis Status        ; Successful - Mon Dec 02 20:52:33 2024            ;
; Quartus II 64-Bit Version          ; 13.0.1 Build 232 06/12/2013 SP 1 SJ Full Version ;
; Revision Name                      ; lab31119                                         ;
; Top-level Entity Name              ; lab31119                                         ;
; Family                             ; Cyclone IV E                                     ;
; Total logic elements               ; 684                                              ;
;     Total combinational functions  ; 620                                              ;
;     Dedicated logic registers      ; 100                                              ;
; Total registers                    ; 100                                              ;
; Total pins                         ; 18                                               ;
; Total virtual pins                 ; 0                                                ;
; Total memory bits                  ; 94,208                                           ;
; Embedded Multiplier 9-bit elements ; 0                                                ;
; Total PLLs                         ; 0                                                ;
+------------------------------------+--------------------------------------------------+


+----------------------------------------------------------------------------------------------------------------------+
; Analysis & Synthesis Settings                                                                                        ;
+----------------------------------------------------------------------------+--------------------+--------------------+
; Option                                                                     ; Setting            ; Default Value      ;
+----------------------------------------------------------------------------+--------------------+--------------------+
; Device                                                                     ; EP4CE6E22A7        ;                    ;
; Top-level entity name                                                      ; lab31119           ; lab31119           ;
; Family name                                                                ; Cyclone IV E       ; Cyclone IV GX      ;
; Use smart compilation                                                      ; Off                ; Off                ;
; Enable parallel Assembler and TimeQuest Timing Analyzer during compilation ; On                 ; On                 ;
; Enable compact report table                                                ; Off                ; Off                ;
; Restructure Multiplexers                                                   ; Auto               ; Auto               ;
; Create Debugging Nodes for IP Cores                                        ; Off                ; Off                ;
; Preserve fewer node names                                                  ; On                 ; On                 ;
; Disable OpenCore Plus hardware evaluation                                  ; Off                ; Off                ;
; Verilog Version                                                            ; Verilog_2001       ; Verilog_2001       ;
; VHDL Version                                                               ; VHDL_1993          ; VHDL_1993          ;
; State Machine Processing                                                   ; Auto               ; Auto               ;
; Safe State Machine                                                         ; Off                ; Off                ;
; Extract Verilog State Machines                                             ; On                 ; On                 ;
; Extract VHDL State Machines                                                ; On                 ; On                 ;
; Ignore Verilog initial constructs                                          ; Off                ; Off                ;
; Iteration limit for constant Verilog loops                                 ; 5000               ; 5000               ;
; Iteration limit for non-constant Verilog loops                             ; 250                ; 250                ;
; Add Pass-Through Logic to Inferred RAMs                                    ; On                 ; On                 ;
; Infer RAMs from Raw Logic                                                  ; On                 ; On                 ;
; Parallel Synthesis                                                         ; On                 ; On                 ;
; DSP Block Balancing                                                        ; Auto               ; Auto               ;
; NOT Gate Push-Back                                                         ; On                 ; On                 ;
; Power-Up Don't Care                                                        ; On                 ; On                 ;
; Remove Redundant Logic Cells                                               ; Off                ; Off                ;
; Remove Duplicate Registers                                                 ; On                 ; On                 ;
; Ignore CARRY Buffers                                                       ; Off                ; Off                ;
; Ignore CASCADE Buffers                                                     ; Off                ; Off                ;
; Ignore GLOBAL Buffers                                                      ; Off                ; Off                ;
; Ignore ROW GLOBAL Buffers                                                  ; Off                ; Off                ;
; Ignore LCELL Buffers                                                       ; Off                ; Off                ;
; Ignore SOFT Buffers                                                        ; On                 ; On                 ;
; Limit AHDL Integers to 32 Bits                                             ; Off                ; Off                ;
; Optimization Technique                                                     ; Balanced           ; Balanced           ;
; Carry Chain Length                                                         ; 70                 ; 70                 ;
; Auto Carry Chains                                                          ; On                 ; On                 ;
; Auto Open-Drain Pins                                                       ; On                 ; On                 ;
; Perform WYSIWYG Primitive Resynthesis                                      ; Off                ; Off                ;
; Auto ROM Replacement                                                       ; On                 ; On                 ;
; Auto RAM Replacement                                                       ; On                 ; On                 ;
; Auto DSP Block Replacement                                                 ; On                 ; On                 ;
; Auto Shift Register Replacement                                            ; Auto               ; Auto               ;
; Allow Shift Register Merging across Hierarchies                            ; Auto               ; Auto               ;
; Auto Clock Enable Replacement                                              ; On                 ; On                 ;
; Strict RAM Replacement                                                     ; Off                ; Off                ;
; Allow Synchronous Control Signals                                          ; On                 ; On                 ;
; Force Use of Synchronous Clear Signals                                     ; Off                ; Off                ;
; Auto RAM Block Balancing                                                   ; On                 ; On                 ;
; Auto RAM to Logic Cell Conversion                                          ; Off                ; Off                ;
; Auto Resource Sharing                                                      ; Off                ; Off                ;
; Allow Any RAM Size For Recognition                                         ; Off                ; Off                ;
; Allow Any ROM Size For Recognition                                         ; Off                ; Off                ;
; Allow Any Shift Register Size For Recognition                              ; Off                ; Off                ;
; Use LogicLock Constraints during Resource Balancing                        ; On                 ; On                 ;
; Ignore translate_off and synthesis_off directives                          ; Off                ; Off                ;
; Timing-Driven Synthesis                                                    ; On                 ; On                 ;
; Report Parameter Settings                                                  ; On                 ; On                 ;
; Report Source Assignments                                                  ; On                 ; On                 ;
; Report Connectivity Checks                                                 ; On                 ; On                 ;
; Ignore Maximum Fan-Out Assignments                                         ; Off                ; Off                ;
; Synchronization Register Chain Length                                      ; 2                  ; 2                  ;
; PowerPlay Power Optimization                                               ; Normal compilation ; Normal compilation ;
; HDL message level                                                          ; Level2             ; Level2             ;
; Suppress Register Optimization Related Messages                            ; Off                ; Off                ;
; Number of Removed Registers Reported in Synthesis Report                   ; 5000               ; 5000               ;
; Number of Swept Nodes Reported in Synthesis Report                         ; 5000               ; 5000               ;
; Number of Inverted Registers Reported in Synthesis Report                  ; 100                ; 100                ;
; Clock MUX Protection                                                       ; On                 ; On                 ;
; Auto Gated Clock Conversion                                                ; Off                ; Off                ;
; Block Design Naming                                                        ; Auto               ; Auto               ;
; SDC constraint protection                                                  ; Off                ; Off                ;
; Synthesis Effort                                                           ; Auto               ; Auto               ;
; Shift Register Replacement - Allow Asynchronous Clear Signal               ; On                 ; On                 ;
; Pre-Mapping Resynthesis Optimization                                       ; Off                ; Off                ;
; Analysis & Synthesis Message Level                                         ; Medium             ; Medium             ;
; Disable Register Merging Across Hierarchies                                ; Auto               ; Auto               ;
; Resource Aware Inference For Block RAM                                     ; On                 ; On                 ;
; Synthesis Seed                                                             ; 1                  ; 1                  ;
+----------------------------------------------------------------------------+--------------------+--------------------+


+------------------------------------------+
; Parallel Compilation                     ;
+----------------------------+-------------+
; Processors                 ; Number      ;
+----------------------------+-------------+
; Number detected on machine ; 8           ;
; Maximum allowed            ; 4           ;
;                            ;             ;
; Average used               ; 1.00        ;
; Maximum used               ; 1           ;
;                            ;             ;
; Usage by Processor         ; % Time Used ;
;     Processor 1            ; 100.0%      ;
;     Processors 2-8         ;   0.0%      ;
+----------------------------+-------------+


+--------------------------------------------------------------------------------------------------------------------------------------------------------------------------------------------+
; Analysis & Synthesis Source Files Read                                                                                                                                                     ;
+-------------------------------------------+-----------------+------------------------------------------+-------------------------------------------------------------------------+---------+
; File Name with User-Entered Path          ; Used in Netlist ; File Type                                ; File Name with Absolute Path                                            ; Library ;
+-------------------------------------------+-----------------+------------------------------------------+-------------------------------------------------------------------------+---------+
; lab31119.bdf                              ; yes             ; User Block Diagram/Schematic File        ; D:/altera/222_call_stack/1119/lab31119.bdf                              ;         ;
; MEM.vhd                                   ; yes             ; User Wizard-Generated File               ; D:/altera/222_call_stack/1119/MEM.vhd                                   ;         ;
; MROM.vhd                                  ; yes             ; User Wizard-Generated File               ; D:/altera/222_call_stack/1119/MROM.vhd                                  ;         ;
; 3-8.bdf                                   ; yes             ; Auto-Found Block Diagram/Schematic File  ; d:/altera/222_call_stack/component/3-8/3-8.bdf                          ;         ;
; altsyncram.tdf                            ; yes             ; Megafunction                             ; d:/altera/13.0sp1/quartus/libraries/megafunctions/altsyncram.tdf        ;         ;
; stratix_ram_block.inc                     ; yes             ; Megafunction                             ; d:/altera/13.0sp1/quartus/libraries/megafunctions/stratix_ram_block.inc ;         ;
; lpm_mux.inc                               ; yes             ; Megafunction                             ; d:/altera/13.0sp1/quartus/libraries/megafunctions/lpm_mux.inc           ;         ;
; lpm_decode.inc                            ; yes             ; Megafunction                             ; d:/altera/13.0sp1/quartus/libraries/megafunctions/lpm_decode.inc        ;         ;
; aglobal130.inc                            ; yes             ; Megafunction                             ; d:/altera/13.0sp1/quartus/libraries/megafunctions/aglobal130.inc        ;         ;
; a_rdenreg.inc                             ; yes             ; Megafunction                             ; d:/altera/13.0sp1/quartus/libraries/megafunctions/a_rdenreg.inc         ;         ;
; altrom.inc                                ; yes             ; Megafunction                             ; d:/altera/13.0sp1/quartus/libraries/megafunctions/altrom.inc            ;         ;
; altram.inc                                ; yes             ; Megafunction                             ; d:/altera/13.0sp1/quartus/libraries/megafunctions/altram.inc            ;         ;
; altdpram.inc                              ; yes             ; Megafunction                             ; d:/altera/13.0sp1/quartus/libraries/megafunctions/altdpram.inc          ;         ;
; db/altsyncram_v8a1.tdf                    ; yes             ; Auto-Generated Megafunction              ; D:/altera/222_call_stack/1119/db/altsyncram_v8a1.tdf                    ;         ;
; /altera/222_call_stack/romlab3.mif        ; yes             ; Auto-Found Memory Initialization File    ; /altera/222_call_stack/romlab3.mif                                      ;         ;
; upc.bdf                                   ; yes             ; Auto-Found Block Diagram/Schematic File  ; d:/altera/222_call_stack/component/upc/upc.bdf                          ;         ;
; 74161.tdf                                 ; yes             ; Megafunction                             ; d:/altera/13.0sp1/quartus/libraries/others/maxplus2/74161.tdf           ;         ;
; aglobal.inc                               ; yes             ; Megafunction                             ; d:/altera/13.0sp1/quartus/libraries/megafunctions/aglobal.inc           ;         ;
; f74161.bdf                                ; yes             ; Megafunction                             ; d:/altera/13.0sp1/quartus/libraries/others/maxplus2/f74161.bdf          ;         ;
; select6.bdf                               ; yes             ; Auto-Found Block Diagram/Schematic File  ; d:/altera/222_call_stack/component/select6/select6.bdf                  ;         ;
; choose_lab3.bdf                           ; yes             ; Auto-Found Block Diagram/Schematic File  ; d:/altera/222_call_stack/component/choose_lab3/choose_lab3.bdf          ;         ;
; register.bdf                              ; yes             ; Auto-Found Block Diagram/Schematic File  ; d:/altera/222_call_stack/component/register/register.bdf                ;         ;
; 74273.bdf                                 ; yes             ; Megafunction                             ; d:/altera/13.0sp1/quartus/libraries/others/maxplus2/74273.bdf           ;         ;
; alu_lab3.bdf                              ; yes             ; Auto-Found Block Diagram/Schematic File  ; d:/altera/222_call_stack/component/alulab3/alu_lab3.bdf                 ;         ;
; 74181.bdf                                 ; yes             ; Megafunction                             ; d:/altera/13.0sp1/quartus/libraries/others/maxplus2/74181.bdf           ;         ;
; metrix.bdf                                ; yes             ; Auto-Found Block Diagram/Schematic File  ; d:/altera/222_call_stack/component/metrix/metrix.bdf                    ;         ;
; cell.bdf                                  ; yes             ; Auto-Found Block Diagram/Schematic File  ; d:/altera/222_call_stack/component/cell/cell.bdf                        ;         ;
; fa.bdf                                    ; yes             ; Auto-Found Block Diagram/Schematic File  ; d:/altera/222_call_stack/component/fa/fa.bdf                            ;         ;
; 7482.bdf                                  ; yes             ; Megafunction                             ; d:/altera/13.0sp1/quartus/libraries/others/maxplus2/7482.bdf            ;         ;
; chufa.bdf                                 ; yes             ; Auto-Found Block Diagram/Schematic File  ; d:/altera/222_call_stack/component/div1/chufa.bdf                       ;         ;
; div2.vhd                                  ; yes             ; Auto-Found Wizard-Generated File         ; d:/altera/222_call_stack/component/div1/div2.vhd                        ;         ;
; lpm_divide.tdf                            ; yes             ; Megafunction                             ; d:/altera/13.0sp1/quartus/libraries/megafunctions/lpm_divide.tdf        ;         ;
; abs_divider.inc                           ; yes             ; Megafunction                             ; d:/altera/13.0sp1/quartus/libraries/megafunctions/abs_divider.inc       ;         ;
; sign_div_unsign.inc                       ; yes             ; Megafunction                             ; d:/altera/13.0sp1/quartus/libraries/megafunctions/sign_div_unsign.inc   ;         ;
; db/lpm_divide_l1q.tdf                     ; yes             ; Auto-Generated Megafunction              ; D:/altera/222_call_stack/1119/db/lpm_divide_l1q.tdf                     ;         ;
; db/sign_div_unsign_ulh.tdf                ; yes             ; Auto-Generated Megafunction              ; D:/altera/222_call_stack/1119/db/sign_div_unsign_ulh.tdf                ;         ;
; db/alt_u_div_g7f.tdf                      ; yes             ; Auto-Generated Megafunction              ; D:/altera/222_call_stack/1119/db/alt_u_div_g7f.tdf                      ;         ;
; db/add_sub_7pc.tdf                        ; yes             ; Auto-Generated Megafunction              ; D:/altera/222_call_stack/1119/db/add_sub_7pc.tdf                        ;         ;
; db/add_sub_8pc.tdf                        ; yes             ; Auto-Generated Megafunction              ; D:/altera/222_call_stack/1119/db/add_sub_8pc.tdf                        ;         ;
; 74198.bdf                                 ; yes             ; Megafunction                             ; d:/altera/13.0sp1/quartus/libraries/others/maxplus2/74198.bdf           ;         ;
; 2-4.bdf                                   ; yes             ; Auto-Found Block Diagram/Schematic File  ; d:/altera/222_call_stack/component/2-4/2-4.bdf                          ;         ;
; db/altsyncram_abj1.tdf                    ; yes             ; Auto-Generated Megafunction              ; D:/altera/222_call_stack/1119/db/altsyncram_abj1.tdf                    ;         ;
; /altera/222_call_stack/ram_call_stack.mif ; yes             ; Auto-Found Memory Initialization File    ; /altera/222_call_stack/ram_call_stack.mif                               ;         ;
; db/decode_rsa.tdf                         ; yes             ; Auto-Generated Megafunction              ; D:/altera/222_call_stack/1119/db/decode_rsa.tdf                         ;         ;
; db/decode_k8a.tdf                         ; yes             ; Auto-Generated Megafunction              ; D:/altera/222_call_stack/1119/db/decode_k8a.tdf                         ;         ;
; db/mux_qob.tdf                            ; yes             ; Auto-Generated Megafunction              ; D:/altera/222_call_stack/1119/db/mux_qob.tdf                            ;         ;
+-------------------------------------------+-----------------+------------------------------------------+-------------------------------------------------------------------------+---------+


+-----------------------------------------------------------------------------+
; Analysis & Synthesis Resource Usage Summary                                 ;
+---------------------------------------------+-------------------------------+
; Resource                                    ; Usage                         ;
+---------------------------------------------+-------------------------------+
; Estimated Total logic elements              ; 684                           ;
;                                             ;                               ;
; Total combinational functions               ; 620                           ;
; Logic element usage by number of LUT inputs ;                               ;
;     -- 4 input functions                    ; 368                           ;
;     -- 3 input functions                    ; 223                           ;
;     -- <=2 input functions                  ; 29                            ;
;                                             ;                               ;
; Logic elements by mode                      ;                               ;
;     -- normal mode                          ; 515                           ;
;     -- arithmetic mode                      ; 105                           ;
;                                             ;                               ;
; Total registers                             ; 100                           ;
;     -- Dedicated logic registers            ; 100                           ;
;     -- I/O registers                        ; 0                             ;
;                                             ;                               ;
; I/O pins                                    ; 18                            ;
; Total memory bits                           ; 94208                         ;
; Embedded Multiplier 9-bit elements          ; 0                             ;
; Maximum fan-out node                        ; CHOOSE_LAB3:inst14|choose17~1 ;
; Maximum fan-out                             ; 40                            ;
; Total fan-out                               ; 2868                          ;
; Average fan-out                             ; 3.61                          ;
+---------------------------------------------+-------------------------------+


+---------------------------------------------------------------------------------------------------------------------------------------------------------------------------------------------------------------------------------------------------------------------------------------------------------------------------------------------------------------------+
; Analysis & Synthesis Resource Utilization by Entity                                                                                                                                                                                                                                                                                                                 ;
+-------------------------------------------------+-------------------+--------------+-------------+--------------+---------+-----------+------+--------------+----------------------------------------------------------------------------------------------------------------------------------------------------------------------------------------+--------------+
; Compilation Hierarchy Node                      ; LC Combinationals ; LC Registers ; Memory Bits ; DSP Elements ; DSP 9x9 ; DSP 18x18 ; Pins ; Virtual Pins ; Full Hierarchy Name                                                                                                                                                                    ; Library Name ;
+-------------------------------------------------+-------------------+--------------+-------------+--------------+---------+-----------+------+--------------+----------------------------------------------------------------------------------------------------------------------------------------------------------------------------------------+--------------+
; |lab31119                                       ; 620 (8)           ; 100 (0)      ; 94208       ; 0            ; 0       ; 0         ; 18   ; 0            ; |lab31119                                                                                                                                                                              ; work         ;
;    |2-4:inst28|                                 ; 1 (1)             ; 0 (0)        ; 0           ; 0            ; 0       ; 0         ; 0    ; 0            ; |lab31119|2-4:inst28                                                                                                                                                                   ; work         ;
;    |2-4:inst29|                                 ; 1 (1)             ; 0 (0)        ; 0           ; 0            ; 0       ; 0         ; 0    ; 0            ; |lab31119|2-4:inst29                                                                                                                                                                   ; work         ;
;    |3-8:inst20|                                 ; 1 (1)             ; 0 (0)        ; 0           ; 0            ; 0       ; 0         ; 0    ; 0            ; |lab31119|3-8:inst20                                                                                                                                                                   ; work         ;
;    |3-8:inst26|                                 ; 4 (4)             ; 0 (0)        ; 0           ; 0            ; 0       ; 0         ; 0    ; 0            ; |lab31119|3-8:inst26                                                                                                                                                                   ; work         ;
;    |3-8:inst35|                                 ; 6 (6)             ; 0 (0)        ; 0           ; 0            ; 0       ; 0         ; 0    ; 0            ; |lab31119|3-8:inst35                                                                                                                                                                   ; work         ;
;    |ALU_LAB3:inst10|                            ; 508 (2)           ; 8 (0)        ; 0           ; 0            ; 0       ; 0         ; 0    ; 0            ; |lab31119|ALU_LAB3:inst10                                                                                                                                                              ; work         ;
;       |74181:alu1|                              ; 14 (14)           ; 0 (0)        ; 0           ; 0            ; 0       ; 0         ; 0    ; 0            ; |lab31119|ALU_LAB3:inst10|74181:alu1                                                                                                                                                   ; work         ;
;       |74181:alu2|                              ; 16 (16)           ; 0 (0)        ; 0           ; 0            ; 0       ; 0         ; 0    ; 0            ; |lab31119|ALU_LAB3:inst10|74181:alu2                                                                                                                                                   ; work         ;
;       |74181:alu3|                              ; 16 (16)           ; 0 (0)        ; 0           ; 0            ; 0       ; 0         ; 0    ; 0            ; |lab31119|ALU_LAB3:inst10|74181:alu3                                                                                                                                                   ; work         ;
;       |74181:alu4|                              ; 16 (16)           ; 0 (0)        ; 0           ; 0            ; 0       ; 0         ; 0    ; 0            ; |lab31119|ALU_LAB3:inst10|74181:alu4                                                                                                                                                   ; work         ;
;       |74198:inst1|                             ; 16 (16)           ; 8 (8)        ; 0           ; 0            ; 0       ; 0         ; 0    ; 0            ; |lab31119|ALU_LAB3:inst10|74198:inst1                                                                                                                                                  ; work         ;
;       |CHOOSE_LAB3:inst10|                      ; 61 (61)           ; 0 (0)        ; 0           ; 0            ; 0       ; 0         ; 0    ; 0            ; |lab31119|ALU_LAB3:inst10|CHOOSE_LAB3:inst10                                                                                                                                           ; work         ;
;       |METRIX:mul_lab3|                         ; 148 (0)           ; 0 (0)        ; 0           ; 0            ; 0       ; 0         ; 0    ; 0            ; |lab31119|ALU_LAB3:inst10|METRIX:mul_lab3                                                                                                                                              ; work         ;
;          |cell:inst10|                          ; 3 (1)             ; 0 (0)        ; 0           ; 0            ; 0       ; 0         ; 0    ; 0            ; |lab31119|ALU_LAB3:inst10|METRIX:mul_lab3|cell:inst10                                                                                                                                  ; work         ;
;             |FA:inst|                           ; 2 (0)             ; 0 (0)        ; 0           ; 0            ; 0       ; 0         ; 0    ; 0            ; |lab31119|ALU_LAB3:inst10|METRIX:mul_lab3|cell:inst10|FA:inst                                                                                                                          ; work         ;
;                |7482:inst|                      ; 2 (2)             ; 0 (0)        ; 0           ; 0            ; 0       ; 0         ; 0    ; 0            ; |lab31119|ALU_LAB3:inst10|METRIX:mul_lab3|cell:inst10|FA:inst|7482:inst                                                                                                                ; work         ;
;          |cell:inst11|                          ; 3 (1)             ; 0 (0)        ; 0           ; 0            ; 0       ; 0         ; 0    ; 0            ; |lab31119|ALU_LAB3:inst10|METRIX:mul_lab3|cell:inst11                                                                                                                                  ; work         ;
;             |FA:inst|                           ; 2 (0)             ; 0 (0)        ; 0           ; 0            ; 0       ; 0         ; 0    ; 0            ; |lab31119|ALU_LAB3:inst10|METRIX:mul_lab3|cell:inst11|FA:inst                                                                                                                          ; work         ;
;                |7482:inst|                      ; 2 (2)             ; 0 (0)        ; 0           ; 0            ; 0       ; 0         ; 0    ; 0            ; |lab31119|ALU_LAB3:inst10|METRIX:mul_lab3|cell:inst11|FA:inst|7482:inst                                                                                                                ; work         ;
;          |cell:inst12|                          ; 3 (1)             ; 0 (0)        ; 0           ; 0            ; 0       ; 0         ; 0    ; 0            ; |lab31119|ALU_LAB3:inst10|METRIX:mul_lab3|cell:inst12                                                                                                                                  ; work         ;
;             |FA:inst|                           ; 2 (0)             ; 0 (0)        ; 0           ; 0            ; 0       ; 0         ; 0    ; 0            ; |lab31119|ALU_LAB3:inst10|METRIX:mul_lab3|cell:inst12|FA:inst                                                                                                                          ; work         ;
;                |7482:inst|                      ; 2 (2)             ; 0 (0)        ; 0           ; 0            ; 0       ; 0         ; 0    ; 0            ; |lab31119|ALU_LAB3:inst10|METRIX:mul_lab3|cell:inst12|FA:inst|7482:inst                                                                                                                ; work         ;
;          |cell:inst13|                          ; 3 (1)             ; 0 (0)        ; 0           ; 0            ; 0       ; 0         ; 0    ; 0            ; |lab31119|ALU_LAB3:inst10|METRIX:mul_lab3|cell:inst13                                                                                                                                  ; work         ;
;             |FA:inst|                           ; 2 (0)             ; 0 (0)        ; 0           ; 0            ; 0       ; 0         ; 0    ; 0            ; |lab31119|ALU_LAB3:inst10|METRIX:mul_lab3|cell:inst13|FA:inst                                                                                                                          ; work         ;
;                |7482:inst|                      ; 2 (2)             ; 0 (0)        ; 0           ; 0            ; 0       ; 0         ; 0    ; 0            ; |lab31119|ALU_LAB3:inst10|METRIX:mul_lab3|cell:inst13|FA:inst|7482:inst                                                                                                                ; work         ;
;          |cell:inst14|                          ; 3 (1)             ; 0 (0)        ; 0           ; 0            ; 0       ; 0         ; 0    ; 0            ; |lab31119|ALU_LAB3:inst10|METRIX:mul_lab3|cell:inst14                                                                                                                                  ; work         ;
;             |FA:inst|                           ; 2 (0)             ; 0 (0)        ; 0           ; 0            ; 0       ; 0         ; 0    ; 0            ; |lab31119|ALU_LAB3:inst10|METRIX:mul_lab3|cell:inst14|FA:inst                                                                                                                          ; work         ;
;                |7482:inst|                      ; 2 (2)             ; 0 (0)        ; 0           ; 0            ; 0       ; 0         ; 0    ; 0            ; |lab31119|ALU_LAB3:inst10|METRIX:mul_lab3|cell:inst14|FA:inst|7482:inst                                                                                                                ; work         ;
;          |cell:inst15|                          ; 1 (1)             ; 0 (0)        ; 0           ; 0            ; 0       ; 0         ; 0    ; 0            ; |lab31119|ALU_LAB3:inst10|METRIX:mul_lab3|cell:inst15                                                                                                                                  ; work         ;
;          |cell:inst16|                          ; 3 (1)             ; 0 (0)        ; 0           ; 0            ; 0       ; 0         ; 0    ; 0            ; |lab31119|ALU_LAB3:inst10|METRIX:mul_lab3|cell:inst16                                                                                                                                  ; work         ;
;             |FA:inst|                           ; 2 (0)             ; 0 (0)        ; 0           ; 0            ; 0       ; 0         ; 0    ; 0            ; |lab31119|ALU_LAB3:inst10|METRIX:mul_lab3|cell:inst16|FA:inst                                                                                                                          ; work         ;
;                |7482:inst|                      ; 2 (2)             ; 0 (0)        ; 0           ; 0            ; 0       ; 0         ; 0    ; 0            ; |lab31119|ALU_LAB3:inst10|METRIX:mul_lab3|cell:inst16|FA:inst|7482:inst                                                                                                                ; work         ;
;          |cell:inst17|                          ; 3 (1)             ; 0 (0)        ; 0           ; 0            ; 0       ; 0         ; 0    ; 0            ; |lab31119|ALU_LAB3:inst10|METRIX:mul_lab3|cell:inst17                                                                                                                                  ; work         ;
;             |FA:inst|                           ; 2 (0)             ; 0 (0)        ; 0           ; 0            ; 0       ; 0         ; 0    ; 0            ; |lab31119|ALU_LAB3:inst10|METRIX:mul_lab3|cell:inst17|FA:inst                                                                                                                          ; work         ;
;                |7482:inst|                      ; 2 (2)             ; 0 (0)        ; 0           ; 0            ; 0       ; 0         ; 0    ; 0            ; |lab31119|ALU_LAB3:inst10|METRIX:mul_lab3|cell:inst17|FA:inst|7482:inst                                                                                                                ; work         ;
;          |cell:inst18|                          ; 3 (1)             ; 0 (0)        ; 0           ; 0            ; 0       ; 0         ; 0    ; 0            ; |lab31119|ALU_LAB3:inst10|METRIX:mul_lab3|cell:inst18                                                                                                                                  ; work         ;
;             |FA:inst|                           ; 2 (0)             ; 0 (0)        ; 0           ; 0            ; 0       ; 0         ; 0    ; 0            ; |lab31119|ALU_LAB3:inst10|METRIX:mul_lab3|cell:inst18|FA:inst                                                                                                                          ; work         ;
;                |7482:inst|                      ; 2 (2)             ; 0 (0)        ; 0           ; 0            ; 0       ; 0         ; 0    ; 0            ; |lab31119|ALU_LAB3:inst10|METRIX:mul_lab3|cell:inst18|FA:inst|7482:inst                                                                                                                ; work         ;
;          |cell:inst19|                          ; 3 (1)             ; 0 (0)        ; 0           ; 0            ; 0       ; 0         ; 0    ; 0            ; |lab31119|ALU_LAB3:inst10|METRIX:mul_lab3|cell:inst19                                                                                                                                  ; work         ;
;             |FA:inst|                           ; 2 (0)             ; 0 (0)        ; 0           ; 0            ; 0       ; 0         ; 0    ; 0            ; |lab31119|ALU_LAB3:inst10|METRIX:mul_lab3|cell:inst19|FA:inst                                                                                                                          ; work         ;
;                |7482:inst|                      ; 2 (2)             ; 0 (0)        ; 0           ; 0            ; 0       ; 0         ; 0    ; 0            ; |lab31119|ALU_LAB3:inst10|METRIX:mul_lab3|cell:inst19|FA:inst|7482:inst                                                                                                                ; work         ;
;          |cell:inst20|                          ; 3 (1)             ; 0 (0)        ; 0           ; 0            ; 0       ; 0         ; 0    ; 0            ; |lab31119|ALU_LAB3:inst10|METRIX:mul_lab3|cell:inst20                                                                                                                                  ; work         ;
;             |FA:inst|                           ; 2 (0)             ; 0 (0)        ; 0           ; 0            ; 0       ; 0         ; 0    ; 0            ; |lab31119|ALU_LAB3:inst10|METRIX:mul_lab3|cell:inst20|FA:inst                                                                                                                          ; work         ;
;                |7482:inst|                      ; 2 (2)             ; 0 (0)        ; 0           ; 0            ; 0       ; 0         ; 0    ; 0            ; |lab31119|ALU_LAB3:inst10|METRIX:mul_lab3|cell:inst20|FA:inst|7482:inst                                                                                                                ; work         ;
;          |cell:inst21|                          ; 3 (1)             ; 0 (0)        ; 0           ; 0            ; 0       ; 0         ; 0    ; 0            ; |lab31119|ALU_LAB3:inst10|METRIX:mul_lab3|cell:inst21                                                                                                                                  ; work         ;
;             |FA:inst|                           ; 2 (0)             ; 0 (0)        ; 0           ; 0            ; 0       ; 0         ; 0    ; 0            ; |lab31119|ALU_LAB3:inst10|METRIX:mul_lab3|cell:inst21|FA:inst                                                                                                                          ; work         ;
;                |7482:inst|                      ; 2 (2)             ; 0 (0)        ; 0           ; 0            ; 0       ; 0         ; 0    ; 0            ; |lab31119|ALU_LAB3:inst10|METRIX:mul_lab3|cell:inst21|FA:inst|7482:inst                                                                                                                ; work         ;
;          |cell:inst22|                          ; 3 (1)             ; 0 (0)        ; 0           ; 0            ; 0       ; 0         ; 0    ; 0            ; |lab31119|ALU_LAB3:inst10|METRIX:mul_lab3|cell:inst22                                                                                                                                  ; work         ;
;             |FA:inst|                           ; 2 (0)             ; 0 (0)        ; 0           ; 0            ; 0       ; 0         ; 0    ; 0            ; |lab31119|ALU_LAB3:inst10|METRIX:mul_lab3|cell:inst22|FA:inst                                                                                                                          ; work         ;
;                |7482:inst|                      ; 2 (2)             ; 0 (0)        ; 0           ; 0            ; 0       ; 0         ; 0    ; 0            ; |lab31119|ALU_LAB3:inst10|METRIX:mul_lab3|cell:inst22|FA:inst|7482:inst                                                                                                                ; work         ;
;          |cell:inst23|                          ; 1 (0)             ; 0 (0)        ; 0           ; 0            ; 0       ; 0         ; 0    ; 0            ; |lab31119|ALU_LAB3:inst10|METRIX:mul_lab3|cell:inst23                                                                                                                                  ; work         ;
;             |FA:inst|                           ; 1 (0)             ; 0 (0)        ; 0           ; 0            ; 0       ; 0         ; 0    ; 0            ; |lab31119|ALU_LAB3:inst10|METRIX:mul_lab3|cell:inst23|FA:inst                                                                                                                          ; work         ;
;                |7482:inst|                      ; 1 (1)             ; 0 (0)        ; 0           ; 0            ; 0       ; 0         ; 0    ; 0            ; |lab31119|ALU_LAB3:inst10|METRIX:mul_lab3|cell:inst23|FA:inst|7482:inst                                                                                                                ; work         ;
;          |cell:inst24|                          ; 3 (1)             ; 0 (0)        ; 0           ; 0            ; 0       ; 0         ; 0    ; 0            ; |lab31119|ALU_LAB3:inst10|METRIX:mul_lab3|cell:inst24                                                                                                                                  ; work         ;
;             |FA:inst|                           ; 2 (0)             ; 0 (0)        ; 0           ; 0            ; 0       ; 0         ; 0    ; 0            ; |lab31119|ALU_LAB3:inst10|METRIX:mul_lab3|cell:inst24|FA:inst                                                                                                                          ; work         ;
;                |7482:inst|                      ; 2 (2)             ; 0 (0)        ; 0           ; 0            ; 0       ; 0         ; 0    ; 0            ; |lab31119|ALU_LAB3:inst10|METRIX:mul_lab3|cell:inst24|FA:inst|7482:inst                                                                                                                ; work         ;
;          |cell:inst25|                          ; 3 (1)             ; 0 (0)        ; 0           ; 0            ; 0       ; 0         ; 0    ; 0            ; |lab31119|ALU_LAB3:inst10|METRIX:mul_lab3|cell:inst25                                                                                                                                  ; work         ;
;             |FA:inst|                           ; 2 (0)             ; 0 (0)        ; 0           ; 0            ; 0       ; 0         ; 0    ; 0            ; |lab31119|ALU_LAB3:inst10|METRIX:mul_lab3|cell:inst25|FA:inst                                                                                                                          ; work         ;
;                |7482:inst|                      ; 2 (2)             ; 0 (0)        ; 0           ; 0            ; 0       ; 0         ; 0    ; 0            ; |lab31119|ALU_LAB3:inst10|METRIX:mul_lab3|cell:inst25|FA:inst|7482:inst                                                                                                                ; work         ;
;          |cell:inst26|                          ; 3 (1)             ; 0 (0)        ; 0           ; 0            ; 0       ; 0         ; 0    ; 0            ; |lab31119|ALU_LAB3:inst10|METRIX:mul_lab3|cell:inst26                                                                                                                                  ; work         ;
;             |FA:inst|                           ; 2 (0)             ; 0 (0)        ; 0           ; 0            ; 0       ; 0         ; 0    ; 0            ; |lab31119|ALU_LAB3:inst10|METRIX:mul_lab3|cell:inst26|FA:inst                                                                                                                          ; work         ;
;                |7482:inst|                      ; 2 (2)             ; 0 (0)        ; 0           ; 0            ; 0       ; 0         ; 0    ; 0            ; |lab31119|ALU_LAB3:inst10|METRIX:mul_lab3|cell:inst26|FA:inst|7482:inst                                                                                                                ; work         ;
;          |cell:inst27|                          ; 3 (1)             ; 0 (0)        ; 0           ; 0            ; 0       ; 0         ; 0    ; 0            ; |lab31119|ALU_LAB3:inst10|METRIX:mul_lab3|cell:inst27                                                                                                                                  ; work         ;
;             |FA:inst|                           ; 2 (0)             ; 0 (0)        ; 0           ; 0            ; 0       ; 0         ; 0    ; 0            ; |lab31119|ALU_LAB3:inst10|METRIX:mul_lab3|cell:inst27|FA:inst                                                                                                                          ; work         ;
;                |7482:inst|                      ; 2 (2)             ; 0 (0)        ; 0           ; 0            ; 0       ; 0         ; 0    ; 0            ; |lab31119|ALU_LAB3:inst10|METRIX:mul_lab3|cell:inst27|FA:inst|7482:inst                                                                                                                ; work         ;
;          |cell:inst28|                          ; 3 (1)             ; 0 (0)        ; 0           ; 0            ; 0       ; 0         ; 0    ; 0            ; |lab31119|ALU_LAB3:inst10|METRIX:mul_lab3|cell:inst28                                                                                                                                  ; work         ;
;             |FA:inst|                           ; 2 (0)             ; 0 (0)        ; 0           ; 0            ; 0       ; 0         ; 0    ; 0            ; |lab31119|ALU_LAB3:inst10|METRIX:mul_lab3|cell:inst28|FA:inst                                                                                                                          ; work         ;
;                |7482:inst|                      ; 2 (2)             ; 0 (0)        ; 0           ; 0            ; 0       ; 0         ; 0    ; 0            ; |lab31119|ALU_LAB3:inst10|METRIX:mul_lab3|cell:inst28|FA:inst|7482:inst                                                                                                                ; work         ;
;          |cell:inst29|                          ; 3 (1)             ; 0 (0)        ; 0           ; 0            ; 0       ; 0         ; 0    ; 0            ; |lab31119|ALU_LAB3:inst10|METRIX:mul_lab3|cell:inst29                                                                                                                                  ; work         ;
;             |FA:inst|                           ; 2 (0)             ; 0 (0)        ; 0           ; 0            ; 0       ; 0         ; 0    ; 0            ; |lab31119|ALU_LAB3:inst10|METRIX:mul_lab3|cell:inst29|FA:inst                                                                                                                          ; work         ;
;                |7482:inst|                      ; 2 (2)             ; 0 (0)        ; 0           ; 0            ; 0       ; 0         ; 0    ; 0            ; |lab31119|ALU_LAB3:inst10|METRIX:mul_lab3|cell:inst29|FA:inst|7482:inst                                                                                                                ; work         ;
;          |cell:inst30|                          ; 2 (0)             ; 0 (0)        ; 0           ; 0            ; 0       ; 0         ; 0    ; 0            ; |lab31119|ALU_LAB3:inst10|METRIX:mul_lab3|cell:inst30                                                                                                                                  ; work         ;
;             |FA:inst|                           ; 2 (0)             ; 0 (0)        ; 0           ; 0            ; 0       ; 0         ; 0    ; 0            ; |lab31119|ALU_LAB3:inst10|METRIX:mul_lab3|cell:inst30|FA:inst                                                                                                                          ; work         ;
;                |7482:inst|                      ; 2 (2)             ; 0 (0)        ; 0           ; 0            ; 0       ; 0         ; 0    ; 0            ; |lab31119|ALU_LAB3:inst10|METRIX:mul_lab3|cell:inst30|FA:inst|7482:inst                                                                                                                ; work         ;
;          |cell:inst31|                          ; 3 (1)             ; 0 (0)        ; 0           ; 0            ; 0       ; 0         ; 0    ; 0            ; |lab31119|ALU_LAB3:inst10|METRIX:mul_lab3|cell:inst31                                                                                                                                  ; work         ;
;             |FA:inst|                           ; 2 (0)             ; 0 (0)        ; 0           ; 0            ; 0       ; 0         ; 0    ; 0            ; |lab31119|ALU_LAB3:inst10|METRIX:mul_lab3|cell:inst31|FA:inst                                                                                                                          ; work         ;
;                |7482:inst|                      ; 2 (2)             ; 0 (0)        ; 0           ; 0            ; 0       ; 0         ; 0    ; 0            ; |lab31119|ALU_LAB3:inst10|METRIX:mul_lab3|cell:inst31|FA:inst|7482:inst                                                                                                                ; work         ;
;          |cell:inst32|                          ; 3 (1)             ; 0 (0)        ; 0           ; 0            ; 0       ; 0         ; 0    ; 0            ; |lab31119|ALU_LAB3:inst10|METRIX:mul_lab3|cell:inst32                                                                                                                                  ; work         ;
;             |FA:inst|                           ; 2 (0)             ; 0 (0)        ; 0           ; 0            ; 0       ; 0         ; 0    ; 0            ; |lab31119|ALU_LAB3:inst10|METRIX:mul_lab3|cell:inst32|FA:inst                                                                                                                          ; work         ;
;                |7482:inst|                      ; 2 (2)             ; 0 (0)        ; 0           ; 0            ; 0       ; 0         ; 0    ; 0            ; |lab31119|ALU_LAB3:inst10|METRIX:mul_lab3|cell:inst32|FA:inst|7482:inst                                                                                                                ; work         ;
;          |cell:inst33|                          ; 1 (0)             ; 0 (0)        ; 0           ; 0            ; 0       ; 0         ; 0    ; 0            ; |lab31119|ALU_LAB3:inst10|METRIX:mul_lab3|cell:inst33                                                                                                                                  ; work         ;
;             |FA:inst|                           ; 1 (0)             ; 0 (0)        ; 0           ; 0            ; 0       ; 0         ; 0    ; 0            ; |lab31119|ALU_LAB3:inst10|METRIX:mul_lab3|cell:inst33|FA:inst                                                                                                                          ; work         ;
;                |7482:inst|                      ; 1 (1)             ; 0 (0)        ; 0           ; 0            ; 0       ; 0         ; 0    ; 0            ; |lab31119|ALU_LAB3:inst10|METRIX:mul_lab3|cell:inst33|FA:inst|7482:inst                                                                                                                ; work         ;
;          |cell:inst34|                          ; 1 (0)             ; 0 (0)        ; 0           ; 0            ; 0       ; 0         ; 0    ; 0            ; |lab31119|ALU_LAB3:inst10|METRIX:mul_lab3|cell:inst34                                                                                                                                  ; work         ;
;             |FA:inst|                           ; 1 (0)             ; 0 (0)        ; 0           ; 0            ; 0       ; 0         ; 0    ; 0            ; |lab31119|ALU_LAB3:inst10|METRIX:mul_lab3|cell:inst34|FA:inst                                                                                                                          ; work         ;
;                |7482:inst|                      ; 1 (1)             ; 0 (0)        ; 0           ; 0            ; 0       ; 0         ; 0    ; 0            ; |lab31119|ALU_LAB3:inst10|METRIX:mul_lab3|cell:inst34|FA:inst|7482:inst                                                                                                                ; work         ;
;          |cell:inst35|                          ; 3 (1)             ; 0 (0)        ; 0           ; 0            ; 0       ; 0         ; 0    ; 0            ; |lab31119|ALU_LAB3:inst10|METRIX:mul_lab3|cell:inst35                                                                                                                                  ; work         ;
;             |FA:inst|                           ; 2 (0)             ; 0 (0)        ; 0           ; 0            ; 0       ; 0         ; 0    ; 0            ; |lab31119|ALU_LAB3:inst10|METRIX:mul_lab3|cell:inst35|FA:inst                                                                                                                          ; work         ;
;                |7482:inst|                      ; 2 (2)             ; 0 (0)        ; 0           ; 0            ; 0       ; 0         ; 0    ; 0            ; |lab31119|ALU_LAB3:inst10|METRIX:mul_lab3|cell:inst35|FA:inst|7482:inst                                                                                                                ; work         ;
;          |cell:inst36|                          ; 3 (1)             ; 0 (0)        ; 0           ; 0            ; 0       ; 0         ; 0    ; 0            ; |lab31119|ALU_LAB3:inst10|METRIX:mul_lab3|cell:inst36                                                                                                                                  ; work         ;
;             |FA:inst|                           ; 2 (0)             ; 0 (0)        ; 0           ; 0            ; 0       ; 0         ; 0    ; 0            ; |lab31119|ALU_LAB3:inst10|METRIX:mul_lab3|cell:inst36|FA:inst                                                                                                                          ; work         ;
;                |7482:inst|                      ; 2 (2)             ; 0 (0)        ; 0           ; 0            ; 0       ; 0         ; 0    ; 0            ; |lab31119|ALU_LAB3:inst10|METRIX:mul_lab3|cell:inst36|FA:inst|7482:inst                                                                                                                ; work         ;
;          |cell:inst37|                          ; 3 (1)             ; 0 (0)        ; 0           ; 0            ; 0       ; 0         ; 0    ; 0            ; |lab31119|ALU_LAB3:inst10|METRIX:mul_lab3|cell:inst37                                                                                                                                  ; work         ;
;             |FA:inst|                           ; 2 (0)             ; 0 (0)        ; 0           ; 0            ; 0       ; 0         ; 0    ; 0            ; |lab31119|ALU_LAB3:inst10|METRIX:mul_lab3|cell:inst37|FA:inst                                                                                                                          ; work         ;
;                |7482:inst|                      ; 2 (2)             ; 0 (0)        ; 0           ; 0            ; 0       ; 0         ; 0    ; 0            ; |lab31119|ALU_LAB3:inst10|METRIX:mul_lab3|cell:inst37|FA:inst|7482:inst                                                                                                                ; work         ;
;          |cell:inst38|                          ; 3 (1)             ; 0 (0)        ; 0           ; 0            ; 0       ; 0         ; 0    ; 0            ; |lab31119|ALU_LAB3:inst10|METRIX:mul_lab3|cell:inst38                                                                                                                                  ; work         ;
;             |FA:inst|                           ; 2 (0)             ; 0 (0)        ; 0           ; 0            ; 0       ; 0         ; 0    ; 0            ; |lab31119|ALU_LAB3:inst10|METRIX:mul_lab3|cell:inst38|FA:inst                                                                                                                          ; work         ;
;                |7482:inst|                      ; 2 (2)             ; 0 (0)        ; 0           ; 0            ; 0       ; 0         ; 0    ; 0            ; |lab31119|ALU_LAB3:inst10|METRIX:mul_lab3|cell:inst38|FA:inst|7482:inst                                                                                                                ; work         ;
;          |cell:inst39|                          ; 2 (0)             ; 0 (0)        ; 0           ; 0            ; 0       ; 0         ; 0    ; 0            ; |lab31119|ALU_LAB3:inst10|METRIX:mul_lab3|cell:inst39                                                                                                                                  ; work         ;
;             |FA:inst|                           ; 2 (0)             ; 0 (0)        ; 0           ; 0            ; 0       ; 0         ; 0    ; 0            ; |lab31119|ALU_LAB3:inst10|METRIX:mul_lab3|cell:inst39|FA:inst                                                                                                                          ; work         ;
;                |7482:inst|                      ; 2 (2)             ; 0 (0)        ; 0           ; 0            ; 0       ; 0         ; 0    ; 0            ; |lab31119|ALU_LAB3:inst10|METRIX:mul_lab3|cell:inst39|FA:inst|7482:inst                                                                                                                ; work         ;
;          |cell:inst40|                          ; 1 (0)             ; 0 (0)        ; 0           ; 0            ; 0       ; 0         ; 0    ; 0            ; |lab31119|ALU_LAB3:inst10|METRIX:mul_lab3|cell:inst40                                                                                                                                  ; work         ;
;             |FA:inst|                           ; 1 (0)             ; 0 (0)        ; 0           ; 0            ; 0       ; 0         ; 0    ; 0            ; |lab31119|ALU_LAB3:inst10|METRIX:mul_lab3|cell:inst40|FA:inst                                                                                                                          ; work         ;
;                |7482:inst|                      ; 1 (1)             ; 0 (0)        ; 0           ; 0            ; 0       ; 0         ; 0    ; 0            ; |lab31119|ALU_LAB3:inst10|METRIX:mul_lab3|cell:inst40|FA:inst|7482:inst                                                                                                                ; work         ;
;          |cell:inst41|                          ; 3 (1)             ; 0 (0)        ; 0           ; 0            ; 0       ; 0         ; 0    ; 0            ; |lab31119|ALU_LAB3:inst10|METRIX:mul_lab3|cell:inst41                                                                                                                                  ; work         ;
;             |FA:inst|                           ; 2 (0)             ; 0 (0)        ; 0           ; 0            ; 0       ; 0         ; 0    ; 0            ; |lab31119|ALU_LAB3:inst10|METRIX:mul_lab3|cell:inst41|FA:inst                                                                                                                          ; work         ;
;                |7482:inst|                      ; 2 (2)             ; 0 (0)        ; 0           ; 0            ; 0       ; 0         ; 0    ; 0            ; |lab31119|ALU_LAB3:inst10|METRIX:mul_lab3|cell:inst41|FA:inst|7482:inst                                                                                                                ; work         ;
;          |cell:inst42|                          ; 3 (1)             ; 0 (0)        ; 0           ; 0            ; 0       ; 0         ; 0    ; 0            ; |lab31119|ALU_LAB3:inst10|METRIX:mul_lab3|cell:inst42                                                                                                                                  ; work         ;
;             |FA:inst|                           ; 2 (0)             ; 0 (0)        ; 0           ; 0            ; 0       ; 0         ; 0    ; 0            ; |lab31119|ALU_LAB3:inst10|METRIX:mul_lab3|cell:inst42|FA:inst                                                                                                                          ; work         ;
;                |7482:inst|                      ; 2 (2)             ; 0 (0)        ; 0           ; 0            ; 0       ; 0         ; 0    ; 0            ; |lab31119|ALU_LAB3:inst10|METRIX:mul_lab3|cell:inst42|FA:inst|7482:inst                                                                                                                ; work         ;
;          |cell:inst43|                          ; 3 (1)             ; 0 (0)        ; 0           ; 0            ; 0       ; 0         ; 0    ; 0            ; |lab31119|ALU_LAB3:inst10|METRIX:mul_lab3|cell:inst43                                                                                                                                  ; work         ;
;             |FA:inst|                           ; 2 (0)             ; 0 (0)        ; 0           ; 0            ; 0       ; 0         ; 0    ; 0            ; |lab31119|ALU_LAB3:inst10|METRIX:mul_lab3|cell:inst43|FA:inst                                                                                                                          ; work         ;
;                |7482:inst|                      ; 2 (2)             ; 0 (0)        ; 0           ; 0            ; 0       ; 0         ; 0    ; 0            ; |lab31119|ALU_LAB3:inst10|METRIX:mul_lab3|cell:inst43|FA:inst|7482:inst                                                                                                                ; work         ;
;          |cell:inst44|                          ; 3 (1)             ; 0 (0)        ; 0           ; 0            ; 0       ; 0         ; 0    ; 0            ; |lab31119|ALU_LAB3:inst10|METRIX:mul_lab3|cell:inst44                                                                                                                                  ; work         ;
;             |FA:inst|                           ; 2 (0)             ; 0 (0)        ; 0           ; 0            ; 0       ; 0         ; 0    ; 0            ; |lab31119|ALU_LAB3:inst10|METRIX:mul_lab3|cell:inst44|FA:inst                                                                                                                          ; work         ;
;                |7482:inst|                      ; 2 (2)             ; 0 (0)        ; 0           ; 0            ; 0       ; 0         ; 0    ; 0            ; |lab31119|ALU_LAB3:inst10|METRIX:mul_lab3|cell:inst44|FA:inst|7482:inst                                                                                                                ; work         ;
;          |cell:inst45|                          ; 3 (1)             ; 0 (0)        ; 0           ; 0            ; 0       ; 0         ; 0    ; 0            ; |lab31119|ALU_LAB3:inst10|METRIX:mul_lab3|cell:inst45                                                                                                                                  ; work         ;
;             |FA:inst|                           ; 2 (0)             ; 0 (0)        ; 0           ; 0            ; 0       ; 0         ; 0    ; 0            ; |lab31119|ALU_LAB3:inst10|METRIX:mul_lab3|cell:inst45|FA:inst                                                                                                                          ; work         ;
;                |7482:inst|                      ; 2 (2)             ; 0 (0)        ; 0           ; 0            ; 0       ; 0         ; 0    ; 0            ; |lab31119|ALU_LAB3:inst10|METRIX:mul_lab3|cell:inst45|FA:inst|7482:inst                                                                                                                ; work         ;
;          |cell:inst46|                          ; 3 (1)             ; 0 (0)        ; 0           ; 0            ; 0       ; 0         ; 0    ; 0            ; |lab31119|ALU_LAB3:inst10|METRIX:mul_lab3|cell:inst46                                                                                                                                  ; work         ;
;             |FA:inst|                           ; 2 (0)             ; 0 (0)        ; 0           ; 0            ; 0       ; 0         ; 0    ; 0            ; |lab31119|ALU_LAB3:inst10|METRIX:mul_lab3|cell:inst46|FA:inst                                                                                                                          ; work         ;
;                |7482:inst|                      ; 2 (2)             ; 0 (0)        ; 0           ; 0            ; 0       ; 0         ; 0    ; 0            ; |lab31119|ALU_LAB3:inst10|METRIX:mul_lab3|cell:inst46|FA:inst|7482:inst                                                                                                                ; work         ;
;          |cell:inst47|                          ; 2 (0)             ; 0 (0)        ; 0           ; 0            ; 0       ; 0         ; 0    ; 0            ; |lab31119|ALU_LAB3:inst10|METRIX:mul_lab3|cell:inst47                                                                                                                                  ; work         ;
;             |FA:inst|                           ; 2 (0)             ; 0 (0)        ; 0           ; 0            ; 0       ; 0         ; 0    ; 0            ; |lab31119|ALU_LAB3:inst10|METRIX:mul_lab3|cell:inst47|FA:inst                                                                                                                          ; work         ;
;                |7482:inst|                      ; 2 (2)             ; 0 (0)        ; 0           ; 0            ; 0       ; 0         ; 0    ; 0            ; |lab31119|ALU_LAB3:inst10|METRIX:mul_lab3|cell:inst47|FA:inst|7482:inst                                                                                                                ; work         ;
;          |cell:inst48|                          ; 1 (0)             ; 0 (0)        ; 0           ; 0            ; 0       ; 0         ; 0    ; 0            ; |lab31119|ALU_LAB3:inst10|METRIX:mul_lab3|cell:inst48                                                                                                                                  ; work         ;
;             |FA:inst|                           ; 1 (0)             ; 0 (0)        ; 0           ; 0            ; 0       ; 0         ; 0    ; 0            ; |lab31119|ALU_LAB3:inst10|METRIX:mul_lab3|cell:inst48|FA:inst                                                                                                                          ; work         ;
;                |7482:inst|                      ; 1 (1)             ; 0 (0)        ; 0           ; 0            ; 0       ; 0         ; 0    ; 0            ; |lab31119|ALU_LAB3:inst10|METRIX:mul_lab3|cell:inst48|FA:inst|7482:inst                                                                                                                ; work         ;
;          |cell:inst49|                          ; 3 (1)             ; 0 (0)        ; 0           ; 0            ; 0       ; 0         ; 0    ; 0            ; |lab31119|ALU_LAB3:inst10|METRIX:mul_lab3|cell:inst49                                                                                                                                  ; work         ;
;             |FA:inst|                           ; 2 (0)             ; 0 (0)        ; 0           ; 0            ; 0       ; 0         ; 0    ; 0            ; |lab31119|ALU_LAB3:inst10|METRIX:mul_lab3|cell:inst49|FA:inst                                                                                                                          ; work         ;
;                |7482:inst|                      ; 2 (2)             ; 0 (0)        ; 0           ; 0            ; 0       ; 0         ; 0    ; 0            ; |lab31119|ALU_LAB3:inst10|METRIX:mul_lab3|cell:inst49|FA:inst|7482:inst                                                                                                                ; work         ;
;          |cell:inst50|                          ; 3 (1)             ; 0 (0)        ; 0           ; 0            ; 0       ; 0         ; 0    ; 0            ; |lab31119|ALU_LAB3:inst10|METRIX:mul_lab3|cell:inst50                                                                                                                                  ; work         ;
;             |FA:inst|                           ; 2 (0)             ; 0 (0)        ; 0           ; 0            ; 0       ; 0         ; 0    ; 0            ; |lab31119|ALU_LAB3:inst10|METRIX:mul_lab3|cell:inst50|FA:inst                                                                                                                          ; work         ;
;                |7482:inst|                      ; 2 (2)             ; 0 (0)        ; 0           ; 0            ; 0       ; 0         ; 0    ; 0            ; |lab31119|ALU_LAB3:inst10|METRIX:mul_lab3|cell:inst50|FA:inst|7482:inst                                                                                                                ; work         ;
;          |cell:inst51|                          ; 3 (1)             ; 0 (0)        ; 0           ; 0            ; 0       ; 0         ; 0    ; 0            ; |lab31119|ALU_LAB3:inst10|METRIX:mul_lab3|cell:inst51                                                                                                                                  ; work         ;
;             |FA:inst|                           ; 2 (0)             ; 0 (0)        ; 0           ; 0            ; 0       ; 0         ; 0    ; 0            ; |lab31119|ALU_LAB3:inst10|METRIX:mul_lab3|cell:inst51|FA:inst                                                                                                                          ; work         ;
;                |7482:inst|                      ; 2 (2)             ; 0 (0)        ; 0           ; 0            ; 0       ; 0         ; 0    ; 0            ; |lab31119|ALU_LAB3:inst10|METRIX:mul_lab3|cell:inst51|FA:inst|7482:inst                                                                                                                ; work         ;
;          |cell:inst52|                          ; 3 (1)             ; 0 (0)        ; 0           ; 0            ; 0       ; 0         ; 0    ; 0            ; |lab31119|ALU_LAB3:inst10|METRIX:mul_lab3|cell:inst52                                                                                                                                  ; work         ;
;             |FA:inst|                           ; 2 (0)             ; 0 (0)        ; 0           ; 0            ; 0       ; 0         ; 0    ; 0            ; |lab31119|ALU_LAB3:inst10|METRIX:mul_lab3|cell:inst52|FA:inst                                                                                                                          ; work         ;
;                |7482:inst|                      ; 2 (2)             ; 0 (0)        ; 0           ; 0            ; 0       ; 0         ; 0    ; 0            ; |lab31119|ALU_LAB3:inst10|METRIX:mul_lab3|cell:inst52|FA:inst|7482:inst                                                                                                                ; work         ;
;          |cell:inst53|                          ; 3 (1)             ; 0 (0)        ; 0           ; 0            ; 0       ; 0         ; 0    ; 0            ; |lab31119|ALU_LAB3:inst10|METRIX:mul_lab3|cell:inst53                                                                                                                                  ; work         ;
;             |FA:inst|                           ; 2 (0)             ; 0 (0)        ; 0           ; 0            ; 0       ; 0         ; 0    ; 0            ; |lab31119|ALU_LAB3:inst10|METRIX:mul_lab3|cell:inst53|FA:inst                                                                                                                          ; work         ;
;                |7482:inst|                      ; 2 (2)             ; 0 (0)        ; 0           ; 0            ; 0       ; 0         ; 0    ; 0            ; |lab31119|ALU_LAB3:inst10|METRIX:mul_lab3|cell:inst53|FA:inst|7482:inst                                                                                                                ; work         ;
;          |cell:inst54|                          ; 3 (1)             ; 0 (0)        ; 0           ; 0            ; 0       ; 0         ; 0    ; 0            ; |lab31119|ALU_LAB3:inst10|METRIX:mul_lab3|cell:inst54                                                                                                                                  ; work         ;
;             |FA:inst|                           ; 2 (0)             ; 0 (0)        ; 0           ; 0            ; 0       ; 0         ; 0    ; 0            ; |lab31119|ALU_LAB3:inst10|METRIX:mul_lab3|cell:inst54|FA:inst                                                                                                                          ; work         ;
;                |7482:inst|                      ; 2 (2)             ; 0 (0)        ; 0           ; 0            ; 0       ; 0         ; 0    ; 0            ; |lab31119|ALU_LAB3:inst10|METRIX:mul_lab3|cell:inst54|FA:inst|7482:inst                                                                                                                ; work         ;
;          |cell:inst55|                          ; 2 (0)             ; 0 (0)        ; 0           ; 0            ; 0       ; 0         ; 0    ; 0            ; |lab31119|ALU_LAB3:inst10|METRIX:mul_lab3|cell:inst55                                                                                                                                  ; work         ;
;             |FA:inst|                           ; 2 (0)             ; 0 (0)        ; 0           ; 0            ; 0       ; 0         ; 0    ; 0            ; |lab31119|ALU_LAB3:inst10|METRIX:mul_lab3|cell:inst55|FA:inst                                                                                                                          ; work         ;
;                |7482:inst|                      ; 2 (2)             ; 0 (0)        ; 0           ; 0            ; 0       ; 0         ; 0    ; 0            ; |lab31119|ALU_LAB3:inst10|METRIX:mul_lab3|cell:inst55|FA:inst|7482:inst                                                                                                                ; work         ;
;          |cell:inst56|                          ; 1 (0)             ; 0 (0)        ; 0           ; 0            ; 0       ; 0         ; 0    ; 0            ; |lab31119|ALU_LAB3:inst10|METRIX:mul_lab3|cell:inst56                                                                                                                                  ; work         ;
;             |FA:inst|                           ; 1 (0)             ; 0 (0)        ; 0           ; 0            ; 0       ; 0         ; 0    ; 0            ; |lab31119|ALU_LAB3:inst10|METRIX:mul_lab3|cell:inst56|FA:inst                                                                                                                          ; work         ;
;                |7482:inst|                      ; 1 (1)             ; 0 (0)        ; 0           ; 0            ; 0       ; 0         ; 0    ; 0            ; |lab31119|ALU_LAB3:inst10|METRIX:mul_lab3|cell:inst56|FA:inst|7482:inst                                                                                                                ; work         ;
;          |cell:inst57|                          ; 3 (1)             ; 0 (0)        ; 0           ; 0            ; 0       ; 0         ; 0    ; 0            ; |lab31119|ALU_LAB3:inst10|METRIX:mul_lab3|cell:inst57                                                                                                                                  ; work         ;
;             |FA:inst|                           ; 2 (0)             ; 0 (0)        ; 0           ; 0            ; 0       ; 0         ; 0    ; 0            ; |lab31119|ALU_LAB3:inst10|METRIX:mul_lab3|cell:inst57|FA:inst                                                                                                                          ; work         ;
;                |7482:inst|                      ; 2 (2)             ; 0 (0)        ; 0           ; 0            ; 0       ; 0         ; 0    ; 0            ; |lab31119|ALU_LAB3:inst10|METRIX:mul_lab3|cell:inst57|FA:inst|7482:inst                                                                                                                ; work         ;
;          |cell:inst58|                          ; 3 (1)             ; 0 (0)        ; 0           ; 0            ; 0       ; 0         ; 0    ; 0            ; |lab31119|ALU_LAB3:inst10|METRIX:mul_lab3|cell:inst58                                                                                                                                  ; work         ;
;             |FA:inst|                           ; 2 (0)             ; 0 (0)        ; 0           ; 0            ; 0       ; 0         ; 0    ; 0            ; |lab31119|ALU_LAB3:inst10|METRIX:mul_lab3|cell:inst58|FA:inst                                                                                                                          ; work         ;
;                |7482:inst|                      ; 2 (2)             ; 0 (0)        ; 0           ; 0            ; 0       ; 0         ; 0    ; 0            ; |lab31119|ALU_LAB3:inst10|METRIX:mul_lab3|cell:inst58|FA:inst|7482:inst                                                                                                                ; work         ;
;          |cell:inst59|                          ; 3 (1)             ; 0 (0)        ; 0           ; 0            ; 0       ; 0         ; 0    ; 0            ; |lab31119|ALU_LAB3:inst10|METRIX:mul_lab3|cell:inst59                                                                                                                                  ; work         ;
;             |FA:inst|                           ; 2 (0)             ; 0 (0)        ; 0           ; 0            ; 0       ; 0         ; 0    ; 0            ; |lab31119|ALU_LAB3:inst10|METRIX:mul_lab3|cell:inst59|FA:inst                                                                                                                          ; work         ;
;                |7482:inst|                      ; 2 (2)             ; 0 (0)        ; 0           ; 0            ; 0       ; 0         ; 0    ; 0            ; |lab31119|ALU_LAB3:inst10|METRIX:mul_lab3|cell:inst59|FA:inst|7482:inst                                                                                                                ; work         ;
;          |cell:inst60|                          ; 3 (1)             ; 0 (0)        ; 0           ; 0            ; 0       ; 0         ; 0    ; 0            ; |lab31119|ALU_LAB3:inst10|METRIX:mul_lab3|cell:inst60                                                                                                                                  ; work         ;
;             |FA:inst|                           ; 2 (0)             ; 0 (0)        ; 0           ; 0            ; 0       ; 0         ; 0    ; 0            ; |lab31119|ALU_LAB3:inst10|METRIX:mul_lab3|cell:inst60|FA:inst                                                                                                                          ; work         ;
;                |7482:inst|                      ; 2 (2)             ; 0 (0)        ; 0           ; 0            ; 0       ; 0         ; 0    ; 0            ; |lab31119|ALU_LAB3:inst10|METRIX:mul_lab3|cell:inst60|FA:inst|7482:inst                                                                                                                ; work         ;
;          |cell:inst61|                          ; 3 (1)             ; 0 (0)        ; 0           ; 0            ; 0       ; 0         ; 0    ; 0            ; |lab31119|ALU_LAB3:inst10|METRIX:mul_lab3|cell:inst61                                                                                                                                  ; work         ;
;             |FA:inst|                           ; 2 (0)             ; 0 (0)        ; 0           ; 0            ; 0       ; 0         ; 0    ; 0            ; |lab31119|ALU_LAB3:inst10|METRIX:mul_lab3|cell:inst61|FA:inst                                                                                                                          ; work         ;
;                |7482:inst|                      ; 2 (2)             ; 0 (0)        ; 0           ; 0            ; 0       ; 0         ; 0    ; 0            ; |lab31119|ALU_LAB3:inst10|METRIX:mul_lab3|cell:inst61|FA:inst|7482:inst                                                                                                                ; work         ;
;          |cell:inst62|                          ; 3 (1)             ; 0 (0)        ; 0           ; 0            ; 0       ; 0         ; 0    ; 0            ; |lab31119|ALU_LAB3:inst10|METRIX:mul_lab3|cell:inst62                                                                                                                                  ; work         ;
;             |FA:inst|                           ; 2 (0)             ; 0 (0)        ; 0           ; 0            ; 0       ; 0         ; 0    ; 0            ; |lab31119|ALU_LAB3:inst10|METRIX:mul_lab3|cell:inst62|FA:inst                                                                                                                          ; work         ;
;                |7482:inst|                      ; 2 (2)             ; 0 (0)        ; 0           ; 0            ; 0       ; 0         ; 0    ; 0            ; |lab31119|ALU_LAB3:inst10|METRIX:mul_lab3|cell:inst62|FA:inst|7482:inst                                                                                                                ; work         ;
;          |cell:inst63|                          ; 2 (0)             ; 0 (0)        ; 0           ; 0            ; 0       ; 0         ; 0    ; 0            ; |lab31119|ALU_LAB3:inst10|METRIX:mul_lab3|cell:inst63                                                                                                                                  ; work         ;
;             |FA:inst|                           ; 2 (0)             ; 0 (0)        ; 0           ; 0            ; 0       ; 0         ; 0    ; 0            ; |lab31119|ALU_LAB3:inst10|METRIX:mul_lab3|cell:inst63|FA:inst                                                                                                                          ; work         ;
;                |7482:inst|                      ; 2 (2)             ; 0 (0)        ; 0           ; 0            ; 0       ; 0         ; 0    ; 0            ; |lab31119|ALU_LAB3:inst10|METRIX:mul_lab3|cell:inst63|FA:inst|7482:inst                                                                                                                ; work         ;
;          |cell:inst8|                           ; 3 (1)             ; 0 (0)        ; 0           ; 0            ; 0       ; 0         ; 0    ; 0            ; |lab31119|ALU_LAB3:inst10|METRIX:mul_lab3|cell:inst8                                                                                                                                   ; work         ;
;             |FA:inst|                           ; 2 (0)             ; 0 (0)        ; 0           ; 0            ; 0       ; 0         ; 0    ; 0            ; |lab31119|ALU_LAB3:inst10|METRIX:mul_lab3|cell:inst8|FA:inst                                                                                                                           ; work         ;
;                |7482:inst|                      ; 2 (2)             ; 0 (0)        ; 0           ; 0            ; 0       ; 0         ; 0    ; 0            ; |lab31119|ALU_LAB3:inst10|METRIX:mul_lab3|cell:inst8|FA:inst|7482:inst                                                                                                                 ; work         ;
;          |cell:inst9|                           ; 2 (0)             ; 0 (0)        ; 0           ; 0            ; 0       ; 0         ; 0    ; 0            ; |lab31119|ALU_LAB3:inst10|METRIX:mul_lab3|cell:inst9                                                                                                                                   ; work         ;
;             |FA:inst|                           ; 2 (0)             ; 0 (0)        ; 0           ; 0            ; 0       ; 0         ; 0    ; 0            ; |lab31119|ALU_LAB3:inst10|METRIX:mul_lab3|cell:inst9|FA:inst                                                                                                                           ; work         ;
;                |7482:inst|                      ; 2 (2)             ; 0 (0)        ; 0           ; 0            ; 0       ; 0         ; 0    ; 0            ; |lab31119|ALU_LAB3:inst10|METRIX:mul_lab3|cell:inst9|FA:inst|7482:inst                                                                                                                 ; work         ;
;       |chufa:inst7|                             ; 219 (0)           ; 0 (0)        ; 0           ; 0            ; 0       ; 0         ; 0    ; 0            ; |lab31119|ALU_LAB3:inst10|chufa:inst7                                                                                                                                                  ; work         ;
;          |DIV2:inst1|                           ; 219 (0)           ; 0 (0)        ; 0           ; 0            ; 0       ; 0         ; 0    ; 0            ; |lab31119|ALU_LAB3:inst10|chufa:inst7|DIV2:inst1                                                                                                                                       ; work         ;
;             |lpm_divide:LPM_DIVIDE_component|   ; 219 (0)           ; 0 (0)        ; 0           ; 0            ; 0       ; 0         ; 0    ; 0            ; |lab31119|ALU_LAB3:inst10|chufa:inst7|DIV2:inst1|lpm_divide:LPM_DIVIDE_component                                                                                                       ; work         ;
;                |lpm_divide_l1q:auto_generated|  ; 219 (0)           ; 0 (0)        ; 0           ; 0            ; 0       ; 0         ; 0    ; 0            ; |lab31119|ALU_LAB3:inst10|chufa:inst7|DIV2:inst1|lpm_divide:LPM_DIVIDE_component|lpm_divide_l1q:auto_generated                                                                         ; work         ;
;                   |sign_div_unsign_ulh:divider| ; 219 (0)           ; 0 (0)        ; 0           ; 0            ; 0       ; 0         ; 0    ; 0            ; |lab31119|ALU_LAB3:inst10|chufa:inst7|DIV2:inst1|lpm_divide:LPM_DIVIDE_component|lpm_divide_l1q:auto_generated|sign_div_unsign_ulh:divider                                             ; work         ;
;                      |alt_u_div_g7f:divider|    ; 219 (218)         ; 0 (0)        ; 0           ; 0            ; 0       ; 0         ; 0    ; 0            ; |lab31119|ALU_LAB3:inst10|chufa:inst7|DIV2:inst1|lpm_divide:LPM_DIVIDE_component|lpm_divide_l1q:auto_generated|sign_div_unsign_ulh:divider|alt_u_div_g7f:divider                       ; work         ;
;                         |add_sub_8pc:add_sub_1| ; 1 (1)             ; 0 (0)        ; 0           ; 0            ; 0       ; 0         ; 0    ; 0            ; |lab31119|ALU_LAB3:inst10|chufa:inst7|DIV2:inst1|lpm_divide:LPM_DIVIDE_component|lpm_divide_l1q:auto_generated|sign_div_unsign_ulh:divider|alt_u_div_g7f:divider|add_sub_8pc:add_sub_1 ; work         ;
;    |CHOOSE_LAB3:inst14|                         ; 27 (27)           ; 0 (0)        ; 0           ; 0            ; 0       ; 0         ; 0    ; 0            ; |lab31119|CHOOSE_LAB3:inst14                                                                                                                                                           ; work         ;
;    |CHOOSE_LAB3:inst18|                         ; 32 (32)           ; 0 (0)        ; 0           ; 0            ; 0       ; 0         ; 0    ; 0            ; |lab31119|CHOOSE_LAB3:inst18                                                                                                                                                           ; work         ;
;    |MEM:inst9|                                  ; 0 (0)             ; 0 (0)        ; 4096        ; 0            ; 0       ; 0         ; 0    ; 0            ; |lab31119|MEM:inst9                                                                                                                                                                    ; work         ;
;       |altsyncram:altsyncram_component|         ; 0 (0)             ; 0 (0)        ; 4096        ; 0            ; 0       ; 0         ; 0    ; 0            ; |lab31119|MEM:inst9|altsyncram:altsyncram_component                                                                                                                                    ; work         ;
;          |altsyncram_abj1:auto_generated|       ; 0 (0)             ; 0 (0)        ; 4096        ; 0            ; 0       ; 0         ; 0    ; 0            ; |lab31119|MEM:inst9|altsyncram:altsyncram_component|altsyncram_abj1:auto_generated                                                                                                     ; work         ;
;    |MROM:inst31|                                ; 0 (0)             ; 0 (0)        ; 90112       ; 0            ; 0       ; 0         ; 0    ; 0            ; |lab31119|MROM:inst31                                                                                                                                                                  ; work         ;
;       |altsyncram:altsyncram_component|         ; 0 (0)             ; 0 (0)        ; 90112       ; 0            ; 0       ; 0         ; 0    ; 0            ; |lab31119|MROM:inst31|altsyncram:altsyncram_component                                                                                                                                  ; work         ;
;          |altsyncram_v8a1:auto_generated|       ; 0 (0)             ; 0 (0)        ; 90112       ; 0            ; 0       ; 0         ; 0    ; 0            ; |lab31119|MROM:inst31|altsyncram:altsyncram_component|altsyncram_v8a1:auto_generated                                                                                                   ; work         ;
;    |register:IR|                                ; 0 (0)             ; 16 (0)       ; 0           ; 0            ; 0       ; 0         ; 0    ; 0            ; |lab31119|register:IR                                                                                                                                                                  ; work         ;
;       |74273:inst1|                             ; 0 (0)             ; 8 (8)        ; 0           ; 0            ; 0       ; 0         ; 0    ; 0            ; |lab31119|register:IR|74273:inst1                                                                                                                                                      ; work         ;
;       |74273:inst|                              ; 0 (0)             ; 8 (8)        ; 0           ; 0            ; 0       ; 0         ; 0    ; 0            ; |lab31119|register:IR|74273:inst                                                                                                                                                       ; work         ;
;    |register:MAR|                               ; 0 (0)             ; 8 (0)        ; 0           ; 0            ; 0       ; 0         ; 0    ; 0            ; |lab31119|register:MAR                                                                                                                                                                 ; work         ;
;       |74273:inst|                              ; 0 (0)             ; 8 (8)        ; 0           ; 0            ; 0       ; 0         ; 0    ; 0            ; |lab31119|register:MAR|74273:inst                                                                                                                                                      ; work         ;
;    |register:PC|                                ; 0 (0)             ; 8 (0)        ; 0           ; 0            ; 0       ; 0         ; 0    ; 0            ; |lab31119|register:PC                                                                                                                                                                  ; work         ;
;       |74273:inst|                              ; 0 (0)             ; 8 (8)        ; 0           ; 0            ; 0       ; 0         ; 0    ; 0            ; |lab31119|register:PC|74273:inst                                                                                                                                                       ; work         ;
;    |register:R1|                                ; 0 (0)             ; 16 (0)       ; 0           ; 0            ; 0       ; 0         ; 0    ; 0            ; |lab31119|register:R1                                                                                                                                                                  ; work         ;
;       |74273:inst1|                             ; 0 (0)             ; 8 (8)        ; 0           ; 0            ; 0       ; 0         ; 0    ; 0            ; |lab31119|register:R1|74273:inst1                                                                                                                                                      ; work         ;
;       |74273:inst|                              ; 0 (0)             ; 8 (8)        ; 0           ; 0            ; 0       ; 0         ; 0    ; 0            ; |lab31119|register:R1|74273:inst                                                                                                                                                       ; work         ;
;    |register:R2|                                ; 0 (0)             ; 16 (0)       ; 0           ; 0            ; 0       ; 0         ; 0    ; 0            ; |lab31119|register:R2                                                                                                                                                                  ; work         ;
;       |74273:inst1|                             ; 0 (0)             ; 8 (8)        ; 0           ; 0            ; 0       ; 0         ; 0    ; 0            ; |lab31119|register:R2|74273:inst1                                                                                                                                                      ; work         ;
;       |74273:inst|                              ; 0 (0)             ; 8 (8)        ; 0           ; 0            ; 0       ; 0         ; 0    ; 0            ; |lab31119|register:R2|74273:inst                                                                                                                                                       ; work         ;
;    |register:R3|                                ; 0 (0)             ; 16 (0)       ; 0           ; 0            ; 0       ; 0         ; 0    ; 0            ; |lab31119|register:R3                                                                                                                                                                  ; work         ;
;       |74273:inst1|                             ; 0 (0)             ; 8 (8)        ; 0           ; 0            ; 0       ; 0         ; 0    ; 0            ; |lab31119|register:R3|74273:inst1                                                                                                                                                      ; work         ;
;       |74273:inst|                              ; 0 (0)             ; 8 (8)        ; 0           ; 0            ; 0       ; 0         ; 0    ; 0            ; |lab31119|register:R3|74273:inst                                                                                                                                                       ; work         ;
;    |upc:inst45|                                 ; 32 (0)            ; 12 (0)       ; 0           ; 0            ; 0       ; 0         ; 0    ; 0            ; |lab31119|upc:inst45                                                                                                                                                                   ; work         ;
;       |74161:inst1|                             ; 6 (0)             ; 4 (0)        ; 0           ; 0            ; 0       ; 0         ; 0    ; 0            ; |lab31119|upc:inst45|74161:inst1                                                                                                                                                       ; work         ;
;          |f74161:sub|                           ; 6 (6)             ; 4 (4)        ; 0           ; 0            ; 0       ; 0         ; 0    ; 0            ; |lab31119|upc:inst45|74161:inst1|f74161:sub                                                                                                                                            ; work         ;
;       |74161:inst2|                             ; 13 (0)            ; 4 (0)        ; 0           ; 0            ; 0       ; 0         ; 0    ; 0            ; |lab31119|upc:inst45|74161:inst2                                                                                                                                                       ; work         ;
;          |f74161:sub|                           ; 13 (13)           ; 4 (4)        ; 0           ; 0            ; 0       ; 0         ; 0    ; 0            ; |lab31119|upc:inst45|74161:inst2|f74161:sub                                                                                                                                            ; work         ;
;       |74161:inst|                              ; 13 (0)            ; 4 (0)        ; 0           ; 0            ; 0       ; 0         ; 0    ; 0            ; |lab31119|upc:inst45|74161:inst                                                                                                                                                        ; work         ;
;          |f74161:sub|                           ; 13 (13)           ; 4 (4)        ; 0           ; 0            ; 0       ; 0         ; 0    ; 0            ; |lab31119|upc:inst45|74161:inst|f74161:sub                                                                                                                                             ; work         ;
+-------------------------------------------------+-------------------+--------------+-------------+--------------+---------+-----------+------+--------------+----------------------------------------------------------------------------------------------------------------------------------------------------------------------------------------+--------------+
Note: For table entries with two numbers listed, the numbers in parentheses indicate the number of resources of the given type used by the specific entity alone. The numbers listed outside of parentheses indicate the total resources of the given type used by the specific entity and all of its sub-entities in the hierarchy.


+----------------------------------------------------------------------------------------------------------------------------------------------------------------------------------------------------------+
; Analysis & Synthesis RAM Summary                                                                                                                                                                         ;
+---------------------------------------------------------------------------------------+------+-------------+--------------+--------------+--------------+--------------+---------+-----------------------+
; Name                                                                                  ; Type ; Mode        ; Port A Depth ; Port A Width ; Port B Depth ; Port B Width ; Size    ; MIF                   ;
+---------------------------------------------------------------------------------------+------+-------------+--------------+--------------+--------------+--------------+---------+-----------------------+
; MEM:inst9|altsyncram:altsyncram_component|altsyncram_abj1:auto_generated|ALTSYNCRAM   ; AUTO ; Single Port ; 65536        ; 16           ; --           ; --           ; 1048576 ; ../ram_call_stack.mif ;
; MROM:inst31|altsyncram:altsyncram_component|altsyncram_v8a1:auto_generated|ALTSYNCRAM ; AUTO ; ROM         ; 4096         ; 24           ; --           ; --           ; 98304   ; ../romlab3.mif        ;
+---------------------------------------------------------------------------------------+------+-------------+--------------+--------------+--------------+--------------+---------+-----------------------+


+---------------------------------------------------------------------------------------------------------------------------------------------------------------------+
; Analysis & Synthesis IP Cores Summary                                                                                                                               ;
+--------+--------------+---------+--------------+--------------+--------------------------------------------------+--------------------------------------------------+
; Vendor ; IP Core Name ; Version ; Release Date ; License Type ; Entity Instance                                  ; IP Include File                                  ;
+--------+--------------+---------+--------------+--------------+--------------------------------------------------+--------------------------------------------------+
; Altera ; RAM: 1-PORT  ; 13.0    ; N/A          ; N/A          ; |lab31119|MEM:inst9                              ; D:/altera/222_call_stack/1119/MEM.vhd            ;
; Altera ; LPM_DIVIDE   ; N/A     ; N/A          ; N/A          ; |lab31119|ALU_LAB3:inst10|chufa:inst7|DIV2:inst1 ; d:/altera/222_call_stack/component/div1/div2.vhd ;
; Altera ; ROM: 1-PORT  ; 13.0    ; N/A          ; N/A          ; |lab31119|MROM:inst31                            ; D:/altera/222_call_stack/1119/MROM.vhd           ;
+--------+--------------+---------+--------------+--------------+--------------------------------------------------+--------------------------------------------------+


+---------------------------------------------------------------------------------------------------------------------------------------+
; Registers Removed During Synthesis                                                                                                    ;
+----------------------------------------------------------------------------------------------+----------------------------------------+
; Register name                                                                                ; Reason for Removal                     ;
+----------------------------------------------------------------------------------------------+----------------------------------------+
; MEM:inst9|altsyncram:altsyncram_component|altsyncram_abj1:auto_generated|address_reg_a[0..2] ; Stuck at GND due to stuck port data_in ;
; Total Number of Removed Registers = 3                                                        ;                                        ;
+----------------------------------------------------------------------------------------------+----------------------------------------+


+------------------------------------------------------+
; General Register Statistics                          ;
+----------------------------------------------+-------+
; Statistic                                    ; Value ;
+----------------------------------------------+-------+
; Total registers                              ; 100   ;
; Number of registers using Synchronous Clear  ; 0     ;
; Number of registers using Synchronous Load   ; 0     ;
; Number of registers using Asynchronous Clear ; 0     ;
; Number of registers using Asynchronous Load  ; 0     ;
; Number of registers using Clock Enable       ; 0     ;
; Number of registers using Preset             ; 0     ;
+----------------------------------------------+-------+


+---------------------------------------------------------------------------------------------------+
; Source assignments for MROM:inst31|altsyncram:altsyncram_component|altsyncram_v8a1:auto_generated ;
+---------------------------------+--------------------+------+-------------------------------------+
; Assignment                      ; Value              ; From ; To                                  ;
+---------------------------------+--------------------+------+-------------------------------------+
; OPTIMIZE_POWER_DURING_SYNTHESIS ; NORMAL_COMPILATION ; -    ; -                                   ;
+---------------------------------+--------------------+------+-------------------------------------+


+-------------------------------------------------------------------------------------------------+
; Source assignments for MEM:inst9|altsyncram:altsyncram_component|altsyncram_abj1:auto_generated ;
+---------------------------------+--------------------+------+-----------------------------------+
; Assignment                      ; Value              ; From ; To                                ;
+---------------------------------+--------------------+------+-----------------------------------+
; OPTIMIZE_POWER_DURING_SYNTHESIS ; NORMAL_COMPILATION ; -    ; -                                 ;
+---------------------------------+--------------------+------+-----------------------------------+


+------------------------------------------------------------------------------------------+
; Parameter Settings for User Entity Instance: MROM:inst31|altsyncram:altsyncram_component ;
+------------------------------------+----------------------+------------------------------+
; Parameter Name                     ; Value                ; Type                         ;
+------------------------------------+----------------------+------------------------------+
; BYTE_SIZE_BLOCK                    ; 8                    ; Untyped                      ;
; AUTO_CARRY_CHAINS                  ; ON                   ; AUTO_CARRY                   ;
; IGNORE_CARRY_BUFFERS               ; OFF                  ; IGNORE_CARRY                 ;
; AUTO_CASCADE_CHAINS                ; ON                   ; AUTO_CASCADE                 ;
; IGNORE_CASCADE_BUFFERS             ; OFF                  ; IGNORE_CASCADE               ;
; WIDTH_BYTEENA                      ; 1                    ; Untyped                      ;
; OPERATION_MODE                     ; ROM                  ; Untyped                      ;
; WIDTH_A                            ; 24                   ; Signed Integer               ;
; WIDTHAD_A                          ; 12                   ; Signed Integer               ;
; NUMWORDS_A                         ; 4096                 ; Signed Integer               ;
; OUTDATA_REG_A                      ; UNREGISTERED         ; Untyped                      ;
; ADDRESS_ACLR_A                     ; NONE                 ; Untyped                      ;
; OUTDATA_ACLR_A                     ; NONE                 ; Untyped                      ;
; WRCONTROL_ACLR_A                   ; NONE                 ; Untyped                      ;
; INDATA_ACLR_A                      ; NONE                 ; Untyped                      ;
; BYTEENA_ACLR_A                     ; NONE                 ; Untyped                      ;
; WIDTH_B                            ; 1                    ; Untyped                      ;
; WIDTHAD_B                          ; 1                    ; Untyped                      ;
; NUMWORDS_B                         ; 1                    ; Untyped                      ;
; INDATA_REG_B                       ; CLOCK1               ; Untyped                      ;
; WRCONTROL_WRADDRESS_REG_B          ; CLOCK1               ; Untyped                      ;
; RDCONTROL_REG_B                    ; CLOCK1               ; Untyped                      ;
; ADDRESS_REG_B                      ; CLOCK1               ; Untyped                      ;
; OUTDATA_REG_B                      ; UNREGISTERED         ; Untyped                      ;
; BYTEENA_REG_B                      ; CLOCK1               ; Untyped                      ;
; INDATA_ACLR_B                      ; NONE                 ; Untyped                      ;
; WRCONTROL_ACLR_B                   ; NONE                 ; Untyped                      ;
; ADDRESS_ACLR_B                     ; NONE                 ; Untyped                      ;
; OUTDATA_ACLR_B                     ; NONE                 ; Untyped                      ;
; RDCONTROL_ACLR_B                   ; NONE                 ; Untyped                      ;
; BYTEENA_ACLR_B                     ; NONE                 ; Untyped                      ;
; WIDTH_BYTEENA_A                    ; 1                    ; Signed Integer               ;
; WIDTH_BYTEENA_B                    ; 1                    ; Untyped                      ;
; RAM_BLOCK_TYPE                     ; AUTO                 ; Untyped                      ;
; BYTE_SIZE                          ; 8                    ; Untyped                      ;
; READ_DURING_WRITE_MODE_MIXED_PORTS ; DONT_CARE            ; Untyped                      ;
; READ_DURING_WRITE_MODE_PORT_A      ; NEW_DATA_NO_NBE_READ ; Untyped                      ;
; READ_DURING_WRITE_MODE_PORT_B      ; NEW_DATA_NO_NBE_READ ; Untyped                      ;
; INIT_FILE                          ; ../romlab3.mif       ; Untyped                      ;
; INIT_FILE_LAYOUT                   ; PORT_A               ; Untyped                      ;
; MAXIMUM_DEPTH                      ; 0                    ; Untyped                      ;
; CLOCK_ENABLE_INPUT_A               ; BYPASS               ; Untyped                      ;
; CLOCK_ENABLE_INPUT_B               ; NORMAL               ; Untyped                      ;
; CLOCK_ENABLE_OUTPUT_A              ; BYPASS               ; Untyped                      ;
; CLOCK_ENABLE_OUTPUT_B              ; NORMAL               ; Untyped                      ;
; CLOCK_ENABLE_CORE_A                ; USE_INPUT_CLKEN      ; Untyped                      ;
; CLOCK_ENABLE_CORE_B                ; USE_INPUT_CLKEN      ; Untyped                      ;
; ENABLE_ECC                         ; FALSE                ; Untyped                      ;
; ECC_PIPELINE_STAGE_ENABLED         ; FALSE                ; Untyped                      ;
; WIDTH_ECCSTATUS                    ; 3                    ; Untyped                      ;
; DEVICE_FAMILY                      ; Cyclone IV E         ; Untyped                      ;
; CBXI_PARAMETER                     ; altsyncram_v8a1      ; Untyped                      ;
+------------------------------------+----------------------+------------------------------+
Note: In order to hide this table in the UI and the text report file, please set the "Show Parameter Settings in Synthesis Report" option in "Analysis and Synthesis Settings -> More Settings" to "Off".


+--------------------------------------------------------------------+
; Parameter Settings for User Entity Instance: upc:inst45|74161:inst ;
+------------------------+--------------+----------------------------+
; Parameter Name         ; Value        ; Type                       ;
+------------------------+--------------+----------------------------+
; DEVICE_FAMILY          ; Cyclone IV E ; Untyped                    ;
; AUTO_CARRY_CHAINS      ; ON           ; AUTO_CARRY                 ;
; IGNORE_CARRY_BUFFERS   ; OFF          ; IGNORE_CARRY               ;
; AUTO_CASCADE_CHAINS    ; ON           ; AUTO_CASCADE               ;
; IGNORE_CASCADE_BUFFERS ; OFF          ; IGNORE_CASCADE             ;
+------------------------+--------------+----------------------------+
Note: In order to hide this table in the UI and the text report file, please set the "Show Parameter Settings in Synthesis Report" option in "Analysis and Synthesis Settings -> More Settings" to "Off".


+---------------------------------------------------------------------+
; Parameter Settings for User Entity Instance: upc:inst45|74161:inst1 ;
+------------------------+--------------+-----------------------------+
; Parameter Name         ; Value        ; Type                        ;
+------------------------+--------------+-----------------------------+
; DEVICE_FAMILY          ; Cyclone IV E ; Untyped                     ;
; AUTO_CARRY_CHAINS      ; ON           ; AUTO_CARRY                  ;
; IGNORE_CARRY_BUFFERS   ; OFF          ; IGNORE_CARRY                ;
; AUTO_CASCADE_CHAINS    ; ON           ; AUTO_CASCADE                ;
; IGNORE_CASCADE_BUFFERS ; OFF          ; IGNORE_CASCADE              ;
+------------------------+--------------+-----------------------------+
Note: In order to hide this table in the UI and the text report file, please set the "Show Parameter Settings in Synthesis Report" option in "Analysis and Synthesis Settings -> More Settings" to "Off".


+---------------------------------------------------------------------+
; Parameter Settings for User Entity Instance: upc:inst45|74161:inst2 ;
+------------------------+--------------+-----------------------------+
; Parameter Name         ; Value        ; Type                        ;
+------------------------+--------------+-----------------------------+
; DEVICE_FAMILY          ; Cyclone IV E ; Untyped                     ;
; AUTO_CARRY_CHAINS      ; ON           ; AUTO_CARRY                  ;
; IGNORE_CARRY_BUFFERS   ; OFF          ; IGNORE_CARRY                ;
; AUTO_CASCADE_CHAINS    ; ON           ; AUTO_CASCADE                ;
; IGNORE_CASCADE_BUFFERS ; OFF          ; IGNORE_CASCADE              ;
+------------------------+--------------+-----------------------------+
Note: In order to hide this table in the UI and the text report file, please set the "Show Parameter Settings in Synthesis Report" option in "Analysis and Synthesis Settings -> More Settings" to "Off".


+---------------------------------------------------------------------------------------------------------------------+
; Parameter Settings for User Entity Instance: ALU_LAB3:inst10|chufa:inst7|DIV2:inst1|lpm_divide:LPM_DIVIDE_component ;
+------------------------+----------------+---------------------------------------------------------------------------+
; Parameter Name         ; Value          ; Type                                                                      ;
+------------------------+----------------+---------------------------------------------------------------------------+
; LPM_WIDTHN             ; 16             ; Signed Integer                                                            ;
; LPM_WIDTHD             ; 8              ; Signed Integer                                                            ;
; LPM_NREPRESENTATION    ; UNSIGNED       ; Untyped                                                                   ;
; LPM_DREPRESENTATION    ; UNSIGNED       ; Untyped                                                                   ;
; LPM_PIPELINE           ; 0              ; Untyped                                                                   ;
; LPM_REMAINDERPOSITIVE  ; TRUE           ; Untyped                                                                   ;
; MAXIMIZE_SPEED         ; 5              ; Untyped                                                                   ;
; CBXI_PARAMETER         ; lpm_divide_l1q ; Untyped                                                                   ;
; CARRY_CHAIN            ; MANUAL         ; Untyped                                                                   ;
; OPTIMIZE_FOR_SPEED     ; 5              ; Untyped                                                                   ;
; AUTO_CARRY_CHAINS      ; ON             ; AUTO_CARRY                                                                ;
; IGNORE_CARRY_BUFFERS   ; OFF            ; IGNORE_CARRY                                                              ;
; AUTO_CASCADE_CHAINS    ; ON             ; AUTO_CASCADE                                                              ;
; IGNORE_CASCADE_BUFFERS ; OFF            ; IGNORE_CASCADE                                                            ;
+------------------------+----------------+---------------------------------------------------------------------------+
Note: In order to hide this table in the UI and the text report file, please set the "Show Parameter Settings in Synthesis Report" option in "Analysis and Synthesis Settings -> More Settings" to "Off".


+----------------------------------------------------------------------------------------+
; Parameter Settings for User Entity Instance: MEM:inst9|altsyncram:altsyncram_component ;
+------------------------------------+-----------------------+---------------------------+
; Parameter Name                     ; Value                 ; Type                      ;
+------------------------------------+-----------------------+---------------------------+
; BYTE_SIZE_BLOCK                    ; 8                     ; Untyped                   ;
; AUTO_CARRY_CHAINS                  ; ON                    ; AUTO_CARRY                ;
; IGNORE_CARRY_BUFFERS               ; OFF                   ; IGNORE_CARRY              ;
; AUTO_CASCADE_CHAINS                ; ON                    ; AUTO_CASCADE              ;
; IGNORE_CASCADE_BUFFERS             ; OFF                   ; IGNORE_CASCADE            ;
; WIDTH_BYTEENA                      ; 1                     ; Untyped                   ;
; OPERATION_MODE                     ; SINGLE_PORT           ; Untyped                   ;
; WIDTH_A                            ; 16                    ; Signed Integer            ;
; WIDTHAD_A                          ; 16                    ; Signed Integer            ;
; NUMWORDS_A                         ; 65536                 ; Signed Integer            ;
; OUTDATA_REG_A                      ; UNREGISTERED          ; Untyped                   ;
; ADDRESS_ACLR_A                     ; NONE                  ; Untyped                   ;
; OUTDATA_ACLR_A                     ; NONE                  ; Untyped                   ;
; WRCONTROL_ACLR_A                   ; NONE                  ; Untyped                   ;
; INDATA_ACLR_A                      ; NONE                  ; Untyped                   ;
; BYTEENA_ACLR_A                     ; NONE                  ; Untyped                   ;
; WIDTH_B                            ; 1                     ; Untyped                   ;
; WIDTHAD_B                          ; 1                     ; Untyped                   ;
; NUMWORDS_B                         ; 1                     ; Untyped                   ;
; INDATA_REG_B                       ; CLOCK1                ; Untyped                   ;
; WRCONTROL_WRADDRESS_REG_B          ; CLOCK1                ; Untyped                   ;
; RDCONTROL_REG_B                    ; CLOCK1                ; Untyped                   ;
; ADDRESS_REG_B                      ; CLOCK1                ; Untyped                   ;
; OUTDATA_REG_B                      ; UNREGISTERED          ; Untyped                   ;
; BYTEENA_REG_B                      ; CLOCK1                ; Untyped                   ;
; INDATA_ACLR_B                      ; NONE                  ; Untyped                   ;
; WRCONTROL_ACLR_B                   ; NONE                  ; Untyped                   ;
; ADDRESS_ACLR_B                     ; NONE                  ; Untyped                   ;
; OUTDATA_ACLR_B                     ; NONE                  ; Untyped                   ;
; RDCONTROL_ACLR_B                   ; NONE                  ; Untyped                   ;
; BYTEENA_ACLR_B                     ; NONE                  ; Untyped                   ;
; WIDTH_BYTEENA_A                    ; 1                     ; Signed Integer            ;
; WIDTH_BYTEENA_B                    ; 1                     ; Untyped                   ;
; RAM_BLOCK_TYPE                     ; AUTO                  ; Untyped                   ;
; BYTE_SIZE                          ; 8                     ; Untyped                   ;
; READ_DURING_WRITE_MODE_MIXED_PORTS ; DONT_CARE             ; Untyped                   ;
; READ_DURING_WRITE_MODE_PORT_A      ; NEW_DATA_NO_NBE_READ  ; Untyped                   ;
; READ_DURING_WRITE_MODE_PORT_B      ; NEW_DATA_NO_NBE_READ  ; Untyped                   ;
; INIT_FILE                          ; ../ram_call_stack.mif ; Untyped                   ;
; INIT_FILE_LAYOUT                   ; PORT_A                ; Untyped                   ;
; MAXIMUM_DEPTH                      ; 0                     ; Untyped                   ;
; CLOCK_ENABLE_INPUT_A               ; BYPASS                ; Untyped                   ;
; CLOCK_ENABLE_INPUT_B               ; NORMAL                ; Untyped                   ;
; CLOCK_ENABLE_OUTPUT_A              ; BYPASS                ; Untyped                   ;
; CLOCK_ENABLE_OUTPUT_B              ; NORMAL                ; Untyped                   ;
; CLOCK_ENABLE_CORE_A                ; USE_INPUT_CLKEN       ; Untyped                   ;
; CLOCK_ENABLE_CORE_B                ; USE_INPUT_CLKEN       ; Untyped                   ;
; ENABLE_ECC                         ; FALSE                 ; Untyped                   ;
; ECC_PIPELINE_STAGE_ENABLED         ; FALSE                 ; Untyped                   ;
; WIDTH_ECCSTATUS                    ; 3                     ; Untyped                   ;
; DEVICE_FAMILY                      ; Cyclone IV E          ; Untyped                   ;
; CBXI_PARAMETER                     ; altsyncram_abj1       ; Untyped                   ;
+------------------------------------+-----------------------+---------------------------+
Note: In order to hide this table in the UI and the text report file, please set the "Show Parameter Settings in Synthesis Report" option in "Analysis and Synthesis Settings -> More Settings" to "Off".


+-----------------------------------------------------------------------------------------+
; altsyncram Parameter Settings by Entity Instance                                        ;
+-------------------------------------------+---------------------------------------------+
; Name                                      ; Value                                       ;
+-------------------------------------------+---------------------------------------------+
; Number of entity instances                ; 2                                           ;
; Entity Instance                           ; MROM:inst31|altsyncram:altsyncram_component ;
;     -- OPERATION_MODE                     ; ROM                                         ;
;     -- WIDTH_A                            ; 24                                          ;
;     -- NUMWORDS_A                         ; 4096                                        ;
;     -- OUTDATA_REG_A                      ; UNREGISTERED                                ;
;     -- WIDTH_B                            ; 1                                           ;
;     -- NUMWORDS_B                         ; 1                                           ;
;     -- ADDRESS_REG_B                      ; CLOCK1                                      ;
;     -- OUTDATA_REG_B                      ; UNREGISTERED                                ;
;     -- RAM_BLOCK_TYPE                     ; AUTO                                        ;
;     -- READ_DURING_WRITE_MODE_MIXED_PORTS ; DONT_CARE                                   ;
; Entity Instance                           ; MEM:inst9|altsyncram:altsyncram_component   ;
;     -- OPERATION_MODE                     ; SINGLE_PORT                                 ;
;     -- WIDTH_A                            ; 16                                          ;
;     -- NUMWORDS_A                         ; 65536                                       ;
;     -- OUTDATA_REG_A                      ; UNREGISTERED                                ;
;     -- WIDTH_B                            ; 1                                           ;
;     -- NUMWORDS_B                         ; 1                                           ;
;     -- ADDRESS_REG_B                      ; CLOCK1                                      ;
;     -- OUTDATA_REG_B                      ; UNREGISTERED                                ;
;     -- RAM_BLOCK_TYPE                     ; AUTO                                        ;
;     -- READ_DURING_WRITE_MODE_MIXED_PORTS ; DONT_CARE                                   ;
+-------------------------------------------+---------------------------------------------+


+-------------------------------+
; Elapsed Time Per Partition    ;
+----------------+--------------+
; Partition Name ; Elapsed Time ;
+----------------+--------------+
; Top            ; 00:00:01     ;
+----------------+--------------+


+-------------------------------+
; Analysis & Synthesis Messages ;
+-------------------------------+
Info: *******************************************************************
Info: Running Quartus II 64-Bit Analysis & Synthesis
    Info: Version 13.0.1 Build 232 06/12/2013 Service Pack 1 SJ Full Version
    Info: Processing started: Mon Dec 02 20:52:29 2024
Info: Command: quartus_map --read_settings_files=on --write_settings_files=off lab31119 -c lab31119
Info (11104): Parallel Compilation has detected 8 hyper-threaded processors. However, the extra hyper-threaded processors will not be used by default. Parallel Compilation will use 4 of the 4 physical processors detected instead.
Info (12021): Found 1 design units, including 1 entities, in source file lab31119.bdf
    Info (12023): Found entity 1: lab31119
Info (12021): Found 2 design units, including 1 entities, in source file mem.vhd
    Info (12022): Found design unit 1: mem-SYN
    Info (12023): Found entity 1: MEM
Info (12021): Found 2 design units, including 1 entities, in source file mrom.vhd
    Info (12022): Found design unit 1: mrom-SYN
    Info (12023): Found entity 1: MROM
Warning (12019): Can't analyze file -- file Block2.bdf is missing
Info (12021): Found 1 design units, including 1 entities, in source file /altera/222_call_stack/component/div1/block1.bdf
    Info (12023): Found entity 1: Block1
Info (12127): Elaborating entity "lab31119" for the top level hierarchy
Warning (275011): Block or symbol "AND2" of instance "inst17" overlaps another block or symbol
Warning (12125): Using design file /altera/222_call_stack/component/3-8/3-8.bdf, which is not specified as a design file for the current project, but contains definitions for 1 design units and 1 entities in project
    Info (12023): Found entity 1: 3-8
Info (12128): Elaborating entity "3-8" for hierarchy "3-8:inst20"
Warning (275011): Block or symbol "NOT" of instance "inst15" overlaps another block or symbol
Info (12128): Elaborating entity "MROM" for hierarchy "MROM:inst31"
Info (12128): Elaborating entity "altsyncram" for hierarchy "MROM:inst31|altsyncram:altsyncram_component"
Info (12130): Elaborated megafunction instantiation "MROM:inst31|altsyncram:altsyncram_component"
Info (12133): Instantiated megafunction "MROM:inst31|altsyncram:altsyncram_component" with the following parameter:
    Info (12134): Parameter "address_aclr_a" = "NONE"
    Info (12134): Parameter "clock_enable_input_a" = "BYPASS"
    Info (12134): Parameter "clock_enable_output_a" = "BYPASS"
    Info (12134): Parameter "init_file" = "../romlab3.mif"
    Info (12134): Parameter "intended_device_family" = "Cyclone IV E"
    Info (12134): Parameter "lpm_hint" = "ENABLE_RUNTIME_MOD=NO"
    Info (12134): Parameter "lpm_type" = "altsyncram"
    Info (12134): Parameter "numwords_a" = "4096"
    Info (12134): Parameter "operation_mode" = "ROM"
    Info (12134): Parameter "outdata_aclr_a" = "NONE"
    Info (12134): Parameter "outdata_reg_a" = "UNREGISTERED"
    Info (12134): Parameter "widthad_a" = "12"
    Info (12134): Parameter "width_a" = "24"
    Info (12134): Parameter "width_byteena_a" = "1"
Info (12021): Found 1 design units, including 1 entities, in source file db/altsyncram_v8a1.tdf
    Info (12023): Found entity 1: altsyncram_v8a1
Info (12128): Elaborating entity "altsyncram_v8a1" for hierarchy "MROM:inst31|altsyncram:altsyncram_component|altsyncram_v8a1:auto_generated"
Warning (12125): Using design file /altera/222_call_stack/component/upc/upc.bdf, which is not specified as a design file for the current project, but contains definitions for 1 design units and 1 entities in project
    Info (12023): Found entity 1: upc
Info (12128): Elaborating entity "upc" for hierarchy "upc:inst45"
Info (12128): Elaborating entity "74161" for hierarchy "upc:inst45|74161:inst"
Info (12130): Elaborated megafunction instantiation "upc:inst45|74161:inst"
Info (12128): Elaborating entity "f74161" for hierarchy "upc:inst45|74161:inst|f74161:sub"
Info (12131): Elaborated megafunction instantiation "upc:inst45|74161:inst|f74161:sub", which is child of megafunction instantiation "upc:inst45|74161:inst"
Info (12128): Elaborating entity "74161" for hierarchy "upc:inst45|74161:inst2"
Info (12130): Elaborated megafunction instantiation "upc:inst45|74161:inst2"
Warning (12125): Using design file /altera/222_call_stack/component/select6/select6.bdf, which is not specified as a design file for the current project, but contains definitions for 1 design units and 1 entities in project
    Info (12023): Found entity 1: select6
Info (12128): Elaborating entity "select6" for hierarchy "select6:inst33"
Warning (275012): Pin "n13" overlaps another pin, block, or symbol
Warning (275012): Pin "n14" overlaps another pin, block, or symbol
Warning (275009): Pin "n17" not connected
Warning (12125): Using design file /altera/222_call_stack/component/choose_lab3/choose_lab3.bdf, which is not specified as a design file for the current project, but contains definitions for 1 design units and 1 entities in project
    Info (12023): Found entity 1: CHOOSE_LAB3
Info (12128): Elaborating entity "CHOOSE_LAB3" for hierarchy "select6:inst33|CHOOSE_LAB3:inst1"
Warning (12125): Using design file /altera/222_call_stack/component/register/register.bdf, which is not specified as a design file for the current project, but contains definitions for 1 design units and 1 entities in project
    Info (12023): Found entity 1: register
Info (12128): Elaborating entity "register" for hierarchy "register:IR"
Info (12128): Elaborating entity "74273" for hierarchy "register:IR|74273:inst"
Info (12130): Elaborated megafunction instantiation "register:IR|74273:inst"
Warning (12125): Using design file /altera/222_call_stack/component/alulab3/alu_lab3.bdf, which is not specified as a design file for the current project, but contains definitions for 1 design units and 1 entities in project
    Info (12023): Found entity 1: ALU_LAB3
Info (12128): Elaborating entity "ALU_LAB3" for hierarchy "ALU_LAB3:inst10"
Warning (275083): Bus "R2[9]" found using same base name as "R", which might lead to a name conflict.
Warning (275083): Bus "R2[10]" found using same base name as "R", which might lead to a name conflict.
Warning (275083): Bus "R2[11]" found using same base name as "R", which might lead to a name conflict.
Warning (275083): Bus "R2[12]" found using same base name as "R", which might lead to a name conflict.
Warning (275083): Bus "R2[5]" found using same base name as "R", which might lead to a name conflict.
Warning (275083): Bus "R2[6]" found using same base name as "R", which might lead to a name conflict.
Warning (275083): Bus "R2[7]" found using same base name as "R", which might lead to a name conflict.
Warning (275083): Bus "R2[8]" found using same base name as "R", which might lead to a name conflict.
Warning (275083): Bus "R2[1]" found using same base name as "R", which might lead to a name conflict.
Warning (275083): Bus "R2[2]" found using same base name as "R", which might lead to a name conflict.
Warning (275083): Bus "R2[3]" found using same base name as "R", which might lead to a name conflict.
Warning (275083): Bus "R2[4]" found using same base name as "R", which might lead to a name conflict.
Warning (275083): Bus "R2[13]" found using same base name as "R", which might lead to a name conflict.
Warning (275083): Bus "R2[14]" found using same base name as "R", which might lead to a name conflict.
Warning (275083): Bus "R2[15]" found using same base name as "R", which might lead to a name conflict.
Warning (275083): Bus "R2[16]" found using same base name as "R", which might lead to a name conflict.
Warning (275083): Bus "R2[13]" found using same base name as "R", which might lead to a name conflict.
Warning (275083): Bus "R2[14]" found using same base name as "R", which might lead to a name conflict.
Warning (275083): Bus "R2[15]" found using same base name as "R", which might lead to a name conflict.
Warning (275083): Bus "R2[16]" found using same base name as "R", which might lead to a name conflict.
Warning (275083): Bus "R2[1]" found using same base name as "R", which might lead to a name conflict.
Warning (275083): Bus "R2[2]" found using same base name as "R", which might lead to a name conflict.
Warning (275083): Bus "R2[3]" found using same base name as "R", which might lead to a name conflict.
Warning (275083): Bus "R2[4]" found using same base name as "R", which might lead to a name conflict.
Warning (275083): Bus "R2[5]" found using same base name as "R", which might lead to a name conflict.
Warning (275083): Bus "R2[6]" found using same base name as "R", which might lead to a name conflict.
Warning (275083): Bus "R2[7]" found using same base name as "R", which might lead to a name conflict.
Warning (275083): Bus "R2[8]" found using same base name as "R", which might lead to a name conflict.
Warning (275083): Bus "R2[9]" found using same base name as "R", which might lead to a name conflict.
Warning (275083): Bus "R2[10]" found using same base name as "R", which might lead to a name conflict.
Warning (275083): Bus "R2[11]" found using same base name as "R", which might lead to a name conflict.
Warning (275083): Bus "R2[12]" found using same base name as "R", which might lead to a name conflict.
Warning (275083): Bus "R3[1]" found using same base name as "R", which might lead to a name conflict.
Warning (275083): Bus "R3[2]" found using same base name as "R", which might lead to a name conflict.
Warning (275083): Bus "R3[3]" found using same base name as "R", which might lead to a name conflict.
Warning (275083): Bus "R3[4]" found using same base name as "R", which might lead to a name conflict.
Warning (275083): Bus "R3[5]" found using same base name as "R", which might lead to a name conflict.
Warning (275083): Bus "R3[6]" found using same base name as "R", which might lead to a name conflict.
Warning (275083): Bus "R3[7]" found using same base name as "R", which might lead to a name conflict.
Warning (275083): Bus "R3[8]" found using same base name as "R", which might lead to a name conflict.
Warning (275083): Bus "R3[9]" found using same base name as "R", which might lead to a name conflict.
Warning (275083): Bus "R3[10]" found using same base name as "R", which might lead to a name conflict.
Warning (275083): Bus "R3[11]" found using same base name as "R", which might lead to a name conflict.
Warning (275083): Bus "R3[12]" found using same base name as "R", which might lead to a name conflict.
Warning (275083): Bus "R3[13]" found using same base name as "R", which might lead to a name conflict.
Warning (275083): Bus "R3[14]" found using same base name as "R", which might lead to a name conflict.
Warning (275083): Bus "R3[15]" found using same base name as "R", which might lead to a name conflict.
Warning (275083): Bus "R3[16]" found using same base name as "R", which might lead to a name conflict.
Warning (275083): Bus "R3[1]" found using same base name as "R", which might lead to a name conflict.
Warning (275083): Bus "R3[2]" found using same base name as "R", which might lead to a name conflict.
Warning (275083): Bus "R3[3]" found using same base name as "R", which might lead to a name conflict.
Warning (275083): Bus "R3[4]" found using same base name as "R", which might lead to a name conflict.
Warning (275083): Bus "R3[5]" found using same base name as "R", which might lead to a name conflict.
Warning (275083): Bus "R3[6]" found using same base name as "R", which might lead to a name conflict.
Warning (275083): Bus "R3[7]" found using same base name as "R", which might lead to a name conflict.
Warning (275083): Bus "R3[8]" found using same base name as "R", which might lead to a name conflict.
Warning (275083): Bus "R3[9]" found using same base name as "R", which might lead to a name conflict.
Warning (275083): Bus "R3[10]" found using same base name as "R", which might lead to a name conflict.
Warning (275083): Bus "R3[11]" found using same base name as "R", which might lead to a name conflict.
Warning (275083): Bus "R3[12]" found using same base name as "R", which might lead to a name conflict.
Warning (275083): Bus "R3[13]" found using same base name as "R", which might lead to a name conflict.
Warning (275083): Bus "R3[14]" found using same base name as "R", which might lead to a name conflict.
Warning (275083): Bus "R3[15]" found using same base name as "R", which might lead to a name conflict.
Warning (275083): Bus "R3[16]" found using same base name as "R", which might lead to a name conflict.
Warning (275080): Converted elements in bus name "R" using legacy naming rules. Make any assignments on the new names, not on the original names.
    Warning (275081): Converted element name(s) from "R[8]" to "R8"
    Warning (275081): Converted element name(s) from "R[7]" to "R7"
    Warning (275081): Converted element name(s) from "R[9]" to "R9"
    Warning (275081): Converted element name(s) from "R[10]" to "R10"
    Warning (275081): Converted element name(s) from "R[11]" to "R11"
    Warning (275081): Converted element name(s) from "R[12]" to "R12"
    Warning (275081): Converted element name(s) from "R[5]" to "R5"
    Warning (275081): Converted element name(s) from "R[6]" to "R6"
    Warning (275081): Converted element name(s) from "R[13]" to "R13"
    Warning (275081): Converted element name(s) from "R[1]" to "R1"
    Warning (275081): Converted element name(s) from "R[2]" to "R2"
    Warning (275081): Converted element name(s) from "R[0]" to "R0"
    Warning (275081): Converted element name(s) from "R[3]" to "R3"
    Warning (275081): Converted element name(s) from "R[4]" to "R4"
    Warning (275081): Converted element name(s) from "R[14]" to "R14"
    Warning (275081): Converted element name(s) from "R[15]" to "R15"
    Warning (275081): Converted element name(s) from "R[14]" to "R14"
    Warning (275081): Converted element name(s) from "R[15]" to "R15"
    Warning (275081): Converted element name(s) from "R[0]" to "R0"
    Warning (275081): Converted element name(s) from "R[1]" to "R1"
    Warning (275081): Converted element name(s) from "R[2]" to "R2"
    Warning (275081): Converted element name(s) from "R[3]" to "R3"
    Warning (275081): Converted element name(s) from "R[4]" to "R4"
    Warning (275081): Converted element name(s) from "R[5]" to "R5"
    Warning (275081): Converted element name(s) from "R[6]" to "R6"
    Warning (275081): Converted element name(s) from "R[7]" to "R7"
    Warning (275081): Converted element name(s) from "R[8]" to "R8"
    Warning (275081): Converted element name(s) from "R[9]" to "R9"
    Warning (275081): Converted element name(s) from "R[10]" to "R10"
    Warning (275081): Converted element name(s) from "R[11]" to "R11"
    Warning (275081): Converted element name(s) from "R[12]" to "R12"
    Warning (275081): Converted element name(s) from "R[13]" to "R13"
Warning (275080): Converted elements in bus name "R2" using legacy naming rules. Make any assignments on the new names, not on the original names.
    Warning (275081): Converted element name(s) from "R2[9]" to "R29"
    Warning (275081): Converted element name(s) from "R2[10]" to "R210"
    Warning (275081): Converted element name(s) from "R2[11]" to "R211"
    Warning (275081): Converted element name(s) from "R2[12]" to "R212"
    Warning (275081): Converted element name(s) from "R2[5]" to "R25"
    Warning (275081): Converted element name(s) from "R2[6]" to "R26"
    Warning (275081): Converted element name(s) from "R2[7]" to "R27"
    Warning (275081): Converted element name(s) from "R2[8]" to "R28"
    Warning (275081): Converted element name(s) from "R2[1]" to "R21"
    Warning (275081): Converted element name(s) from "R2[2]" to "R22"
    Warning (275081): Converted element name(s) from "R2[3]" to "R23"
    Warning (275081): Converted element name(s) from "R2[4]" to "R24"
    Warning (275081): Converted element name(s) from "R2[13]" to "R213"
    Warning (275081): Converted element name(s) from "R2[14]" to "R214"
    Warning (275081): Converted element name(s) from "R2[15]" to "R215"
    Warning (275081): Converted element name(s) from "R2[16]" to "R216"
    Warning (275081): Converted element name(s) from "R2[13]" to "R213"
    Warning (275081): Converted element name(s) from "R2[14]" to "R214"
    Warning (275081): Converted element name(s) from "R2[15]" to "R215"
    Warning (275081): Converted element name(s) from "R2[16]" to "R216"
    Warning (275081): Converted element name(s) from "R2[1]" to "R21"
    Warning (275081): Converted element name(s) from "R2[2]" to "R22"
    Warning (275081): Converted element name(s) from "R2[3]" to "R23"
    Warning (275081): Converted element name(s) from "R2[4]" to "R24"
    Warning (275081): Converted element name(s) from "R2[5]" to "R25"
    Warning (275081): Converted element name(s) from "R2[6]" to "R26"
    Warning (275081): Converted element name(s) from "R2[7]" to "R27"
    Warning (275081): Converted element name(s) from "R2[8]" to "R28"
    Warning (275081): Converted element name(s) from "R2[9]" to "R29"
    Warning (275081): Converted element name(s) from "R2[10]" to "R210"
    Warning (275081): Converted element name(s) from "R2[11]" to "R211"
    Warning (275081): Converted element name(s) from "R2[12]" to "R212"
Warning (275080): Converted elements in bus name "R3" using legacy naming rules. Make any assignments on the new names, not on the original names.
    Warning (275081): Converted element name(s) from "R3[1]" to "R31"
    Warning (275081): Converted element name(s) from "R3[2]" to "R32"
    Warning (275081): Converted element name(s) from "R3[3]" to "R33"
    Warning (275081): Converted element name(s) from "R3[4]" to "R34"
    Warning (275081): Converted element name(s) from "R3[5]" to "R35"
    Warning (275081): Converted element name(s) from "R3[6]" to "R36"
    Warning (275081): Converted element name(s) from "R3[7]" to "R37"
    Warning (275081): Converted element name(s) from "R3[8]" to "R38"
    Warning (275081): Converted element name(s) from "R3[9]" to "R39"
    Warning (275081): Converted element name(s) from "R3[10]" to "R310"
    Warning (275081): Converted element name(s) from "R3[11]" to "R311"
    Warning (275081): Converted element name(s) from "R3[12]" to "R312"
    Warning (275081): Converted element name(s) from "R3[13]" to "R313"
    Warning (275081): Converted element name(s) from "R3[14]" to "R314"
    Warning (275081): Converted element name(s) from "R3[15]" to "R315"
    Warning (275081): Converted element name(s) from "R3[16]" to "R316"
    Warning (275081): Converted element name(s) from "R3[1]" to "R31"
    Warning (275081): Converted element name(s) from "R3[2]" to "R32"
    Warning (275081): Converted element name(s) from "R3[3]" to "R33"
    Warning (275081): Converted element name(s) from "R3[4]" to "R34"
    Warning (275081): Converted element name(s) from "R3[5]" to "R35"
    Warning (275081): Converted element name(s) from "R3[6]" to "R36"
    Warning (275081): Converted element name(s) from "R3[7]" to "R37"
    Warning (275081): Converted element name(s) from "R3[8]" to "R38"
    Warning (275081): Converted element name(s) from "R3[9]" to "R39"
    Warning (275081): Converted element name(s) from "R3[10]" to "R310"
    Warning (275081): Converted element name(s) from "R3[11]" to "R311"
    Warning (275081): Converted element name(s) from "R3[12]" to "R312"
    Warning (275081): Converted element name(s) from "R3[13]" to "R313"
    Warning (275081): Converted element name(s) from "R3[14]" to "R314"
    Warning (275081): Converted element name(s) from "R3[15]" to "R315"
    Warning (275081): Converted element name(s) from "R3[16]" to "R316"
Info (12128): Elaborating entity "74181" for hierarchy "ALU_LAB3:inst10|74181:alu4"
Info (12130): Elaborated megafunction instantiation "ALU_LAB3:inst10|74181:alu4"
Warning (12125): Using design file /altera/222_call_stack/component/metrix/metrix.bdf, which is not specified as a design file for the current project, but contains definitions for 1 design units and 1 entities in project
    Info (12023): Found entity 1: METRIX
Info (12128): Elaborating entity "METRIX" for hierarchy "ALU_LAB3:inst10|METRIX:mul_lab3"
Warning (12125): Using design file /altera/222_call_stack/component/cell/cell.bdf, which is not specified as a design file for the current project, but contains definitions for 1 design units and 1 entities in project
    Info (12023): Found entity 1: cell
Info (12128): Elaborating entity "cell" for hierarchy "ALU_LAB3:inst10|METRIX:mul_lab3|cell:inst"
Warning (12125): Using design file /altera/222_call_stack/component/fa/fa.bdf, which is not specified as a design file for the current project, but contains definitions for 1 design units and 1 entities in project
    Info (12023): Found entity 1: FA
Info (12128): Elaborating entity "FA" for hierarchy "ALU_LAB3:inst10|METRIX:mul_lab3|cell:inst|FA:inst"
Info (12128): Elaborating entity "7482" for hierarchy "ALU_LAB3:inst10|METRIX:mul_lab3|cell:inst|FA:inst|7482:inst"
Info (12130): Elaborated megafunction instantiation "ALU_LAB3:inst10|METRIX:mul_lab3|cell:inst|FA:inst|7482:inst"
Warning (12125): Using design file /altera/222_call_stack/component/div1/chufa.bdf, which is not specified as a design file for the current project, but contains definitions for 1 design units and 1 entities in project
    Info (12023): Found entity 1: chufa
Info (12128): Elaborating entity "chufa" for hierarchy "ALU_LAB3:inst10|chufa:inst7"
Warning (275080): Converted elements in bus name "business" using legacy naming rules. Make any assignments on the new names, not on the original names.
    Warning (275081): Converted element name(s) from "business[15]" to "business15"
    Warning (275081): Converted element name(s) from "business[14]" to "business14"
    Warning (275081): Converted element name(s) from "business[13]" to "business13"
    Warning (275081): Converted element name(s) from "business[12]" to "business12"
    Warning (275081): Converted element name(s) from "business[11]" to "business11"
    Warning (275081): Converted element name(s) from "business[10]" to "business10"
    Warning (275081): Converted element name(s) from "business[9]" to "business9"
    Warning (275081): Converted element name(s) from "business[8]" to "business8"
    Warning (275081): Converted element name(s) from "business[7]" to "business7"
    Warning (275081): Converted element name(s) from "business[6]" to "business6"
    Warning (275081): Converted element name(s) from "business[5]" to "business5"
    Warning (275081): Converted element name(s) from "business[4]" to "business4"
    Warning (275081): Converted element name(s) from "business[3]" to "business3"
    Warning (275081): Converted element name(s) from "business[2]" to "business2"
    Warning (275081): Converted element name(s) from "business[1]" to "business1"
    Warning (275081): Converted element name(s) from "business[15]" to "business15"
    Warning (275081): Converted element name(s) from "business[14]" to "business14"
    Warning (275081): Converted element name(s) from "business[13]" to "business13"
    Warning (275081): Converted element name(s) from "business[12]" to "business12"
    Warning (275081): Converted element name(s) from "business[11]" to "business11"
    Warning (275081): Converted element name(s) from "business[10]" to "business10"
    Warning (275081): Converted element name(s) from "business[9]" to "business9"
    Warning (275081): Converted element name(s) from "business[8]" to "business8"
    Warning (275081): Converted element name(s) from "business[7]" to "business7"
    Warning (275081): Converted element name(s) from "business[6]" to "business6"
    Warning (275081): Converted element name(s) from "business[5]" to "business5"
    Warning (275081): Converted element name(s) from "business[4]" to "business4"
    Warning (275081): Converted element name(s) from "business[3]" to "business3"
    Warning (275081): Converted element name(s) from "business[2]" to "business2"
    Warning (275081): Converted element name(s) from "business[1]" to "business1"
    Warning (275081): Converted element name(s) from "business[0]" to "business0"
    Warning (275081): Converted element name(s) from "business[15..0]" to "business15..0"
    Warning (275081): Converted element name(s) from "business[0]" to "business0"
Warning (275080): Converted elements in bus name "denom" using legacy naming rules. Make any assignments on the new names, not on the original names.
    Warning (275081): Converted element name(s) from "denom[7]" to "denom7"
    Warning (275081): Converted element name(s) from "denom[6]" to "denom6"
    Warning (275081): Converted element name(s) from "denom[5]" to "denom5"
    Warning (275081): Converted element name(s) from "denom[4]" to "denom4"
    Warning (275081): Converted element name(s) from "denom[3]" to "denom3"
    Warning (275081): Converted element name(s) from "denom[2]" to "denom2"
    Warning (275081): Converted element name(s) from "denom[1]" to "denom1"
    Warning (275081): Converted element name(s) from "denom[0]" to "denom0"
    Warning (275081): Converted element name(s) from "denom[7]" to "denom7"
    Warning (275081): Converted element name(s) from "denom[6]" to "denom6"
    Warning (275081): Converted element name(s) from "denom[5]" to "denom5"
    Warning (275081): Converted element name(s) from "denom[4]" to "denom4"
    Warning (275081): Converted element name(s) from "denom[3]" to "denom3"
    Warning (275081): Converted element name(s) from "denom[2]" to "denom2"
    Warning (275081): Converted element name(s) from "denom[1]" to "denom1"
    Warning (275081): Converted element name(s) from "denom[0]" to "denom0"
    Warning (275081): Converted element name(s) from "denom[7..0]" to "denom7..0"
Warning (275080): Converted elements in bus name "numerator" using legacy naming rules. Make any assignments on the new names, not on the original names.
    Warning (275081): Converted element name(s) from "numerator[1]" to "numerator1"
    Warning (275081): Converted element name(s) from "numerator[2]" to "numerator2"
    Warning (275081): Converted element name(s) from "numerator[3]" to "numerator3"
    Warning (275081): Converted element name(s) from "numerator[4]" to "numerator4"
    Warning (275081): Converted element name(s) from "numerator[5]" to "numerator5"
    Warning (275081): Converted element name(s) from "numerator[6]" to "numerator6"
    Warning (275081): Converted element name(s) from "numerator[7]" to "numerator7"
    Warning (275081): Converted element name(s) from "numerator[8]" to "numerator8"
    Warning (275081): Converted element name(s) from "numerator[9]" to "numerator9"
    Warning (275081): Converted element name(s) from "numerator[10]" to "numerator10"
    Warning (275081): Converted element name(s) from "numerator[11]" to "numerator11"
    Warning (275081): Converted element name(s) from "numerator[12]" to "numerator12"
    Warning (275081): Converted element name(s) from "numerator[13]" to "numerator13"
    Warning (275081): Converted element name(s) from "numerator[14]" to "numerator14"
    Warning (275081): Converted element name(s) from "numerator[15]" to "numerator15"
    Warning (275081): Converted element name(s) from "numerator[15..0]" to "numerator15..0"
    Warning (275081): Converted element name(s) from "numerator[15]" to "numerator15"
    Warning (275081): Converted element name(s) from "numerator[0]" to "numerator0"
    Warning (275081): Converted element name(s) from "numerator[1]" to "numerator1"
    Warning (275081): Converted element name(s) from "numerator[2]" to "numerator2"
    Warning (275081): Converted element name(s) from "numerator[3]" to "numerator3"
    Warning (275081): Converted element name(s) from "numerator[4]" to "numerator4"
    Warning (275081): Converted element name(s) from "numerator[5]" to "numerator5"
    Warning (275081): Converted element name(s) from "numerator[6]" to "numerator6"
    Warning (275081): Converted element name(s) from "numerator[7]" to "numerator7"
    Warning (275081): Converted element name(s) from "numerator[8]" to "numerator8"
    Warning (275081): Converted element name(s) from "numerator[9]" to "numerator9"
    Warning (275081): Converted element name(s) from "numerator[10]" to "numerator10"
    Warning (275081): Converted element name(s) from "numerator[11]" to "numerator11"
    Warning (275081): Converted element name(s) from "numerator[12]" to "numerator12"
    Warning (275081): Converted element name(s) from "numerator[13]" to "numerator13"
    Warning (275081): Converted element name(s) from "numerator[14]" to "numerator14"
    Warning (275081): Converted element name(s) from "numerator[0]" to "numerator0"
Warning (275080): Converted elements in bus name "remain" using legacy naming rules. Make any assignments on the new names, not on the original names.
    Warning (275081): Converted element name(s) from "remain[7..0]" to "remain7..0"
    Warning (275081): Converted element name(s) from "remain[7]" to "remain7"
    Warning (275081): Converted element name(s) from "remain[6]" to "remain6"
    Warning (275081): Converted element name(s) from "remain[5]" to "remain5"
    Warning (275081): Converted element name(s) from "remain[4]" to "remain4"
    Warning (275081): Converted element name(s) from "remain[3]" to "remain3"
    Warning (275081): Converted element name(s) from "remain[2]" to "remain2"
    Warning (275081): Converted element name(s) from "remain[1]" to "remain1"
    Warning (275081): Converted element name(s) from "remain[0]" to "remain0"
    Warning (275081): Converted element name(s) from "remain[5]" to "remain5"
    Warning (275081): Converted element name(s) from "remain[4]" to "remain4"
    Warning (275081): Converted element name(s) from "remain[3]" to "remain3"
    Warning (275081): Converted element name(s) from "remain[2]" to "remain2"
    Warning (275081): Converted element name(s) from "remain[1]" to "remain1"
    Warning (275081): Converted element name(s) from "remain[0]" to "remain0"
    Warning (275081): Converted element name(s) from "remain[6]" to "remain6"
    Warning (275081): Converted element name(s) from "remain[7]" to "remain7"
Warning (12125): Using design file /altera/222_call_stack/component/div1/div2.vhd, which is not specified as a design file for the current project, but contains definitions for 2 design units and 1 entities in project
    Info (12022): Found design unit 1: div2-SYN
    Info (12023): Found entity 1: DIV2
Info (12128): Elaborating entity "DIV2" for hierarchy "ALU_LAB3:inst10|chufa:inst7|DIV2:inst1"
Info (12128): Elaborating entity "lpm_divide" for hierarchy "ALU_LAB3:inst10|chufa:inst7|DIV2:inst1|lpm_divide:LPM_DIVIDE_component"
Info (12130): Elaborated megafunction instantiation "ALU_LAB3:inst10|chufa:inst7|DIV2:inst1|lpm_divide:LPM_DIVIDE_component"
Info (12133): Instantiated megafunction "ALU_LAB3:inst10|chufa:inst7|DIV2:inst1|lpm_divide:LPM_DIVIDE_component" with the following parameter:
    Info (12134): Parameter "lpm_drepresentation" = "UNSIGNED"
    Info (12134): Parameter "lpm_hint" = "LPM_REMAINDERPOSITIVE=TRUE"
    Info (12134): Parameter "lpm_nrepresentation" = "UNSIGNED"
    Info (12134): Parameter "lpm_type" = "LPM_DIVIDE"
    Info (12134): Parameter "lpm_widthd" = "8"
    Info (12134): Parameter "lpm_widthn" = "16"
Info (12021): Found 1 design units, including 1 entities, in source file db/lpm_divide_l1q.tdf
    Info (12023): Found entity 1: lpm_divide_l1q
Info (12128): Elaborating entity "lpm_divide_l1q" for hierarchy "ALU_LAB3:inst10|chufa:inst7|DIV2:inst1|lpm_divide:LPM_DIVIDE_component|lpm_divide_l1q:auto_generated"
Info (12021): Found 1 design units, including 1 entities, in source file db/sign_div_unsign_ulh.tdf
    Info (12023): Found entity 1: sign_div_unsign_ulh
Info (12128): Elaborating entity "sign_div_unsign_ulh" for hierarchy "ALU_LAB3:inst10|chufa:inst7|DIV2:inst1|lpm_divide:LPM_DIVIDE_component|lpm_divide_l1q:auto_generated|sign_div_unsign_ulh:divider"
Info (12021): Found 1 design units, including 1 entities, in source file db/alt_u_div_g7f.tdf
    Info (12023): Found entity 1: alt_u_div_g7f
Info (12128): Elaborating entity "alt_u_div_g7f" for hierarchy "ALU_LAB3:inst10|chufa:inst7|DIV2:inst1|lpm_divide:LPM_DIVIDE_component|lpm_divide_l1q:auto_generated|sign_div_unsign_ulh:divider|alt_u_div_g7f:divider"
Info (12021): Found 1 design units, including 1 entities, in source file db/add_sub_7pc.tdf
    Info (12023): Found entity 1: add_sub_7pc
Info (12128): Elaborating entity "add_sub_7pc" for hierarchy "ALU_LAB3:inst10|chufa:inst7|DIV2:inst1|lpm_divide:LPM_DIVIDE_component|lpm_divide_l1q:auto_generated|sign_div_unsign_ulh:divider|alt_u_div_g7f:divider|add_sub_7pc:add_sub_0"
Info (12021): Found 1 design units, including 1 entities, in source file db/add_sub_8pc.tdf
    Info (12023): Found entity 1: add_sub_8pc
Info (12128): Elaborating entity "add_sub_8pc" for hierarchy "ALU_LAB3:inst10|chufa:inst7|DIV2:inst1|lpm_divide:LPM_DIVIDE_component|lpm_divide_l1q:auto_generated|sign_div_unsign_ulh:divider|alt_u_div_g7f:divider|add_sub_8pc:add_sub_1"
Info (12128): Elaborating entity "74198" for hierarchy "ALU_LAB3:inst10|74198:inst1"
Info (12130): Elaborated megafunction instantiation "ALU_LAB3:inst10|74198:inst1"
Warning (12125): Using design file /altera/222_call_stack/component/2-4/2-4.bdf, which is not specified as a design file for the current project, but contains definitions for 1 design units and 1 entities in project
    Info (12023): Found entity 1: 2-4
Info (12128): Elaborating entity "2-4" for hierarchy "2-4:inst28"
Info (12128): Elaborating entity "MEM" for hierarchy "MEM:inst9"
Info (12128): Elaborating entity "altsyncram" for hierarchy "MEM:inst9|altsyncram:altsyncram_component"
Info (12130): Elaborated megafunction instantiation "MEM:inst9|altsyncram:altsyncram_component"
Info (12133): Instantiated megafunction "MEM:inst9|altsyncram:altsyncram_component" with the following parameter:
    Info (12134): Parameter "clock_enable_input_a" = "BYPASS"
    Info (12134): Parameter "clock_enable_output_a" = "BYPASS"
    Info (12134): Parameter "init_file" = "../ram_call_stack.mif"
    Info (12134): Parameter "intended_device_family" = "Cyclone IV E"
    Info (12134): Parameter "lpm_hint" = "ENABLE_RUNTIME_MOD=NO"
    Info (12134): Parameter "lpm_type" = "altsyncram"
    Info (12134): Parameter "numwords_a" = "65536"
    Info (12134): Parameter "operation_mode" = "SINGLE_PORT"
    Info (12134): Parameter "outdata_aclr_a" = "NONE"
    Info (12134): Parameter "outdata_reg_a" = "UNREGISTERED"
    Info (12134): Parameter "power_up_uninitialized" = "FALSE"
    Info (12134): Parameter "read_during_write_mode_port_a" = "NEW_DATA_NO_NBE_READ"
    Info (12134): Parameter "widthad_a" = "16"
    Info (12134): Parameter "width_a" = "16"
    Info (12134): Parameter "width_byteena_a" = "1"
Info (12021): Found 1 design units, including 1 entities, in source file db/altsyncram_abj1.tdf
    Info (12023): Found entity 1: altsyncram_abj1
Info (12128): Elaborating entity "altsyncram_abj1" for hierarchy "MEM:inst9|altsyncram:altsyncram_component|altsyncram_abj1:auto_generated"
Info (12021): Found 1 design units, including 1 entities, in source file db/decode_rsa.tdf
    Info (12023): Found entity 1: decode_rsa
Info (12128): Elaborating entity "decode_rsa" for hierarchy "MEM:inst9|altsyncram:altsyncram_component|altsyncram_abj1:auto_generated|decode_rsa:decode3"
Info (12021): Found 1 design units, including 1 entities, in source file db/decode_k8a.tdf
    Info (12023): Found entity 1: decode_k8a
Info (12128): Elaborating entity "decode_k8a" for hierarchy "MEM:inst9|altsyncram:altsyncram_component|altsyncram_abj1:auto_generated|decode_k8a:rden_decode"
Info (12021): Found 1 design units, including 1 entities, in source file db/mux_qob.tdf
    Info (12023): Found entity 1: mux_qob
Info (12128): Elaborating entity "mux_qob" for hierarchy "MEM:inst9|altsyncram:altsyncram_component|altsyncram_abj1:auto_generated|mux_qob:mux2"
Warning (14284): Synthesized away the following node(s):
    Warning (14285): Synthesized away the following RAM node(s):
        Warning (14320): Synthesized away node "MROM:inst31|altsyncram:altsyncram_component|altsyncram_v8a1:auto_generated|q_a[5]"
        Warning (14320): Synthesized away node "MROM:inst31|altsyncram:altsyncram_component|altsyncram_v8a1:auto_generated|q_a[7]"
        Warning (14320): Synthesized away node "MEM:inst9|altsyncram:altsyncram_component|altsyncram_abj1:auto_generated|ram_block1a16"
        Warning (14320): Synthesized away node "MEM:inst9|altsyncram:altsyncram_component|altsyncram_abj1:auto_generated|ram_block1a17"
        Warning (14320): Synthesized away node "MEM:inst9|altsyncram:altsyncram_component|altsyncram_abj1:auto_generated|ram_block1a18"
        Warning (14320): Synthesized away node "MEM:inst9|altsyncram:altsyncram_component|altsyncram_abj1:auto_generated|ram_block1a19"
        Warning (14320): Synthesized away node "MEM:inst9|altsyncram:altsyncram_component|altsyncram_abj1:auto_generated|ram_block1a20"
        Warning (14320): Synthesized away node "MEM:inst9|altsyncram:altsyncram_component|altsyncram_abj1:auto_generated|ram_block1a21"
        Warning (14320): Synthesized away node "MEM:inst9|altsyncram:altsyncram_component|altsyncram_abj1:auto_generated|ram_block1a22"
        Warning (14320): Synthesized away node "MEM:inst9|altsyncram:altsyncram_component|altsyncram_abj1:auto_generated|ram_block1a23"
        Warning (14320): Synthesized away node "MEM:inst9|altsyncram:altsyncram_component|altsyncram_abj1:auto_generated|ram_block1a24"
        Warning (14320): Synthesized away node "MEM:inst9|altsyncram:altsyncram_component|altsyncram_abj1:auto_generated|ram_block1a25"
        Warning (14320): Synthesized away node "MEM:inst9|altsyncram:altsyncram_component|altsyncram_abj1:auto_generated|ram_block1a26"
        Warning (14320): Synthesized away node "MEM:inst9|altsyncram:altsyncram_component|altsyncram_abj1:auto_generated|ram_block1a27"
        Warning (14320): Synthesized away node "MEM:inst9|altsyncram:altsyncram_component|altsyncram_abj1:auto_generated|ram_block1a28"
        Warning (14320): Synthesized away node "MEM:inst9|altsyncram:altsyncram_component|altsyncram_abj1:auto_generated|ram_block1a29"
        Warning (14320): Synthesized away node "MEM:inst9|altsyncram:altsyncram_component|altsyncram_abj1:auto_generated|ram_block1a30"
        Warning (14320): Synthesized away node "MEM:inst9|altsyncram:altsyncram_component|altsyncram_abj1:auto_generated|ram_block1a31"
        Warning (14320): Synthesized away node "MEM:inst9|altsyncram:altsyncram_component|altsyncram_abj1:auto_generated|ram_block1a32"
        Warning (14320): Synthesized away node "MEM:inst9|altsyncram:altsyncram_component|altsyncram_abj1:auto_generated|ram_block1a33"
        Warning (14320): Synthesized away node "MEM:inst9|altsyncram:altsyncram_component|altsyncram_abj1:auto_generated|ram_block1a34"
        Warning (14320): Synthesized away node "MEM:inst9|altsyncram:altsyncram_component|altsyncram_abj1:auto_generated|ram_block1a35"
        Warning (14320): Synthesized away node "MEM:inst9|altsyncram:altsyncram_component|altsyncram_abj1:auto_generated|ram_block1a36"
        Warning (14320): Synthesized away node "MEM:inst9|altsyncram:altsyncram_component|altsyncram_abj1:auto_generated|ram_block1a37"
        Warning (14320): Synthesized away node "MEM:inst9|altsyncram:altsyncram_component|altsyncram_abj1:auto_generated|ram_block1a38"
        Warning (14320): Synthesized away node "MEM:inst9|altsyncram:altsyncram_component|altsyncram_abj1:auto_generated|ram_block1a39"
        Warning (14320): Synthesized away node "MEM:inst9|altsyncram:altsyncram_component|altsyncram_abj1:auto_generated|ram_block1a40"
        Warning (14320): Synthesized away node "MEM:inst9|altsyncram:altsyncram_component|altsyncram_abj1:auto_generated|ram_block1a41"
        Warning (14320): Synthesized away node "MEM:inst9|altsyncram:altsyncram_component|altsyncram_abj1:auto_generated|ram_block1a42"
        Warning (14320): Synthesized away node "MEM:inst9|altsyncram:altsyncram_component|altsyncram_abj1:auto_generated|ram_block1a43"
        Warning (14320): Synthesized away node "MEM:inst9|altsyncram:altsyncram_component|altsyncram_abj1:auto_generated|ram_block1a44"
        Warning (14320): Synthesized away node "MEM:inst9|altsyncram:altsyncram_component|altsyncram_abj1:auto_generated|ram_block1a45"
        Warning (14320): Synthesized away node "MEM:inst9|altsyncram:altsyncram_component|altsyncram_abj1:auto_generated|ram_block1a46"
        Warning (14320): Synthesized away node "MEM:inst9|altsyncram:altsyncram_component|altsyncram_abj1:auto_generated|ram_block1a47"
        Warning (14320): Synthesized away node "MEM:inst9|altsyncram:altsyncram_component|altsyncram_abj1:auto_generated|ram_block1a48"
        Warning (14320): Synthesized away node "MEM:inst9|altsyncram:altsyncram_component|altsyncram_abj1:auto_generated|ram_block1a49"
        Warning (14320): Synthesized away node "MEM:inst9|altsyncram:altsyncram_component|altsyncram_abj1:auto_generated|ram_block1a50"
        Warning (14320): Synthesized away node "MEM:inst9|altsyncram:altsyncram_component|altsyncram_abj1:auto_generated|ram_block1a51"
        Warning (14320): Synthesized away node "MEM:inst9|altsyncram:altsyncram_component|altsyncram_abj1:auto_generated|ram_block1a52"
        Warning (14320): Synthesized away node "MEM:inst9|altsyncram:altsyncram_component|altsyncram_abj1:auto_generated|ram_block1a53"
        Warning (14320): Synthesized away node "MEM:inst9|altsyncram:altsyncram_component|altsyncram_abj1:auto_generated|ram_block1a54"
        Warning (14320): Synthesized away node "MEM:inst9|altsyncram:altsyncram_component|altsyncram_abj1:auto_generated|ram_block1a55"
        Warning (14320): Synthesized away node "MEM:inst9|altsyncram:altsyncram_component|altsyncram_abj1:auto_generated|ram_block1a56"
        Warning (14320): Synthesized away node "MEM:inst9|altsyncram:altsyncram_component|altsyncram_abj1:auto_generated|ram_block1a57"
        Warning (14320): Synthesized away node "MEM:inst9|altsyncram:altsyncram_component|altsyncram_abj1:auto_generated|ram_block1a58"
        Warning (14320): Synthesized away node "MEM:inst9|altsyncram:altsyncram_component|altsyncram_abj1:auto_generated|ram_block1a59"
        Warning (14320): Synthesized away node "MEM:inst9|altsyncram:altsyncram_component|altsyncram_abj1:auto_generated|ram_block1a60"
        Warning (14320): Synthesized away node "MEM:inst9|altsyncram:altsyncram_component|altsyncram_abj1:auto_generated|ram_block1a61"
        Warning (14320): Synthesized away node "MEM:inst9|altsyncram:altsyncram_component|altsyncram_abj1:auto_generated|ram_block1a62"
        Warning (14320): Synthesized away node "MEM:inst9|altsyncram:altsyncram_component|altsyncram_abj1:auto_generated|ram_block1a63"
        Warning (14320): Synthesized away node "MEM:inst9|altsyncram:altsyncram_component|altsyncram_abj1:auto_generated|ram_block1a64"
        Warning (14320): Synthesized away node "MEM:inst9|altsyncram:altsyncram_component|altsyncram_abj1:auto_generated|ram_block1a65"
        Warning (14320): Synthesized away node "MEM:inst9|altsyncram:altsyncram_component|altsyncram_abj1:auto_generated|ram_block1a66"
        Warning (14320): Synthesized away node "MEM:inst9|altsyncram:altsyncram_component|altsyncram_abj1:auto_generated|ram_block1a67"
        Warning (14320): Synthesized away node "MEM:inst9|altsyncram:altsyncram_component|altsyncram_abj1:auto_generated|ram_block1a68"
        Warning (14320): Synthesized away node "MEM:inst9|altsyncram:altsyncram_component|altsyncram_abj1:auto_generated|ram_block1a69"
        Warning (14320): Synthesized away node "MEM:inst9|altsyncram:altsyncram_component|altsyncram_abj1:auto_generated|ram_block1a70"
        Warning (14320): Synthesized away node "MEM:inst9|altsyncram:altsyncram_component|altsyncram_abj1:auto_generated|ram_block1a71"
        Warning (14320): Synthesized away node "MEM:inst9|altsyncram:altsyncram_component|altsyncram_abj1:auto_generated|ram_block1a72"
        Warning (14320): Synthesized away node "MEM:inst9|altsyncram:altsyncram_component|altsyncram_abj1:auto_generated|ram_block1a73"
        Warning (14320): Synthesized away node "MEM:inst9|altsyncram:altsyncram_component|altsyncram_abj1:auto_generated|ram_block1a74"
        Warning (14320): Synthesized away node "MEM:inst9|altsyncram:altsyncram_component|altsyncram_abj1:auto_generated|ram_block1a75"
        Warning (14320): Synthesized away node "MEM:inst9|altsyncram:altsyncram_component|altsyncram_abj1:auto_generated|ram_block1a76"
        Warning (14320): Synthesized away node "MEM:inst9|altsyncram:altsyncram_component|altsyncram_abj1:auto_generated|ram_block1a77"
        Warning (14320): Synthesized away node "MEM:inst9|altsyncram:altsyncram_component|altsyncram_abj1:auto_generated|ram_block1a78"
        Warning (14320): Synthesized away node "MEM:inst9|altsyncram:altsyncram_component|altsyncram_abj1:auto_generated|ram_block1a79"
        Warning (14320): Synthesized away node "MEM:inst9|altsyncram:altsyncram_component|altsyncram_abj1:auto_generated|ram_block1a80"
        Warning (14320): Synthesized away node "MEM:inst9|altsyncram:altsyncram_component|altsyncram_abj1:auto_generated|ram_block1a81"
        Warning (14320): Synthesized away node "MEM:inst9|altsyncram:altsyncram_component|altsyncram_abj1:auto_generated|ram_block1a82"
        Warning (14320): Synthesized away node "MEM:inst9|altsyncram:altsyncram_component|altsyncram_abj1:auto_generated|ram_block1a83"
        Warning (14320): Synthesized away node "MEM:inst9|altsyncram:altsyncram_component|altsyncram_abj1:auto_generated|ram_block1a84"
        Warning (14320): Synthesized away node "MEM:inst9|altsyncram:altsyncram_component|altsyncram_abj1:auto_generated|ram_block1a85"
        Warning (14320): Synthesized away node "MEM:inst9|altsyncram:altsyncram_component|altsyncram_abj1:auto_generated|ram_block1a86"
        Warning (14320): Synthesized away node "MEM:inst9|altsyncram:altsyncram_component|altsyncram_abj1:auto_generated|ram_block1a87"
        Warning (14320): Synthesized away node "MEM:inst9|altsyncram:altsyncram_component|altsyncram_abj1:auto_generated|ram_block1a88"
        Warning (14320): Synthesized away node "MEM:inst9|altsyncram:altsyncram_component|altsyncram_abj1:auto_generated|ram_block1a89"
        Warning (14320): Synthesized away node "MEM:inst9|altsyncram:altsyncram_component|altsyncram_abj1:auto_generated|ram_block1a90"
        Warning (14320): Synthesized away node "MEM:inst9|altsyncram:altsyncram_component|altsyncram_abj1:auto_generated|ram_block1a91"
        Warning (14320): Synthesized away node "MEM:inst9|altsyncram:altsyncram_component|altsyncram_abj1:auto_generated|ram_block1a92"
        Warning (14320): Synthesized away node "MEM:inst9|altsyncram:altsyncram_component|altsyncram_abj1:auto_generated|ram_block1a93"
        Warning (14320): Synthesized away node "MEM:inst9|altsyncram:altsyncram_component|altsyncram_abj1:auto_generated|ram_block1a94"
        Warning (14320): Synthesized away node "MEM:inst9|altsyncram:altsyncram_component|altsyncram_abj1:auto_generated|ram_block1a95"
        Warning (14320): Synthesized away node "MEM:inst9|altsyncram:altsyncram_component|altsyncram_abj1:auto_generated|ram_block1a96"
        Warning (14320): Synthesized away node "MEM:inst9|altsyncram:altsyncram_component|altsyncram_abj1:auto_generated|ram_block1a97"
        Warning (14320): Synthesized away node "MEM:inst9|altsyncram:altsyncram_component|altsyncram_abj1:auto_generated|ram_block1a98"
        Warning (14320): Synthesized away node "MEM:inst9|altsyncram:altsyncram_component|altsyncram_abj1:auto_generated|ram_block1a99"
        Warning (14320): Synthesized away node "MEM:inst9|altsyncram:altsyncram_component|altsyncram_abj1:auto_generated|ram_block1a100"
        Warning (14320): Synthesized away node "MEM:inst9|altsyncram:altsyncram_component|altsyncram_abj1:auto_generated|ram_block1a101"
        Warning (14320): Synthesized away node "MEM:inst9|altsyncram:altsyncram_component|altsyncram_abj1:auto_generated|ram_block1a102"
        Warning (14320): Synthesized away node "MEM:inst9|altsyncram:altsyncram_component|altsyncram_abj1:auto_generated|ram_block1a103"
        Warning (14320): Synthesized away node "MEM:inst9|altsyncram:altsyncram_component|altsyncram_abj1:auto_generated|ram_block1a104"
        Warning (14320): Synthesized away node "MEM:inst9|altsyncram:altsyncram_component|altsyncram_abj1:auto_generated|ram_block1a105"
        Warning (14320): Synthesized away node "MEM:inst9|altsyncram:altsyncram_component|altsyncram_abj1:auto_generated|ram_block1a106"
        Warning (14320): Synthesized away node "MEM:inst9|altsyncram:altsyncram_component|altsyncram_abj1:auto_generated|ram_block1a107"
        Warning (14320): Synthesized away node "MEM:inst9|altsyncram:altsyncram_component|altsyncram_abj1:auto_generated|ram_block1a108"
        Warning (14320): Synthesized away node "MEM:inst9|altsyncram:altsyncram_component|altsyncram_abj1:auto_generated|ram_block1a109"
        Warning (14320): Synthesized away node "MEM:inst9|altsyncram:altsyncram_component|altsyncram_abj1:auto_generated|ram_block1a110"
        Warning (14320): Synthesized away node "MEM:inst9|altsyncram:altsyncram_component|altsyncram_abj1:auto_generated|ram_block1a111"
        Warning (14320): Synthesized away node "MEM:inst9|altsyncram:altsyncram_component|altsyncram_abj1:auto_generated|ram_block1a112"
        Warning (14320): Synthesized away node "MEM:inst9|altsyncram:altsyncram_component|altsyncram_abj1:auto_generated|ram_block1a113"
        Warning (14320): Synthesized away node "MEM:inst9|altsyncram:altsyncram_component|altsyncram_abj1:auto_generated|ram_block1a114"
        Warning (14320): Synthesized away node "MEM:inst9|altsyncram:altsyncram_component|altsyncram_abj1:auto_generated|ram_block1a115"
        Warning (14320): Synthesized away node "MEM:inst9|altsyncram:altsyncram_component|altsyncram_abj1:auto_generated|ram_block1a116"
        Warning (14320): Synthesized away node "MEM:inst9|altsyncram:altsyncram_component|altsyncram_abj1:auto_generated|ram_block1a117"
        Warning (14320): Synthesized away node "MEM:inst9|altsyncram:altsyncram_component|altsyncram_abj1:auto_generated|ram_block1a118"
        Warning (14320): Synthesized away node "MEM:inst9|altsyncram:altsyncram_component|altsyncram_abj1:auto_generated|ram_block1a119"
        Warning (14320): Synthesized away node "MEM:inst9|altsyncram:altsyncram_component|altsyncram_abj1:auto_generated|ram_block1a120"
        Warning (14320): Synthesized away node "MEM:inst9|altsyncram:altsyncram_component|altsyncram_abj1:auto_generated|ram_block1a121"
        Warning (14320): Synthesized away node "MEM:inst9|altsyncram:altsyncram_component|altsyncram_abj1:auto_generated|ram_block1a122"
        Warning (14320): Synthesized away node "MEM:inst9|altsyncram:altsyncram_component|altsyncram_abj1:auto_generated|ram_block1a123"
        Warning (14320): Synthesized away node "MEM:inst9|altsyncram:altsyncram_component|altsyncram_abj1:auto_generated|ram_block1a124"
        Warning (14320): Synthesized away node "MEM:inst9|altsyncram:altsyncram_component|altsyncram_abj1:auto_generated|ram_block1a125"
        Warning (14320): Synthesized away node "MEM:inst9|altsyncram:altsyncram_component|altsyncram_abj1:auto_generated|ram_block1a126"
        Warning (14320): Synthesized away node "MEM:inst9|altsyncram:altsyncram_component|altsyncram_abj1:auto_generated|ram_block1a127"
Info (13014): Ignored 74 buffer(s)
    Info (13015): Ignored 14 CARRY buffer(s)
    Info (13019): Ignored 60 SOFT buffer(s)
Info (286030): Timing-Driven Synthesis is running
Info (17036): Removed 5 MSB VCC or GND address nodes from RAM block "MEM:inst9|altsyncram:altsyncram_component|altsyncram_abj1:auto_generated|ALTSYNCRAM"
Info (16010): Generating hard_block partition "hard_block:auto_generated_inst"
    Info (16011): Adding 0 node(s), including 0 DDIO, 0 PLL, 0 transceiver and 0 LCELL
Info (21057): Implemented 756 device resources after synthesis - the final resource count might be different
    Info (21058): Implemented 1 input pins
    Info (21059): Implemented 17 output pins
    Info (21061): Implemented 700 logic cells
    Info (21064): Implemented 38 RAM segments
Info: Quartus II 64-Bit Analysis & Synthesis was successful. 0 errors, 401 warnings
    Info: Peak virtual memory: 503 megabytes
    Info: Processing ended: Mon Dec 02 20:52:33 2024
    Info: Elapsed time: 00:00:04
    Info: Total CPU time (on all processors): 00:00:04


