Simulator report for lab31119_qsim
Mon Nov 25 20:35:12 2024
Quartus II 64-Bit Version 13.0.1 Build 232 06/12/2013 Service Pack 1 SJ Full Version


---------------------
; Table of Contents ;
---------------------
  1. Legal Notice
  2. Simulator Summary
  3. Simulator Settings
  4. Simulation Waveforms
  5. |lab31119|MEM:inst9|altsyncram:altsyncram_component|altsyncram_1aj1:auto_generated|ALTSYNCRAM
  6. |lab31119|MROM:inst31|altsyncram:altsyncram_component|altsyncram_m7a1:auto_generated|ALTSYNCRAM
  7. Coverage Summary
  8. Complete 1/0-Value Coverage
  9. Missing 1-Value Coverage
 10. Missing 0-Value Coverage
 11. Simulator INI Usage
 12. Simulator Messages



----------------
; Legal Notice ;
----------------
Copyright (C) 1991-2013 Altera Corporation
Your use of Altera Corporation's design tools, logic functions 
and other software and tools, and its AMPP partner logic 
functions, and any output files from any of the foregoing 
(including device programming or simulation files), and any 
associated documentation or information are expressly subject 
to the terms and conditions of the Altera Program License 
Subscription Agreement, Altera MegaCore Function License 
Agreement, or other applicable license agreement, including, 
without limitation, that your use is for the sole purpose of 
programming logic devices manufactured by Altera and sold by 
Altera or its authorized distributors.  Please refer to the 
applicable agreement for further details.



+--------------------------------------------+
; Simulator Summary                          ;
+-----------------------------+--------------+
; Type                        ; Value        ;
+-----------------------------+--------------+
; Simulation Start Time       ; 0 ps         ;
; Simulation End Time         ; 1.0 us       ;
; Simulation Netlist Size     ; 1959 nodes   ;
; Simulation Coverage         ;      91.93 % ;
; Total Number of Transitions ; 1563803      ;
; Simulation Breakpoints      ; 0            ;
; Family                      ; Cyclone III  ;
+-----------------------------+--------------+


+-----------------------------------------------------------------------------------------------------------------------------------------------------------------------+
; Simulator Settings                                                                                                                                                    ;
+--------------------------------------------------------------------------------------------+----------------------------------------------------------+---------------+
; Option                                                                                     ; Setting                                                  ; Default Value ;
+--------------------------------------------------------------------------------------------+----------------------------------------------------------+---------------+
; Simulation mode                                                                            ; Functional                                               ; Timing        ;
; Start time                                                                                 ; 0 ns                                                     ; 0 ns          ;
; Simulation results format                                                                  ; VWF                                                      ;               ;
; Vector input source                                                                        ; D:/altera/222_call_stack/1119/output_files/Waveform1.vwf ;               ;
; Add pins automatically to simulation output waveforms                                      ; On                                                       ; On            ;
; Check outputs                                                                              ; Off                                                      ; Off           ;
; Report simulation coverage                                                                 ; On                                                       ; On            ;
; Display complete 1/0 value coverage report                                                 ; On                                                       ; On            ;
; Display missing 1-value coverage report                                                    ; On                                                       ; On            ;
; Display missing 0-value coverage report                                                    ; On                                                       ; On            ;
; Detect setup and hold time violations                                                      ; Off                                                      ; Off           ;
; Detect glitches                                                                            ; Off                                                      ; Off           ;
; Disable timing delays in Timing Simulation                                                 ; Off                                                      ; Off           ;
; Generate Signal Activity File                                                              ; Off                                                      ; Off           ;
; Generate VCD File for PowerPlay Power Analyzer                                             ; Off                                                      ; Off           ;
; Group bus channels in simulation results                                                   ; Off                                                      ; Off           ;
; Preserve fewer signal transitions to reduce memory requirements                            ; On                                                       ; On            ;
; Trigger vector comparison with the specified mode                                          ; INPUT_EDGE                                               ; INPUT_EDGE    ;
; Disable setup and hold time violations detection in input registers of bi-directional pins ; Off                                                      ; Off           ;
; Overwrite Waveform Inputs With Simulation Outputs                                          ; Off                                                      ;               ;
; Perform Glitch Filtering in Timing Simulation                                              ; Auto                                                     ; Auto          ;
; Interconnect Delay Model Type                                                              ; Transport                                                ; Transport     ;
; Cell Delay Model Type                                                                      ; Transport                                                ; Transport     ;
+--------------------------------------------------------------------------------------------+----------------------------------------------------------+---------------+


+----------------------+
; Simulation Waveforms ;
+----------------------+
Waveform report data cannot be output to ASCII.
Please use Quartus II 64-Bit to view the waveform report data.


+-----------------------------------------------------------------------------------------------+
; |lab31119|MEM:inst9|altsyncram:altsyncram_component|altsyncram_1aj1:auto_generated|ALTSYNCRAM ;
+-----------------------------------------------------------------------------------------------+
Please refer to fitter text-based report (*.fit.rpt) to view logical memory report content in ASCII.


+-------------------------------------------------------------------------------------------------+
; |lab31119|MROM:inst31|altsyncram:altsyncram_component|altsyncram_m7a1:auto_generated|ALTSYNCRAM ;
+-------------------------------------------------------------------------------------------------+
Please refer to fitter text-based report (*.fit.rpt) to view logical memory report content in ASCII.


+--------------------------------------------------------------------+
; Coverage Summary                                                   ;
+-----------------------------------------------------+--------------+
; Type                                                ; Value        ;
+-----------------------------------------------------+--------------+
; Total coverage as a percentage                      ;      91.93 % ;
; Total nodes checked                                 ; 1959         ;
; Total output ports checked                          ; 1959         ;
; Total output ports with complete 1/0-value coverage ; 1801         ;
; Total output ports with no 1/0-value coverage       ; 157          ;
; Total output ports with no 1-value coverage         ; 157          ;
; Total output ports with no 0-value coverage         ; 158          ;
+-----------------------------------------------------+--------------+


The following table displays output ports that toggle between 1 and 0 during simulation.
+----------------------------------------------------------------------------------------------------------------------------------------------------------------------------------------------------------------------------------------------------------------------------------------------------------------------------------------------------------------------------------------------------------------------------------+
; Complete 1/0-Value Coverage                                                                                                                                                                                                                                                                                                                                                                                                      ;
+-------------------------------------------------------------------------------------------------------------------------------------------------------------------------------------------------------+-------------------------------------------------------------------------------------------------------------------------------------------------------------------------------------------------------+------------------+
; Node Name                                                                                                                                                                                             ; Output Port Name                                                                                                                                                                                      ; Output Port Type ;
+-------------------------------------------------------------------------------------------------------------------------------------------------------------------------------------------------------+-------------------------------------------------------------------------------------------------------------------------------------------------------------------------------------------------------+------------------+
; |lab31119|ldout                                                                                                                                                                                       ; |lab31119|ldout                                                                                                                                                                                       ; pin_out          ;
; |lab31119|T_CLK                                                                                                                                                                                       ; |lab31119|T_CLK                                                                                                                                                                                       ; out              ;
; |lab31119|inst15                                                                                                                                                                                      ; |lab31119|inst15                                                                                                                                                                                      ; out0             ;
; |lab31119|inst34                                                                                                                                                                                      ; |lab31119|inst34                                                                                                                                                                                      ; out0             ;
; |lab31119|inst12                                                                                                                                                                                      ; |lab31119|inst12                                                                                                                                                                                      ; out0             ;
; |lab31119|inst8                                                                                                                                                                                       ; |lab31119|inst8                                                                                                                                                                                       ; out0             ;
; |lab31119|inst2                                                                                                                                                                                       ; |lab31119|inst2                                                                                                                                                                                       ; out0             ;
; |lab31119|inst36                                                                                                                                                                                      ; |lab31119|inst36                                                                                                                                                                                      ; out0             ;
; |lab31119|inst51                                                                                                                                                                                      ; |lab31119|inst51                                                                                                                                                                                      ; out0             ;
; |lab31119|inst49                                                                                                                                                                                      ; |lab31119|inst49                                                                                                                                                                                      ; out0             ;
; |lab31119|inst19                                                                                                                                                                                      ; |lab31119|inst19                                                                                                                                                                                      ; out0             ;
; |lab31119|inst17                                                                                                                                                                                      ; |lab31119|inst17                                                                                                                                                                                      ; out0             ;
; |lab31119|inst27                                                                                                                                                                                      ; |lab31119|inst27                                                                                                                                                                                      ; out0             ;
; |lab31119|inst37                                                                                                                                                                                      ; |lab31119|inst37                                                                                                                                                                                      ; out0             ;
; |lab31119|inst39                                                                                                                                                                                      ; |lab31119|inst39                                                                                                                                                                                      ; out0             ;
; |lab31119|inst40                                                                                                                                                                                      ; |lab31119|inst40                                                                                                                                                                                      ; out0             ;
; |lab31119|inst41                                                                                                                                                                                      ; |lab31119|inst41                                                                                                                                                                                      ; out0             ;
; |lab31119|inst44                                                                                                                                                                                      ; |lab31119|inst44                                                                                                                                                                                      ; out0             ;
; |lab31119|inst46                                                                                                                                                                                      ; |lab31119|inst46                                                                                                                                                                                      ; out0             ;
; |lab31119|inst16                                                                                                                                                                                      ; |lab31119|inst16                                                                                                                                                                                      ; out0             ;
; |lab31119|inst23                                                                                                                                                                                      ; |lab31119|inst23                                                                                                                                                                                      ; out0             ;
; |lab31119|inst25                                                                                                                                                                                      ; |lab31119|inst25                                                                                                                                                                                      ; out0             ;
; |lab31119|inst24                                                                                                                                                                                      ; |lab31119|inst24                                                                                                                                                                                      ; out0             ;
; |lab31119|rio7                                                                                                                                                                                        ; |lab31119|rio7                                                                                                                                                                                        ; pin_out          ;
; |lab31119|rio6                                                                                                                                                                                        ; |lab31119|rio6                                                                                                                                                                                        ; pin_out          ;
; |lab31119|rio5                                                                                                                                                                                        ; |lab31119|rio5                                                                                                                                                                                        ; pin_out          ;
; |lab31119|rio4                                                                                                                                                                                        ; |lab31119|rio4                                                                                                                                                                                        ; pin_out          ;
; |lab31119|rio3                                                                                                                                                                                        ; |lab31119|rio3                                                                                                                                                                                        ; pin_out          ;
; |lab31119|rio2                                                                                                                                                                                        ; |lab31119|rio2                                                                                                                                                                                        ; pin_out          ;
; |lab31119|rio1                                                                                                                                                                                        ; |lab31119|rio1                                                                                                                                                                                        ; pin_out          ;
; |lab31119|rio8                                                                                                                                                                                        ; |lab31119|rio8                                                                                                                                                                                        ; pin_out          ;
; |lab31119|r2o7                                                                                                                                                                                        ; |lab31119|r2o7                                                                                                                                                                                        ; pin_out          ;
; |lab31119|r2o6                                                                                                                                                                                        ; |lab31119|r2o6                                                                                                                                                                                        ; pin_out          ;
; |lab31119|r2o4                                                                                                                                                                                        ; |lab31119|r2o4                                                                                                                                                                                        ; pin_out          ;
; |lab31119|r2o5                                                                                                                                                                                        ; |lab31119|r2o5                                                                                                                                                                                        ; pin_out          ;
; |lab31119|r2o3                                                                                                                                                                                        ; |lab31119|r2o3                                                                                                                                                                                        ; pin_out          ;
; |lab31119|r2o2                                                                                                                                                                                        ; |lab31119|r2o2                                                                                                                                                                                        ; pin_out          ;
; |lab31119|r2o1                                                                                                                                                                                        ; |lab31119|r2o1                                                                                                                                                                                        ; pin_out          ;
; |lab31119|r2o0                                                                                                                                                                                        ; |lab31119|r2o0                                                                                                                                                                                        ; pin_out          ;
; |lab31119|register:PC|74273:inst|19                                                                                                                                                                   ; |lab31119|register:PC|74273:inst|19                                                                                                                                                                   ; regout           ;
; |lab31119|register:PC|74273:inst|18                                                                                                                                                                   ; |lab31119|register:PC|74273:inst|18                                                                                                                                                                   ; regout           ;
; |lab31119|register:PC|74273:inst|17                                                                                                                                                                   ; |lab31119|register:PC|74273:inst|17                                                                                                                                                                   ; regout           ;
; |lab31119|register:PC|74273:inst|16                                                                                                                                                                   ; |lab31119|register:PC|74273:inst|16                                                                                                                                                                   ; regout           ;
; |lab31119|register:PC|74273:inst|15                                                                                                                                                                   ; |lab31119|register:PC|74273:inst|15                                                                                                                                                                   ; regout           ;
; |lab31119|register:PC|74273:inst|14                                                                                                                                                                   ; |lab31119|register:PC|74273:inst|14                                                                                                                                                                   ; regout           ;
; |lab31119|3-8:inst26|inst3                                                                                                                                                                            ; |lab31119|3-8:inst26|inst3                                                                                                                                                                            ; out0             ;
; |lab31119|3-8:inst26|inst7                                                                                                                                                                            ; |lab31119|3-8:inst26|inst7                                                                                                                                                                            ; out0             ;
; |lab31119|3-8:inst26|inst9                                                                                                                                                                            ; |lab31119|3-8:inst26|inst9                                                                                                                                                                            ; out0             ;
; |lab31119|register:R2|74273:inst1|19                                                                                                                                                                  ; |lab31119|register:R2|74273:inst1|19                                                                                                                                                                  ; regout           ;
; |lab31119|register:R2|74273:inst1|16                                                                                                                                                                  ; |lab31119|register:R2|74273:inst1|16                                                                                                                                                                  ; regout           ;
; |lab31119|register:R2|74273:inst|19                                                                                                                                                                   ; |lab31119|register:R2|74273:inst|19                                                                                                                                                                   ; regout           ;
; |lab31119|register:R2|74273:inst|18                                                                                                                                                                   ; |lab31119|register:R2|74273:inst|18                                                                                                                                                                   ; regout           ;
; |lab31119|register:R2|74273:inst|17                                                                                                                                                                   ; |lab31119|register:R2|74273:inst|17                                                                                                                                                                   ; regout           ;
; |lab31119|register:R2|74273:inst|16                                                                                                                                                                   ; |lab31119|register:R2|74273:inst|16                                                                                                                                                                   ; regout           ;
; |lab31119|register:R2|74273:inst|15                                                                                                                                                                   ; |lab31119|register:R2|74273:inst|15                                                                                                                                                                   ; regout           ;
; |lab31119|register:R2|74273:inst|14                                                                                                                                                                   ; |lab31119|register:R2|74273:inst|14                                                                                                                                                                   ; regout           ;
; |lab31119|register:R2|74273:inst|13                                                                                                                                                                   ; |lab31119|register:R2|74273:inst|13                                                                                                                                                                   ; regout           ;
; |lab31119|register:R2|74273:inst|12                                                                                                                                                                   ; |lab31119|register:R2|74273:inst|12                                                                                                                                                                   ; regout           ;
; |lab31119|2-4:inst29|inst                                                                                                                                                                             ; |lab31119|2-4:inst29|inst                                                                                                                                                                             ; out0             ;
; |lab31119|2-4:inst29|inst1                                                                                                                                                                            ; |lab31119|2-4:inst29|inst1                                                                                                                                                                            ; out0             ;
; |lab31119|2-4:inst29|inst2                                                                                                                                                                            ; |lab31119|2-4:inst29|inst2                                                                                                                                                                            ; out0             ;
; |lab31119|CHOOSE_LAB3:inst14|c_or1                                                                                                                                                                    ; |lab31119|CHOOSE_LAB3:inst14|c_or1                                                                                                                                                                    ; out0             ;
; |lab31119|CHOOSE_LAB3:inst14|choose17                                                                                                                                                                 ; |lab31119|CHOOSE_LAB3:inst14|choose17                                                                                                                                                                 ; out0             ;
; |lab31119|CHOOSE_LAB3:inst14|choose33                                                                                                                                                                 ; |lab31119|CHOOSE_LAB3:inst14|choose33                                                                                                                                                                 ; out0             ;
; |lab31119|CHOOSE_LAB3:inst14|choose1                                                                                                                                                                  ; |lab31119|CHOOSE_LAB3:inst14|choose1                                                                                                                                                                  ; out0             ;
; |lab31119|CHOOSE_LAB3:inst14|c_or2                                                                                                                                                                    ; |lab31119|CHOOSE_LAB3:inst14|c_or2                                                                                                                                                                    ; out0             ;
; |lab31119|CHOOSE_LAB3:inst14|choose18                                                                                                                                                                 ; |lab31119|CHOOSE_LAB3:inst14|choose18                                                                                                                                                                 ; out0             ;
; |lab31119|CHOOSE_LAB3:inst14|choose34                                                                                                                                                                 ; |lab31119|CHOOSE_LAB3:inst14|choose34                                                                                                                                                                 ; out0             ;
; |lab31119|CHOOSE_LAB3:inst14|choose2                                                                                                                                                                  ; |lab31119|CHOOSE_LAB3:inst14|choose2                                                                                                                                                                  ; out0             ;
; |lab31119|CHOOSE_LAB3:inst14|c_or3                                                                                                                                                                    ; |lab31119|CHOOSE_LAB3:inst14|c_or3                                                                                                                                                                    ; out0             ;
; |lab31119|CHOOSE_LAB3:inst14|choose19                                                                                                                                                                 ; |lab31119|CHOOSE_LAB3:inst14|choose19                                                                                                                                                                 ; out0             ;
; |lab31119|CHOOSE_LAB3:inst14|choose35                                                                                                                                                                 ; |lab31119|CHOOSE_LAB3:inst14|choose35                                                                                                                                                                 ; out0             ;
; |lab31119|CHOOSE_LAB3:inst14|choose3                                                                                                                                                                  ; |lab31119|CHOOSE_LAB3:inst14|choose3                                                                                                                                                                  ; out0             ;
; |lab31119|CHOOSE_LAB3:inst14|c_or4                                                                                                                                                                    ; |lab31119|CHOOSE_LAB3:inst14|c_or4                                                                                                                                                                    ; out0             ;
; |lab31119|CHOOSE_LAB3:inst14|choose20                                                                                                                                                                 ; |lab31119|CHOOSE_LAB3:inst14|choose20                                                                                                                                                                 ; out0             ;
; |lab31119|CHOOSE_LAB3:inst14|choose36                                                                                                                                                                 ; |lab31119|CHOOSE_LAB3:inst14|choose36                                                                                                                                                                 ; out0             ;
; |lab31119|CHOOSE_LAB3:inst14|choose4                                                                                                                                                                  ; |lab31119|CHOOSE_LAB3:inst14|choose4                                                                                                                                                                  ; out0             ;
; |lab31119|CHOOSE_LAB3:inst14|c_or5                                                                                                                                                                    ; |lab31119|CHOOSE_LAB3:inst14|c_or5                                                                                                                                                                    ; out0             ;
; |lab31119|CHOOSE_LAB3:inst14|choose21                                                                                                                                                                 ; |lab31119|CHOOSE_LAB3:inst14|choose21                                                                                                                                                                 ; out0             ;
; |lab31119|CHOOSE_LAB3:inst14|choose37                                                                                                                                                                 ; |lab31119|CHOOSE_LAB3:inst14|choose37                                                                                                                                                                 ; out0             ;
; |lab31119|CHOOSE_LAB3:inst14|choose5                                                                                                                                                                  ; |lab31119|CHOOSE_LAB3:inst14|choose5                                                                                                                                                                  ; out0             ;
; |lab31119|CHOOSE_LAB3:inst14|c_or6                                                                                                                                                                    ; |lab31119|CHOOSE_LAB3:inst14|c_or6                                                                                                                                                                    ; out0             ;
; |lab31119|CHOOSE_LAB3:inst14|choose22                                                                                                                                                                 ; |lab31119|CHOOSE_LAB3:inst14|choose22                                                                                                                                                                 ; out0             ;
; |lab31119|CHOOSE_LAB3:inst14|choose38                                                                                                                                                                 ; |lab31119|CHOOSE_LAB3:inst14|choose38                                                                                                                                                                 ; out0             ;
; |lab31119|CHOOSE_LAB3:inst14|choose6                                                                                                                                                                  ; |lab31119|CHOOSE_LAB3:inst14|choose6                                                                                                                                                                  ; out0             ;
; |lab31119|CHOOSE_LAB3:inst14|c_or7                                                                                                                                                                    ; |lab31119|CHOOSE_LAB3:inst14|c_or7                                                                                                                                                                    ; out0             ;
; |lab31119|CHOOSE_LAB3:inst14|choose23                                                                                                                                                                 ; |lab31119|CHOOSE_LAB3:inst14|choose23                                                                                                                                                                 ; out0             ;
; |lab31119|CHOOSE_LAB3:inst14|choose39                                                                                                                                                                 ; |lab31119|CHOOSE_LAB3:inst14|choose39                                                                                                                                                                 ; out0             ;
; |lab31119|CHOOSE_LAB3:inst14|choose7                                                                                                                                                                  ; |lab31119|CHOOSE_LAB3:inst14|choose7                                                                                                                                                                  ; out0             ;
; |lab31119|CHOOSE_LAB3:inst14|c_or8                                                                                                                                                                    ; |lab31119|CHOOSE_LAB3:inst14|c_or8                                                                                                                                                                    ; out0             ;
; |lab31119|CHOOSE_LAB3:inst14|choose40                                                                                                                                                                 ; |lab31119|CHOOSE_LAB3:inst14|choose40                                                                                                                                                                 ; out0             ;
; |lab31119|CHOOSE_LAB3:inst14|choose8                                                                                                                                                                  ; |lab31119|CHOOSE_LAB3:inst14|choose8                                                                                                                                                                  ; out0             ;
; |lab31119|CHOOSE_LAB3:inst14|c_or9                                                                                                                                                                    ; |lab31119|CHOOSE_LAB3:inst14|c_or9                                                                                                                                                                    ; out0             ;
; |lab31119|CHOOSE_LAB3:inst14|choose41                                                                                                                                                                 ; |lab31119|CHOOSE_LAB3:inst14|choose41                                                                                                                                                                 ; out0             ;
; |lab31119|CHOOSE_LAB3:inst14|choose9                                                                                                                                                                  ; |lab31119|CHOOSE_LAB3:inst14|choose9                                                                                                                                                                  ; out0             ;
; |lab31119|CHOOSE_LAB3:inst14|c_or10                                                                                                                                                                   ; |lab31119|CHOOSE_LAB3:inst14|c_or10                                                                                                                                                                   ; out0             ;
; |lab31119|CHOOSE_LAB3:inst14|choose42                                                                                                                                                                 ; |lab31119|CHOOSE_LAB3:inst14|choose42                                                                                                                                                                 ; out0             ;
; |lab31119|CHOOSE_LAB3:inst14|c_or12                                                                                                                                                                   ; |lab31119|CHOOSE_LAB3:inst14|c_or12                                                                                                                                                                   ; out0             ;
; |lab31119|CHOOSE_LAB3:inst14|choose44                                                                                                                                                                 ; |lab31119|CHOOSE_LAB3:inst14|choose44                                                                                                                                                                 ; out0             ;
; |lab31119|CHOOSE_LAB3:inst14|choose12                                                                                                                                                                 ; |lab31119|CHOOSE_LAB3:inst14|choose12                                                                                                                                                                 ; out0             ;
; |lab31119|CHOOSE_LAB3:inst14|c_or13                                                                                                                                                                   ; |lab31119|CHOOSE_LAB3:inst14|c_or13                                                                                                                                                                   ; out0             ;
; |lab31119|CHOOSE_LAB3:inst14|choose45                                                                                                                                                                 ; |lab31119|CHOOSE_LAB3:inst14|choose45                                                                                                                                                                 ; out0             ;
; |lab31119|CHOOSE_LAB3:inst14|c_or14                                                                                                                                                                   ; |lab31119|CHOOSE_LAB3:inst14|c_or14                                                                                                                                                                   ; out0             ;
; |lab31119|CHOOSE_LAB3:inst14|choose46                                                                                                                                                                 ; |lab31119|CHOOSE_LAB3:inst14|choose46                                                                                                                                                                 ; out0             ;
; |lab31119|CHOOSE_LAB3:inst14|c_or15                                                                                                                                                                   ; |lab31119|CHOOSE_LAB3:inst14|c_or15                                                                                                                                                                   ; out0             ;
; |lab31119|CHOOSE_LAB3:inst14|choose47                                                                                                                                                                 ; |lab31119|CHOOSE_LAB3:inst14|choose47                                                                                                                                                                 ; out0             ;
; |lab31119|CHOOSE_LAB3:inst14|c_or16                                                                                                                                                                   ; |lab31119|CHOOSE_LAB3:inst14|c_or16                                                                                                                                                                   ; out0             ;
; |lab31119|CHOOSE_LAB3:inst14|choose48                                                                                                                                                                 ; |lab31119|CHOOSE_LAB3:inst14|choose48                                                                                                                                                                 ; out0             ;
; |lab31119|register:R3|74273:inst1|19                                                                                                                                                                  ; |lab31119|register:R3|74273:inst1|19                                                                                                                                                                  ; regout           ;
; |lab31119|register:R3|74273:inst1|18                                                                                                                                                                  ; |lab31119|register:R3|74273:inst1|18                                                                                                                                                                  ; regout           ;
; |lab31119|register:R3|74273:inst1|17                                                                                                                                                                  ; |lab31119|register:R3|74273:inst1|17                                                                                                                                                                  ; regout           ;
; |lab31119|register:R3|74273:inst1|16                                                                                                                                                                  ; |lab31119|register:R3|74273:inst1|16                                                                                                                                                                  ; regout           ;
; |lab31119|register:R3|74273:inst1|15                                                                                                                                                                  ; |lab31119|register:R3|74273:inst1|15                                                                                                                                                                  ; regout           ;
; |lab31119|register:R3|74273:inst1|14                                                                                                                                                                  ; |lab31119|register:R3|74273:inst1|14                                                                                                                                                                  ; regout           ;
; |lab31119|register:R3|74273:inst1|13                                                                                                                                                                  ; |lab31119|register:R3|74273:inst1|13                                                                                                                                                                  ; regout           ;
; |lab31119|register:R3|74273:inst1|12                                                                                                                                                                  ; |lab31119|register:R3|74273:inst1|12                                                                                                                                                                  ; regout           ;
; |lab31119|register:R3|74273:inst|19                                                                                                                                                                   ; |lab31119|register:R3|74273:inst|19                                                                                                                                                                   ; regout           ;
; |lab31119|register:R3|74273:inst|18                                                                                                                                                                   ; |lab31119|register:R3|74273:inst|18                                                                                                                                                                   ; regout           ;
; |lab31119|register:R3|74273:inst|17                                                                                                                                                                   ; |lab31119|register:R3|74273:inst|17                                                                                                                                                                   ; regout           ;
; |lab31119|register:R3|74273:inst|16                                                                                                                                                                   ; |lab31119|register:R3|74273:inst|16                                                                                                                                                                   ; regout           ;
; |lab31119|register:R3|74273:inst|15                                                                                                                                                                   ; |lab31119|register:R3|74273:inst|15                                                                                                                                                                   ; regout           ;
; |lab31119|register:R3|74273:inst|14                                                                                                                                                                   ; |lab31119|register:R3|74273:inst|14                                                                                                                                                                   ; regout           ;
; |lab31119|register:R3|74273:inst|13                                                                                                                                                                   ; |lab31119|register:R3|74273:inst|13                                                                                                                                                                   ; regout           ;
; |lab31119|register:R3|74273:inst|12                                                                                                                                                                   ; |lab31119|register:R3|74273:inst|12                                                                                                                                                                   ; regout           ;
; |lab31119|register:R1|74273:inst1|19                                                                                                                                                                  ; |lab31119|register:R1|74273:inst1|19                                                                                                                                                                  ; regout           ;
; |lab31119|register:R1|74273:inst1|16                                                                                                                                                                  ; |lab31119|register:R1|74273:inst1|16                                                                                                                                                                  ; regout           ;
; |lab31119|register:R1|74273:inst|19                                                                                                                                                                   ; |lab31119|register:R1|74273:inst|19                                                                                                                                                                   ; regout           ;
; |lab31119|register:R1|74273:inst|18                                                                                                                                                                   ; |lab31119|register:R1|74273:inst|18                                                                                                                                                                   ; regout           ;
; |lab31119|register:R1|74273:inst|17                                                                                                                                                                   ; |lab31119|register:R1|74273:inst|17                                                                                                                                                                   ; regout           ;
; |lab31119|register:R1|74273:inst|16                                                                                                                                                                   ; |lab31119|register:R1|74273:inst|16                                                                                                                                                                   ; regout           ;
; |lab31119|register:R1|74273:inst|15                                                                                                                                                                   ; |lab31119|register:R1|74273:inst|15                                                                                                                                                                   ; regout           ;
; |lab31119|register:R1|74273:inst|14                                                                                                                                                                   ; |lab31119|register:R1|74273:inst|14                                                                                                                                                                   ; regout           ;
; |lab31119|register:R1|74273:inst|13                                                                                                                                                                   ; |lab31119|register:R1|74273:inst|13                                                                                                                                                                   ; regout           ;
; |lab31119|register:R1|74273:inst|12                                                                                                                                                                   ; |lab31119|register:R1|74273:inst|12                                                                                                                                                                   ; regout           ;
; |lab31119|register:MAR|74273:inst|19                                                                                                                                                                  ; |lab31119|register:MAR|74273:inst|19                                                                                                                                                                  ; regout           ;
; |lab31119|register:MAR|74273:inst|18                                                                                                                                                                  ; |lab31119|register:MAR|74273:inst|18                                                                                                                                                                  ; regout           ;
; |lab31119|register:MAR|74273:inst|17                                                                                                                                                                  ; |lab31119|register:MAR|74273:inst|17                                                                                                                                                                  ; regout           ;
; |lab31119|register:MAR|74273:inst|16                                                                                                                                                                  ; |lab31119|register:MAR|74273:inst|16                                                                                                                                                                  ; regout           ;
; |lab31119|register:MAR|74273:inst|15                                                                                                                                                                  ; |lab31119|register:MAR|74273:inst|15                                                                                                                                                                  ; regout           ;
; |lab31119|register:MAR|74273:inst|14                                                                                                                                                                  ; |lab31119|register:MAR|74273:inst|14                                                                                                                                                                  ; regout           ;
; |lab31119|register:MAR|74273:inst|13                                                                                                                                                                  ; |lab31119|register:MAR|74273:inst|13                                                                                                                                                                  ; regout           ;
; |lab31119|register:MAR|74273:inst|12                                                                                                                                                                  ; |lab31119|register:MAR|74273:inst|12                                                                                                                                                                  ; regout           ;
; |lab31119|3-8:inst35|inst                                                                                                                                                                             ; |lab31119|3-8:inst35|inst                                                                                                                                                                             ; out0             ;
; |lab31119|3-8:inst35|inst3                                                                                                                                                                            ; |lab31119|3-8:inst35|inst3                                                                                                                                                                            ; out0             ;
; |lab31119|3-8:inst35|inst4                                                                                                                                                                            ; |lab31119|3-8:inst35|inst4                                                                                                                                                                            ; out0             ;
; |lab31119|3-8:inst35|inst5                                                                                                                                                                            ; |lab31119|3-8:inst35|inst5                                                                                                                                                                            ; out0             ;
; |lab31119|3-8:inst35|inst7                                                                                                                                                                            ; |lab31119|3-8:inst35|inst7                                                                                                                                                                            ; out0             ;
; |lab31119|3-8:inst35|inst8                                                                                                                                                                            ; |lab31119|3-8:inst35|inst8                                                                                                                                                                            ; out0             ;
; |lab31119|3-8:inst35|inst9                                                                                                                                                                            ; |lab31119|3-8:inst35|inst9                                                                                                                                                                            ; out0             ;
; |lab31119|MEM:inst9|altsyncram:altsyncram_component|altsyncram_1aj1:auto_generated|ram_block1a0                                                                                                       ; |lab31119|MEM:inst9|altsyncram:altsyncram_component|altsyncram_1aj1:auto_generated|ram_block1a0                                                                                                       ; portadataout0    ;
; |lab31119|MEM:inst9|altsyncram:altsyncram_component|altsyncram_1aj1:auto_generated|ram_block1a1                                                                                                       ; |lab31119|MEM:inst9|altsyncram:altsyncram_component|altsyncram_1aj1:auto_generated|ram_block1a1                                                                                                       ; portadataout0    ;
; |lab31119|MEM:inst9|altsyncram:altsyncram_component|altsyncram_1aj1:auto_generated|ram_block1a2                                                                                                       ; |lab31119|MEM:inst9|altsyncram:altsyncram_component|altsyncram_1aj1:auto_generated|ram_block1a2                                                                                                       ; portadataout0    ;
; |lab31119|MEM:inst9|altsyncram:altsyncram_component|altsyncram_1aj1:auto_generated|ram_block1a3                                                                                                       ; |lab31119|MEM:inst9|altsyncram:altsyncram_component|altsyncram_1aj1:auto_generated|ram_block1a3                                                                                                       ; portadataout0    ;
; |lab31119|MEM:inst9|altsyncram:altsyncram_component|altsyncram_1aj1:auto_generated|ram_block1a4                                                                                                       ; |lab31119|MEM:inst9|altsyncram:altsyncram_component|altsyncram_1aj1:auto_generated|ram_block1a4                                                                                                       ; portadataout0    ;
; |lab31119|MEM:inst9|altsyncram:altsyncram_component|altsyncram_1aj1:auto_generated|ram_block1a5                                                                                                       ; |lab31119|MEM:inst9|altsyncram:altsyncram_component|altsyncram_1aj1:auto_generated|ram_block1a5                                                                                                       ; portadataout0    ;
; |lab31119|MEM:inst9|altsyncram:altsyncram_component|altsyncram_1aj1:auto_generated|ram_block1a6                                                                                                       ; |lab31119|MEM:inst9|altsyncram:altsyncram_component|altsyncram_1aj1:auto_generated|ram_block1a6                                                                                                       ; portadataout0    ;
; |lab31119|MEM:inst9|altsyncram:altsyncram_component|altsyncram_1aj1:auto_generated|ram_block1a7                                                                                                       ; |lab31119|MEM:inst9|altsyncram:altsyncram_component|altsyncram_1aj1:auto_generated|ram_block1a7                                                                                                       ; portadataout0    ;
; |lab31119|MEM:inst9|altsyncram:altsyncram_component|altsyncram_1aj1:auto_generated|ram_block1a8                                                                                                       ; |lab31119|MEM:inst9|altsyncram:altsyncram_component|altsyncram_1aj1:auto_generated|ram_block1a8                                                                                                       ; portadataout0    ;
; |lab31119|MEM:inst9|altsyncram:altsyncram_component|altsyncram_1aj1:auto_generated|ram_block1a9                                                                                                       ; |lab31119|MEM:inst9|altsyncram:altsyncram_component|altsyncram_1aj1:auto_generated|ram_block1a9                                                                                                       ; portadataout0    ;
; |lab31119|MEM:inst9|altsyncram:altsyncram_component|altsyncram_1aj1:auto_generated|ram_block1a11                                                                                                      ; |lab31119|MEM:inst9|altsyncram:altsyncram_component|altsyncram_1aj1:auto_generated|ram_block1a11                                                                                                      ; portadataout0    ;
; |lab31119|MEM:inst9|altsyncram:altsyncram_component|altsyncram_1aj1:auto_generated|ram_block1a12                                                                                                      ; |lab31119|MEM:inst9|altsyncram:altsyncram_component|altsyncram_1aj1:auto_generated|ram_block1a12                                                                                                      ; portadataout0    ;
; |lab31119|MEM:inst9|altsyncram:altsyncram_component|altsyncram_1aj1:auto_generated|ram_block1a13                                                                                                      ; |lab31119|MEM:inst9|altsyncram:altsyncram_component|altsyncram_1aj1:auto_generated|ram_block1a13                                                                                                      ; portadataout0    ;
; |lab31119|MEM:inst9|altsyncram:altsyncram_component|altsyncram_1aj1:auto_generated|ram_block1a14                                                                                                      ; |lab31119|MEM:inst9|altsyncram:altsyncram_component|altsyncram_1aj1:auto_generated|ram_block1a14                                                                                                      ; portadataout0    ;
; |lab31119|MEM:inst9|altsyncram:altsyncram_component|altsyncram_1aj1:auto_generated|ram_block1a15                                                                                                      ; |lab31119|MEM:inst9|altsyncram:altsyncram_component|altsyncram_1aj1:auto_generated|ram_block1a15                                                                                                      ; portadataout0    ;
; |lab31119|2-4:inst28|inst                                                                                                                                                                             ; |lab31119|2-4:inst28|inst                                                                                                                                                                             ; out0             ;
; |lab31119|2-4:inst28|inst1                                                                                                                                                                            ; |lab31119|2-4:inst28|inst1                                                                                                                                                                            ; out0             ;
; |lab31119|2-4:inst28|inst2                                                                                                                                                                            ; |lab31119|2-4:inst28|inst2                                                                                                                                                                            ; out0             ;
; |lab31119|CHOOSE_LAB3:inst18|c_or1                                                                                                                                                                    ; |lab31119|CHOOSE_LAB3:inst18|c_or1                                                                                                                                                                    ; out0             ;
; |lab31119|CHOOSE_LAB3:inst18|choose17                                                                                                                                                                 ; |lab31119|CHOOSE_LAB3:inst18|choose17                                                                                                                                                                 ; out0             ;
; |lab31119|CHOOSE_LAB3:inst18|choose33                                                                                                                                                                 ; |lab31119|CHOOSE_LAB3:inst18|choose33                                                                                                                                                                 ; out0             ;
; |lab31119|CHOOSE_LAB3:inst18|choose1                                                                                                                                                                  ; |lab31119|CHOOSE_LAB3:inst18|choose1                                                                                                                                                                  ; out0             ;
; |lab31119|CHOOSE_LAB3:inst18|c_or2                                                                                                                                                                    ; |lab31119|CHOOSE_LAB3:inst18|c_or2                                                                                                                                                                    ; out0             ;
; |lab31119|CHOOSE_LAB3:inst18|choose18                                                                                                                                                                 ; |lab31119|CHOOSE_LAB3:inst18|choose18                                                                                                                                                                 ; out0             ;
; |lab31119|CHOOSE_LAB3:inst18|choose34                                                                                                                                                                 ; |lab31119|CHOOSE_LAB3:inst18|choose34                                                                                                                                                                 ; out0             ;
; |lab31119|CHOOSE_LAB3:inst18|choose2                                                                                                                                                                  ; |lab31119|CHOOSE_LAB3:inst18|choose2                                                                                                                                                                  ; out0             ;
; |lab31119|CHOOSE_LAB3:inst18|c_or3                                                                                                                                                                    ; |lab31119|CHOOSE_LAB3:inst18|c_or3                                                                                                                                                                    ; out0             ;
; |lab31119|CHOOSE_LAB3:inst18|choose19                                                                                                                                                                 ; |lab31119|CHOOSE_LAB3:inst18|choose19                                                                                                                                                                 ; out0             ;
; |lab31119|CHOOSE_LAB3:inst18|choose35                                                                                                                                                                 ; |lab31119|CHOOSE_LAB3:inst18|choose35                                                                                                                                                                 ; out0             ;
; |lab31119|CHOOSE_LAB3:inst18|choose3                                                                                                                                                                  ; |lab31119|CHOOSE_LAB3:inst18|choose3                                                                                                                                                                  ; out0             ;
; |lab31119|CHOOSE_LAB3:inst18|c_or4                                                                                                                                                                    ; |lab31119|CHOOSE_LAB3:inst18|c_or4                                                                                                                                                                    ; out0             ;
; |lab31119|CHOOSE_LAB3:inst18|choose20                                                                                                                                                                 ; |lab31119|CHOOSE_LAB3:inst18|choose20                                                                                                                                                                 ; out0             ;
; |lab31119|CHOOSE_LAB3:inst18|choose36                                                                                                                                                                 ; |lab31119|CHOOSE_LAB3:inst18|choose36                                                                                                                                                                 ; out0             ;
; |lab31119|CHOOSE_LAB3:inst18|choose4                                                                                                                                                                  ; |lab31119|CHOOSE_LAB3:inst18|choose4                                                                                                                                                                  ; out0             ;
; |lab31119|CHOOSE_LAB3:inst18|c_or5                                                                                                                                                                    ; |lab31119|CHOOSE_LAB3:inst18|c_or5                                                                                                                                                                    ; out0             ;
; |lab31119|CHOOSE_LAB3:inst18|choose21                                                                                                                                                                 ; |lab31119|CHOOSE_LAB3:inst18|choose21                                                                                                                                                                 ; out0             ;
; |lab31119|CHOOSE_LAB3:inst18|choose37                                                                                                                                                                 ; |lab31119|CHOOSE_LAB3:inst18|choose37                                                                                                                                                                 ; out0             ;
; |lab31119|CHOOSE_LAB3:inst18|choose5                                                                                                                                                                  ; |lab31119|CHOOSE_LAB3:inst18|choose5                                                                                                                                                                  ; out0             ;
; |lab31119|CHOOSE_LAB3:inst18|c_or6                                                                                                                                                                    ; |lab31119|CHOOSE_LAB3:inst18|c_or6                                                                                                                                                                    ; out0             ;
; |lab31119|CHOOSE_LAB3:inst18|choose22                                                                                                                                                                 ; |lab31119|CHOOSE_LAB3:inst18|choose22                                                                                                                                                                 ; out0             ;
; |lab31119|CHOOSE_LAB3:inst18|choose38                                                                                                                                                                 ; |lab31119|CHOOSE_LAB3:inst18|choose38                                                                                                                                                                 ; out0             ;
; |lab31119|CHOOSE_LAB3:inst18|choose6                                                                                                                                                                  ; |lab31119|CHOOSE_LAB3:inst18|choose6                                                                                                                                                                  ; out0             ;
; |lab31119|CHOOSE_LAB3:inst18|c_or7                                                                                                                                                                    ; |lab31119|CHOOSE_LAB3:inst18|c_or7                                                                                                                                                                    ; out0             ;
; |lab31119|CHOOSE_LAB3:inst18|choose23                                                                                                                                                                 ; |lab31119|CHOOSE_LAB3:inst18|choose23                                                                                                                                                                 ; out0             ;
; |lab31119|CHOOSE_LAB3:inst18|choose39                                                                                                                                                                 ; |lab31119|CHOOSE_LAB3:inst18|choose39                                                                                                                                                                 ; out0             ;
; |lab31119|CHOOSE_LAB3:inst18|choose7                                                                                                                                                                  ; |lab31119|CHOOSE_LAB3:inst18|choose7                                                                                                                                                                  ; out0             ;
; |lab31119|CHOOSE_LAB3:inst18|c_or8                                                                                                                                                                    ; |lab31119|CHOOSE_LAB3:inst18|c_or8                                                                                                                                                                    ; out0             ;
; |lab31119|CHOOSE_LAB3:inst18|choose24                                                                                                                                                                 ; |lab31119|CHOOSE_LAB3:inst18|choose24                                                                                                                                                                 ; out0             ;
; |lab31119|CHOOSE_LAB3:inst18|choose40                                                                                                                                                                 ; |lab31119|CHOOSE_LAB3:inst18|choose40                                                                                                                                                                 ; out0             ;
; |lab31119|CHOOSE_LAB3:inst18|choose8                                                                                                                                                                  ; |lab31119|CHOOSE_LAB3:inst18|choose8                                                                                                                                                                  ; out0             ;
; |lab31119|CHOOSE_LAB3:inst18|c_or9                                                                                                                                                                    ; |lab31119|CHOOSE_LAB3:inst18|c_or9                                                                                                                                                                    ; out0             ;
; |lab31119|CHOOSE_LAB3:inst18|choose25                                                                                                                                                                 ; |lab31119|CHOOSE_LAB3:inst18|choose25                                                                                                                                                                 ; out0             ;
; |lab31119|CHOOSE_LAB3:inst18|choose41                                                                                                                                                                 ; |lab31119|CHOOSE_LAB3:inst18|choose41                                                                                                                                                                 ; out0             ;
; |lab31119|CHOOSE_LAB3:inst18|choose9                                                                                                                                                                  ; |lab31119|CHOOSE_LAB3:inst18|choose9                                                                                                                                                                  ; out0             ;
; |lab31119|CHOOSE_LAB3:inst18|c_or10                                                                                                                                                                   ; |lab31119|CHOOSE_LAB3:inst18|c_or10                                                                                                                                                                   ; out0             ;
; |lab31119|CHOOSE_LAB3:inst18|choose42                                                                                                                                                                 ; |lab31119|CHOOSE_LAB3:inst18|choose42                                                                                                                                                                 ; out0             ;
; |lab31119|CHOOSE_LAB3:inst18|choose10                                                                                                                                                                 ; |lab31119|CHOOSE_LAB3:inst18|choose10                                                                                                                                                                 ; out0             ;
; |lab31119|CHOOSE_LAB3:inst18|c_or11                                                                                                                                                                   ; |lab31119|CHOOSE_LAB3:inst18|c_or11                                                                                                                                                                   ; out0             ;
; |lab31119|CHOOSE_LAB3:inst18|choose43                                                                                                                                                                 ; |lab31119|CHOOSE_LAB3:inst18|choose43                                                                                                                                                                 ; out0             ;
; |lab31119|CHOOSE_LAB3:inst18|c_or12                                                                                                                                                                   ; |lab31119|CHOOSE_LAB3:inst18|c_or12                                                                                                                                                                   ; out0             ;
; |lab31119|CHOOSE_LAB3:inst18|choose28                                                                                                                                                                 ; |lab31119|CHOOSE_LAB3:inst18|choose28                                                                                                                                                                 ; out0             ;
; |lab31119|CHOOSE_LAB3:inst18|choose44                                                                                                                                                                 ; |lab31119|CHOOSE_LAB3:inst18|choose44                                                                                                                                                                 ; out0             ;
; |lab31119|CHOOSE_LAB3:inst18|choose12                                                                                                                                                                 ; |lab31119|CHOOSE_LAB3:inst18|choose12                                                                                                                                                                 ; out0             ;
; |lab31119|CHOOSE_LAB3:inst18|c_or13                                                                                                                                                                   ; |lab31119|CHOOSE_LAB3:inst18|c_or13                                                                                                                                                                   ; out0             ;
; |lab31119|CHOOSE_LAB3:inst18|choose45                                                                                                                                                                 ; |lab31119|CHOOSE_LAB3:inst18|choose45                                                                                                                                                                 ; out0             ;
; |lab31119|CHOOSE_LAB3:inst18|choose13                                                                                                                                                                 ; |lab31119|CHOOSE_LAB3:inst18|choose13                                                                                                                                                                 ; out0             ;
; |lab31119|CHOOSE_LAB3:inst18|c_or14                                                                                                                                                                   ; |lab31119|CHOOSE_LAB3:inst18|c_or14                                                                                                                                                                   ; out0             ;
; |lab31119|CHOOSE_LAB3:inst18|choose46                                                                                                                                                                 ; |lab31119|CHOOSE_LAB3:inst18|choose46                                                                                                                                                                 ; out0             ;
; |lab31119|CHOOSE_LAB3:inst18|choose14                                                                                                                                                                 ; |lab31119|CHOOSE_LAB3:inst18|choose14                                                                                                                                                                 ; out0             ;
; |lab31119|CHOOSE_LAB3:inst18|c_or15                                                                                                                                                                   ; |lab31119|CHOOSE_LAB3:inst18|c_or15                                                                                                                                                                   ; out0             ;
; |lab31119|CHOOSE_LAB3:inst18|choose47                                                                                                                                                                 ; |lab31119|CHOOSE_LAB3:inst18|choose47                                                                                                                                                                 ; out0             ;
; |lab31119|CHOOSE_LAB3:inst18|choose15                                                                                                                                                                 ; |lab31119|CHOOSE_LAB3:inst18|choose15                                                                                                                                                                 ; out0             ;
; |lab31119|CHOOSE_LAB3:inst18|c_or16                                                                                                                                                                   ; |lab31119|CHOOSE_LAB3:inst18|c_or16                                                                                                                                                                   ; out0             ;
; |lab31119|CHOOSE_LAB3:inst18|choose48                                                                                                                                                                 ; |lab31119|CHOOSE_LAB3:inst18|choose48                                                                                                                                                                 ; out0             ;
; |lab31119|CHOOSE_LAB3:inst18|choose16                                                                                                                                                                 ; |lab31119|CHOOSE_LAB3:inst18|choose16                                                                                                                                                                 ; out0             ;
; |lab31119|ALU_LAB3:inst10|inst                                                                                                                                                                        ; |lab31119|ALU_LAB3:inst10|inst                                                                                                                                                                        ; out0             ;
; |lab31119|ALU_LAB3:inst10|inst8                                                                                                                                                                       ; |lab31119|ALU_LAB3:inst10|inst8                                                                                                                                                                       ; out0             ;
; |lab31119|ALU_LAB3:inst10|74198:inst1|128                                                                                                                                                             ; |lab31119|ALU_LAB3:inst10|74198:inst1|128                                                                                                                                                             ; out0             ;
; |lab31119|ALU_LAB3:inst10|74198:inst1|136                                                                                                                                                             ; |lab31119|ALU_LAB3:inst10|74198:inst1|136                                                                                                                                                             ; out0             ;
; |lab31119|ALU_LAB3:inst10|74198:inst1|127                                                                                                                                                             ; |lab31119|ALU_LAB3:inst10|74198:inst1|127                                                                                                                                                             ; out0             ;
; |lab31119|ALU_LAB3:inst10|74198:inst1|135                                                                                                                                                             ; |lab31119|ALU_LAB3:inst10|74198:inst1|135                                                                                                                                                             ; out0             ;
; |lab31119|ALU_LAB3:inst10|74198:inst1|126                                                                                                                                                             ; |lab31119|ALU_LAB3:inst10|74198:inst1|126                                                                                                                                                             ; out0             ;
; |lab31119|ALU_LAB3:inst10|74198:inst1|134                                                                                                                                                             ; |lab31119|ALU_LAB3:inst10|74198:inst1|134                                                                                                                                                             ; out0             ;
; |lab31119|ALU_LAB3:inst10|74198:inst1|125                                                                                                                                                             ; |lab31119|ALU_LAB3:inst10|74198:inst1|125                                                                                                                                                             ; out0             ;
; |lab31119|ALU_LAB3:inst10|74198:inst1|133                                                                                                                                                             ; |lab31119|ALU_LAB3:inst10|74198:inst1|133                                                                                                                                                             ; out0             ;
; |lab31119|ALU_LAB3:inst10|74198:inst1|124                                                                                                                                                             ; |lab31119|ALU_LAB3:inst10|74198:inst1|124                                                                                                                                                             ; out0             ;
; |lab31119|ALU_LAB3:inst10|74198:inst1|132                                                                                                                                                             ; |lab31119|ALU_LAB3:inst10|74198:inst1|132                                                                                                                                                             ; out0             ;
; |lab31119|ALU_LAB3:inst10|74198:inst1|123                                                                                                                                                             ; |lab31119|ALU_LAB3:inst10|74198:inst1|123                                                                                                                                                             ; out0             ;
; |lab31119|ALU_LAB3:inst10|74198:inst1|131                                                                                                                                                             ; |lab31119|ALU_LAB3:inst10|74198:inst1|131                                                                                                                                                             ; out0             ;
; |lab31119|ALU_LAB3:inst10|74198:inst1|122                                                                                                                                                             ; |lab31119|ALU_LAB3:inst10|74198:inst1|122                                                                                                                                                             ; out0             ;
; |lab31119|ALU_LAB3:inst10|74198:inst1|130                                                                                                                                                             ; |lab31119|ALU_LAB3:inst10|74198:inst1|130                                                                                                                                                             ; out0             ;
; |lab31119|ALU_LAB3:inst10|74198:inst1|121                                                                                                                                                             ; |lab31119|ALU_LAB3:inst10|74198:inst1|121                                                                                                                                                             ; out0             ;
; |lab31119|ALU_LAB3:inst10|74198:inst1|129                                                                                                                                                             ; |lab31119|ALU_LAB3:inst10|74198:inst1|129                                                                                                                                                             ; out0             ;
; |lab31119|ALU_LAB3:inst10|74198:inst1|84                                                                                                                                                              ; |lab31119|ALU_LAB3:inst10|74198:inst1|84                                                                                                                                                              ; out0             ;
; |lab31119|ALU_LAB3:inst10|74198:inst1|88                                                                                                                                                              ; |lab31119|ALU_LAB3:inst10|74198:inst1|88                                                                                                                                                              ; out0             ;
; |lab31119|ALU_LAB3:inst10|74198:inst1|92                                                                                                                                                              ; |lab31119|ALU_LAB3:inst10|74198:inst1|92                                                                                                                                                              ; out0             ;
; |lab31119|ALU_LAB3:inst10|74198:inst1|96                                                                                                                                                              ; |lab31119|ALU_LAB3:inst10|74198:inst1|96                                                                                                                                                              ; out0             ;
; |lab31119|ALU_LAB3:inst10|74198:inst1|100                                                                                                                                                             ; |lab31119|ALU_LAB3:inst10|74198:inst1|100                                                                                                                                                             ; out0             ;
; |lab31119|ALU_LAB3:inst10|74198:inst1|104                                                                                                                                                             ; |lab31119|ALU_LAB3:inst10|74198:inst1|104                                                                                                                                                             ; out0             ;
; |lab31119|ALU_LAB3:inst10|74198:inst1|108                                                                                                                                                             ; |lab31119|ALU_LAB3:inst10|74198:inst1|108                                                                                                                                                             ; out0             ;
; |lab31119|ALU_LAB3:inst10|74198:inst1|112                                                                                                                                                             ; |lab31119|ALU_LAB3:inst10|74198:inst1|112                                                                                                                                                             ; out0             ;
; |lab31119|ALU_LAB3:inst10|chufa:inst7|DIV2:inst1|lpm_divide:LPM_DIVIDE_component|lpm_divide_c0q:auto_generated|sign_div_unsign_ulh:divider|alt_u_div_g7f:divider|sel[45]                              ; |lab31119|ALU_LAB3:inst10|chufa:inst7|DIV2:inst1|lpm_divide:LPM_DIVIDE_component|lpm_divide_c0q:auto_generated|sign_div_unsign_ulh:divider|alt_u_div_g7f:divider|sel[45]                              ; out0             ;
; |lab31119|ALU_LAB3:inst10|chufa:inst7|DIV2:inst1|lpm_divide:LPM_DIVIDE_component|lpm_divide_c0q:auto_generated|sign_div_unsign_ulh:divider|alt_u_div_g7f:divider|sel[37]                              ; |lab31119|ALU_LAB3:inst10|chufa:inst7|DIV2:inst1|lpm_divide:LPM_DIVIDE_component|lpm_divide_c0q:auto_generated|sign_div_unsign_ulh:divider|alt_u_div_g7f:divider|sel[37]                              ; out0             ;
; |lab31119|ALU_LAB3:inst10|chufa:inst7|DIV2:inst1|lpm_divide:LPM_DIVIDE_component|lpm_divide_c0q:auto_generated|sign_div_unsign_ulh:divider|alt_u_div_g7f:divider|sel[36]                              ; |lab31119|ALU_LAB3:inst10|chufa:inst7|DIV2:inst1|lpm_divide:LPM_DIVIDE_component|lpm_divide_c0q:auto_generated|sign_div_unsign_ulh:divider|alt_u_div_g7f:divider|sel[36]                              ; out0             ;
; |lab31119|ALU_LAB3:inst10|chufa:inst7|DIV2:inst1|lpm_divide:LPM_DIVIDE_component|lpm_divide_c0q:auto_generated|sign_div_unsign_ulh:divider|alt_u_div_g7f:divider|sel[29]                              ; |lab31119|ALU_LAB3:inst10|chufa:inst7|DIV2:inst1|lpm_divide:LPM_DIVIDE_component|lpm_divide_c0q:auto_generated|sign_div_unsign_ulh:divider|alt_u_div_g7f:divider|sel[29]                              ; out0             ;
; |lab31119|ALU_LAB3:inst10|chufa:inst7|DIV2:inst1|lpm_divide:LPM_DIVIDE_component|lpm_divide_c0q:auto_generated|sign_div_unsign_ulh:divider|alt_u_div_g7f:divider|sel[28]                              ; |lab31119|ALU_LAB3:inst10|chufa:inst7|DIV2:inst1|lpm_divide:LPM_DIVIDE_component|lpm_divide_c0q:auto_generated|sign_div_unsign_ulh:divider|alt_u_div_g7f:divider|sel[28]                              ; out0             ;
; |lab31119|ALU_LAB3:inst10|chufa:inst7|DIV2:inst1|lpm_divide:LPM_DIVIDE_component|lpm_divide_c0q:auto_generated|sign_div_unsign_ulh:divider|alt_u_div_g7f:divider|sel[27]                              ; |lab31119|ALU_LAB3:inst10|chufa:inst7|DIV2:inst1|lpm_divide:LPM_DIVIDE_component|lpm_divide_c0q:auto_generated|sign_div_unsign_ulh:divider|alt_u_div_g7f:divider|sel[27]                              ; out0             ;
; |lab31119|ALU_LAB3:inst10|chufa:inst7|DIV2:inst1|lpm_divide:LPM_DIVIDE_component|lpm_divide_c0q:auto_generated|sign_div_unsign_ulh:divider|alt_u_div_g7f:divider|sel[21]                              ; |lab31119|ALU_LAB3:inst10|chufa:inst7|DIV2:inst1|lpm_divide:LPM_DIVIDE_component|lpm_divide_c0q:auto_generated|sign_div_unsign_ulh:divider|alt_u_div_g7f:divider|sel[21]                              ; out0             ;
; |lab31119|ALU_LAB3:inst10|chufa:inst7|DIV2:inst1|lpm_divide:LPM_DIVIDE_component|lpm_divide_c0q:auto_generated|sign_div_unsign_ulh:divider|alt_u_div_g7f:divider|sel[20]                              ; |lab31119|ALU_LAB3:inst10|chufa:inst7|DIV2:inst1|lpm_divide:LPM_DIVIDE_component|lpm_divide_c0q:auto_generated|sign_div_unsign_ulh:divider|alt_u_div_g7f:divider|sel[20]                              ; out0             ;
; |lab31119|ALU_LAB3:inst10|chufa:inst7|DIV2:inst1|lpm_divide:LPM_DIVIDE_component|lpm_divide_c0q:auto_generated|sign_div_unsign_ulh:divider|alt_u_div_g7f:divider|sel[19]                              ; |lab31119|ALU_LAB3:inst10|chufa:inst7|DIV2:inst1|lpm_divide:LPM_DIVIDE_component|lpm_divide_c0q:auto_generated|sign_div_unsign_ulh:divider|alt_u_div_g7f:divider|sel[19]                              ; out0             ;
; |lab31119|ALU_LAB3:inst10|chufa:inst7|DIV2:inst1|lpm_divide:LPM_DIVIDE_component|lpm_divide_c0q:auto_generated|sign_div_unsign_ulh:divider|alt_u_div_g7f:divider|sel[18]                              ; |lab31119|ALU_LAB3:inst10|chufa:inst7|DIV2:inst1|lpm_divide:LPM_DIVIDE_component|lpm_divide_c0q:auto_generated|sign_div_unsign_ulh:divider|alt_u_div_g7f:divider|sel[18]                              ; out0             ;
; |lab31119|ALU_LAB3:inst10|chufa:inst7|DIV2:inst1|lpm_divide:LPM_DIVIDE_component|lpm_divide_c0q:auto_generated|sign_div_unsign_ulh:divider|alt_u_div_g7f:divider|sel[13]                              ; |lab31119|ALU_LAB3:inst10|chufa:inst7|DIV2:inst1|lpm_divide:LPM_DIVIDE_component|lpm_divide_c0q:auto_generated|sign_div_unsign_ulh:divider|alt_u_div_g7f:divider|sel[13]                              ; out0             ;
; |lab31119|ALU_LAB3:inst10|chufa:inst7|DIV2:inst1|lpm_divide:LPM_DIVIDE_component|lpm_divide_c0q:auto_generated|sign_div_unsign_ulh:divider|alt_u_div_g7f:divider|sel[12]                              ; |lab31119|ALU_LAB3:inst10|chufa:inst7|DIV2:inst1|lpm_divide:LPM_DIVIDE_component|lpm_divide_c0q:auto_generated|sign_div_unsign_ulh:divider|alt_u_div_g7f:divider|sel[12]                              ; out0             ;
; |lab31119|ALU_LAB3:inst10|chufa:inst7|DIV2:inst1|lpm_divide:LPM_DIVIDE_component|lpm_divide_c0q:auto_generated|sign_div_unsign_ulh:divider|alt_u_div_g7f:divider|sel[11]                              ; |lab31119|ALU_LAB3:inst10|chufa:inst7|DIV2:inst1|lpm_divide:LPM_DIVIDE_component|lpm_divide_c0q:auto_generated|sign_div_unsign_ulh:divider|alt_u_div_g7f:divider|sel[11]                              ; out0             ;
; |lab31119|ALU_LAB3:inst10|chufa:inst7|DIV2:inst1|lpm_divide:LPM_DIVIDE_component|lpm_divide_c0q:auto_generated|sign_div_unsign_ulh:divider|alt_u_div_g7f:divider|sel[10]                              ; |lab31119|ALU_LAB3:inst10|chufa:inst7|DIV2:inst1|lpm_divide:LPM_DIVIDE_component|lpm_divide_c0q:auto_generated|sign_div_unsign_ulh:divider|alt_u_div_g7f:divider|sel[10]                              ; out0             ;
; |lab31119|ALU_LAB3:inst10|chufa:inst7|DIV2:inst1|lpm_divide:LPM_DIVIDE_component|lpm_divide_c0q:auto_generated|sign_div_unsign_ulh:divider|alt_u_div_g7f:divider|sel[9]                               ; |lab31119|ALU_LAB3:inst10|chufa:inst7|DIV2:inst1|lpm_divide:LPM_DIVIDE_component|lpm_divide_c0q:auto_generated|sign_div_unsign_ulh:divider|alt_u_div_g7f:divider|sel[9]                               ; out0             ;
; |lab31119|ALU_LAB3:inst10|chufa:inst7|DIV2:inst1|lpm_divide:LPM_DIVIDE_component|lpm_divide_c0q:auto_generated|sign_div_unsign_ulh:divider|alt_u_div_g7f:divider|sel[5]                               ; |lab31119|ALU_LAB3:inst10|chufa:inst7|DIV2:inst1|lpm_divide:LPM_DIVIDE_component|lpm_divide_c0q:auto_generated|sign_div_unsign_ulh:divider|alt_u_div_g7f:divider|sel[5]                               ; out0             ;
; |lab31119|ALU_LAB3:inst10|chufa:inst7|DIV2:inst1|lpm_divide:LPM_DIVIDE_component|lpm_divide_c0q:auto_generated|sign_div_unsign_ulh:divider|alt_u_div_g7f:divider|sel[4]                               ; |lab31119|ALU_LAB3:inst10|chufa:inst7|DIV2:inst1|lpm_divide:LPM_DIVIDE_component|lpm_divide_c0q:auto_generated|sign_div_unsign_ulh:divider|alt_u_div_g7f:divider|sel[4]                               ; out0             ;
; |lab31119|ALU_LAB3:inst10|chufa:inst7|DIV2:inst1|lpm_divide:LPM_DIVIDE_component|lpm_divide_c0q:auto_generated|sign_div_unsign_ulh:divider|alt_u_div_g7f:divider|sel[3]                               ; |lab31119|ALU_LAB3:inst10|chufa:inst7|DIV2:inst1|lpm_divide:LPM_DIVIDE_component|lpm_divide_c0q:auto_generated|sign_div_unsign_ulh:divider|alt_u_div_g7f:divider|sel[3]                               ; out0             ;
; |lab31119|ALU_LAB3:inst10|chufa:inst7|DIV2:inst1|lpm_divide:LPM_DIVIDE_component|lpm_divide_c0q:auto_generated|sign_div_unsign_ulh:divider|alt_u_div_g7f:divider|sel[2]                               ; |lab31119|ALU_LAB3:inst10|chufa:inst7|DIV2:inst1|lpm_divide:LPM_DIVIDE_component|lpm_divide_c0q:auto_generated|sign_div_unsign_ulh:divider|alt_u_div_g7f:divider|sel[2]                               ; out0             ;
; |lab31119|ALU_LAB3:inst10|chufa:inst7|DIV2:inst1|lpm_divide:LPM_DIVIDE_component|lpm_divide_c0q:auto_generated|sign_div_unsign_ulh:divider|alt_u_div_g7f:divider|sel[1]                               ; |lab31119|ALU_LAB3:inst10|chufa:inst7|DIV2:inst1|lpm_divide:LPM_DIVIDE_component|lpm_divide_c0q:auto_generated|sign_div_unsign_ulh:divider|alt_u_div_g7f:divider|sel[1]                               ; out0             ;
; |lab31119|ALU_LAB3:inst10|chufa:inst7|DIV2:inst1|lpm_divide:LPM_DIVIDE_component|lpm_divide_c0q:auto_generated|sign_div_unsign_ulh:divider|alt_u_div_g7f:divider|sel[0]                               ; |lab31119|ALU_LAB3:inst10|chufa:inst7|DIV2:inst1|lpm_divide:LPM_DIVIDE_component|lpm_divide_c0q:auto_generated|sign_div_unsign_ulh:divider|alt_u_div_g7f:divider|sel[0]                               ; out0             ;
; |lab31119|ALU_LAB3:inst10|chufa:inst7|DIV2:inst1|lpm_divide:LPM_DIVIDE_component|lpm_divide_c0q:auto_generated|sign_div_unsign_ulh:divider|alt_u_div_g7f:divider|selnose[102]                         ; |lab31119|ALU_LAB3:inst10|chufa:inst7|DIV2:inst1|lpm_divide:LPM_DIVIDE_component|lpm_divide_c0q:auto_generated|sign_div_unsign_ulh:divider|alt_u_div_g7f:divider|selnose[102]                         ; out0             ;
; |lab31119|ALU_LAB3:inst10|chufa:inst7|DIV2:inst1|lpm_divide:LPM_DIVIDE_component|lpm_divide_c0q:auto_generated|sign_div_unsign_ulh:divider|alt_u_div_g7f:divider|selnose[85]                          ; |lab31119|ALU_LAB3:inst10|chufa:inst7|DIV2:inst1|lpm_divide:LPM_DIVIDE_component|lpm_divide_c0q:auto_generated|sign_div_unsign_ulh:divider|alt_u_div_g7f:divider|selnose[85]                          ; out0             ;
; |lab31119|ALU_LAB3:inst10|chufa:inst7|DIV2:inst1|lpm_divide:LPM_DIVIDE_component|lpm_divide_c0q:auto_generated|sign_div_unsign_ulh:divider|alt_u_div_g7f:divider|selnose[68]                          ; |lab31119|ALU_LAB3:inst10|chufa:inst7|DIV2:inst1|lpm_divide:LPM_DIVIDE_component|lpm_divide_c0q:auto_generated|sign_div_unsign_ulh:divider|alt_u_div_g7f:divider|selnose[68]                          ; out0             ;
; |lab31119|ALU_LAB3:inst10|chufa:inst7|DIV2:inst1|lpm_divide:LPM_DIVIDE_component|lpm_divide_c0q:auto_generated|sign_div_unsign_ulh:divider|alt_u_div_g7f:divider|selnose[51]                          ; |lab31119|ALU_LAB3:inst10|chufa:inst7|DIV2:inst1|lpm_divide:LPM_DIVIDE_component|lpm_divide_c0q:auto_generated|sign_div_unsign_ulh:divider|alt_u_div_g7f:divider|selnose[51]                          ; out0             ;
; |lab31119|ALU_LAB3:inst10|chufa:inst7|DIV2:inst1|lpm_divide:LPM_DIVIDE_component|lpm_divide_c0q:auto_generated|sign_div_unsign_ulh:divider|alt_u_div_g7f:divider|selnose[34]                          ; |lab31119|ALU_LAB3:inst10|chufa:inst7|DIV2:inst1|lpm_divide:LPM_DIVIDE_component|lpm_divide_c0q:auto_generated|sign_div_unsign_ulh:divider|alt_u_div_g7f:divider|selnose[34]                          ; out0             ;
; |lab31119|ALU_LAB3:inst10|chufa:inst7|DIV2:inst1|lpm_divide:LPM_DIVIDE_component|lpm_divide_c0q:auto_generated|sign_div_unsign_ulh:divider|alt_u_div_g7f:divider|selnose[17]                          ; |lab31119|ALU_LAB3:inst10|chufa:inst7|DIV2:inst1|lpm_divide:LPM_DIVIDE_component|lpm_divide_c0q:auto_generated|sign_div_unsign_ulh:divider|alt_u_div_g7f:divider|selnose[17]                          ; out0             ;
; |lab31119|ALU_LAB3:inst10|chufa:inst7|DIV2:inst1|lpm_divide:LPM_DIVIDE_component|lpm_divide_c0q:auto_generated|sign_div_unsign_ulh:divider|alt_u_div_g7f:divider|selnose[0]                           ; |lab31119|ALU_LAB3:inst10|chufa:inst7|DIV2:inst1|lpm_divide:LPM_DIVIDE_component|lpm_divide_c0q:auto_generated|sign_div_unsign_ulh:divider|alt_u_div_g7f:divider|selnose[0]                           ; out0             ;
; |lab31119|ALU_LAB3:inst10|chufa:inst7|DIV2:inst1|lpm_divide:LPM_DIVIDE_component|lpm_divide_c0q:auto_generated|sign_div_unsign_ulh:divider|alt_u_div_g7f:divider|StageOut[133]~19                     ; |lab31119|ALU_LAB3:inst10|chufa:inst7|DIV2:inst1|lpm_divide:LPM_DIVIDE_component|lpm_divide_c0q:auto_generated|sign_div_unsign_ulh:divider|alt_u_div_g7f:divider|StageOut[133]~19                     ; out0             ;
; |lab31119|ALU_LAB3:inst10|chufa:inst7|DIV2:inst1|lpm_divide:LPM_DIVIDE_component|lpm_divide_c0q:auto_generated|sign_div_unsign_ulh:divider|alt_u_div_g7f:divider|StageOut[132]~20                     ; |lab31119|ALU_LAB3:inst10|chufa:inst7|DIV2:inst1|lpm_divide:LPM_DIVIDE_component|lpm_divide_c0q:auto_generated|sign_div_unsign_ulh:divider|alt_u_div_g7f:divider|StageOut[132]~20                     ; out0             ;
; |lab31119|ALU_LAB3:inst10|chufa:inst7|DIV2:inst1|lpm_divide:LPM_DIVIDE_component|lpm_divide_c0q:auto_generated|sign_div_unsign_ulh:divider|alt_u_div_g7f:divider|StageOut[131]~21                     ; |lab31119|ALU_LAB3:inst10|chufa:inst7|DIV2:inst1|lpm_divide:LPM_DIVIDE_component|lpm_divide_c0q:auto_generated|sign_div_unsign_ulh:divider|alt_u_div_g7f:divider|StageOut[131]~21                     ; out0             ;
; |lab31119|ALU_LAB3:inst10|chufa:inst7|DIV2:inst1|lpm_divide:LPM_DIVIDE_component|lpm_divide_c0q:auto_generated|sign_div_unsign_ulh:divider|alt_u_div_g7f:divider|StageOut[130]~22                     ; |lab31119|ALU_LAB3:inst10|chufa:inst7|DIV2:inst1|lpm_divide:LPM_DIVIDE_component|lpm_divide_c0q:auto_generated|sign_div_unsign_ulh:divider|alt_u_div_g7f:divider|StageOut[130]~22                     ; out0             ;
; |lab31119|ALU_LAB3:inst10|chufa:inst7|DIV2:inst1|lpm_divide:LPM_DIVIDE_component|lpm_divide_c0q:auto_generated|sign_div_unsign_ulh:divider|alt_u_div_g7f:divider|StageOut[129]~23                     ; |lab31119|ALU_LAB3:inst10|chufa:inst7|DIV2:inst1|lpm_divide:LPM_DIVIDE_component|lpm_divide_c0q:auto_generated|sign_div_unsign_ulh:divider|alt_u_div_g7f:divider|StageOut[129]~23                     ; out0             ;
; |lab31119|ALU_LAB3:inst10|chufa:inst7|DIV2:inst1|lpm_divide:LPM_DIVIDE_component|lpm_divide_c0q:auto_generated|sign_div_unsign_ulh:divider|alt_u_div_g7f:divider|StageOut[128]~24                     ; |lab31119|ALU_LAB3:inst10|chufa:inst7|DIV2:inst1|lpm_divide:LPM_DIVIDE_component|lpm_divide_c0q:auto_generated|sign_div_unsign_ulh:divider|alt_u_div_g7f:divider|StageOut[128]~24                     ; out0             ;
; |lab31119|ALU_LAB3:inst10|chufa:inst7|DIV2:inst1|lpm_divide:LPM_DIVIDE_component|lpm_divide_c0q:auto_generated|sign_div_unsign_ulh:divider|alt_u_div_g7f:divider|StageOut[127]~25                     ; |lab31119|ALU_LAB3:inst10|chufa:inst7|DIV2:inst1|lpm_divide:LPM_DIVIDE_component|lpm_divide_c0q:auto_generated|sign_div_unsign_ulh:divider|alt_u_div_g7f:divider|StageOut[127]~25                     ; out0             ;
; |lab31119|ALU_LAB3:inst10|chufa:inst7|DIV2:inst1|lpm_divide:LPM_DIVIDE_component|lpm_divide_c0q:auto_generated|sign_div_unsign_ulh:divider|alt_u_div_g7f:divider|StageOut[126]~26                     ; |lab31119|ALU_LAB3:inst10|chufa:inst7|DIV2:inst1|lpm_divide:LPM_DIVIDE_component|lpm_divide_c0q:auto_generated|sign_div_unsign_ulh:divider|alt_u_div_g7f:divider|StageOut[126]~26                     ; out0             ;
; |lab31119|ALU_LAB3:inst10|chufa:inst7|DIV2:inst1|lpm_divide:LPM_DIVIDE_component|lpm_divide_c0q:auto_generated|sign_div_unsign_ulh:divider|alt_u_div_g7f:divider|StageOut[133]~28                     ; |lab31119|ALU_LAB3:inst10|chufa:inst7|DIV2:inst1|lpm_divide:LPM_DIVIDE_component|lpm_divide_c0q:auto_generated|sign_div_unsign_ulh:divider|alt_u_div_g7f:divider|StageOut[133]~28                     ; out0             ;
; |lab31119|ALU_LAB3:inst10|chufa:inst7|DIV2:inst1|lpm_divide:LPM_DIVIDE_component|lpm_divide_c0q:auto_generated|sign_div_unsign_ulh:divider|alt_u_div_g7f:divider|StageOut[132]~29                     ; |lab31119|ALU_LAB3:inst10|chufa:inst7|DIV2:inst1|lpm_divide:LPM_DIVIDE_component|lpm_divide_c0q:auto_generated|sign_div_unsign_ulh:divider|alt_u_div_g7f:divider|StageOut[132]~29                     ; out0             ;
; |lab31119|ALU_LAB3:inst10|chufa:inst7|DIV2:inst1|lpm_divide:LPM_DIVIDE_component|lpm_divide_c0q:auto_generated|sign_div_unsign_ulh:divider|alt_u_div_g7f:divider|StageOut[131]~30                     ; |lab31119|ALU_LAB3:inst10|chufa:inst7|DIV2:inst1|lpm_divide:LPM_DIVIDE_component|lpm_divide_c0q:auto_generated|sign_div_unsign_ulh:divider|alt_u_div_g7f:divider|StageOut[131]~30                     ; out0             ;
; |lab31119|ALU_LAB3:inst10|chufa:inst7|DIV2:inst1|lpm_divide:LPM_DIVIDE_component|lpm_divide_c0q:auto_generated|sign_div_unsign_ulh:divider|alt_u_div_g7f:divider|StageOut[130]~31                     ; |lab31119|ALU_LAB3:inst10|chufa:inst7|DIV2:inst1|lpm_divide:LPM_DIVIDE_component|lpm_divide_c0q:auto_generated|sign_div_unsign_ulh:divider|alt_u_div_g7f:divider|StageOut[130]~31                     ; out0             ;
; |lab31119|ALU_LAB3:inst10|chufa:inst7|DIV2:inst1|lpm_divide:LPM_DIVIDE_component|lpm_divide_c0q:auto_generated|sign_div_unsign_ulh:divider|alt_u_div_g7f:divider|StageOut[129]~32                     ; |lab31119|ALU_LAB3:inst10|chufa:inst7|DIV2:inst1|lpm_divide:LPM_DIVIDE_component|lpm_divide_c0q:auto_generated|sign_div_unsign_ulh:divider|alt_u_div_g7f:divider|StageOut[129]~32                     ; out0             ;
; |lab31119|ALU_LAB3:inst10|chufa:inst7|DIV2:inst1|lpm_divide:LPM_DIVIDE_component|lpm_divide_c0q:auto_generated|sign_div_unsign_ulh:divider|alt_u_div_g7f:divider|StageOut[128]~33                     ; |lab31119|ALU_LAB3:inst10|chufa:inst7|DIV2:inst1|lpm_divide:LPM_DIVIDE_component|lpm_divide_c0q:auto_generated|sign_div_unsign_ulh:divider|alt_u_div_g7f:divider|StageOut[128]~33                     ; out0             ;
; |lab31119|ALU_LAB3:inst10|chufa:inst7|DIV2:inst1|lpm_divide:LPM_DIVIDE_component|lpm_divide_c0q:auto_generated|sign_div_unsign_ulh:divider|alt_u_div_g7f:divider|StageOut[127]~34                     ; |lab31119|ALU_LAB3:inst10|chufa:inst7|DIV2:inst1|lpm_divide:LPM_DIVIDE_component|lpm_divide_c0q:auto_generated|sign_div_unsign_ulh:divider|alt_u_div_g7f:divider|StageOut[127]~34                     ; out0             ;
; |lab31119|ALU_LAB3:inst10|chufa:inst7|DIV2:inst1|lpm_divide:LPM_DIVIDE_component|lpm_divide_c0q:auto_generated|sign_div_unsign_ulh:divider|alt_u_div_g7f:divider|StageOut[126]~35                     ; |lab31119|ALU_LAB3:inst10|chufa:inst7|DIV2:inst1|lpm_divide:LPM_DIVIDE_component|lpm_divide_c0q:auto_generated|sign_div_unsign_ulh:divider|alt_u_div_g7f:divider|StageOut[126]~35                     ; out0             ;
; |lab31119|ALU_LAB3:inst10|chufa:inst7|DIV2:inst1|lpm_divide:LPM_DIVIDE_component|lpm_divide_c0q:auto_generated|sign_div_unsign_ulh:divider|alt_u_div_g7f:divider|StageOut[133]                        ; |lab31119|ALU_LAB3:inst10|chufa:inst7|DIV2:inst1|lpm_divide:LPM_DIVIDE_component|lpm_divide_c0q:auto_generated|sign_div_unsign_ulh:divider|alt_u_div_g7f:divider|StageOut[133]                        ; out0             ;
; |lab31119|ALU_LAB3:inst10|chufa:inst7|DIV2:inst1|lpm_divide:LPM_DIVIDE_component|lpm_divide_c0q:auto_generated|sign_div_unsign_ulh:divider|alt_u_div_g7f:divider|StageOut[132]                        ; |lab31119|ALU_LAB3:inst10|chufa:inst7|DIV2:inst1|lpm_divide:LPM_DIVIDE_component|lpm_divide_c0q:auto_generated|sign_div_unsign_ulh:divider|alt_u_div_g7f:divider|StageOut[132]                        ; out0             ;
; |lab31119|ALU_LAB3:inst10|chufa:inst7|DIV2:inst1|lpm_divide:LPM_DIVIDE_component|lpm_divide_c0q:auto_generated|sign_div_unsign_ulh:divider|alt_u_div_g7f:divider|StageOut[131]                        ; |lab31119|ALU_LAB3:inst10|chufa:inst7|DIV2:inst1|lpm_divide:LPM_DIVIDE_component|lpm_divide_c0q:auto_generated|sign_div_unsign_ulh:divider|alt_u_div_g7f:divider|StageOut[131]                        ; out0             ;
; |lab31119|ALU_LAB3:inst10|chufa:inst7|DIV2:inst1|lpm_divide:LPM_DIVIDE_component|lpm_divide_c0q:auto_generated|sign_div_unsign_ulh:divider|alt_u_div_g7f:divider|StageOut[130]                        ; |lab31119|ALU_LAB3:inst10|chufa:inst7|DIV2:inst1|lpm_divide:LPM_DIVIDE_component|lpm_divide_c0q:auto_generated|sign_div_unsign_ulh:divider|alt_u_div_g7f:divider|StageOut[130]                        ; out0             ;
; |lab31119|ALU_LAB3:inst10|chufa:inst7|DIV2:inst1|lpm_divide:LPM_DIVIDE_component|lpm_divide_c0q:auto_generated|sign_div_unsign_ulh:divider|alt_u_div_g7f:divider|StageOut[129]                        ; |lab31119|ALU_LAB3:inst10|chufa:inst7|DIV2:inst1|lpm_divide:LPM_DIVIDE_component|lpm_divide_c0q:auto_generated|sign_div_unsign_ulh:divider|alt_u_div_g7f:divider|StageOut[129]                        ; out0             ;
; |lab31119|ALU_LAB3:inst10|chufa:inst7|DIV2:inst1|lpm_divide:LPM_DIVIDE_component|lpm_divide_c0q:auto_generated|sign_div_unsign_ulh:divider|alt_u_div_g7f:divider|StageOut[128]                        ; |lab31119|ALU_LAB3:inst10|chufa:inst7|DIV2:inst1|lpm_divide:LPM_DIVIDE_component|lpm_divide_c0q:auto_generated|sign_div_unsign_ulh:divider|alt_u_div_g7f:divider|StageOut[128]                        ; out0             ;
; |lab31119|ALU_LAB3:inst10|chufa:inst7|DIV2:inst1|lpm_divide:LPM_DIVIDE_component|lpm_divide_c0q:auto_generated|sign_div_unsign_ulh:divider|alt_u_div_g7f:divider|StageOut[127]                        ; |lab31119|ALU_LAB3:inst10|chufa:inst7|DIV2:inst1|lpm_divide:LPM_DIVIDE_component|lpm_divide_c0q:auto_generated|sign_div_unsign_ulh:divider|alt_u_div_g7f:divider|StageOut[127]                        ; out0             ;
; |lab31119|ALU_LAB3:inst10|chufa:inst7|DIV2:inst1|lpm_divide:LPM_DIVIDE_component|lpm_divide_c0q:auto_generated|sign_div_unsign_ulh:divider|alt_u_div_g7f:divider|StageOut[126]                        ; |lab31119|ALU_LAB3:inst10|chufa:inst7|DIV2:inst1|lpm_divide:LPM_DIVIDE_component|lpm_divide_c0q:auto_generated|sign_div_unsign_ulh:divider|alt_u_div_g7f:divider|StageOut[126]                        ; out0             ;
; |lab31119|ALU_LAB3:inst10|chufa:inst7|DIV2:inst1|lpm_divide:LPM_DIVIDE_component|lpm_divide_c0q:auto_generated|sign_div_unsign_ulh:divider|alt_u_div_g7f:divider|StageOut[124]~37                     ; |lab31119|ALU_LAB3:inst10|chufa:inst7|DIV2:inst1|lpm_divide:LPM_DIVIDE_component|lpm_divide_c0q:auto_generated|sign_div_unsign_ulh:divider|alt_u_div_g7f:divider|StageOut[124]~37                     ; out0             ;
; |lab31119|ALU_LAB3:inst10|chufa:inst7|DIV2:inst1|lpm_divide:LPM_DIVIDE_component|lpm_divide_c0q:auto_generated|sign_div_unsign_ulh:divider|alt_u_div_g7f:divider|StageOut[123]~38                     ; |lab31119|ALU_LAB3:inst10|chufa:inst7|DIV2:inst1|lpm_divide:LPM_DIVIDE_component|lpm_divide_c0q:auto_generated|sign_div_unsign_ulh:divider|alt_u_div_g7f:divider|StageOut[123]~38                     ; out0             ;
; |lab31119|ALU_LAB3:inst10|chufa:inst7|DIV2:inst1|lpm_divide:LPM_DIVIDE_component|lpm_divide_c0q:auto_generated|sign_div_unsign_ulh:divider|alt_u_div_g7f:divider|StageOut[122]~39                     ; |lab31119|ALU_LAB3:inst10|chufa:inst7|DIV2:inst1|lpm_divide:LPM_DIVIDE_component|lpm_divide_c0q:auto_generated|sign_div_unsign_ulh:divider|alt_u_div_g7f:divider|StageOut[122]~39                     ; out0             ;
; |lab31119|ALU_LAB3:inst10|chufa:inst7|DIV2:inst1|lpm_divide:LPM_DIVIDE_component|lpm_divide_c0q:auto_generated|sign_div_unsign_ulh:divider|alt_u_div_g7f:divider|StageOut[121]~40                     ; |lab31119|ALU_LAB3:inst10|chufa:inst7|DIV2:inst1|lpm_divide:LPM_DIVIDE_component|lpm_divide_c0q:auto_generated|sign_div_unsign_ulh:divider|alt_u_div_g7f:divider|StageOut[121]~40                     ; out0             ;
; |lab31119|ALU_LAB3:inst10|chufa:inst7|DIV2:inst1|lpm_divide:LPM_DIVIDE_component|lpm_divide_c0q:auto_generated|sign_div_unsign_ulh:divider|alt_u_div_g7f:divider|StageOut[120]~41                     ; |lab31119|ALU_LAB3:inst10|chufa:inst7|DIV2:inst1|lpm_divide:LPM_DIVIDE_component|lpm_divide_c0q:auto_generated|sign_div_unsign_ulh:divider|alt_u_div_g7f:divider|StageOut[120]~41                     ; out0             ;
; |lab31119|ALU_LAB3:inst10|chufa:inst7|DIV2:inst1|lpm_divide:LPM_DIVIDE_component|lpm_divide_c0q:auto_generated|sign_div_unsign_ulh:divider|alt_u_div_g7f:divider|StageOut[119]~42                     ; |lab31119|ALU_LAB3:inst10|chufa:inst7|DIV2:inst1|lpm_divide:LPM_DIVIDE_component|lpm_divide_c0q:auto_generated|sign_div_unsign_ulh:divider|alt_u_div_g7f:divider|StageOut[119]~42                     ; out0             ;
; |lab31119|ALU_LAB3:inst10|chufa:inst7|DIV2:inst1|lpm_divide:LPM_DIVIDE_component|lpm_divide_c0q:auto_generated|sign_div_unsign_ulh:divider|alt_u_div_g7f:divider|StageOut[118]~43                     ; |lab31119|ALU_LAB3:inst10|chufa:inst7|DIV2:inst1|lpm_divide:LPM_DIVIDE_component|lpm_divide_c0q:auto_generated|sign_div_unsign_ulh:divider|alt_u_div_g7f:divider|StageOut[118]~43                     ; out0             ;
; |lab31119|ALU_LAB3:inst10|chufa:inst7|DIV2:inst1|lpm_divide:LPM_DIVIDE_component|lpm_divide_c0q:auto_generated|sign_div_unsign_ulh:divider|alt_u_div_g7f:divider|StageOut[117]~44                     ; |lab31119|ALU_LAB3:inst10|chufa:inst7|DIV2:inst1|lpm_divide:LPM_DIVIDE_component|lpm_divide_c0q:auto_generated|sign_div_unsign_ulh:divider|alt_u_div_g7f:divider|StageOut[117]~44                     ; out0             ;
; |lab31119|ALU_LAB3:inst10|chufa:inst7|DIV2:inst1|lpm_divide:LPM_DIVIDE_component|lpm_divide_c0q:auto_generated|sign_div_unsign_ulh:divider|alt_u_div_g7f:divider|StageOut[124]~46                     ; |lab31119|ALU_LAB3:inst10|chufa:inst7|DIV2:inst1|lpm_divide:LPM_DIVIDE_component|lpm_divide_c0q:auto_generated|sign_div_unsign_ulh:divider|alt_u_div_g7f:divider|StageOut[124]~46                     ; out0             ;
; |lab31119|ALU_LAB3:inst10|chufa:inst7|DIV2:inst1|lpm_divide:LPM_DIVIDE_component|lpm_divide_c0q:auto_generated|sign_div_unsign_ulh:divider|alt_u_div_g7f:divider|StageOut[123]~47                     ; |lab31119|ALU_LAB3:inst10|chufa:inst7|DIV2:inst1|lpm_divide:LPM_DIVIDE_component|lpm_divide_c0q:auto_generated|sign_div_unsign_ulh:divider|alt_u_div_g7f:divider|StageOut[123]~47                     ; out0             ;
; |lab31119|ALU_LAB3:inst10|chufa:inst7|DIV2:inst1|lpm_divide:LPM_DIVIDE_component|lpm_divide_c0q:auto_generated|sign_div_unsign_ulh:divider|alt_u_div_g7f:divider|StageOut[122]~48                     ; |lab31119|ALU_LAB3:inst10|chufa:inst7|DIV2:inst1|lpm_divide:LPM_DIVIDE_component|lpm_divide_c0q:auto_generated|sign_div_unsign_ulh:divider|alt_u_div_g7f:divider|StageOut[122]~48                     ; out0             ;
; |lab31119|ALU_LAB3:inst10|chufa:inst7|DIV2:inst1|lpm_divide:LPM_DIVIDE_component|lpm_divide_c0q:auto_generated|sign_div_unsign_ulh:divider|alt_u_div_g7f:divider|StageOut[121]~49                     ; |lab31119|ALU_LAB3:inst10|chufa:inst7|DIV2:inst1|lpm_divide:LPM_DIVIDE_component|lpm_divide_c0q:auto_generated|sign_div_unsign_ulh:divider|alt_u_div_g7f:divider|StageOut[121]~49                     ; out0             ;
; |lab31119|ALU_LAB3:inst10|chufa:inst7|DIV2:inst1|lpm_divide:LPM_DIVIDE_component|lpm_divide_c0q:auto_generated|sign_div_unsign_ulh:divider|alt_u_div_g7f:divider|StageOut[120]~50                     ; |lab31119|ALU_LAB3:inst10|chufa:inst7|DIV2:inst1|lpm_divide:LPM_DIVIDE_component|lpm_divide_c0q:auto_generated|sign_div_unsign_ulh:divider|alt_u_div_g7f:divider|StageOut[120]~50                     ; out0             ;
; |lab31119|ALU_LAB3:inst10|chufa:inst7|DIV2:inst1|lpm_divide:LPM_DIVIDE_component|lpm_divide_c0q:auto_generated|sign_div_unsign_ulh:divider|alt_u_div_g7f:divider|StageOut[119]~51                     ; |lab31119|ALU_LAB3:inst10|chufa:inst7|DIV2:inst1|lpm_divide:LPM_DIVIDE_component|lpm_divide_c0q:auto_generated|sign_div_unsign_ulh:divider|alt_u_div_g7f:divider|StageOut[119]~51                     ; out0             ;
; |lab31119|ALU_LAB3:inst10|chufa:inst7|DIV2:inst1|lpm_divide:LPM_DIVIDE_component|lpm_divide_c0q:auto_generated|sign_div_unsign_ulh:divider|alt_u_div_g7f:divider|StageOut[118]~52                     ; |lab31119|ALU_LAB3:inst10|chufa:inst7|DIV2:inst1|lpm_divide:LPM_DIVIDE_component|lpm_divide_c0q:auto_generated|sign_div_unsign_ulh:divider|alt_u_div_g7f:divider|StageOut[118]~52                     ; out0             ;
; |lab31119|ALU_LAB3:inst10|chufa:inst7|DIV2:inst1|lpm_divide:LPM_DIVIDE_component|lpm_divide_c0q:auto_generated|sign_div_unsign_ulh:divider|alt_u_div_g7f:divider|StageOut[117]~53                     ; |lab31119|ALU_LAB3:inst10|chufa:inst7|DIV2:inst1|lpm_divide:LPM_DIVIDE_component|lpm_divide_c0q:auto_generated|sign_div_unsign_ulh:divider|alt_u_div_g7f:divider|StageOut[117]~53                     ; out0             ;
; |lab31119|ALU_LAB3:inst10|chufa:inst7|DIV2:inst1|lpm_divide:LPM_DIVIDE_component|lpm_divide_c0q:auto_generated|sign_div_unsign_ulh:divider|alt_u_div_g7f:divider|StageOut[124]                        ; |lab31119|ALU_LAB3:inst10|chufa:inst7|DIV2:inst1|lpm_divide:LPM_DIVIDE_component|lpm_divide_c0q:auto_generated|sign_div_unsign_ulh:divider|alt_u_div_g7f:divider|StageOut[124]                        ; out0             ;
; |lab31119|ALU_LAB3:inst10|chufa:inst7|DIV2:inst1|lpm_divide:LPM_DIVIDE_component|lpm_divide_c0q:auto_generated|sign_div_unsign_ulh:divider|alt_u_div_g7f:divider|StageOut[123]                        ; |lab31119|ALU_LAB3:inst10|chufa:inst7|DIV2:inst1|lpm_divide:LPM_DIVIDE_component|lpm_divide_c0q:auto_generated|sign_div_unsign_ulh:divider|alt_u_div_g7f:divider|StageOut[123]                        ; out0             ;
; |lab31119|ALU_LAB3:inst10|chufa:inst7|DIV2:inst1|lpm_divide:LPM_DIVIDE_component|lpm_divide_c0q:auto_generated|sign_div_unsign_ulh:divider|alt_u_div_g7f:divider|StageOut[122]                        ; |lab31119|ALU_LAB3:inst10|chufa:inst7|DIV2:inst1|lpm_divide:LPM_DIVIDE_component|lpm_divide_c0q:auto_generated|sign_div_unsign_ulh:divider|alt_u_div_g7f:divider|StageOut[122]                        ; out0             ;
; |lab31119|ALU_LAB3:inst10|chufa:inst7|DIV2:inst1|lpm_divide:LPM_DIVIDE_component|lpm_divide_c0q:auto_generated|sign_div_unsign_ulh:divider|alt_u_div_g7f:divider|StageOut[121]                        ; |lab31119|ALU_LAB3:inst10|chufa:inst7|DIV2:inst1|lpm_divide:LPM_DIVIDE_component|lpm_divide_c0q:auto_generated|sign_div_unsign_ulh:divider|alt_u_div_g7f:divider|StageOut[121]                        ; out0             ;
; |lab31119|ALU_LAB3:inst10|chufa:inst7|DIV2:inst1|lpm_divide:LPM_DIVIDE_component|lpm_divide_c0q:auto_generated|sign_div_unsign_ulh:divider|alt_u_div_g7f:divider|StageOut[120]                        ; |lab31119|ALU_LAB3:inst10|chufa:inst7|DIV2:inst1|lpm_divide:LPM_DIVIDE_component|lpm_divide_c0q:auto_generated|sign_div_unsign_ulh:divider|alt_u_div_g7f:divider|StageOut[120]                        ; out0             ;
; |lab31119|ALU_LAB3:inst10|chufa:inst7|DIV2:inst1|lpm_divide:LPM_DIVIDE_component|lpm_divide_c0q:auto_generated|sign_div_unsign_ulh:divider|alt_u_div_g7f:divider|StageOut[119]                        ; |lab31119|ALU_LAB3:inst10|chufa:inst7|DIV2:inst1|lpm_divide:LPM_DIVIDE_component|lpm_divide_c0q:auto_generated|sign_div_unsign_ulh:divider|alt_u_div_g7f:divider|StageOut[119]                        ; out0             ;
; |lab31119|ALU_LAB3:inst10|chufa:inst7|DIV2:inst1|lpm_divide:LPM_DIVIDE_component|lpm_divide_c0q:auto_generated|sign_div_unsign_ulh:divider|alt_u_div_g7f:divider|StageOut[118]                        ; |lab31119|ALU_LAB3:inst10|chufa:inst7|DIV2:inst1|lpm_divide:LPM_DIVIDE_component|lpm_divide_c0q:auto_generated|sign_div_unsign_ulh:divider|alt_u_div_g7f:divider|StageOut[118]                        ; out0             ;
; |lab31119|ALU_LAB3:inst10|chufa:inst7|DIV2:inst1|lpm_divide:LPM_DIVIDE_component|lpm_divide_c0q:auto_generated|sign_div_unsign_ulh:divider|alt_u_div_g7f:divider|StageOut[117]                        ; |lab31119|ALU_LAB3:inst10|chufa:inst7|DIV2:inst1|lpm_divide:LPM_DIVIDE_component|lpm_divide_c0q:auto_generated|sign_div_unsign_ulh:divider|alt_u_div_g7f:divider|StageOut[117]                        ; out0             ;
; |lab31119|ALU_LAB3:inst10|chufa:inst7|DIV2:inst1|lpm_divide:LPM_DIVIDE_component|lpm_divide_c0q:auto_generated|sign_div_unsign_ulh:divider|alt_u_div_g7f:divider|StageOut[115]~55                     ; |lab31119|ALU_LAB3:inst10|chufa:inst7|DIV2:inst1|lpm_divide:LPM_DIVIDE_component|lpm_divide_c0q:auto_generated|sign_div_unsign_ulh:divider|alt_u_div_g7f:divider|StageOut[115]~55                     ; out0             ;
; |lab31119|ALU_LAB3:inst10|chufa:inst7|DIV2:inst1|lpm_divide:LPM_DIVIDE_component|lpm_divide_c0q:auto_generated|sign_div_unsign_ulh:divider|alt_u_div_g7f:divider|StageOut[114]~56                     ; |lab31119|ALU_LAB3:inst10|chufa:inst7|DIV2:inst1|lpm_divide:LPM_DIVIDE_component|lpm_divide_c0q:auto_generated|sign_div_unsign_ulh:divider|alt_u_div_g7f:divider|StageOut[114]~56                     ; out0             ;
; |lab31119|ALU_LAB3:inst10|chufa:inst7|DIV2:inst1|lpm_divide:LPM_DIVIDE_component|lpm_divide_c0q:auto_generated|sign_div_unsign_ulh:divider|alt_u_div_g7f:divider|StageOut[113]~57                     ; |lab31119|ALU_LAB3:inst10|chufa:inst7|DIV2:inst1|lpm_divide:LPM_DIVIDE_component|lpm_divide_c0q:auto_generated|sign_div_unsign_ulh:divider|alt_u_div_g7f:divider|StageOut[113]~57                     ; out0             ;
; |lab31119|ALU_LAB3:inst10|chufa:inst7|DIV2:inst1|lpm_divide:LPM_DIVIDE_component|lpm_divide_c0q:auto_generated|sign_div_unsign_ulh:divider|alt_u_div_g7f:divider|StageOut[112]~58                     ; |lab31119|ALU_LAB3:inst10|chufa:inst7|DIV2:inst1|lpm_divide:LPM_DIVIDE_component|lpm_divide_c0q:auto_generated|sign_div_unsign_ulh:divider|alt_u_div_g7f:divider|StageOut[112]~58                     ; out0             ;
; |lab31119|ALU_LAB3:inst10|chufa:inst7|DIV2:inst1|lpm_divide:LPM_DIVIDE_component|lpm_divide_c0q:auto_generated|sign_div_unsign_ulh:divider|alt_u_div_g7f:divider|StageOut[111]~59                     ; |lab31119|ALU_LAB3:inst10|chufa:inst7|DIV2:inst1|lpm_divide:LPM_DIVIDE_component|lpm_divide_c0q:auto_generated|sign_div_unsign_ulh:divider|alt_u_div_g7f:divider|StageOut[111]~59                     ; out0             ;
; |lab31119|ALU_LAB3:inst10|chufa:inst7|DIV2:inst1|lpm_divide:LPM_DIVIDE_component|lpm_divide_c0q:auto_generated|sign_div_unsign_ulh:divider|alt_u_div_g7f:divider|StageOut[110]~60                     ; |lab31119|ALU_LAB3:inst10|chufa:inst7|DIV2:inst1|lpm_divide:LPM_DIVIDE_component|lpm_divide_c0q:auto_generated|sign_div_unsign_ulh:divider|alt_u_div_g7f:divider|StageOut[110]~60                     ; out0             ;
; |lab31119|ALU_LAB3:inst10|chufa:inst7|DIV2:inst1|lpm_divide:LPM_DIVIDE_component|lpm_divide_c0q:auto_generated|sign_div_unsign_ulh:divider|alt_u_div_g7f:divider|StageOut[109]~61                     ; |lab31119|ALU_LAB3:inst10|chufa:inst7|DIV2:inst1|lpm_divide:LPM_DIVIDE_component|lpm_divide_c0q:auto_generated|sign_div_unsign_ulh:divider|alt_u_div_g7f:divider|StageOut[109]~61                     ; out0             ;
; |lab31119|ALU_LAB3:inst10|chufa:inst7|DIV2:inst1|lpm_divide:LPM_DIVIDE_component|lpm_divide_c0q:auto_generated|sign_div_unsign_ulh:divider|alt_u_div_g7f:divider|StageOut[108]~62                     ; |lab31119|ALU_LAB3:inst10|chufa:inst7|DIV2:inst1|lpm_divide:LPM_DIVIDE_component|lpm_divide_c0q:auto_generated|sign_div_unsign_ulh:divider|alt_u_div_g7f:divider|StageOut[108]~62                     ; out0             ;
; |lab31119|ALU_LAB3:inst10|chufa:inst7|DIV2:inst1|lpm_divide:LPM_DIVIDE_component|lpm_divide_c0q:auto_generated|sign_div_unsign_ulh:divider|alt_u_div_g7f:divider|StageOut[115]~64                     ; |lab31119|ALU_LAB3:inst10|chufa:inst7|DIV2:inst1|lpm_divide:LPM_DIVIDE_component|lpm_divide_c0q:auto_generated|sign_div_unsign_ulh:divider|alt_u_div_g7f:divider|StageOut[115]~64                     ; out0             ;
; |lab31119|ALU_LAB3:inst10|chufa:inst7|DIV2:inst1|lpm_divide:LPM_DIVIDE_component|lpm_divide_c0q:auto_generated|sign_div_unsign_ulh:divider|alt_u_div_g7f:divider|StageOut[114]~65                     ; |lab31119|ALU_LAB3:inst10|chufa:inst7|DIV2:inst1|lpm_divide:LPM_DIVIDE_component|lpm_divide_c0q:auto_generated|sign_div_unsign_ulh:divider|alt_u_div_g7f:divider|StageOut[114]~65                     ; out0             ;
; |lab31119|ALU_LAB3:inst10|chufa:inst7|DIV2:inst1|lpm_divide:LPM_DIVIDE_component|lpm_divide_c0q:auto_generated|sign_div_unsign_ulh:divider|alt_u_div_g7f:divider|StageOut[113]~66                     ; |lab31119|ALU_LAB3:inst10|chufa:inst7|DIV2:inst1|lpm_divide:LPM_DIVIDE_component|lpm_divide_c0q:auto_generated|sign_div_unsign_ulh:divider|alt_u_div_g7f:divider|StageOut[113]~66                     ; out0             ;
; |lab31119|ALU_LAB3:inst10|chufa:inst7|DIV2:inst1|lpm_divide:LPM_DIVIDE_component|lpm_divide_c0q:auto_generated|sign_div_unsign_ulh:divider|alt_u_div_g7f:divider|StageOut[112]~67                     ; |lab31119|ALU_LAB3:inst10|chufa:inst7|DIV2:inst1|lpm_divide:LPM_DIVIDE_component|lpm_divide_c0q:auto_generated|sign_div_unsign_ulh:divider|alt_u_div_g7f:divider|StageOut[112]~67                     ; out0             ;
; |lab31119|ALU_LAB3:inst10|chufa:inst7|DIV2:inst1|lpm_divide:LPM_DIVIDE_component|lpm_divide_c0q:auto_generated|sign_div_unsign_ulh:divider|alt_u_div_g7f:divider|StageOut[111]~68                     ; |lab31119|ALU_LAB3:inst10|chufa:inst7|DIV2:inst1|lpm_divide:LPM_DIVIDE_component|lpm_divide_c0q:auto_generated|sign_div_unsign_ulh:divider|alt_u_div_g7f:divider|StageOut[111]~68                     ; out0             ;
; |lab31119|ALU_LAB3:inst10|chufa:inst7|DIV2:inst1|lpm_divide:LPM_DIVIDE_component|lpm_divide_c0q:auto_generated|sign_div_unsign_ulh:divider|alt_u_div_g7f:divider|StageOut[110]~69                     ; |lab31119|ALU_LAB3:inst10|chufa:inst7|DIV2:inst1|lpm_divide:LPM_DIVIDE_component|lpm_divide_c0q:auto_generated|sign_div_unsign_ulh:divider|alt_u_div_g7f:divider|StageOut[110]~69                     ; out0             ;
; |lab31119|ALU_LAB3:inst10|chufa:inst7|DIV2:inst1|lpm_divide:LPM_DIVIDE_component|lpm_divide_c0q:auto_generated|sign_div_unsign_ulh:divider|alt_u_div_g7f:divider|StageOut[109]~70                     ; |lab31119|ALU_LAB3:inst10|chufa:inst7|DIV2:inst1|lpm_divide:LPM_DIVIDE_component|lpm_divide_c0q:auto_generated|sign_div_unsign_ulh:divider|alt_u_div_g7f:divider|StageOut[109]~70                     ; out0             ;
; |lab31119|ALU_LAB3:inst10|chufa:inst7|DIV2:inst1|lpm_divide:LPM_DIVIDE_component|lpm_divide_c0q:auto_generated|sign_div_unsign_ulh:divider|alt_u_div_g7f:divider|StageOut[108]~71                     ; |lab31119|ALU_LAB3:inst10|chufa:inst7|DIV2:inst1|lpm_divide:LPM_DIVIDE_component|lpm_divide_c0q:auto_generated|sign_div_unsign_ulh:divider|alt_u_div_g7f:divider|StageOut[108]~71                     ; out0             ;
; |lab31119|ALU_LAB3:inst10|chufa:inst7|DIV2:inst1|lpm_divide:LPM_DIVIDE_component|lpm_divide_c0q:auto_generated|sign_div_unsign_ulh:divider|alt_u_div_g7f:divider|StageOut[115]                        ; |lab31119|ALU_LAB3:inst10|chufa:inst7|DIV2:inst1|lpm_divide:LPM_DIVIDE_component|lpm_divide_c0q:auto_generated|sign_div_unsign_ulh:divider|alt_u_div_g7f:divider|StageOut[115]                        ; out0             ;
; |lab31119|ALU_LAB3:inst10|chufa:inst7|DIV2:inst1|lpm_divide:LPM_DIVIDE_component|lpm_divide_c0q:auto_generated|sign_div_unsign_ulh:divider|alt_u_div_g7f:divider|StageOut[114]                        ; |lab31119|ALU_LAB3:inst10|chufa:inst7|DIV2:inst1|lpm_divide:LPM_DIVIDE_component|lpm_divide_c0q:auto_generated|sign_div_unsign_ulh:divider|alt_u_div_g7f:divider|StageOut[114]                        ; out0             ;
; |lab31119|ALU_LAB3:inst10|chufa:inst7|DIV2:inst1|lpm_divide:LPM_DIVIDE_component|lpm_divide_c0q:auto_generated|sign_div_unsign_ulh:divider|alt_u_div_g7f:divider|StageOut[113]                        ; |lab31119|ALU_LAB3:inst10|chufa:inst7|DIV2:inst1|lpm_divide:LPM_DIVIDE_component|lpm_divide_c0q:auto_generated|sign_div_unsign_ulh:divider|alt_u_div_g7f:divider|StageOut[113]                        ; out0             ;
; |lab31119|ALU_LAB3:inst10|chufa:inst7|DIV2:inst1|lpm_divide:LPM_DIVIDE_component|lpm_divide_c0q:auto_generated|sign_div_unsign_ulh:divider|alt_u_div_g7f:divider|StageOut[112]                        ; |lab31119|ALU_LAB3:inst10|chufa:inst7|DIV2:inst1|lpm_divide:LPM_DIVIDE_component|lpm_divide_c0q:auto_generated|sign_div_unsign_ulh:divider|alt_u_div_g7f:divider|StageOut[112]                        ; out0             ;
; |lab31119|ALU_LAB3:inst10|chufa:inst7|DIV2:inst1|lpm_divide:LPM_DIVIDE_component|lpm_divide_c0q:auto_generated|sign_div_unsign_ulh:divider|alt_u_div_g7f:divider|StageOut[111]                        ; |lab31119|ALU_LAB3:inst10|chufa:inst7|DIV2:inst1|lpm_divide:LPM_DIVIDE_component|lpm_divide_c0q:auto_generated|sign_div_unsign_ulh:divider|alt_u_div_g7f:divider|StageOut[111]                        ; out0             ;
; |lab31119|ALU_LAB3:inst10|chufa:inst7|DIV2:inst1|lpm_divide:LPM_DIVIDE_component|lpm_divide_c0q:auto_generated|sign_div_unsign_ulh:divider|alt_u_div_g7f:divider|StageOut[110]                        ; |lab31119|ALU_LAB3:inst10|chufa:inst7|DIV2:inst1|lpm_divide:LPM_DIVIDE_component|lpm_divide_c0q:auto_generated|sign_div_unsign_ulh:divider|alt_u_div_g7f:divider|StageOut[110]                        ; out0             ;
; |lab31119|ALU_LAB3:inst10|chufa:inst7|DIV2:inst1|lpm_divide:LPM_DIVIDE_component|lpm_divide_c0q:auto_generated|sign_div_unsign_ulh:divider|alt_u_div_g7f:divider|StageOut[109]                        ; |lab31119|ALU_LAB3:inst10|chufa:inst7|DIV2:inst1|lpm_divide:LPM_DIVIDE_component|lpm_divide_c0q:auto_generated|sign_div_unsign_ulh:divider|alt_u_div_g7f:divider|StageOut[109]                        ; out0             ;
; |lab31119|ALU_LAB3:inst10|chufa:inst7|DIV2:inst1|lpm_divide:LPM_DIVIDE_component|lpm_divide_c0q:auto_generated|sign_div_unsign_ulh:divider|alt_u_div_g7f:divider|StageOut[108]                        ; |lab31119|ALU_LAB3:inst10|chufa:inst7|DIV2:inst1|lpm_divide:LPM_DIVIDE_component|lpm_divide_c0q:auto_generated|sign_div_unsign_ulh:divider|alt_u_div_g7f:divider|StageOut[108]                        ; out0             ;
; |lab31119|ALU_LAB3:inst10|chufa:inst7|DIV2:inst1|lpm_divide:LPM_DIVIDE_component|lpm_divide_c0q:auto_generated|sign_div_unsign_ulh:divider|alt_u_div_g7f:divider|StageOut[106]~73                     ; |lab31119|ALU_LAB3:inst10|chufa:inst7|DIV2:inst1|lpm_divide:LPM_DIVIDE_component|lpm_divide_c0q:auto_generated|sign_div_unsign_ulh:divider|alt_u_div_g7f:divider|StageOut[106]~73                     ; out0             ;
; |lab31119|ALU_LAB3:inst10|chufa:inst7|DIV2:inst1|lpm_divide:LPM_DIVIDE_component|lpm_divide_c0q:auto_generated|sign_div_unsign_ulh:divider|alt_u_div_g7f:divider|StageOut[105]~74                     ; |lab31119|ALU_LAB3:inst10|chufa:inst7|DIV2:inst1|lpm_divide:LPM_DIVIDE_component|lpm_divide_c0q:auto_generated|sign_div_unsign_ulh:divider|alt_u_div_g7f:divider|StageOut[105]~74                     ; out0             ;
; |lab31119|ALU_LAB3:inst10|chufa:inst7|DIV2:inst1|lpm_divide:LPM_DIVIDE_component|lpm_divide_c0q:auto_generated|sign_div_unsign_ulh:divider|alt_u_div_g7f:divider|StageOut[104]~75                     ; |lab31119|ALU_LAB3:inst10|chufa:inst7|DIV2:inst1|lpm_divide:LPM_DIVIDE_component|lpm_divide_c0q:auto_generated|sign_div_unsign_ulh:divider|alt_u_div_g7f:divider|StageOut[104]~75                     ; out0             ;
; |lab31119|ALU_LAB3:inst10|chufa:inst7|DIV2:inst1|lpm_divide:LPM_DIVIDE_component|lpm_divide_c0q:auto_generated|sign_div_unsign_ulh:divider|alt_u_div_g7f:divider|StageOut[103]~76                     ; |lab31119|ALU_LAB3:inst10|chufa:inst7|DIV2:inst1|lpm_divide:LPM_DIVIDE_component|lpm_divide_c0q:auto_generated|sign_div_unsign_ulh:divider|alt_u_div_g7f:divider|StageOut[103]~76                     ; out0             ;
; |lab31119|ALU_LAB3:inst10|chufa:inst7|DIV2:inst1|lpm_divide:LPM_DIVIDE_component|lpm_divide_c0q:auto_generated|sign_div_unsign_ulh:divider|alt_u_div_g7f:divider|StageOut[102]~77                     ; |lab31119|ALU_LAB3:inst10|chufa:inst7|DIV2:inst1|lpm_divide:LPM_DIVIDE_component|lpm_divide_c0q:auto_generated|sign_div_unsign_ulh:divider|alt_u_div_g7f:divider|StageOut[102]~77                     ; out0             ;
; |lab31119|ALU_LAB3:inst10|chufa:inst7|DIV2:inst1|lpm_divide:LPM_DIVIDE_component|lpm_divide_c0q:auto_generated|sign_div_unsign_ulh:divider|alt_u_div_g7f:divider|StageOut[101]~78                     ; |lab31119|ALU_LAB3:inst10|chufa:inst7|DIV2:inst1|lpm_divide:LPM_DIVIDE_component|lpm_divide_c0q:auto_generated|sign_div_unsign_ulh:divider|alt_u_div_g7f:divider|StageOut[101]~78                     ; out0             ;
; |lab31119|ALU_LAB3:inst10|chufa:inst7|DIV2:inst1|lpm_divide:LPM_DIVIDE_component|lpm_divide_c0q:auto_generated|sign_div_unsign_ulh:divider|alt_u_div_g7f:divider|StageOut[100]~79                     ; |lab31119|ALU_LAB3:inst10|chufa:inst7|DIV2:inst1|lpm_divide:LPM_DIVIDE_component|lpm_divide_c0q:auto_generated|sign_div_unsign_ulh:divider|alt_u_div_g7f:divider|StageOut[100]~79                     ; out0             ;
; |lab31119|ALU_LAB3:inst10|chufa:inst7|DIV2:inst1|lpm_divide:LPM_DIVIDE_component|lpm_divide_c0q:auto_generated|sign_div_unsign_ulh:divider|alt_u_div_g7f:divider|StageOut[99]~80                      ; |lab31119|ALU_LAB3:inst10|chufa:inst7|DIV2:inst1|lpm_divide:LPM_DIVIDE_component|lpm_divide_c0q:auto_generated|sign_div_unsign_ulh:divider|alt_u_div_g7f:divider|StageOut[99]~80                      ; out0             ;
; |lab31119|ALU_LAB3:inst10|chufa:inst7|DIV2:inst1|lpm_divide:LPM_DIVIDE_component|lpm_divide_c0q:auto_generated|sign_div_unsign_ulh:divider|alt_u_div_g7f:divider|StageOut[106]~82                     ; |lab31119|ALU_LAB3:inst10|chufa:inst7|DIV2:inst1|lpm_divide:LPM_DIVIDE_component|lpm_divide_c0q:auto_generated|sign_div_unsign_ulh:divider|alt_u_div_g7f:divider|StageOut[106]~82                     ; out0             ;
; |lab31119|ALU_LAB3:inst10|chufa:inst7|DIV2:inst1|lpm_divide:LPM_DIVIDE_component|lpm_divide_c0q:auto_generated|sign_div_unsign_ulh:divider|alt_u_div_g7f:divider|StageOut[105]~83                     ; |lab31119|ALU_LAB3:inst10|chufa:inst7|DIV2:inst1|lpm_divide:LPM_DIVIDE_component|lpm_divide_c0q:auto_generated|sign_div_unsign_ulh:divider|alt_u_div_g7f:divider|StageOut[105]~83                     ; out0             ;
; |lab31119|ALU_LAB3:inst10|chufa:inst7|DIV2:inst1|lpm_divide:LPM_DIVIDE_component|lpm_divide_c0q:auto_generated|sign_div_unsign_ulh:divider|alt_u_div_g7f:divider|StageOut[104]~84                     ; |lab31119|ALU_LAB3:inst10|chufa:inst7|DIV2:inst1|lpm_divide:LPM_DIVIDE_component|lpm_divide_c0q:auto_generated|sign_div_unsign_ulh:divider|alt_u_div_g7f:divider|StageOut[104]~84                     ; out0             ;
; |lab31119|ALU_LAB3:inst10|chufa:inst7|DIV2:inst1|lpm_divide:LPM_DIVIDE_component|lpm_divide_c0q:auto_generated|sign_div_unsign_ulh:divider|alt_u_div_g7f:divider|StageOut[103]~85                     ; |lab31119|ALU_LAB3:inst10|chufa:inst7|DIV2:inst1|lpm_divide:LPM_DIVIDE_component|lpm_divide_c0q:auto_generated|sign_div_unsign_ulh:divider|alt_u_div_g7f:divider|StageOut[103]~85                     ; out0             ;
; |lab31119|ALU_LAB3:inst10|chufa:inst7|DIV2:inst1|lpm_divide:LPM_DIVIDE_component|lpm_divide_c0q:auto_generated|sign_div_unsign_ulh:divider|alt_u_div_g7f:divider|StageOut[102]~86                     ; |lab31119|ALU_LAB3:inst10|chufa:inst7|DIV2:inst1|lpm_divide:LPM_DIVIDE_component|lpm_divide_c0q:auto_generated|sign_div_unsign_ulh:divider|alt_u_div_g7f:divider|StageOut[102]~86                     ; out0             ;
; |lab31119|ALU_LAB3:inst10|chufa:inst7|DIV2:inst1|lpm_divide:LPM_DIVIDE_component|lpm_divide_c0q:auto_generated|sign_div_unsign_ulh:divider|alt_u_div_g7f:divider|StageOut[101]~87                     ; |lab31119|ALU_LAB3:inst10|chufa:inst7|DIV2:inst1|lpm_divide:LPM_DIVIDE_component|lpm_divide_c0q:auto_generated|sign_div_unsign_ulh:divider|alt_u_div_g7f:divider|StageOut[101]~87                     ; out0             ;
; |lab31119|ALU_LAB3:inst10|chufa:inst7|DIV2:inst1|lpm_divide:LPM_DIVIDE_component|lpm_divide_c0q:auto_generated|sign_div_unsign_ulh:divider|alt_u_div_g7f:divider|StageOut[100]~88                     ; |lab31119|ALU_LAB3:inst10|chufa:inst7|DIV2:inst1|lpm_divide:LPM_DIVIDE_component|lpm_divide_c0q:auto_generated|sign_div_unsign_ulh:divider|alt_u_div_g7f:divider|StageOut[100]~88                     ; out0             ;
; |lab31119|ALU_LAB3:inst10|chufa:inst7|DIV2:inst1|lpm_divide:LPM_DIVIDE_component|lpm_divide_c0q:auto_generated|sign_div_unsign_ulh:divider|alt_u_div_g7f:divider|StageOut[99]~89                      ; |lab31119|ALU_LAB3:inst10|chufa:inst7|DIV2:inst1|lpm_divide:LPM_DIVIDE_component|lpm_divide_c0q:auto_generated|sign_div_unsign_ulh:divider|alt_u_div_g7f:divider|StageOut[99]~89                      ; out0             ;
; |lab31119|ALU_LAB3:inst10|chufa:inst7|DIV2:inst1|lpm_divide:LPM_DIVIDE_component|lpm_divide_c0q:auto_generated|sign_div_unsign_ulh:divider|alt_u_div_g7f:divider|StageOut[106]                        ; |lab31119|ALU_LAB3:inst10|chufa:inst7|DIV2:inst1|lpm_divide:LPM_DIVIDE_component|lpm_divide_c0q:auto_generated|sign_div_unsign_ulh:divider|alt_u_div_g7f:divider|StageOut[106]                        ; out0             ;
; |lab31119|ALU_LAB3:inst10|chufa:inst7|DIV2:inst1|lpm_divide:LPM_DIVIDE_component|lpm_divide_c0q:auto_generated|sign_div_unsign_ulh:divider|alt_u_div_g7f:divider|StageOut[105]                        ; |lab31119|ALU_LAB3:inst10|chufa:inst7|DIV2:inst1|lpm_divide:LPM_DIVIDE_component|lpm_divide_c0q:auto_generated|sign_div_unsign_ulh:divider|alt_u_div_g7f:divider|StageOut[105]                        ; out0             ;
; |lab31119|ALU_LAB3:inst10|chufa:inst7|DIV2:inst1|lpm_divide:LPM_DIVIDE_component|lpm_divide_c0q:auto_generated|sign_div_unsign_ulh:divider|alt_u_div_g7f:divider|StageOut[104]                        ; |lab31119|ALU_LAB3:inst10|chufa:inst7|DIV2:inst1|lpm_divide:LPM_DIVIDE_component|lpm_divide_c0q:auto_generated|sign_div_unsign_ulh:divider|alt_u_div_g7f:divider|StageOut[104]                        ; out0             ;
; |lab31119|ALU_LAB3:inst10|chufa:inst7|DIV2:inst1|lpm_divide:LPM_DIVIDE_component|lpm_divide_c0q:auto_generated|sign_div_unsign_ulh:divider|alt_u_div_g7f:divider|StageOut[103]                        ; |lab31119|ALU_LAB3:inst10|chufa:inst7|DIV2:inst1|lpm_divide:LPM_DIVIDE_component|lpm_divide_c0q:auto_generated|sign_div_unsign_ulh:divider|alt_u_div_g7f:divider|StageOut[103]                        ; out0             ;
; |lab31119|ALU_LAB3:inst10|chufa:inst7|DIV2:inst1|lpm_divide:LPM_DIVIDE_component|lpm_divide_c0q:auto_generated|sign_div_unsign_ulh:divider|alt_u_div_g7f:divider|StageOut[102]                        ; |lab31119|ALU_LAB3:inst10|chufa:inst7|DIV2:inst1|lpm_divide:LPM_DIVIDE_component|lpm_divide_c0q:auto_generated|sign_div_unsign_ulh:divider|alt_u_div_g7f:divider|StageOut[102]                        ; out0             ;
; |lab31119|ALU_LAB3:inst10|chufa:inst7|DIV2:inst1|lpm_divide:LPM_DIVIDE_component|lpm_divide_c0q:auto_generated|sign_div_unsign_ulh:divider|alt_u_div_g7f:divider|StageOut[101]                        ; |lab31119|ALU_LAB3:inst10|chufa:inst7|DIV2:inst1|lpm_divide:LPM_DIVIDE_component|lpm_divide_c0q:auto_generated|sign_div_unsign_ulh:divider|alt_u_div_g7f:divider|StageOut[101]                        ; out0             ;
; |lab31119|ALU_LAB3:inst10|chufa:inst7|DIV2:inst1|lpm_divide:LPM_DIVIDE_component|lpm_divide_c0q:auto_generated|sign_div_unsign_ulh:divider|alt_u_div_g7f:divider|StageOut[100]                        ; |lab31119|ALU_LAB3:inst10|chufa:inst7|DIV2:inst1|lpm_divide:LPM_DIVIDE_component|lpm_divide_c0q:auto_generated|sign_div_unsign_ulh:divider|alt_u_div_g7f:divider|StageOut[100]                        ; out0             ;
; |lab31119|ALU_LAB3:inst10|chufa:inst7|DIV2:inst1|lpm_divide:LPM_DIVIDE_component|lpm_divide_c0q:auto_generated|sign_div_unsign_ulh:divider|alt_u_div_g7f:divider|StageOut[99]                         ; |lab31119|ALU_LAB3:inst10|chufa:inst7|DIV2:inst1|lpm_divide:LPM_DIVIDE_component|lpm_divide_c0q:auto_generated|sign_div_unsign_ulh:divider|alt_u_div_g7f:divider|StageOut[99]                         ; out0             ;
; |lab31119|ALU_LAB3:inst10|chufa:inst7|DIV2:inst1|lpm_divide:LPM_DIVIDE_component|lpm_divide_c0q:auto_generated|sign_div_unsign_ulh:divider|alt_u_div_g7f:divider|StageOut[97]~91                      ; |lab31119|ALU_LAB3:inst10|chufa:inst7|DIV2:inst1|lpm_divide:LPM_DIVIDE_component|lpm_divide_c0q:auto_generated|sign_div_unsign_ulh:divider|alt_u_div_g7f:divider|StageOut[97]~91                      ; out0             ;
; |lab31119|ALU_LAB3:inst10|chufa:inst7|DIV2:inst1|lpm_divide:LPM_DIVIDE_component|lpm_divide_c0q:auto_generated|sign_div_unsign_ulh:divider|alt_u_div_g7f:divider|StageOut[96]~92                      ; |lab31119|ALU_LAB3:inst10|chufa:inst7|DIV2:inst1|lpm_divide:LPM_DIVIDE_component|lpm_divide_c0q:auto_generated|sign_div_unsign_ulh:divider|alt_u_div_g7f:divider|StageOut[96]~92                      ; out0             ;
; |lab31119|ALU_LAB3:inst10|chufa:inst7|DIV2:inst1|lpm_divide:LPM_DIVIDE_component|lpm_divide_c0q:auto_generated|sign_div_unsign_ulh:divider|alt_u_div_g7f:divider|StageOut[95]~93                      ; |lab31119|ALU_LAB3:inst10|chufa:inst7|DIV2:inst1|lpm_divide:LPM_DIVIDE_component|lpm_divide_c0q:auto_generated|sign_div_unsign_ulh:divider|alt_u_div_g7f:divider|StageOut[95]~93                      ; out0             ;
; |lab31119|ALU_LAB3:inst10|chufa:inst7|DIV2:inst1|lpm_divide:LPM_DIVIDE_component|lpm_divide_c0q:auto_generated|sign_div_unsign_ulh:divider|alt_u_div_g7f:divider|StageOut[94]~94                      ; |lab31119|ALU_LAB3:inst10|chufa:inst7|DIV2:inst1|lpm_divide:LPM_DIVIDE_component|lpm_divide_c0q:auto_generated|sign_div_unsign_ulh:divider|alt_u_div_g7f:divider|StageOut[94]~94                      ; out0             ;
; |lab31119|ALU_LAB3:inst10|chufa:inst7|DIV2:inst1|lpm_divide:LPM_DIVIDE_component|lpm_divide_c0q:auto_generated|sign_div_unsign_ulh:divider|alt_u_div_g7f:divider|StageOut[93]~95                      ; |lab31119|ALU_LAB3:inst10|chufa:inst7|DIV2:inst1|lpm_divide:LPM_DIVIDE_component|lpm_divide_c0q:auto_generated|sign_div_unsign_ulh:divider|alt_u_div_g7f:divider|StageOut[93]~95                      ; out0             ;
; |lab31119|ALU_LAB3:inst10|chufa:inst7|DIV2:inst1|lpm_divide:LPM_DIVIDE_component|lpm_divide_c0q:auto_generated|sign_div_unsign_ulh:divider|alt_u_div_g7f:divider|StageOut[92]~96                      ; |lab31119|ALU_LAB3:inst10|chufa:inst7|DIV2:inst1|lpm_divide:LPM_DIVIDE_component|lpm_divide_c0q:auto_generated|sign_div_unsign_ulh:divider|alt_u_div_g7f:divider|StageOut[92]~96                      ; out0             ;
; |lab31119|ALU_LAB3:inst10|chufa:inst7|DIV2:inst1|lpm_divide:LPM_DIVIDE_component|lpm_divide_c0q:auto_generated|sign_div_unsign_ulh:divider|alt_u_div_g7f:divider|StageOut[91]~97                      ; |lab31119|ALU_LAB3:inst10|chufa:inst7|DIV2:inst1|lpm_divide:LPM_DIVIDE_component|lpm_divide_c0q:auto_generated|sign_div_unsign_ulh:divider|alt_u_div_g7f:divider|StageOut[91]~97                      ; out0             ;
; |lab31119|ALU_LAB3:inst10|chufa:inst7|DIV2:inst1|lpm_divide:LPM_DIVIDE_component|lpm_divide_c0q:auto_generated|sign_div_unsign_ulh:divider|alt_u_div_g7f:divider|StageOut[90]~98                      ; |lab31119|ALU_LAB3:inst10|chufa:inst7|DIV2:inst1|lpm_divide:LPM_DIVIDE_component|lpm_divide_c0q:auto_generated|sign_div_unsign_ulh:divider|alt_u_div_g7f:divider|StageOut[90]~98                      ; out0             ;
; |lab31119|ALU_LAB3:inst10|chufa:inst7|DIV2:inst1|lpm_divide:LPM_DIVIDE_component|lpm_divide_c0q:auto_generated|sign_div_unsign_ulh:divider|alt_u_div_g7f:divider|StageOut[97]~100                     ; |lab31119|ALU_LAB3:inst10|chufa:inst7|DIV2:inst1|lpm_divide:LPM_DIVIDE_component|lpm_divide_c0q:auto_generated|sign_div_unsign_ulh:divider|alt_u_div_g7f:divider|StageOut[97]~100                     ; out0             ;
; |lab31119|ALU_LAB3:inst10|chufa:inst7|DIV2:inst1|lpm_divide:LPM_DIVIDE_component|lpm_divide_c0q:auto_generated|sign_div_unsign_ulh:divider|alt_u_div_g7f:divider|StageOut[96]~101                     ; |lab31119|ALU_LAB3:inst10|chufa:inst7|DIV2:inst1|lpm_divide:LPM_DIVIDE_component|lpm_divide_c0q:auto_generated|sign_div_unsign_ulh:divider|alt_u_div_g7f:divider|StageOut[96]~101                     ; out0             ;
; |lab31119|ALU_LAB3:inst10|chufa:inst7|DIV2:inst1|lpm_divide:LPM_DIVIDE_component|lpm_divide_c0q:auto_generated|sign_div_unsign_ulh:divider|alt_u_div_g7f:divider|StageOut[95]~102                     ; |lab31119|ALU_LAB3:inst10|chufa:inst7|DIV2:inst1|lpm_divide:LPM_DIVIDE_component|lpm_divide_c0q:auto_generated|sign_div_unsign_ulh:divider|alt_u_div_g7f:divider|StageOut[95]~102                     ; out0             ;
; |lab31119|ALU_LAB3:inst10|chufa:inst7|DIV2:inst1|lpm_divide:LPM_DIVIDE_component|lpm_divide_c0q:auto_generated|sign_div_unsign_ulh:divider|alt_u_div_g7f:divider|StageOut[94]~103                     ; |lab31119|ALU_LAB3:inst10|chufa:inst7|DIV2:inst1|lpm_divide:LPM_DIVIDE_component|lpm_divide_c0q:auto_generated|sign_div_unsign_ulh:divider|alt_u_div_g7f:divider|StageOut[94]~103                     ; out0             ;
; |lab31119|ALU_LAB3:inst10|chufa:inst7|DIV2:inst1|lpm_divide:LPM_DIVIDE_component|lpm_divide_c0q:auto_generated|sign_div_unsign_ulh:divider|alt_u_div_g7f:divider|StageOut[93]~104                     ; |lab31119|ALU_LAB3:inst10|chufa:inst7|DIV2:inst1|lpm_divide:LPM_DIVIDE_component|lpm_divide_c0q:auto_generated|sign_div_unsign_ulh:divider|alt_u_div_g7f:divider|StageOut[93]~104                     ; out0             ;
; |lab31119|ALU_LAB3:inst10|chufa:inst7|DIV2:inst1|lpm_divide:LPM_DIVIDE_component|lpm_divide_c0q:auto_generated|sign_div_unsign_ulh:divider|alt_u_div_g7f:divider|StageOut[92]~105                     ; |lab31119|ALU_LAB3:inst10|chufa:inst7|DIV2:inst1|lpm_divide:LPM_DIVIDE_component|lpm_divide_c0q:auto_generated|sign_div_unsign_ulh:divider|alt_u_div_g7f:divider|StageOut[92]~105                     ; out0             ;
; |lab31119|ALU_LAB3:inst10|chufa:inst7|DIV2:inst1|lpm_divide:LPM_DIVIDE_component|lpm_divide_c0q:auto_generated|sign_div_unsign_ulh:divider|alt_u_div_g7f:divider|StageOut[91]~106                     ; |lab31119|ALU_LAB3:inst10|chufa:inst7|DIV2:inst1|lpm_divide:LPM_DIVIDE_component|lpm_divide_c0q:auto_generated|sign_div_unsign_ulh:divider|alt_u_div_g7f:divider|StageOut[91]~106                     ; out0             ;
; |lab31119|ALU_LAB3:inst10|chufa:inst7|DIV2:inst1|lpm_divide:LPM_DIVIDE_component|lpm_divide_c0q:auto_generated|sign_div_unsign_ulh:divider|alt_u_div_g7f:divider|StageOut[90]~107                     ; |lab31119|ALU_LAB3:inst10|chufa:inst7|DIV2:inst1|lpm_divide:LPM_DIVIDE_component|lpm_divide_c0q:auto_generated|sign_div_unsign_ulh:divider|alt_u_div_g7f:divider|StageOut[90]~107                     ; out0             ;
; |lab31119|ALU_LAB3:inst10|chufa:inst7|DIV2:inst1|lpm_divide:LPM_DIVIDE_component|lpm_divide_c0q:auto_generated|sign_div_unsign_ulh:divider|alt_u_div_g7f:divider|StageOut[97]                         ; |lab31119|ALU_LAB3:inst10|chufa:inst7|DIV2:inst1|lpm_divide:LPM_DIVIDE_component|lpm_divide_c0q:auto_generated|sign_div_unsign_ulh:divider|alt_u_div_g7f:divider|StageOut[97]                         ; out0             ;
; |lab31119|ALU_LAB3:inst10|chufa:inst7|DIV2:inst1|lpm_divide:LPM_DIVIDE_component|lpm_divide_c0q:auto_generated|sign_div_unsign_ulh:divider|alt_u_div_g7f:divider|StageOut[96]                         ; |lab31119|ALU_LAB3:inst10|chufa:inst7|DIV2:inst1|lpm_divide:LPM_DIVIDE_component|lpm_divide_c0q:auto_generated|sign_div_unsign_ulh:divider|alt_u_div_g7f:divider|StageOut[96]                         ; out0             ;
; |lab31119|ALU_LAB3:inst10|chufa:inst7|DIV2:inst1|lpm_divide:LPM_DIVIDE_component|lpm_divide_c0q:auto_generated|sign_div_unsign_ulh:divider|alt_u_div_g7f:divider|StageOut[95]                         ; |lab31119|ALU_LAB3:inst10|chufa:inst7|DIV2:inst1|lpm_divide:LPM_DIVIDE_component|lpm_divide_c0q:auto_generated|sign_div_unsign_ulh:divider|alt_u_div_g7f:divider|StageOut[95]                         ; out0             ;
; |lab31119|ALU_LAB3:inst10|chufa:inst7|DIV2:inst1|lpm_divide:LPM_DIVIDE_component|lpm_divide_c0q:auto_generated|sign_div_unsign_ulh:divider|alt_u_div_g7f:divider|StageOut[94]                         ; |lab31119|ALU_LAB3:inst10|chufa:inst7|DIV2:inst1|lpm_divide:LPM_DIVIDE_component|lpm_divide_c0q:auto_generated|sign_div_unsign_ulh:divider|alt_u_div_g7f:divider|StageOut[94]                         ; out0             ;
; |lab31119|ALU_LAB3:inst10|chufa:inst7|DIV2:inst1|lpm_divide:LPM_DIVIDE_component|lpm_divide_c0q:auto_generated|sign_div_unsign_ulh:divider|alt_u_div_g7f:divider|StageOut[93]                         ; |lab31119|ALU_LAB3:inst10|chufa:inst7|DIV2:inst1|lpm_divide:LPM_DIVIDE_component|lpm_divide_c0q:auto_generated|sign_div_unsign_ulh:divider|alt_u_div_g7f:divider|StageOut[93]                         ; out0             ;
; |lab31119|ALU_LAB3:inst10|chufa:inst7|DIV2:inst1|lpm_divide:LPM_DIVIDE_component|lpm_divide_c0q:auto_generated|sign_div_unsign_ulh:divider|alt_u_div_g7f:divider|StageOut[92]                         ; |lab31119|ALU_LAB3:inst10|chufa:inst7|DIV2:inst1|lpm_divide:LPM_DIVIDE_component|lpm_divide_c0q:auto_generated|sign_div_unsign_ulh:divider|alt_u_div_g7f:divider|StageOut[92]                         ; out0             ;
; |lab31119|ALU_LAB3:inst10|chufa:inst7|DIV2:inst1|lpm_divide:LPM_DIVIDE_component|lpm_divide_c0q:auto_generated|sign_div_unsign_ulh:divider|alt_u_div_g7f:divider|StageOut[91]                         ; |lab31119|ALU_LAB3:inst10|chufa:inst7|DIV2:inst1|lpm_divide:LPM_DIVIDE_component|lpm_divide_c0q:auto_generated|sign_div_unsign_ulh:divider|alt_u_div_g7f:divider|StageOut[91]                         ; out0             ;
; |lab31119|ALU_LAB3:inst10|chufa:inst7|DIV2:inst1|lpm_divide:LPM_DIVIDE_component|lpm_divide_c0q:auto_generated|sign_div_unsign_ulh:divider|alt_u_div_g7f:divider|StageOut[90]                         ; |lab31119|ALU_LAB3:inst10|chufa:inst7|DIV2:inst1|lpm_divide:LPM_DIVIDE_component|lpm_divide_c0q:auto_generated|sign_div_unsign_ulh:divider|alt_u_div_g7f:divider|StageOut[90]                         ; out0             ;
; |lab31119|ALU_LAB3:inst10|chufa:inst7|DIV2:inst1|lpm_divide:LPM_DIVIDE_component|lpm_divide_c0q:auto_generated|sign_div_unsign_ulh:divider|alt_u_div_g7f:divider|StageOut[88]~109                     ; |lab31119|ALU_LAB3:inst10|chufa:inst7|DIV2:inst1|lpm_divide:LPM_DIVIDE_component|lpm_divide_c0q:auto_generated|sign_div_unsign_ulh:divider|alt_u_div_g7f:divider|StageOut[88]~109                     ; out0             ;
; |lab31119|ALU_LAB3:inst10|chufa:inst7|DIV2:inst1|lpm_divide:LPM_DIVIDE_component|lpm_divide_c0q:auto_generated|sign_div_unsign_ulh:divider|alt_u_div_g7f:divider|StageOut[87]~110                     ; |lab31119|ALU_LAB3:inst10|chufa:inst7|DIV2:inst1|lpm_divide:LPM_DIVIDE_component|lpm_divide_c0q:auto_generated|sign_div_unsign_ulh:divider|alt_u_div_g7f:divider|StageOut[87]~110                     ; out0             ;
; |lab31119|ALU_LAB3:inst10|chufa:inst7|DIV2:inst1|lpm_divide:LPM_DIVIDE_component|lpm_divide_c0q:auto_generated|sign_div_unsign_ulh:divider|alt_u_div_g7f:divider|StageOut[86]~111                     ; |lab31119|ALU_LAB3:inst10|chufa:inst7|DIV2:inst1|lpm_divide:LPM_DIVIDE_component|lpm_divide_c0q:auto_generated|sign_div_unsign_ulh:divider|alt_u_div_g7f:divider|StageOut[86]~111                     ; out0             ;
; |lab31119|ALU_LAB3:inst10|chufa:inst7|DIV2:inst1|lpm_divide:LPM_DIVIDE_component|lpm_divide_c0q:auto_generated|sign_div_unsign_ulh:divider|alt_u_div_g7f:divider|StageOut[85]~112                     ; |lab31119|ALU_LAB3:inst10|chufa:inst7|DIV2:inst1|lpm_divide:LPM_DIVIDE_component|lpm_divide_c0q:auto_generated|sign_div_unsign_ulh:divider|alt_u_div_g7f:divider|StageOut[85]~112                     ; out0             ;
; |lab31119|ALU_LAB3:inst10|chufa:inst7|DIV2:inst1|lpm_divide:LPM_DIVIDE_component|lpm_divide_c0q:auto_generated|sign_div_unsign_ulh:divider|alt_u_div_g7f:divider|StageOut[84]~113                     ; |lab31119|ALU_LAB3:inst10|chufa:inst7|DIV2:inst1|lpm_divide:LPM_DIVIDE_component|lpm_divide_c0q:auto_generated|sign_div_unsign_ulh:divider|alt_u_div_g7f:divider|StageOut[84]~113                     ; out0             ;
; |lab31119|ALU_LAB3:inst10|chufa:inst7|DIV2:inst1|lpm_divide:LPM_DIVIDE_component|lpm_divide_c0q:auto_generated|sign_div_unsign_ulh:divider|alt_u_div_g7f:divider|StageOut[83]~114                     ; |lab31119|ALU_LAB3:inst10|chufa:inst7|DIV2:inst1|lpm_divide:LPM_DIVIDE_component|lpm_divide_c0q:auto_generated|sign_div_unsign_ulh:divider|alt_u_div_g7f:divider|StageOut[83]~114                     ; out0             ;
; |lab31119|ALU_LAB3:inst10|chufa:inst7|DIV2:inst1|lpm_divide:LPM_DIVIDE_component|lpm_divide_c0q:auto_generated|sign_div_unsign_ulh:divider|alt_u_div_g7f:divider|StageOut[82]~115                     ; |lab31119|ALU_LAB3:inst10|chufa:inst7|DIV2:inst1|lpm_divide:LPM_DIVIDE_component|lpm_divide_c0q:auto_generated|sign_div_unsign_ulh:divider|alt_u_div_g7f:divider|StageOut[82]~115                     ; out0             ;
; |lab31119|ALU_LAB3:inst10|chufa:inst7|DIV2:inst1|lpm_divide:LPM_DIVIDE_component|lpm_divide_c0q:auto_generated|sign_div_unsign_ulh:divider|alt_u_div_g7f:divider|StageOut[81]~116                     ; |lab31119|ALU_LAB3:inst10|chufa:inst7|DIV2:inst1|lpm_divide:LPM_DIVIDE_component|lpm_divide_c0q:auto_generated|sign_div_unsign_ulh:divider|alt_u_div_g7f:divider|StageOut[81]~116                     ; out0             ;
; |lab31119|ALU_LAB3:inst10|chufa:inst7|DIV2:inst1|lpm_divide:LPM_DIVIDE_component|lpm_divide_c0q:auto_generated|sign_div_unsign_ulh:divider|alt_u_div_g7f:divider|StageOut[88]~118                     ; |lab31119|ALU_LAB3:inst10|chufa:inst7|DIV2:inst1|lpm_divide:LPM_DIVIDE_component|lpm_divide_c0q:auto_generated|sign_div_unsign_ulh:divider|alt_u_div_g7f:divider|StageOut[88]~118                     ; out0             ;
; |lab31119|ALU_LAB3:inst10|chufa:inst7|DIV2:inst1|lpm_divide:LPM_DIVIDE_component|lpm_divide_c0q:auto_generated|sign_div_unsign_ulh:divider|alt_u_div_g7f:divider|StageOut[87]~119                     ; |lab31119|ALU_LAB3:inst10|chufa:inst7|DIV2:inst1|lpm_divide:LPM_DIVIDE_component|lpm_divide_c0q:auto_generated|sign_div_unsign_ulh:divider|alt_u_div_g7f:divider|StageOut[87]~119                     ; out0             ;
; |lab31119|ALU_LAB3:inst10|chufa:inst7|DIV2:inst1|lpm_divide:LPM_DIVIDE_component|lpm_divide_c0q:auto_generated|sign_div_unsign_ulh:divider|alt_u_div_g7f:divider|StageOut[86]~120                     ; |lab31119|ALU_LAB3:inst10|chufa:inst7|DIV2:inst1|lpm_divide:LPM_DIVIDE_component|lpm_divide_c0q:auto_generated|sign_div_unsign_ulh:divider|alt_u_div_g7f:divider|StageOut[86]~120                     ; out0             ;
; |lab31119|ALU_LAB3:inst10|chufa:inst7|DIV2:inst1|lpm_divide:LPM_DIVIDE_component|lpm_divide_c0q:auto_generated|sign_div_unsign_ulh:divider|alt_u_div_g7f:divider|StageOut[85]~121                     ; |lab31119|ALU_LAB3:inst10|chufa:inst7|DIV2:inst1|lpm_divide:LPM_DIVIDE_component|lpm_divide_c0q:auto_generated|sign_div_unsign_ulh:divider|alt_u_div_g7f:divider|StageOut[85]~121                     ; out0             ;
; |lab31119|ALU_LAB3:inst10|chufa:inst7|DIV2:inst1|lpm_divide:LPM_DIVIDE_component|lpm_divide_c0q:auto_generated|sign_div_unsign_ulh:divider|alt_u_div_g7f:divider|StageOut[84]~122                     ; |lab31119|ALU_LAB3:inst10|chufa:inst7|DIV2:inst1|lpm_divide:LPM_DIVIDE_component|lpm_divide_c0q:auto_generated|sign_div_unsign_ulh:divider|alt_u_div_g7f:divider|StageOut[84]~122                     ; out0             ;
; |lab31119|ALU_LAB3:inst10|chufa:inst7|DIV2:inst1|lpm_divide:LPM_DIVIDE_component|lpm_divide_c0q:auto_generated|sign_div_unsign_ulh:divider|alt_u_div_g7f:divider|StageOut[83]~123                     ; |lab31119|ALU_LAB3:inst10|chufa:inst7|DIV2:inst1|lpm_divide:LPM_DIVIDE_component|lpm_divide_c0q:auto_generated|sign_div_unsign_ulh:divider|alt_u_div_g7f:divider|StageOut[83]~123                     ; out0             ;
; |lab31119|ALU_LAB3:inst10|chufa:inst7|DIV2:inst1|lpm_divide:LPM_DIVIDE_component|lpm_divide_c0q:auto_generated|sign_div_unsign_ulh:divider|alt_u_div_g7f:divider|StageOut[82]~124                     ; |lab31119|ALU_LAB3:inst10|chufa:inst7|DIV2:inst1|lpm_divide:LPM_DIVIDE_component|lpm_divide_c0q:auto_generated|sign_div_unsign_ulh:divider|alt_u_div_g7f:divider|StageOut[82]~124                     ; out0             ;
; |lab31119|ALU_LAB3:inst10|chufa:inst7|DIV2:inst1|lpm_divide:LPM_DIVIDE_component|lpm_divide_c0q:auto_generated|sign_div_unsign_ulh:divider|alt_u_div_g7f:divider|StageOut[81]~125                     ; |lab31119|ALU_LAB3:inst10|chufa:inst7|DIV2:inst1|lpm_divide:LPM_DIVIDE_component|lpm_divide_c0q:auto_generated|sign_div_unsign_ulh:divider|alt_u_div_g7f:divider|StageOut[81]~125                     ; out0             ;
; |lab31119|ALU_LAB3:inst10|chufa:inst7|DIV2:inst1|lpm_divide:LPM_DIVIDE_component|lpm_divide_c0q:auto_generated|sign_div_unsign_ulh:divider|alt_u_div_g7f:divider|StageOut[88]                         ; |lab31119|ALU_LAB3:inst10|chufa:inst7|DIV2:inst1|lpm_divide:LPM_DIVIDE_component|lpm_divide_c0q:auto_generated|sign_div_unsign_ulh:divider|alt_u_div_g7f:divider|StageOut[88]                         ; out0             ;
; |lab31119|ALU_LAB3:inst10|chufa:inst7|DIV2:inst1|lpm_divide:LPM_DIVIDE_component|lpm_divide_c0q:auto_generated|sign_div_unsign_ulh:divider|alt_u_div_g7f:divider|StageOut[87]                         ; |lab31119|ALU_LAB3:inst10|chufa:inst7|DIV2:inst1|lpm_divide:LPM_DIVIDE_component|lpm_divide_c0q:auto_generated|sign_div_unsign_ulh:divider|alt_u_div_g7f:divider|StageOut[87]                         ; out0             ;
; |lab31119|ALU_LAB3:inst10|chufa:inst7|DIV2:inst1|lpm_divide:LPM_DIVIDE_component|lpm_divide_c0q:auto_generated|sign_div_unsign_ulh:divider|alt_u_div_g7f:divider|StageOut[86]                         ; |lab31119|ALU_LAB3:inst10|chufa:inst7|DIV2:inst1|lpm_divide:LPM_DIVIDE_component|lpm_divide_c0q:auto_generated|sign_div_unsign_ulh:divider|alt_u_div_g7f:divider|StageOut[86]                         ; out0             ;
; |lab31119|ALU_LAB3:inst10|chufa:inst7|DIV2:inst1|lpm_divide:LPM_DIVIDE_component|lpm_divide_c0q:auto_generated|sign_div_unsign_ulh:divider|alt_u_div_g7f:divider|StageOut[85]                         ; |lab31119|ALU_LAB3:inst10|chufa:inst7|DIV2:inst1|lpm_divide:LPM_DIVIDE_component|lpm_divide_c0q:auto_generated|sign_div_unsign_ulh:divider|alt_u_div_g7f:divider|StageOut[85]                         ; out0             ;
; |lab31119|ALU_LAB3:inst10|chufa:inst7|DIV2:inst1|lpm_divide:LPM_DIVIDE_component|lpm_divide_c0q:auto_generated|sign_div_unsign_ulh:divider|alt_u_div_g7f:divider|StageOut[84]                         ; |lab31119|ALU_LAB3:inst10|chufa:inst7|DIV2:inst1|lpm_divide:LPM_DIVIDE_component|lpm_divide_c0q:auto_generated|sign_div_unsign_ulh:divider|alt_u_div_g7f:divider|StageOut[84]                         ; out0             ;
; |lab31119|ALU_LAB3:inst10|chufa:inst7|DIV2:inst1|lpm_divide:LPM_DIVIDE_component|lpm_divide_c0q:auto_generated|sign_div_unsign_ulh:divider|alt_u_div_g7f:divider|StageOut[83]                         ; |lab31119|ALU_LAB3:inst10|chufa:inst7|DIV2:inst1|lpm_divide:LPM_DIVIDE_component|lpm_divide_c0q:auto_generated|sign_div_unsign_ulh:divider|alt_u_div_g7f:divider|StageOut[83]                         ; out0             ;
; |lab31119|ALU_LAB3:inst10|chufa:inst7|DIV2:inst1|lpm_divide:LPM_DIVIDE_component|lpm_divide_c0q:auto_generated|sign_div_unsign_ulh:divider|alt_u_div_g7f:divider|StageOut[82]                         ; |lab31119|ALU_LAB3:inst10|chufa:inst7|DIV2:inst1|lpm_divide:LPM_DIVIDE_component|lpm_divide_c0q:auto_generated|sign_div_unsign_ulh:divider|alt_u_div_g7f:divider|StageOut[82]                         ; out0             ;
; |lab31119|ALU_LAB3:inst10|chufa:inst7|DIV2:inst1|lpm_divide:LPM_DIVIDE_component|lpm_divide_c0q:auto_generated|sign_div_unsign_ulh:divider|alt_u_div_g7f:divider|StageOut[81]                         ; |lab31119|ALU_LAB3:inst10|chufa:inst7|DIV2:inst1|lpm_divide:LPM_DIVIDE_component|lpm_divide_c0q:auto_generated|sign_div_unsign_ulh:divider|alt_u_div_g7f:divider|StageOut[81]                         ; out0             ;
; |lab31119|ALU_LAB3:inst10|chufa:inst7|DIV2:inst1|lpm_divide:LPM_DIVIDE_component|lpm_divide_c0q:auto_generated|sign_div_unsign_ulh:divider|alt_u_div_g7f:divider|StageOut[79]~127                     ; |lab31119|ALU_LAB3:inst10|chufa:inst7|DIV2:inst1|lpm_divide:LPM_DIVIDE_component|lpm_divide_c0q:auto_generated|sign_div_unsign_ulh:divider|alt_u_div_g7f:divider|StageOut[79]~127                     ; out0             ;
; |lab31119|ALU_LAB3:inst10|chufa:inst7|DIV2:inst1|lpm_divide:LPM_DIVIDE_component|lpm_divide_c0q:auto_generated|sign_div_unsign_ulh:divider|alt_u_div_g7f:divider|StageOut[78]~128                     ; |lab31119|ALU_LAB3:inst10|chufa:inst7|DIV2:inst1|lpm_divide:LPM_DIVIDE_component|lpm_divide_c0q:auto_generated|sign_div_unsign_ulh:divider|alt_u_div_g7f:divider|StageOut[78]~128                     ; out0             ;
; |lab31119|ALU_LAB3:inst10|chufa:inst7|DIV2:inst1|lpm_divide:LPM_DIVIDE_component|lpm_divide_c0q:auto_generated|sign_div_unsign_ulh:divider|alt_u_div_g7f:divider|StageOut[77]~129                     ; |lab31119|ALU_LAB3:inst10|chufa:inst7|DIV2:inst1|lpm_divide:LPM_DIVIDE_component|lpm_divide_c0q:auto_generated|sign_div_unsign_ulh:divider|alt_u_div_g7f:divider|StageOut[77]~129                     ; out0             ;
; |lab31119|ALU_LAB3:inst10|chufa:inst7|DIV2:inst1|lpm_divide:LPM_DIVIDE_component|lpm_divide_c0q:auto_generated|sign_div_unsign_ulh:divider|alt_u_div_g7f:divider|StageOut[76]~130                     ; |lab31119|ALU_LAB3:inst10|chufa:inst7|DIV2:inst1|lpm_divide:LPM_DIVIDE_component|lpm_divide_c0q:auto_generated|sign_div_unsign_ulh:divider|alt_u_div_g7f:divider|StageOut[76]~130                     ; out0             ;
; |lab31119|ALU_LAB3:inst10|chufa:inst7|DIV2:inst1|lpm_divide:LPM_DIVIDE_component|lpm_divide_c0q:auto_generated|sign_div_unsign_ulh:divider|alt_u_div_g7f:divider|StageOut[75]~131                     ; |lab31119|ALU_LAB3:inst10|chufa:inst7|DIV2:inst1|lpm_divide:LPM_DIVIDE_component|lpm_divide_c0q:auto_generated|sign_div_unsign_ulh:divider|alt_u_div_g7f:divider|StageOut[75]~131                     ; out0             ;
; |lab31119|ALU_LAB3:inst10|chufa:inst7|DIV2:inst1|lpm_divide:LPM_DIVIDE_component|lpm_divide_c0q:auto_generated|sign_div_unsign_ulh:divider|alt_u_div_g7f:divider|StageOut[74]~132                     ; |lab31119|ALU_LAB3:inst10|chufa:inst7|DIV2:inst1|lpm_divide:LPM_DIVIDE_component|lpm_divide_c0q:auto_generated|sign_div_unsign_ulh:divider|alt_u_div_g7f:divider|StageOut[74]~132                     ; out0             ;
; |lab31119|ALU_LAB3:inst10|chufa:inst7|DIV2:inst1|lpm_divide:LPM_DIVIDE_component|lpm_divide_c0q:auto_generated|sign_div_unsign_ulh:divider|alt_u_div_g7f:divider|StageOut[73]~133                     ; |lab31119|ALU_LAB3:inst10|chufa:inst7|DIV2:inst1|lpm_divide:LPM_DIVIDE_component|lpm_divide_c0q:auto_generated|sign_div_unsign_ulh:divider|alt_u_div_g7f:divider|StageOut[73]~133                     ; out0             ;
; |lab31119|ALU_LAB3:inst10|chufa:inst7|DIV2:inst1|lpm_divide:LPM_DIVIDE_component|lpm_divide_c0q:auto_generated|sign_div_unsign_ulh:divider|alt_u_div_g7f:divider|StageOut[72]~134                     ; |lab31119|ALU_LAB3:inst10|chufa:inst7|DIV2:inst1|lpm_divide:LPM_DIVIDE_component|lpm_divide_c0q:auto_generated|sign_div_unsign_ulh:divider|alt_u_div_g7f:divider|StageOut[72]~134                     ; out0             ;
; |lab31119|ALU_LAB3:inst10|chufa:inst7|DIV2:inst1|lpm_divide:LPM_DIVIDE_component|lpm_divide_c0q:auto_generated|sign_div_unsign_ulh:divider|alt_u_div_g7f:divider|StageOut[79]~136                     ; |lab31119|ALU_LAB3:inst10|chufa:inst7|DIV2:inst1|lpm_divide:LPM_DIVIDE_component|lpm_divide_c0q:auto_generated|sign_div_unsign_ulh:divider|alt_u_div_g7f:divider|StageOut[79]~136                     ; out0             ;
; |lab31119|ALU_LAB3:inst10|chufa:inst7|DIV2:inst1|lpm_divide:LPM_DIVIDE_component|lpm_divide_c0q:auto_generated|sign_div_unsign_ulh:divider|alt_u_div_g7f:divider|StageOut[78]~137                     ; |lab31119|ALU_LAB3:inst10|chufa:inst7|DIV2:inst1|lpm_divide:LPM_DIVIDE_component|lpm_divide_c0q:auto_generated|sign_div_unsign_ulh:divider|alt_u_div_g7f:divider|StageOut[78]~137                     ; out0             ;
; |lab31119|ALU_LAB3:inst10|chufa:inst7|DIV2:inst1|lpm_divide:LPM_DIVIDE_component|lpm_divide_c0q:auto_generated|sign_div_unsign_ulh:divider|alt_u_div_g7f:divider|StageOut[77]~138                     ; |lab31119|ALU_LAB3:inst10|chufa:inst7|DIV2:inst1|lpm_divide:LPM_DIVIDE_component|lpm_divide_c0q:auto_generated|sign_div_unsign_ulh:divider|alt_u_div_g7f:divider|StageOut[77]~138                     ; out0             ;
; |lab31119|ALU_LAB3:inst10|chufa:inst7|DIV2:inst1|lpm_divide:LPM_DIVIDE_component|lpm_divide_c0q:auto_generated|sign_div_unsign_ulh:divider|alt_u_div_g7f:divider|StageOut[76]~139                     ; |lab31119|ALU_LAB3:inst10|chufa:inst7|DIV2:inst1|lpm_divide:LPM_DIVIDE_component|lpm_divide_c0q:auto_generated|sign_div_unsign_ulh:divider|alt_u_div_g7f:divider|StageOut[76]~139                     ; out0             ;
; |lab31119|ALU_LAB3:inst10|chufa:inst7|DIV2:inst1|lpm_divide:LPM_DIVIDE_component|lpm_divide_c0q:auto_generated|sign_div_unsign_ulh:divider|alt_u_div_g7f:divider|StageOut[75]~140                     ; |lab31119|ALU_LAB3:inst10|chufa:inst7|DIV2:inst1|lpm_divide:LPM_DIVIDE_component|lpm_divide_c0q:auto_generated|sign_div_unsign_ulh:divider|alt_u_div_g7f:divider|StageOut[75]~140                     ; out0             ;
; |lab31119|ALU_LAB3:inst10|chufa:inst7|DIV2:inst1|lpm_divide:LPM_DIVIDE_component|lpm_divide_c0q:auto_generated|sign_div_unsign_ulh:divider|alt_u_div_g7f:divider|StageOut[74]~141                     ; |lab31119|ALU_LAB3:inst10|chufa:inst7|DIV2:inst1|lpm_divide:LPM_DIVIDE_component|lpm_divide_c0q:auto_generated|sign_div_unsign_ulh:divider|alt_u_div_g7f:divider|StageOut[74]~141                     ; out0             ;
; |lab31119|ALU_LAB3:inst10|chufa:inst7|DIV2:inst1|lpm_divide:LPM_DIVIDE_component|lpm_divide_c0q:auto_generated|sign_div_unsign_ulh:divider|alt_u_div_g7f:divider|StageOut[73]~142                     ; |lab31119|ALU_LAB3:inst10|chufa:inst7|DIV2:inst1|lpm_divide:LPM_DIVIDE_component|lpm_divide_c0q:auto_generated|sign_div_unsign_ulh:divider|alt_u_div_g7f:divider|StageOut[73]~142                     ; out0             ;
; |lab31119|ALU_LAB3:inst10|chufa:inst7|DIV2:inst1|lpm_divide:LPM_DIVIDE_component|lpm_divide_c0q:auto_generated|sign_div_unsign_ulh:divider|alt_u_div_g7f:divider|StageOut[72]~143                     ; |lab31119|ALU_LAB3:inst10|chufa:inst7|DIV2:inst1|lpm_divide:LPM_DIVIDE_component|lpm_divide_c0q:auto_generated|sign_div_unsign_ulh:divider|alt_u_div_g7f:divider|StageOut[72]~143                     ; out0             ;
; |lab31119|ALU_LAB3:inst10|chufa:inst7|DIV2:inst1|lpm_divide:LPM_DIVIDE_component|lpm_divide_c0q:auto_generated|sign_div_unsign_ulh:divider|alt_u_div_g7f:divider|StageOut[79]                         ; |lab31119|ALU_LAB3:inst10|chufa:inst7|DIV2:inst1|lpm_divide:LPM_DIVIDE_component|lpm_divide_c0q:auto_generated|sign_div_unsign_ulh:divider|alt_u_div_g7f:divider|StageOut[79]                         ; out0             ;
; |lab31119|ALU_LAB3:inst10|chufa:inst7|DIV2:inst1|lpm_divide:LPM_DIVIDE_component|lpm_divide_c0q:auto_generated|sign_div_unsign_ulh:divider|alt_u_div_g7f:divider|StageOut[78]                         ; |lab31119|ALU_LAB3:inst10|chufa:inst7|DIV2:inst1|lpm_divide:LPM_DIVIDE_component|lpm_divide_c0q:auto_generated|sign_div_unsign_ulh:divider|alt_u_div_g7f:divider|StageOut[78]                         ; out0             ;
; |lab31119|ALU_LAB3:inst10|chufa:inst7|DIV2:inst1|lpm_divide:LPM_DIVIDE_component|lpm_divide_c0q:auto_generated|sign_div_unsign_ulh:divider|alt_u_div_g7f:divider|StageOut[77]                         ; |lab31119|ALU_LAB3:inst10|chufa:inst7|DIV2:inst1|lpm_divide:LPM_DIVIDE_component|lpm_divide_c0q:auto_generated|sign_div_unsign_ulh:divider|alt_u_div_g7f:divider|StageOut[77]                         ; out0             ;
; |lab31119|ALU_LAB3:inst10|chufa:inst7|DIV2:inst1|lpm_divide:LPM_DIVIDE_component|lpm_divide_c0q:auto_generated|sign_div_unsign_ulh:divider|alt_u_div_g7f:divider|StageOut[76]                         ; |lab31119|ALU_LAB3:inst10|chufa:inst7|DIV2:inst1|lpm_divide:LPM_DIVIDE_component|lpm_divide_c0q:auto_generated|sign_div_unsign_ulh:divider|alt_u_div_g7f:divider|StageOut[76]                         ; out0             ;
; |lab31119|ALU_LAB3:inst10|chufa:inst7|DIV2:inst1|lpm_divide:LPM_DIVIDE_component|lpm_divide_c0q:auto_generated|sign_div_unsign_ulh:divider|alt_u_div_g7f:divider|StageOut[75]                         ; |lab31119|ALU_LAB3:inst10|chufa:inst7|DIV2:inst1|lpm_divide:LPM_DIVIDE_component|lpm_divide_c0q:auto_generated|sign_div_unsign_ulh:divider|alt_u_div_g7f:divider|StageOut[75]                         ; out0             ;
; |lab31119|ALU_LAB3:inst10|chufa:inst7|DIV2:inst1|lpm_divide:LPM_DIVIDE_component|lpm_divide_c0q:auto_generated|sign_div_unsign_ulh:divider|alt_u_div_g7f:divider|StageOut[74]                         ; |lab31119|ALU_LAB3:inst10|chufa:inst7|DIV2:inst1|lpm_divide:LPM_DIVIDE_component|lpm_divide_c0q:auto_generated|sign_div_unsign_ulh:divider|alt_u_div_g7f:divider|StageOut[74]                         ; out0             ;
; |lab31119|ALU_LAB3:inst10|chufa:inst7|DIV2:inst1|lpm_divide:LPM_DIVIDE_component|lpm_divide_c0q:auto_generated|sign_div_unsign_ulh:divider|alt_u_div_g7f:divider|StageOut[73]                         ; |lab31119|ALU_LAB3:inst10|chufa:inst7|DIV2:inst1|lpm_divide:LPM_DIVIDE_component|lpm_divide_c0q:auto_generated|sign_div_unsign_ulh:divider|alt_u_div_g7f:divider|StageOut[73]                         ; out0             ;
; |lab31119|ALU_LAB3:inst10|chufa:inst7|DIV2:inst1|lpm_divide:LPM_DIVIDE_component|lpm_divide_c0q:auto_generated|sign_div_unsign_ulh:divider|alt_u_div_g7f:divider|StageOut[72]                         ; |lab31119|ALU_LAB3:inst10|chufa:inst7|DIV2:inst1|lpm_divide:LPM_DIVIDE_component|lpm_divide_c0q:auto_generated|sign_div_unsign_ulh:divider|alt_u_div_g7f:divider|StageOut[72]                         ; out0             ;
; |lab31119|ALU_LAB3:inst10|chufa:inst7|DIV2:inst1|lpm_divide:LPM_DIVIDE_component|lpm_divide_c0q:auto_generated|sign_div_unsign_ulh:divider|alt_u_div_g7f:divider|StageOut[70]~145                     ; |lab31119|ALU_LAB3:inst10|chufa:inst7|DIV2:inst1|lpm_divide:LPM_DIVIDE_component|lpm_divide_c0q:auto_generated|sign_div_unsign_ulh:divider|alt_u_div_g7f:divider|StageOut[70]~145                     ; out0             ;
; |lab31119|ALU_LAB3:inst10|chufa:inst7|DIV2:inst1|lpm_divide:LPM_DIVIDE_component|lpm_divide_c0q:auto_generated|sign_div_unsign_ulh:divider|alt_u_div_g7f:divider|StageOut[69]~146                     ; |lab31119|ALU_LAB3:inst10|chufa:inst7|DIV2:inst1|lpm_divide:LPM_DIVIDE_component|lpm_divide_c0q:auto_generated|sign_div_unsign_ulh:divider|alt_u_div_g7f:divider|StageOut[69]~146                     ; out0             ;
; |lab31119|ALU_LAB3:inst10|chufa:inst7|DIV2:inst1|lpm_divide:LPM_DIVIDE_component|lpm_divide_c0q:auto_generated|sign_div_unsign_ulh:divider|alt_u_div_g7f:divider|StageOut[68]~147                     ; |lab31119|ALU_LAB3:inst10|chufa:inst7|DIV2:inst1|lpm_divide:LPM_DIVIDE_component|lpm_divide_c0q:auto_generated|sign_div_unsign_ulh:divider|alt_u_div_g7f:divider|StageOut[68]~147                     ; out0             ;
; |lab31119|ALU_LAB3:inst10|chufa:inst7|DIV2:inst1|lpm_divide:LPM_DIVIDE_component|lpm_divide_c0q:auto_generated|sign_div_unsign_ulh:divider|alt_u_div_g7f:divider|StageOut[67]~148                     ; |lab31119|ALU_LAB3:inst10|chufa:inst7|DIV2:inst1|lpm_divide:LPM_DIVIDE_component|lpm_divide_c0q:auto_generated|sign_div_unsign_ulh:divider|alt_u_div_g7f:divider|StageOut[67]~148                     ; out0             ;
; |lab31119|ALU_LAB3:inst10|chufa:inst7|DIV2:inst1|lpm_divide:LPM_DIVIDE_component|lpm_divide_c0q:auto_generated|sign_div_unsign_ulh:divider|alt_u_div_g7f:divider|StageOut[66]~149                     ; |lab31119|ALU_LAB3:inst10|chufa:inst7|DIV2:inst1|lpm_divide:LPM_DIVIDE_component|lpm_divide_c0q:auto_generated|sign_div_unsign_ulh:divider|alt_u_div_g7f:divider|StageOut[66]~149                     ; out0             ;
; |lab31119|ALU_LAB3:inst10|chufa:inst7|DIV2:inst1|lpm_divide:LPM_DIVIDE_component|lpm_divide_c0q:auto_generated|sign_div_unsign_ulh:divider|alt_u_div_g7f:divider|StageOut[65]~150                     ; |lab31119|ALU_LAB3:inst10|chufa:inst7|DIV2:inst1|lpm_divide:LPM_DIVIDE_component|lpm_divide_c0q:auto_generated|sign_div_unsign_ulh:divider|alt_u_div_g7f:divider|StageOut[65]~150                     ; out0             ;
; |lab31119|ALU_LAB3:inst10|chufa:inst7|DIV2:inst1|lpm_divide:LPM_DIVIDE_component|lpm_divide_c0q:auto_generated|sign_div_unsign_ulh:divider|alt_u_div_g7f:divider|StageOut[64]~151                     ; |lab31119|ALU_LAB3:inst10|chufa:inst7|DIV2:inst1|lpm_divide:LPM_DIVIDE_component|lpm_divide_c0q:auto_generated|sign_div_unsign_ulh:divider|alt_u_div_g7f:divider|StageOut[64]~151                     ; out0             ;
; |lab31119|ALU_LAB3:inst10|chufa:inst7|DIV2:inst1|lpm_divide:LPM_DIVIDE_component|lpm_divide_c0q:auto_generated|sign_div_unsign_ulh:divider|alt_u_div_g7f:divider|StageOut[63]~152                     ; |lab31119|ALU_LAB3:inst10|chufa:inst7|DIV2:inst1|lpm_divide:LPM_DIVIDE_component|lpm_divide_c0q:auto_generated|sign_div_unsign_ulh:divider|alt_u_div_g7f:divider|StageOut[63]~152                     ; out0             ;
; |lab31119|ALU_LAB3:inst10|chufa:inst7|DIV2:inst1|lpm_divide:LPM_DIVIDE_component|lpm_divide_c0q:auto_generated|sign_div_unsign_ulh:divider|alt_u_div_g7f:divider|StageOut[70]~154                     ; |lab31119|ALU_LAB3:inst10|chufa:inst7|DIV2:inst1|lpm_divide:LPM_DIVIDE_component|lpm_divide_c0q:auto_generated|sign_div_unsign_ulh:divider|alt_u_div_g7f:divider|StageOut[70]~154                     ; out0             ;
; |lab31119|ALU_LAB3:inst10|chufa:inst7|DIV2:inst1|lpm_divide:LPM_DIVIDE_component|lpm_divide_c0q:auto_generated|sign_div_unsign_ulh:divider|alt_u_div_g7f:divider|StageOut[69]~155                     ; |lab31119|ALU_LAB3:inst10|chufa:inst7|DIV2:inst1|lpm_divide:LPM_DIVIDE_component|lpm_divide_c0q:auto_generated|sign_div_unsign_ulh:divider|alt_u_div_g7f:divider|StageOut[69]~155                     ; out0             ;
; |lab31119|ALU_LAB3:inst10|chufa:inst7|DIV2:inst1|lpm_divide:LPM_DIVIDE_component|lpm_divide_c0q:auto_generated|sign_div_unsign_ulh:divider|alt_u_div_g7f:divider|StageOut[68]~156                     ; |lab31119|ALU_LAB3:inst10|chufa:inst7|DIV2:inst1|lpm_divide:LPM_DIVIDE_component|lpm_divide_c0q:auto_generated|sign_div_unsign_ulh:divider|alt_u_div_g7f:divider|StageOut[68]~156                     ; out0             ;
; |lab31119|ALU_LAB3:inst10|chufa:inst7|DIV2:inst1|lpm_divide:LPM_DIVIDE_component|lpm_divide_c0q:auto_generated|sign_div_unsign_ulh:divider|alt_u_div_g7f:divider|StageOut[67]~157                     ; |lab31119|ALU_LAB3:inst10|chufa:inst7|DIV2:inst1|lpm_divide:LPM_DIVIDE_component|lpm_divide_c0q:auto_generated|sign_div_unsign_ulh:divider|alt_u_div_g7f:divider|StageOut[67]~157                     ; out0             ;
; |lab31119|ALU_LAB3:inst10|chufa:inst7|DIV2:inst1|lpm_divide:LPM_DIVIDE_component|lpm_divide_c0q:auto_generated|sign_div_unsign_ulh:divider|alt_u_div_g7f:divider|StageOut[66]~158                     ; |lab31119|ALU_LAB3:inst10|chufa:inst7|DIV2:inst1|lpm_divide:LPM_DIVIDE_component|lpm_divide_c0q:auto_generated|sign_div_unsign_ulh:divider|alt_u_div_g7f:divider|StageOut[66]~158                     ; out0             ;
; |lab31119|ALU_LAB3:inst10|chufa:inst7|DIV2:inst1|lpm_divide:LPM_DIVIDE_component|lpm_divide_c0q:auto_generated|sign_div_unsign_ulh:divider|alt_u_div_g7f:divider|StageOut[65]~159                     ; |lab31119|ALU_LAB3:inst10|chufa:inst7|DIV2:inst1|lpm_divide:LPM_DIVIDE_component|lpm_divide_c0q:auto_generated|sign_div_unsign_ulh:divider|alt_u_div_g7f:divider|StageOut[65]~159                     ; out0             ;
; |lab31119|ALU_LAB3:inst10|chufa:inst7|DIV2:inst1|lpm_divide:LPM_DIVIDE_component|lpm_divide_c0q:auto_generated|sign_div_unsign_ulh:divider|alt_u_div_g7f:divider|StageOut[64]~160                     ; |lab31119|ALU_LAB3:inst10|chufa:inst7|DIV2:inst1|lpm_divide:LPM_DIVIDE_component|lpm_divide_c0q:auto_generated|sign_div_unsign_ulh:divider|alt_u_div_g7f:divider|StageOut[64]~160                     ; out0             ;
; |lab31119|ALU_LAB3:inst10|chufa:inst7|DIV2:inst1|lpm_divide:LPM_DIVIDE_component|lpm_divide_c0q:auto_generated|sign_div_unsign_ulh:divider|alt_u_div_g7f:divider|StageOut[63]~161                     ; |lab31119|ALU_LAB3:inst10|chufa:inst7|DIV2:inst1|lpm_divide:LPM_DIVIDE_component|lpm_divide_c0q:auto_generated|sign_div_unsign_ulh:divider|alt_u_div_g7f:divider|StageOut[63]~161                     ; out0             ;
; |lab31119|ALU_LAB3:inst10|chufa:inst7|DIV2:inst1|lpm_divide:LPM_DIVIDE_component|lpm_divide_c0q:auto_generated|sign_div_unsign_ulh:divider|alt_u_div_g7f:divider|StageOut[70]                         ; |lab31119|ALU_LAB3:inst10|chufa:inst7|DIV2:inst1|lpm_divide:LPM_DIVIDE_component|lpm_divide_c0q:auto_generated|sign_div_unsign_ulh:divider|alt_u_div_g7f:divider|StageOut[70]                         ; out0             ;
; |lab31119|ALU_LAB3:inst10|chufa:inst7|DIV2:inst1|lpm_divide:LPM_DIVIDE_component|lpm_divide_c0q:auto_generated|sign_div_unsign_ulh:divider|alt_u_div_g7f:divider|StageOut[69]                         ; |lab31119|ALU_LAB3:inst10|chufa:inst7|DIV2:inst1|lpm_divide:LPM_DIVIDE_component|lpm_divide_c0q:auto_generated|sign_div_unsign_ulh:divider|alt_u_div_g7f:divider|StageOut[69]                         ; out0             ;
; |lab31119|ALU_LAB3:inst10|chufa:inst7|DIV2:inst1|lpm_divide:LPM_DIVIDE_component|lpm_divide_c0q:auto_generated|sign_div_unsign_ulh:divider|alt_u_div_g7f:divider|StageOut[68]                         ; |lab31119|ALU_LAB3:inst10|chufa:inst7|DIV2:inst1|lpm_divide:LPM_DIVIDE_component|lpm_divide_c0q:auto_generated|sign_div_unsign_ulh:divider|alt_u_div_g7f:divider|StageOut[68]                         ; out0             ;
; |lab31119|ALU_LAB3:inst10|chufa:inst7|DIV2:inst1|lpm_divide:LPM_DIVIDE_component|lpm_divide_c0q:auto_generated|sign_div_unsign_ulh:divider|alt_u_div_g7f:divider|StageOut[67]                         ; |lab31119|ALU_LAB3:inst10|chufa:inst7|DIV2:inst1|lpm_divide:LPM_DIVIDE_component|lpm_divide_c0q:auto_generated|sign_div_unsign_ulh:divider|alt_u_div_g7f:divider|StageOut[67]                         ; out0             ;
; |lab31119|ALU_LAB3:inst10|chufa:inst7|DIV2:inst1|lpm_divide:LPM_DIVIDE_component|lpm_divide_c0q:auto_generated|sign_div_unsign_ulh:divider|alt_u_div_g7f:divider|StageOut[66]                         ; |lab31119|ALU_LAB3:inst10|chufa:inst7|DIV2:inst1|lpm_divide:LPM_DIVIDE_component|lpm_divide_c0q:auto_generated|sign_div_unsign_ulh:divider|alt_u_div_g7f:divider|StageOut[66]                         ; out0             ;
; |lab31119|ALU_LAB3:inst10|chufa:inst7|DIV2:inst1|lpm_divide:LPM_DIVIDE_component|lpm_divide_c0q:auto_generated|sign_div_unsign_ulh:divider|alt_u_div_g7f:divider|StageOut[65]                         ; |lab31119|ALU_LAB3:inst10|chufa:inst7|DIV2:inst1|lpm_divide:LPM_DIVIDE_component|lpm_divide_c0q:auto_generated|sign_div_unsign_ulh:divider|alt_u_div_g7f:divider|StageOut[65]                         ; out0             ;
; |lab31119|ALU_LAB3:inst10|chufa:inst7|DIV2:inst1|lpm_divide:LPM_DIVIDE_component|lpm_divide_c0q:auto_generated|sign_div_unsign_ulh:divider|alt_u_div_g7f:divider|StageOut[64]                         ; |lab31119|ALU_LAB3:inst10|chufa:inst7|DIV2:inst1|lpm_divide:LPM_DIVIDE_component|lpm_divide_c0q:auto_generated|sign_div_unsign_ulh:divider|alt_u_div_g7f:divider|StageOut[64]                         ; out0             ;
; |lab31119|ALU_LAB3:inst10|chufa:inst7|DIV2:inst1|lpm_divide:LPM_DIVIDE_component|lpm_divide_c0q:auto_generated|sign_div_unsign_ulh:divider|alt_u_div_g7f:divider|StageOut[63]                         ; |lab31119|ALU_LAB3:inst10|chufa:inst7|DIV2:inst1|lpm_divide:LPM_DIVIDE_component|lpm_divide_c0q:auto_generated|sign_div_unsign_ulh:divider|alt_u_div_g7f:divider|StageOut[63]                         ; out0             ;
; |lab31119|ALU_LAB3:inst10|chufa:inst7|DIV2:inst1|lpm_divide:LPM_DIVIDE_component|lpm_divide_c0q:auto_generated|sign_div_unsign_ulh:divider|alt_u_div_g7f:divider|StageOut[60]~164                     ; |lab31119|ALU_LAB3:inst10|chufa:inst7|DIV2:inst1|lpm_divide:LPM_DIVIDE_component|lpm_divide_c0q:auto_generated|sign_div_unsign_ulh:divider|alt_u_div_g7f:divider|StageOut[60]~164                     ; out0             ;
; |lab31119|ALU_LAB3:inst10|chufa:inst7|DIV2:inst1|lpm_divide:LPM_DIVIDE_component|lpm_divide_c0q:auto_generated|sign_div_unsign_ulh:divider|alt_u_div_g7f:divider|StageOut[59]~165                     ; |lab31119|ALU_LAB3:inst10|chufa:inst7|DIV2:inst1|lpm_divide:LPM_DIVIDE_component|lpm_divide_c0q:auto_generated|sign_div_unsign_ulh:divider|alt_u_div_g7f:divider|StageOut[59]~165                     ; out0             ;
; |lab31119|ALU_LAB3:inst10|chufa:inst7|DIV2:inst1|lpm_divide:LPM_DIVIDE_component|lpm_divide_c0q:auto_generated|sign_div_unsign_ulh:divider|alt_u_div_g7f:divider|StageOut[58]~166                     ; |lab31119|ALU_LAB3:inst10|chufa:inst7|DIV2:inst1|lpm_divide:LPM_DIVIDE_component|lpm_divide_c0q:auto_generated|sign_div_unsign_ulh:divider|alt_u_div_g7f:divider|StageOut[58]~166                     ; out0             ;
; |lab31119|ALU_LAB3:inst10|chufa:inst7|DIV2:inst1|lpm_divide:LPM_DIVIDE_component|lpm_divide_c0q:auto_generated|sign_div_unsign_ulh:divider|alt_u_div_g7f:divider|StageOut[57]~167                     ; |lab31119|ALU_LAB3:inst10|chufa:inst7|DIV2:inst1|lpm_divide:LPM_DIVIDE_component|lpm_divide_c0q:auto_generated|sign_div_unsign_ulh:divider|alt_u_div_g7f:divider|StageOut[57]~167                     ; out0             ;
; |lab31119|ALU_LAB3:inst10|chufa:inst7|DIV2:inst1|lpm_divide:LPM_DIVIDE_component|lpm_divide_c0q:auto_generated|sign_div_unsign_ulh:divider|alt_u_div_g7f:divider|StageOut[56]~168                     ; |lab31119|ALU_LAB3:inst10|chufa:inst7|DIV2:inst1|lpm_divide:LPM_DIVIDE_component|lpm_divide_c0q:auto_generated|sign_div_unsign_ulh:divider|alt_u_div_g7f:divider|StageOut[56]~168                     ; out0             ;
; |lab31119|ALU_LAB3:inst10|chufa:inst7|DIV2:inst1|lpm_divide:LPM_DIVIDE_component|lpm_divide_c0q:auto_generated|sign_div_unsign_ulh:divider|alt_u_div_g7f:divider|StageOut[55]~169                     ; |lab31119|ALU_LAB3:inst10|chufa:inst7|DIV2:inst1|lpm_divide:LPM_DIVIDE_component|lpm_divide_c0q:auto_generated|sign_div_unsign_ulh:divider|alt_u_div_g7f:divider|StageOut[55]~169                     ; out0             ;
; |lab31119|ALU_LAB3:inst10|chufa:inst7|DIV2:inst1|lpm_divide:LPM_DIVIDE_component|lpm_divide_c0q:auto_generated|sign_div_unsign_ulh:divider|alt_u_div_g7f:divider|StageOut[54]~170                     ; |lab31119|ALU_LAB3:inst10|chufa:inst7|DIV2:inst1|lpm_divide:LPM_DIVIDE_component|lpm_divide_c0q:auto_generated|sign_div_unsign_ulh:divider|alt_u_div_g7f:divider|StageOut[54]~170                     ; out0             ;
; |lab31119|ALU_LAB3:inst10|chufa:inst7|DIV2:inst1|lpm_divide:LPM_DIVIDE_component|lpm_divide_c0q:auto_generated|sign_div_unsign_ulh:divider|alt_u_div_g7f:divider|StageOut[60]~173                     ; |lab31119|ALU_LAB3:inst10|chufa:inst7|DIV2:inst1|lpm_divide:LPM_DIVIDE_component|lpm_divide_c0q:auto_generated|sign_div_unsign_ulh:divider|alt_u_div_g7f:divider|StageOut[60]~173                     ; out0             ;
; |lab31119|ALU_LAB3:inst10|chufa:inst7|DIV2:inst1|lpm_divide:LPM_DIVIDE_component|lpm_divide_c0q:auto_generated|sign_div_unsign_ulh:divider|alt_u_div_g7f:divider|StageOut[59]~174                     ; |lab31119|ALU_LAB3:inst10|chufa:inst7|DIV2:inst1|lpm_divide:LPM_DIVIDE_component|lpm_divide_c0q:auto_generated|sign_div_unsign_ulh:divider|alt_u_div_g7f:divider|StageOut[59]~174                     ; out0             ;
; |lab31119|ALU_LAB3:inst10|chufa:inst7|DIV2:inst1|lpm_divide:LPM_DIVIDE_component|lpm_divide_c0q:auto_generated|sign_div_unsign_ulh:divider|alt_u_div_g7f:divider|StageOut[58]~175                     ; |lab31119|ALU_LAB3:inst10|chufa:inst7|DIV2:inst1|lpm_divide:LPM_DIVIDE_component|lpm_divide_c0q:auto_generated|sign_div_unsign_ulh:divider|alt_u_div_g7f:divider|StageOut[58]~175                     ; out0             ;
; |lab31119|ALU_LAB3:inst10|chufa:inst7|DIV2:inst1|lpm_divide:LPM_DIVIDE_component|lpm_divide_c0q:auto_generated|sign_div_unsign_ulh:divider|alt_u_div_g7f:divider|StageOut[57]~176                     ; |lab31119|ALU_LAB3:inst10|chufa:inst7|DIV2:inst1|lpm_divide:LPM_DIVIDE_component|lpm_divide_c0q:auto_generated|sign_div_unsign_ulh:divider|alt_u_div_g7f:divider|StageOut[57]~176                     ; out0             ;
; |lab31119|ALU_LAB3:inst10|chufa:inst7|DIV2:inst1|lpm_divide:LPM_DIVIDE_component|lpm_divide_c0q:auto_generated|sign_div_unsign_ulh:divider|alt_u_div_g7f:divider|StageOut[56]~177                     ; |lab31119|ALU_LAB3:inst10|chufa:inst7|DIV2:inst1|lpm_divide:LPM_DIVIDE_component|lpm_divide_c0q:auto_generated|sign_div_unsign_ulh:divider|alt_u_div_g7f:divider|StageOut[56]~177                     ; out0             ;
; |lab31119|ALU_LAB3:inst10|chufa:inst7|DIV2:inst1|lpm_divide:LPM_DIVIDE_component|lpm_divide_c0q:auto_generated|sign_div_unsign_ulh:divider|alt_u_div_g7f:divider|StageOut[55]~178                     ; |lab31119|ALU_LAB3:inst10|chufa:inst7|DIV2:inst1|lpm_divide:LPM_DIVIDE_component|lpm_divide_c0q:auto_generated|sign_div_unsign_ulh:divider|alt_u_div_g7f:divider|StageOut[55]~178                     ; out0             ;
; |lab31119|ALU_LAB3:inst10|chufa:inst7|DIV2:inst1|lpm_divide:LPM_DIVIDE_component|lpm_divide_c0q:auto_generated|sign_div_unsign_ulh:divider|alt_u_div_g7f:divider|StageOut[54]~179                     ; |lab31119|ALU_LAB3:inst10|chufa:inst7|DIV2:inst1|lpm_divide:LPM_DIVIDE_component|lpm_divide_c0q:auto_generated|sign_div_unsign_ulh:divider|alt_u_div_g7f:divider|StageOut[54]~179                     ; out0             ;
; |lab31119|ALU_LAB3:inst10|chufa:inst7|DIV2:inst1|lpm_divide:LPM_DIVIDE_component|lpm_divide_c0q:auto_generated|sign_div_unsign_ulh:divider|alt_u_div_g7f:divider|StageOut[60]                         ; |lab31119|ALU_LAB3:inst10|chufa:inst7|DIV2:inst1|lpm_divide:LPM_DIVIDE_component|lpm_divide_c0q:auto_generated|sign_div_unsign_ulh:divider|alt_u_div_g7f:divider|StageOut[60]                         ; out0             ;
; |lab31119|ALU_LAB3:inst10|chufa:inst7|DIV2:inst1|lpm_divide:LPM_DIVIDE_component|lpm_divide_c0q:auto_generated|sign_div_unsign_ulh:divider|alt_u_div_g7f:divider|StageOut[59]                         ; |lab31119|ALU_LAB3:inst10|chufa:inst7|DIV2:inst1|lpm_divide:LPM_DIVIDE_component|lpm_divide_c0q:auto_generated|sign_div_unsign_ulh:divider|alt_u_div_g7f:divider|StageOut[59]                         ; out0             ;
; |lab31119|ALU_LAB3:inst10|chufa:inst7|DIV2:inst1|lpm_divide:LPM_DIVIDE_component|lpm_divide_c0q:auto_generated|sign_div_unsign_ulh:divider|alt_u_div_g7f:divider|StageOut[58]                         ; |lab31119|ALU_LAB3:inst10|chufa:inst7|DIV2:inst1|lpm_divide:LPM_DIVIDE_component|lpm_divide_c0q:auto_generated|sign_div_unsign_ulh:divider|alt_u_div_g7f:divider|StageOut[58]                         ; out0             ;
; |lab31119|ALU_LAB3:inst10|chufa:inst7|DIV2:inst1|lpm_divide:LPM_DIVIDE_component|lpm_divide_c0q:auto_generated|sign_div_unsign_ulh:divider|alt_u_div_g7f:divider|StageOut[57]                         ; |lab31119|ALU_LAB3:inst10|chufa:inst7|DIV2:inst1|lpm_divide:LPM_DIVIDE_component|lpm_divide_c0q:auto_generated|sign_div_unsign_ulh:divider|alt_u_div_g7f:divider|StageOut[57]                         ; out0             ;
; |lab31119|ALU_LAB3:inst10|chufa:inst7|DIV2:inst1|lpm_divide:LPM_DIVIDE_component|lpm_divide_c0q:auto_generated|sign_div_unsign_ulh:divider|alt_u_div_g7f:divider|StageOut[56]                         ; |lab31119|ALU_LAB3:inst10|chufa:inst7|DIV2:inst1|lpm_divide:LPM_DIVIDE_component|lpm_divide_c0q:auto_generated|sign_div_unsign_ulh:divider|alt_u_div_g7f:divider|StageOut[56]                         ; out0             ;
; |lab31119|ALU_LAB3:inst10|chufa:inst7|DIV2:inst1|lpm_divide:LPM_DIVIDE_component|lpm_divide_c0q:auto_generated|sign_div_unsign_ulh:divider|alt_u_div_g7f:divider|StageOut[55]                         ; |lab31119|ALU_LAB3:inst10|chufa:inst7|DIV2:inst1|lpm_divide:LPM_DIVIDE_component|lpm_divide_c0q:auto_generated|sign_div_unsign_ulh:divider|alt_u_div_g7f:divider|StageOut[55]                         ; out0             ;
; |lab31119|ALU_LAB3:inst10|chufa:inst7|DIV2:inst1|lpm_divide:LPM_DIVIDE_component|lpm_divide_c0q:auto_generated|sign_div_unsign_ulh:divider|alt_u_div_g7f:divider|StageOut[54]                         ; |lab31119|ALU_LAB3:inst10|chufa:inst7|DIV2:inst1|lpm_divide:LPM_DIVIDE_component|lpm_divide_c0q:auto_generated|sign_div_unsign_ulh:divider|alt_u_div_g7f:divider|StageOut[54]                         ; out0             ;
; |lab31119|ALU_LAB3:inst10|chufa:inst7|DIV2:inst1|lpm_divide:LPM_DIVIDE_component|lpm_divide_c0q:auto_generated|sign_div_unsign_ulh:divider|alt_u_div_g7f:divider|StageOut[50]~183                     ; |lab31119|ALU_LAB3:inst10|chufa:inst7|DIV2:inst1|lpm_divide:LPM_DIVIDE_component|lpm_divide_c0q:auto_generated|sign_div_unsign_ulh:divider|alt_u_div_g7f:divider|StageOut[50]~183                     ; out0             ;
; |lab31119|ALU_LAB3:inst10|chufa:inst7|DIV2:inst1|lpm_divide:LPM_DIVIDE_component|lpm_divide_c0q:auto_generated|sign_div_unsign_ulh:divider|alt_u_div_g7f:divider|StageOut[49]~184                     ; |lab31119|ALU_LAB3:inst10|chufa:inst7|DIV2:inst1|lpm_divide:LPM_DIVIDE_component|lpm_divide_c0q:auto_generated|sign_div_unsign_ulh:divider|alt_u_div_g7f:divider|StageOut[49]~184                     ; out0             ;
; |lab31119|ALU_LAB3:inst10|chufa:inst7|DIV2:inst1|lpm_divide:LPM_DIVIDE_component|lpm_divide_c0q:auto_generated|sign_div_unsign_ulh:divider|alt_u_div_g7f:divider|StageOut[48]~185                     ; |lab31119|ALU_LAB3:inst10|chufa:inst7|DIV2:inst1|lpm_divide:LPM_DIVIDE_component|lpm_divide_c0q:auto_generated|sign_div_unsign_ulh:divider|alt_u_div_g7f:divider|StageOut[48]~185                     ; out0             ;
; |lab31119|ALU_LAB3:inst10|chufa:inst7|DIV2:inst1|lpm_divide:LPM_DIVIDE_component|lpm_divide_c0q:auto_generated|sign_div_unsign_ulh:divider|alt_u_div_g7f:divider|StageOut[47]~186                     ; |lab31119|ALU_LAB3:inst10|chufa:inst7|DIV2:inst1|lpm_divide:LPM_DIVIDE_component|lpm_divide_c0q:auto_generated|sign_div_unsign_ulh:divider|alt_u_div_g7f:divider|StageOut[47]~186                     ; out0             ;
; |lab31119|ALU_LAB3:inst10|chufa:inst7|DIV2:inst1|lpm_divide:LPM_DIVIDE_component|lpm_divide_c0q:auto_generated|sign_div_unsign_ulh:divider|alt_u_div_g7f:divider|StageOut[46]~187                     ; |lab31119|ALU_LAB3:inst10|chufa:inst7|DIV2:inst1|lpm_divide:LPM_DIVIDE_component|lpm_divide_c0q:auto_generated|sign_div_unsign_ulh:divider|alt_u_div_g7f:divider|StageOut[46]~187                     ; out0             ;
; |lab31119|ALU_LAB3:inst10|chufa:inst7|DIV2:inst1|lpm_divide:LPM_DIVIDE_component|lpm_divide_c0q:auto_generated|sign_div_unsign_ulh:divider|alt_u_div_g7f:divider|StageOut[45]~188                     ; |lab31119|ALU_LAB3:inst10|chufa:inst7|DIV2:inst1|lpm_divide:LPM_DIVIDE_component|lpm_divide_c0q:auto_generated|sign_div_unsign_ulh:divider|alt_u_div_g7f:divider|StageOut[45]~188                     ; out0             ;
; |lab31119|ALU_LAB3:inst10|chufa:inst7|DIV2:inst1|lpm_divide:LPM_DIVIDE_component|lpm_divide_c0q:auto_generated|sign_div_unsign_ulh:divider|alt_u_div_g7f:divider|StageOut[50]~192                     ; |lab31119|ALU_LAB3:inst10|chufa:inst7|DIV2:inst1|lpm_divide:LPM_DIVIDE_component|lpm_divide_c0q:auto_generated|sign_div_unsign_ulh:divider|alt_u_div_g7f:divider|StageOut[50]~192                     ; out0             ;
; |lab31119|ALU_LAB3:inst10|chufa:inst7|DIV2:inst1|lpm_divide:LPM_DIVIDE_component|lpm_divide_c0q:auto_generated|sign_div_unsign_ulh:divider|alt_u_div_g7f:divider|StageOut[49]~193                     ; |lab31119|ALU_LAB3:inst10|chufa:inst7|DIV2:inst1|lpm_divide:LPM_DIVIDE_component|lpm_divide_c0q:auto_generated|sign_div_unsign_ulh:divider|alt_u_div_g7f:divider|StageOut[49]~193                     ; out0             ;
; |lab31119|ALU_LAB3:inst10|chufa:inst7|DIV2:inst1|lpm_divide:LPM_DIVIDE_component|lpm_divide_c0q:auto_generated|sign_div_unsign_ulh:divider|alt_u_div_g7f:divider|StageOut[48]~194                     ; |lab31119|ALU_LAB3:inst10|chufa:inst7|DIV2:inst1|lpm_divide:LPM_DIVIDE_component|lpm_divide_c0q:auto_generated|sign_div_unsign_ulh:divider|alt_u_div_g7f:divider|StageOut[48]~194                     ; out0             ;
; |lab31119|ALU_LAB3:inst10|chufa:inst7|DIV2:inst1|lpm_divide:LPM_DIVIDE_component|lpm_divide_c0q:auto_generated|sign_div_unsign_ulh:divider|alt_u_div_g7f:divider|StageOut[47]~195                     ; |lab31119|ALU_LAB3:inst10|chufa:inst7|DIV2:inst1|lpm_divide:LPM_DIVIDE_component|lpm_divide_c0q:auto_generated|sign_div_unsign_ulh:divider|alt_u_div_g7f:divider|StageOut[47]~195                     ; out0             ;
; |lab31119|ALU_LAB3:inst10|chufa:inst7|DIV2:inst1|lpm_divide:LPM_DIVIDE_component|lpm_divide_c0q:auto_generated|sign_div_unsign_ulh:divider|alt_u_div_g7f:divider|StageOut[46]~196                     ; |lab31119|ALU_LAB3:inst10|chufa:inst7|DIV2:inst1|lpm_divide:LPM_DIVIDE_component|lpm_divide_c0q:auto_generated|sign_div_unsign_ulh:divider|alt_u_div_g7f:divider|StageOut[46]~196                     ; out0             ;
; |lab31119|ALU_LAB3:inst10|chufa:inst7|DIV2:inst1|lpm_divide:LPM_DIVIDE_component|lpm_divide_c0q:auto_generated|sign_div_unsign_ulh:divider|alt_u_div_g7f:divider|StageOut[45]~197                     ; |lab31119|ALU_LAB3:inst10|chufa:inst7|DIV2:inst1|lpm_divide:LPM_DIVIDE_component|lpm_divide_c0q:auto_generated|sign_div_unsign_ulh:divider|alt_u_div_g7f:divider|StageOut[45]~197                     ; out0             ;
; |lab31119|ALU_LAB3:inst10|chufa:inst7|DIV2:inst1|lpm_divide:LPM_DIVIDE_component|lpm_divide_c0q:auto_generated|sign_div_unsign_ulh:divider|alt_u_div_g7f:divider|StageOut[50]                         ; |lab31119|ALU_LAB3:inst10|chufa:inst7|DIV2:inst1|lpm_divide:LPM_DIVIDE_component|lpm_divide_c0q:auto_generated|sign_div_unsign_ulh:divider|alt_u_div_g7f:divider|StageOut[50]                         ; out0             ;
; |lab31119|ALU_LAB3:inst10|chufa:inst7|DIV2:inst1|lpm_divide:LPM_DIVIDE_component|lpm_divide_c0q:auto_generated|sign_div_unsign_ulh:divider|alt_u_div_g7f:divider|StageOut[49]                         ; |lab31119|ALU_LAB3:inst10|chufa:inst7|DIV2:inst1|lpm_divide:LPM_DIVIDE_component|lpm_divide_c0q:auto_generated|sign_div_unsign_ulh:divider|alt_u_div_g7f:divider|StageOut[49]                         ; out0             ;
; |lab31119|ALU_LAB3:inst10|chufa:inst7|DIV2:inst1|lpm_divide:LPM_DIVIDE_component|lpm_divide_c0q:auto_generated|sign_div_unsign_ulh:divider|alt_u_div_g7f:divider|StageOut[48]                         ; |lab31119|ALU_LAB3:inst10|chufa:inst7|DIV2:inst1|lpm_divide:LPM_DIVIDE_component|lpm_divide_c0q:auto_generated|sign_div_unsign_ulh:divider|alt_u_div_g7f:divider|StageOut[48]                         ; out0             ;
; |lab31119|ALU_LAB3:inst10|chufa:inst7|DIV2:inst1|lpm_divide:LPM_DIVIDE_component|lpm_divide_c0q:auto_generated|sign_div_unsign_ulh:divider|alt_u_div_g7f:divider|StageOut[47]                         ; |lab31119|ALU_LAB3:inst10|chufa:inst7|DIV2:inst1|lpm_divide:LPM_DIVIDE_component|lpm_divide_c0q:auto_generated|sign_div_unsign_ulh:divider|alt_u_div_g7f:divider|StageOut[47]                         ; out0             ;
; |lab31119|ALU_LAB3:inst10|chufa:inst7|DIV2:inst1|lpm_divide:LPM_DIVIDE_component|lpm_divide_c0q:auto_generated|sign_div_unsign_ulh:divider|alt_u_div_g7f:divider|StageOut[46]                         ; |lab31119|ALU_LAB3:inst10|chufa:inst7|DIV2:inst1|lpm_divide:LPM_DIVIDE_component|lpm_divide_c0q:auto_generated|sign_div_unsign_ulh:divider|alt_u_div_g7f:divider|StageOut[46]                         ; out0             ;
; |lab31119|ALU_LAB3:inst10|chufa:inst7|DIV2:inst1|lpm_divide:LPM_DIVIDE_component|lpm_divide_c0q:auto_generated|sign_div_unsign_ulh:divider|alt_u_div_g7f:divider|StageOut[45]                         ; |lab31119|ALU_LAB3:inst10|chufa:inst7|DIV2:inst1|lpm_divide:LPM_DIVIDE_component|lpm_divide_c0q:auto_generated|sign_div_unsign_ulh:divider|alt_u_div_g7f:divider|StageOut[45]                         ; out0             ;
; |lab31119|ALU_LAB3:inst10|chufa:inst7|DIV2:inst1|lpm_divide:LPM_DIVIDE_component|lpm_divide_c0q:auto_generated|sign_div_unsign_ulh:divider|alt_u_div_g7f:divider|StageOut[40]~202                     ; |lab31119|ALU_LAB3:inst10|chufa:inst7|DIV2:inst1|lpm_divide:LPM_DIVIDE_component|lpm_divide_c0q:auto_generated|sign_div_unsign_ulh:divider|alt_u_div_g7f:divider|StageOut[40]~202                     ; out0             ;
; |lab31119|ALU_LAB3:inst10|chufa:inst7|DIV2:inst1|lpm_divide:LPM_DIVIDE_component|lpm_divide_c0q:auto_generated|sign_div_unsign_ulh:divider|alt_u_div_g7f:divider|StageOut[39]~203                     ; |lab31119|ALU_LAB3:inst10|chufa:inst7|DIV2:inst1|lpm_divide:LPM_DIVIDE_component|lpm_divide_c0q:auto_generated|sign_div_unsign_ulh:divider|alt_u_div_g7f:divider|StageOut[39]~203                     ; out0             ;
; |lab31119|ALU_LAB3:inst10|chufa:inst7|DIV2:inst1|lpm_divide:LPM_DIVIDE_component|lpm_divide_c0q:auto_generated|sign_div_unsign_ulh:divider|alt_u_div_g7f:divider|StageOut[38]~204                     ; |lab31119|ALU_LAB3:inst10|chufa:inst7|DIV2:inst1|lpm_divide:LPM_DIVIDE_component|lpm_divide_c0q:auto_generated|sign_div_unsign_ulh:divider|alt_u_div_g7f:divider|StageOut[38]~204                     ; out0             ;
; |lab31119|ALU_LAB3:inst10|chufa:inst7|DIV2:inst1|lpm_divide:LPM_DIVIDE_component|lpm_divide_c0q:auto_generated|sign_div_unsign_ulh:divider|alt_u_div_g7f:divider|StageOut[37]~205                     ; |lab31119|ALU_LAB3:inst10|chufa:inst7|DIV2:inst1|lpm_divide:LPM_DIVIDE_component|lpm_divide_c0q:auto_generated|sign_div_unsign_ulh:divider|alt_u_div_g7f:divider|StageOut[37]~205                     ; out0             ;
; |lab31119|ALU_LAB3:inst10|chufa:inst7|DIV2:inst1|lpm_divide:LPM_DIVIDE_component|lpm_divide_c0q:auto_generated|sign_div_unsign_ulh:divider|alt_u_div_g7f:divider|StageOut[36]~206                     ; |lab31119|ALU_LAB3:inst10|chufa:inst7|DIV2:inst1|lpm_divide:LPM_DIVIDE_component|lpm_divide_c0q:auto_generated|sign_div_unsign_ulh:divider|alt_u_div_g7f:divider|StageOut[36]~206                     ; out0             ;
; |lab31119|ALU_LAB3:inst10|chufa:inst7|DIV2:inst1|lpm_divide:LPM_DIVIDE_component|lpm_divide_c0q:auto_generated|sign_div_unsign_ulh:divider|alt_u_div_g7f:divider|StageOut[40]~211                     ; |lab31119|ALU_LAB3:inst10|chufa:inst7|DIV2:inst1|lpm_divide:LPM_DIVIDE_component|lpm_divide_c0q:auto_generated|sign_div_unsign_ulh:divider|alt_u_div_g7f:divider|StageOut[40]~211                     ; out0             ;
; |lab31119|ALU_LAB3:inst10|chufa:inst7|DIV2:inst1|lpm_divide:LPM_DIVIDE_component|lpm_divide_c0q:auto_generated|sign_div_unsign_ulh:divider|alt_u_div_g7f:divider|StageOut[39]~212                     ; |lab31119|ALU_LAB3:inst10|chufa:inst7|DIV2:inst1|lpm_divide:LPM_DIVIDE_component|lpm_divide_c0q:auto_generated|sign_div_unsign_ulh:divider|alt_u_div_g7f:divider|StageOut[39]~212                     ; out0             ;
; |lab31119|ALU_LAB3:inst10|chufa:inst7|DIV2:inst1|lpm_divide:LPM_DIVIDE_component|lpm_divide_c0q:auto_generated|sign_div_unsign_ulh:divider|alt_u_div_g7f:divider|StageOut[38]~213                     ; |lab31119|ALU_LAB3:inst10|chufa:inst7|DIV2:inst1|lpm_divide:LPM_DIVIDE_component|lpm_divide_c0q:auto_generated|sign_div_unsign_ulh:divider|alt_u_div_g7f:divider|StageOut[38]~213                     ; out0             ;
; |lab31119|ALU_LAB3:inst10|chufa:inst7|DIV2:inst1|lpm_divide:LPM_DIVIDE_component|lpm_divide_c0q:auto_generated|sign_div_unsign_ulh:divider|alt_u_div_g7f:divider|StageOut[37]~214                     ; |lab31119|ALU_LAB3:inst10|chufa:inst7|DIV2:inst1|lpm_divide:LPM_DIVIDE_component|lpm_divide_c0q:auto_generated|sign_div_unsign_ulh:divider|alt_u_div_g7f:divider|StageOut[37]~214                     ; out0             ;
; |lab31119|ALU_LAB3:inst10|chufa:inst7|DIV2:inst1|lpm_divide:LPM_DIVIDE_component|lpm_divide_c0q:auto_generated|sign_div_unsign_ulh:divider|alt_u_div_g7f:divider|StageOut[36]~215                     ; |lab31119|ALU_LAB3:inst10|chufa:inst7|DIV2:inst1|lpm_divide:LPM_DIVIDE_component|lpm_divide_c0q:auto_generated|sign_div_unsign_ulh:divider|alt_u_div_g7f:divider|StageOut[36]~215                     ; out0             ;
; |lab31119|ALU_LAB3:inst10|chufa:inst7|DIV2:inst1|lpm_divide:LPM_DIVIDE_component|lpm_divide_c0q:auto_generated|sign_div_unsign_ulh:divider|alt_u_div_g7f:divider|StageOut[40]                         ; |lab31119|ALU_LAB3:inst10|chufa:inst7|DIV2:inst1|lpm_divide:LPM_DIVIDE_component|lpm_divide_c0q:auto_generated|sign_div_unsign_ulh:divider|alt_u_div_g7f:divider|StageOut[40]                         ; out0             ;
; |lab31119|ALU_LAB3:inst10|chufa:inst7|DIV2:inst1|lpm_divide:LPM_DIVIDE_component|lpm_divide_c0q:auto_generated|sign_div_unsign_ulh:divider|alt_u_div_g7f:divider|StageOut[39]                         ; |lab31119|ALU_LAB3:inst10|chufa:inst7|DIV2:inst1|lpm_divide:LPM_DIVIDE_component|lpm_divide_c0q:auto_generated|sign_div_unsign_ulh:divider|alt_u_div_g7f:divider|StageOut[39]                         ; out0             ;
; |lab31119|ALU_LAB3:inst10|chufa:inst7|DIV2:inst1|lpm_divide:LPM_DIVIDE_component|lpm_divide_c0q:auto_generated|sign_div_unsign_ulh:divider|alt_u_div_g7f:divider|StageOut[38]                         ; |lab31119|ALU_LAB3:inst10|chufa:inst7|DIV2:inst1|lpm_divide:LPM_DIVIDE_component|lpm_divide_c0q:auto_generated|sign_div_unsign_ulh:divider|alt_u_div_g7f:divider|StageOut[38]                         ; out0             ;
; |lab31119|ALU_LAB3:inst10|chufa:inst7|DIV2:inst1|lpm_divide:LPM_DIVIDE_component|lpm_divide_c0q:auto_generated|sign_div_unsign_ulh:divider|alt_u_div_g7f:divider|StageOut[37]                         ; |lab31119|ALU_LAB3:inst10|chufa:inst7|DIV2:inst1|lpm_divide:LPM_DIVIDE_component|lpm_divide_c0q:auto_generated|sign_div_unsign_ulh:divider|alt_u_div_g7f:divider|StageOut[37]                         ; out0             ;
; |lab31119|ALU_LAB3:inst10|chufa:inst7|DIV2:inst1|lpm_divide:LPM_DIVIDE_component|lpm_divide_c0q:auto_generated|sign_div_unsign_ulh:divider|alt_u_div_g7f:divider|StageOut[36]                         ; |lab31119|ALU_LAB3:inst10|chufa:inst7|DIV2:inst1|lpm_divide:LPM_DIVIDE_component|lpm_divide_c0q:auto_generated|sign_div_unsign_ulh:divider|alt_u_div_g7f:divider|StageOut[36]                         ; out0             ;
; |lab31119|ALU_LAB3:inst10|chufa:inst7|DIV2:inst1|lpm_divide:LPM_DIVIDE_component|lpm_divide_c0q:auto_generated|sign_div_unsign_ulh:divider|alt_u_div_g7f:divider|StageOut[30]~221                     ; |lab31119|ALU_LAB3:inst10|chufa:inst7|DIV2:inst1|lpm_divide:LPM_DIVIDE_component|lpm_divide_c0q:auto_generated|sign_div_unsign_ulh:divider|alt_u_div_g7f:divider|StageOut[30]~221                     ; out0             ;
; |lab31119|ALU_LAB3:inst10|chufa:inst7|DIV2:inst1|lpm_divide:LPM_DIVIDE_component|lpm_divide_c0q:auto_generated|sign_div_unsign_ulh:divider|alt_u_div_g7f:divider|StageOut[29]~222                     ; |lab31119|ALU_LAB3:inst10|chufa:inst7|DIV2:inst1|lpm_divide:LPM_DIVIDE_component|lpm_divide_c0q:auto_generated|sign_div_unsign_ulh:divider|alt_u_div_g7f:divider|StageOut[29]~222                     ; out0             ;
; |lab31119|ALU_LAB3:inst10|chufa:inst7|DIV2:inst1|lpm_divide:LPM_DIVIDE_component|lpm_divide_c0q:auto_generated|sign_div_unsign_ulh:divider|alt_u_div_g7f:divider|StageOut[28]~223                     ; |lab31119|ALU_LAB3:inst10|chufa:inst7|DIV2:inst1|lpm_divide:LPM_DIVIDE_component|lpm_divide_c0q:auto_generated|sign_div_unsign_ulh:divider|alt_u_div_g7f:divider|StageOut[28]~223                     ; out0             ;
; |lab31119|ALU_LAB3:inst10|chufa:inst7|DIV2:inst1|lpm_divide:LPM_DIVIDE_component|lpm_divide_c0q:auto_generated|sign_div_unsign_ulh:divider|alt_u_div_g7f:divider|StageOut[27]~224                     ; |lab31119|ALU_LAB3:inst10|chufa:inst7|DIV2:inst1|lpm_divide:LPM_DIVIDE_component|lpm_divide_c0q:auto_generated|sign_div_unsign_ulh:divider|alt_u_div_g7f:divider|StageOut[27]~224                     ; out0             ;
; |lab31119|ALU_LAB3:inst10|chufa:inst7|DIV2:inst1|lpm_divide:LPM_DIVIDE_component|lpm_divide_c0q:auto_generated|sign_div_unsign_ulh:divider|alt_u_div_g7f:divider|StageOut[30]~230                     ; |lab31119|ALU_LAB3:inst10|chufa:inst7|DIV2:inst1|lpm_divide:LPM_DIVIDE_component|lpm_divide_c0q:auto_generated|sign_div_unsign_ulh:divider|alt_u_div_g7f:divider|StageOut[30]~230                     ; out0             ;
; |lab31119|ALU_LAB3:inst10|chufa:inst7|DIV2:inst1|lpm_divide:LPM_DIVIDE_component|lpm_divide_c0q:auto_generated|sign_div_unsign_ulh:divider|alt_u_div_g7f:divider|StageOut[29]~231                     ; |lab31119|ALU_LAB3:inst10|chufa:inst7|DIV2:inst1|lpm_divide:LPM_DIVIDE_component|lpm_divide_c0q:auto_generated|sign_div_unsign_ulh:divider|alt_u_div_g7f:divider|StageOut[29]~231                     ; out0             ;
; |lab31119|ALU_LAB3:inst10|chufa:inst7|DIV2:inst1|lpm_divide:LPM_DIVIDE_component|lpm_divide_c0q:auto_generated|sign_div_unsign_ulh:divider|alt_u_div_g7f:divider|StageOut[28]~232                     ; |lab31119|ALU_LAB3:inst10|chufa:inst7|DIV2:inst1|lpm_divide:LPM_DIVIDE_component|lpm_divide_c0q:auto_generated|sign_div_unsign_ulh:divider|alt_u_div_g7f:divider|StageOut[28]~232                     ; out0             ;
; |lab31119|ALU_LAB3:inst10|chufa:inst7|DIV2:inst1|lpm_divide:LPM_DIVIDE_component|lpm_divide_c0q:auto_generated|sign_div_unsign_ulh:divider|alt_u_div_g7f:divider|StageOut[27]~233                     ; |lab31119|ALU_LAB3:inst10|chufa:inst7|DIV2:inst1|lpm_divide:LPM_DIVIDE_component|lpm_divide_c0q:auto_generated|sign_div_unsign_ulh:divider|alt_u_div_g7f:divider|StageOut[27]~233                     ; out0             ;
; |lab31119|ALU_LAB3:inst10|chufa:inst7|DIV2:inst1|lpm_divide:LPM_DIVIDE_component|lpm_divide_c0q:auto_generated|sign_div_unsign_ulh:divider|alt_u_div_g7f:divider|StageOut[30]                         ; |lab31119|ALU_LAB3:inst10|chufa:inst7|DIV2:inst1|lpm_divide:LPM_DIVIDE_component|lpm_divide_c0q:auto_generated|sign_div_unsign_ulh:divider|alt_u_div_g7f:divider|StageOut[30]                         ; out0             ;
; |lab31119|ALU_LAB3:inst10|chufa:inst7|DIV2:inst1|lpm_divide:LPM_DIVIDE_component|lpm_divide_c0q:auto_generated|sign_div_unsign_ulh:divider|alt_u_div_g7f:divider|StageOut[29]                         ; |lab31119|ALU_LAB3:inst10|chufa:inst7|DIV2:inst1|lpm_divide:LPM_DIVIDE_component|lpm_divide_c0q:auto_generated|sign_div_unsign_ulh:divider|alt_u_div_g7f:divider|StageOut[29]                         ; out0             ;
; |lab31119|ALU_LAB3:inst10|chufa:inst7|DIV2:inst1|lpm_divide:LPM_DIVIDE_component|lpm_divide_c0q:auto_generated|sign_div_unsign_ulh:divider|alt_u_div_g7f:divider|StageOut[28]                         ; |lab31119|ALU_LAB3:inst10|chufa:inst7|DIV2:inst1|lpm_divide:LPM_DIVIDE_component|lpm_divide_c0q:auto_generated|sign_div_unsign_ulh:divider|alt_u_div_g7f:divider|StageOut[28]                         ; out0             ;
; |lab31119|ALU_LAB3:inst10|chufa:inst7|DIV2:inst1|lpm_divide:LPM_DIVIDE_component|lpm_divide_c0q:auto_generated|sign_div_unsign_ulh:divider|alt_u_div_g7f:divider|StageOut[27]                         ; |lab31119|ALU_LAB3:inst10|chufa:inst7|DIV2:inst1|lpm_divide:LPM_DIVIDE_component|lpm_divide_c0q:auto_generated|sign_div_unsign_ulh:divider|alt_u_div_g7f:divider|StageOut[27]                         ; out0             ;
; |lab31119|ALU_LAB3:inst10|chufa:inst7|DIV2:inst1|lpm_divide:LPM_DIVIDE_component|lpm_divide_c0q:auto_generated|sign_div_unsign_ulh:divider|alt_u_div_g7f:divider|StageOut[20]~240                     ; |lab31119|ALU_LAB3:inst10|chufa:inst7|DIV2:inst1|lpm_divide:LPM_DIVIDE_component|lpm_divide_c0q:auto_generated|sign_div_unsign_ulh:divider|alt_u_div_g7f:divider|StageOut[20]~240                     ; out0             ;
; |lab31119|ALU_LAB3:inst10|chufa:inst7|DIV2:inst1|lpm_divide:LPM_DIVIDE_component|lpm_divide_c0q:auto_generated|sign_div_unsign_ulh:divider|alt_u_div_g7f:divider|StageOut[19]~241                     ; |lab31119|ALU_LAB3:inst10|chufa:inst7|DIV2:inst1|lpm_divide:LPM_DIVIDE_component|lpm_divide_c0q:auto_generated|sign_div_unsign_ulh:divider|alt_u_div_g7f:divider|StageOut[19]~241                     ; out0             ;
; |lab31119|ALU_LAB3:inst10|chufa:inst7|DIV2:inst1|lpm_divide:LPM_DIVIDE_component|lpm_divide_c0q:auto_generated|sign_div_unsign_ulh:divider|alt_u_div_g7f:divider|StageOut[18]~242                     ; |lab31119|ALU_LAB3:inst10|chufa:inst7|DIV2:inst1|lpm_divide:LPM_DIVIDE_component|lpm_divide_c0q:auto_generated|sign_div_unsign_ulh:divider|alt_u_div_g7f:divider|StageOut[18]~242                     ; out0             ;
; |lab31119|ALU_LAB3:inst10|chufa:inst7|DIV2:inst1|lpm_divide:LPM_DIVIDE_component|lpm_divide_c0q:auto_generated|sign_div_unsign_ulh:divider|alt_u_div_g7f:divider|StageOut[20]~249                     ; |lab31119|ALU_LAB3:inst10|chufa:inst7|DIV2:inst1|lpm_divide:LPM_DIVIDE_component|lpm_divide_c0q:auto_generated|sign_div_unsign_ulh:divider|alt_u_div_g7f:divider|StageOut[20]~249                     ; out0             ;
; |lab31119|ALU_LAB3:inst10|chufa:inst7|DIV2:inst1|lpm_divide:LPM_DIVIDE_component|lpm_divide_c0q:auto_generated|sign_div_unsign_ulh:divider|alt_u_div_g7f:divider|StageOut[19]~250                     ; |lab31119|ALU_LAB3:inst10|chufa:inst7|DIV2:inst1|lpm_divide:LPM_DIVIDE_component|lpm_divide_c0q:auto_generated|sign_div_unsign_ulh:divider|alt_u_div_g7f:divider|StageOut[19]~250                     ; out0             ;
; |lab31119|ALU_LAB3:inst10|chufa:inst7|DIV2:inst1|lpm_divide:LPM_DIVIDE_component|lpm_divide_c0q:auto_generated|sign_div_unsign_ulh:divider|alt_u_div_g7f:divider|StageOut[18]~251                     ; |lab31119|ALU_LAB3:inst10|chufa:inst7|DIV2:inst1|lpm_divide:LPM_DIVIDE_component|lpm_divide_c0q:auto_generated|sign_div_unsign_ulh:divider|alt_u_div_g7f:divider|StageOut[18]~251                     ; out0             ;
; |lab31119|ALU_LAB3:inst10|chufa:inst7|DIV2:inst1|lpm_divide:LPM_DIVIDE_component|lpm_divide_c0q:auto_generated|sign_div_unsign_ulh:divider|alt_u_div_g7f:divider|StageOut[20]                         ; |lab31119|ALU_LAB3:inst10|chufa:inst7|DIV2:inst1|lpm_divide:LPM_DIVIDE_component|lpm_divide_c0q:auto_generated|sign_div_unsign_ulh:divider|alt_u_div_g7f:divider|StageOut[20]                         ; out0             ;
; |lab31119|ALU_LAB3:inst10|chufa:inst7|DIV2:inst1|lpm_divide:LPM_DIVIDE_component|lpm_divide_c0q:auto_generated|sign_div_unsign_ulh:divider|alt_u_div_g7f:divider|StageOut[19]                         ; |lab31119|ALU_LAB3:inst10|chufa:inst7|DIV2:inst1|lpm_divide:LPM_DIVIDE_component|lpm_divide_c0q:auto_generated|sign_div_unsign_ulh:divider|alt_u_div_g7f:divider|StageOut[19]                         ; out0             ;
; |lab31119|ALU_LAB3:inst10|chufa:inst7|DIV2:inst1|lpm_divide:LPM_DIVIDE_component|lpm_divide_c0q:auto_generated|sign_div_unsign_ulh:divider|alt_u_div_g7f:divider|StageOut[18]                         ; |lab31119|ALU_LAB3:inst10|chufa:inst7|DIV2:inst1|lpm_divide:LPM_DIVIDE_component|lpm_divide_c0q:auto_generated|sign_div_unsign_ulh:divider|alt_u_div_g7f:divider|StageOut[18]                         ; out0             ;
; |lab31119|ALU_LAB3:inst10|chufa:inst7|DIV2:inst1|lpm_divide:LPM_DIVIDE_component|lpm_divide_c0q:auto_generated|sign_div_unsign_ulh:divider|alt_u_div_g7f:divider|StageOut[10]~259                     ; |lab31119|ALU_LAB3:inst10|chufa:inst7|DIV2:inst1|lpm_divide:LPM_DIVIDE_component|lpm_divide_c0q:auto_generated|sign_div_unsign_ulh:divider|alt_u_div_g7f:divider|StageOut[10]~259                     ; out0             ;
; |lab31119|ALU_LAB3:inst10|chufa:inst7|DIV2:inst1|lpm_divide:LPM_DIVIDE_component|lpm_divide_c0q:auto_generated|sign_div_unsign_ulh:divider|alt_u_div_g7f:divider|StageOut[9]~260                      ; |lab31119|ALU_LAB3:inst10|chufa:inst7|DIV2:inst1|lpm_divide:LPM_DIVIDE_component|lpm_divide_c0q:auto_generated|sign_div_unsign_ulh:divider|alt_u_div_g7f:divider|StageOut[9]~260                      ; out0             ;
; |lab31119|ALU_LAB3:inst10|chufa:inst7|DIV2:inst1|lpm_divide:LPM_DIVIDE_component|lpm_divide_c0q:auto_generated|sign_div_unsign_ulh:divider|alt_u_div_g7f:divider|StageOut[10]~268                     ; |lab31119|ALU_LAB3:inst10|chufa:inst7|DIV2:inst1|lpm_divide:LPM_DIVIDE_component|lpm_divide_c0q:auto_generated|sign_div_unsign_ulh:divider|alt_u_div_g7f:divider|StageOut[10]~268                     ; out0             ;
; |lab31119|ALU_LAB3:inst10|chufa:inst7|DIV2:inst1|lpm_divide:LPM_DIVIDE_component|lpm_divide_c0q:auto_generated|sign_div_unsign_ulh:divider|alt_u_div_g7f:divider|StageOut[9]~269                      ; |lab31119|ALU_LAB3:inst10|chufa:inst7|DIV2:inst1|lpm_divide:LPM_DIVIDE_component|lpm_divide_c0q:auto_generated|sign_div_unsign_ulh:divider|alt_u_div_g7f:divider|StageOut[9]~269                      ; out0             ;
; |lab31119|ALU_LAB3:inst10|chufa:inst7|DIV2:inst1|lpm_divide:LPM_DIVIDE_component|lpm_divide_c0q:auto_generated|sign_div_unsign_ulh:divider|alt_u_div_g7f:divider|StageOut[10]                         ; |lab31119|ALU_LAB3:inst10|chufa:inst7|DIV2:inst1|lpm_divide:LPM_DIVIDE_component|lpm_divide_c0q:auto_generated|sign_div_unsign_ulh:divider|alt_u_div_g7f:divider|StageOut[10]                         ; out0             ;
; |lab31119|ALU_LAB3:inst10|chufa:inst7|DIV2:inst1|lpm_divide:LPM_DIVIDE_component|lpm_divide_c0q:auto_generated|sign_div_unsign_ulh:divider|alt_u_div_g7f:divider|StageOut[9]                          ; |lab31119|ALU_LAB3:inst10|chufa:inst7|DIV2:inst1|lpm_divide:LPM_DIVIDE_component|lpm_divide_c0q:auto_generated|sign_div_unsign_ulh:divider|alt_u_div_g7f:divider|StageOut[9]                          ; out0             ;
; |lab31119|ALU_LAB3:inst10|chufa:inst7|DIV2:inst1|lpm_divide:LPM_DIVIDE_component|lpm_divide_c0q:auto_generated|sign_div_unsign_ulh:divider|alt_u_div_g7f:divider|StageOut[0]~278                      ; |lab31119|ALU_LAB3:inst10|chufa:inst7|DIV2:inst1|lpm_divide:LPM_DIVIDE_component|lpm_divide_c0q:auto_generated|sign_div_unsign_ulh:divider|alt_u_div_g7f:divider|StageOut[0]~278                      ; out0             ;
; |lab31119|ALU_LAB3:inst10|chufa:inst7|DIV2:inst1|lpm_divide:LPM_DIVIDE_component|lpm_divide_c0q:auto_generated|sign_div_unsign_ulh:divider|alt_u_div_g7f:divider|StageOut[0]~287                      ; |lab31119|ALU_LAB3:inst10|chufa:inst7|DIV2:inst1|lpm_divide:LPM_DIVIDE_component|lpm_divide_c0q:auto_generated|sign_div_unsign_ulh:divider|alt_u_div_g7f:divider|StageOut[0]~287                      ; out0             ;
; |lab31119|ALU_LAB3:inst10|chufa:inst7|DIV2:inst1|lpm_divide:LPM_DIVIDE_component|lpm_divide_c0q:auto_generated|sign_div_unsign_ulh:divider|alt_u_div_g7f:divider|StageOut[0]                          ; |lab31119|ALU_LAB3:inst10|chufa:inst7|DIV2:inst1|lpm_divide:LPM_DIVIDE_component|lpm_divide_c0q:auto_generated|sign_div_unsign_ulh:divider|alt_u_div_g7f:divider|StageOut[0]                          ; out0             ;
; |lab31119|ALU_LAB3:inst10|chufa:inst7|DIV2:inst1|lpm_divide:LPM_DIVIDE_component|lpm_divide_c0q:auto_generated|sign_div_unsign_ulh:divider|alt_u_div_g7f:divider|add_sub_8pc:add_sub_1|carry_eqn[1]~0 ; |lab31119|ALU_LAB3:inst10|chufa:inst7|DIV2:inst1|lpm_divide:LPM_DIVIDE_component|lpm_divide_c0q:auto_generated|sign_div_unsign_ulh:divider|alt_u_div_g7f:divider|add_sub_8pc:add_sub_1|carry_eqn[1]~0 ; out0             ;
; |lab31119|ALU_LAB3:inst10|chufa:inst7|DIV2:inst1|lpm_divide:LPM_DIVIDE_component|lpm_divide_c0q:auto_generated|sign_div_unsign_ulh:divider|alt_u_div_g7f:divider|add_sub_8pc:add_sub_1|_~0            ; |lab31119|ALU_LAB3:inst10|chufa:inst7|DIV2:inst1|lpm_divide:LPM_DIVIDE_component|lpm_divide_c0q:auto_generated|sign_div_unsign_ulh:divider|alt_u_div_g7f:divider|add_sub_8pc:add_sub_1|_~0            ; out0             ;
; |lab31119|ALU_LAB3:inst10|chufa:inst7|DIV2:inst1|lpm_divide:LPM_DIVIDE_component|lpm_divide_c0q:auto_generated|sign_div_unsign_ulh:divider|alt_u_div_g7f:divider|add_sub_8pc:add_sub_1|carry_eqn[1]~1 ; |lab31119|ALU_LAB3:inst10|chufa:inst7|DIV2:inst1|lpm_divide:LPM_DIVIDE_component|lpm_divide_c0q:auto_generated|sign_div_unsign_ulh:divider|alt_u_div_g7f:divider|add_sub_8pc:add_sub_1|carry_eqn[1]~1 ; out0             ;
; |lab31119|ALU_LAB3:inst10|chufa:inst7|DIV2:inst1|lpm_divide:LPM_DIVIDE_component|lpm_divide_c0q:auto_generated|sign_div_unsign_ulh:divider|alt_u_div_g7f:divider|add_sub_8pc:add_sub_1|carry_eqn[1]   ; |lab31119|ALU_LAB3:inst10|chufa:inst7|DIV2:inst1|lpm_divide:LPM_DIVIDE_component|lpm_divide_c0q:auto_generated|sign_div_unsign_ulh:divider|alt_u_div_g7f:divider|add_sub_8pc:add_sub_1|carry_eqn[1]   ; out0             ;
; |lab31119|ALU_LAB3:inst10|chufa:inst7|DIV2:inst1|lpm_divide:LPM_DIVIDE_component|lpm_divide_c0q:auto_generated|sign_div_unsign_ulh:divider|alt_u_div_g7f:divider|add_sub_8pc:add_sub_1|carry_eqn[0]~2 ; |lab31119|ALU_LAB3:inst10|chufa:inst7|DIV2:inst1|lpm_divide:LPM_DIVIDE_component|lpm_divide_c0q:auto_generated|sign_div_unsign_ulh:divider|alt_u_div_g7f:divider|add_sub_8pc:add_sub_1|carry_eqn[0]~2 ; out0             ;
; |lab31119|ALU_LAB3:inst10|chufa:inst7|DIV2:inst1|lpm_divide:LPM_DIVIDE_component|lpm_divide_c0q:auto_generated|sign_div_unsign_ulh:divider|alt_u_div_g7f:divider|add_sub_8pc:add_sub_1|_~1            ; |lab31119|ALU_LAB3:inst10|chufa:inst7|DIV2:inst1|lpm_divide:LPM_DIVIDE_component|lpm_divide_c0q:auto_generated|sign_div_unsign_ulh:divider|alt_u_div_g7f:divider|add_sub_8pc:add_sub_1|_~1            ; out0             ;
; |lab31119|ALU_LAB3:inst10|chufa:inst7|DIV2:inst1|lpm_divide:LPM_DIVIDE_component|lpm_divide_c0q:auto_generated|sign_div_unsign_ulh:divider|alt_u_div_g7f:divider|add_sub_8pc:add_sub_1|carry_eqn[0]   ; |lab31119|ALU_LAB3:inst10|chufa:inst7|DIV2:inst1|lpm_divide:LPM_DIVIDE_component|lpm_divide_c0q:auto_generated|sign_div_unsign_ulh:divider|alt_u_div_g7f:divider|add_sub_8pc:add_sub_1|carry_eqn[0]   ; out0             ;
; |lab31119|ALU_LAB3:inst10|chufa:inst7|DIV2:inst1|lpm_divide:LPM_DIVIDE_component|lpm_divide_c0q:auto_generated|sign_div_unsign_ulh:divider|alt_u_div_g7f:divider|add_sub_8pc:add_sub_1|sum_eqn[1]~0   ; |lab31119|ALU_LAB3:inst10|chufa:inst7|DIV2:inst1|lpm_divide:LPM_DIVIDE_component|lpm_divide_c0q:auto_generated|sign_div_unsign_ulh:divider|alt_u_div_g7f:divider|add_sub_8pc:add_sub_1|sum_eqn[1]~0   ; out0             ;
; |lab31119|ALU_LAB3:inst10|chufa:inst7|DIV2:inst1|lpm_divide:LPM_DIVIDE_component|lpm_divide_c0q:auto_generated|sign_div_unsign_ulh:divider|alt_u_div_g7f:divider|add_sub_8pc:add_sub_1|sum_eqn[1]     ; |lab31119|ALU_LAB3:inst10|chufa:inst7|DIV2:inst1|lpm_divide:LPM_DIVIDE_component|lpm_divide_c0q:auto_generated|sign_div_unsign_ulh:divider|alt_u_div_g7f:divider|add_sub_8pc:add_sub_1|sum_eqn[1]     ; out0             ;
; |lab31119|ALU_LAB3:inst10|chufa:inst7|DIV2:inst1|lpm_divide:LPM_DIVIDE_component|lpm_divide_c0q:auto_generated|sign_div_unsign_ulh:divider|alt_u_div_g7f:divider|add_sub_8pc:add_sub_1|sum_eqn[0]~1   ; |lab31119|ALU_LAB3:inst10|chufa:inst7|DIV2:inst1|lpm_divide:LPM_DIVIDE_component|lpm_divide_c0q:auto_generated|sign_div_unsign_ulh:divider|alt_u_div_g7f:divider|add_sub_8pc:add_sub_1|sum_eqn[0]~1   ; out0             ;
; |lab31119|ALU_LAB3:inst10|chufa:inst7|DIV2:inst1|lpm_divide:LPM_DIVIDE_component|lpm_divide_c0q:auto_generated|sign_div_unsign_ulh:divider|alt_u_div_g7f:divider|add_sub_7pc:add_sub_0|carry_eqn[0]~0 ; |lab31119|ALU_LAB3:inst10|chufa:inst7|DIV2:inst1|lpm_divide:LPM_DIVIDE_component|lpm_divide_c0q:auto_generated|sign_div_unsign_ulh:divider|alt_u_div_g7f:divider|add_sub_7pc:add_sub_0|carry_eqn[0]~0 ; out0             ;
; |lab31119|ALU_LAB3:inst10|chufa:inst7|DIV2:inst1|lpm_divide:LPM_DIVIDE_component|lpm_divide_c0q:auto_generated|sign_div_unsign_ulh:divider|alt_u_div_g7f:divider|add_sub_7pc:add_sub_0|_~0            ; |lab31119|ALU_LAB3:inst10|chufa:inst7|DIV2:inst1|lpm_divide:LPM_DIVIDE_component|lpm_divide_c0q:auto_generated|sign_div_unsign_ulh:divider|alt_u_div_g7f:divider|add_sub_7pc:add_sub_0|_~0            ; out0             ;
; |lab31119|ALU_LAB3:inst10|chufa:inst7|DIV2:inst1|lpm_divide:LPM_DIVIDE_component|lpm_divide_c0q:auto_generated|sign_div_unsign_ulh:divider|alt_u_div_g7f:divider|add_sub_7pc:add_sub_0|carry_eqn[0]   ; |lab31119|ALU_LAB3:inst10|chufa:inst7|DIV2:inst1|lpm_divide:LPM_DIVIDE_component|lpm_divide_c0q:auto_generated|sign_div_unsign_ulh:divider|alt_u_div_g7f:divider|add_sub_7pc:add_sub_0|carry_eqn[0]   ; out0             ;
; |lab31119|ALU_LAB3:inst10|chufa:inst7|DIV2:inst1|lpm_divide:LPM_DIVIDE_component|lpm_divide_c0q:auto_generated|sign_div_unsign_ulh:divider|alt_u_div_g7f:divider|add_sub_7pc:add_sub_0|sum_eqn[0]~0   ; |lab31119|ALU_LAB3:inst10|chufa:inst7|DIV2:inst1|lpm_divide:LPM_DIVIDE_component|lpm_divide_c0q:auto_generated|sign_div_unsign_ulh:divider|alt_u_div_g7f:divider|add_sub_7pc:add_sub_0|sum_eqn[0]~0   ; out0             ;
; |lab31119|ALU_LAB3:inst10|METRIX:mul_lab3|cell:inst63|inst1                                                                                                                                           ; |lab31119|ALU_LAB3:inst10|METRIX:mul_lab3|cell:inst63|inst1                                                                                                                                           ; out0             ;
; |lab31119|ALU_LAB3:inst10|METRIX:mul_lab3|cell:inst63|FA:inst|7482:inst|8                                                                                                                             ; |lab31119|ALU_LAB3:inst10|METRIX:mul_lab3|cell:inst63|FA:inst|7482:inst|8                                                                                                                             ; out0             ;
; |lab31119|ALU_LAB3:inst10|METRIX:mul_lab3|cell:inst63|FA:inst|7482:inst|3                                                                                                                             ; |lab31119|ALU_LAB3:inst10|METRIX:mul_lab3|cell:inst63|FA:inst|7482:inst|3                                                                                                                             ; out0             ;
; |lab31119|ALU_LAB3:inst10|METRIX:mul_lab3|cell:inst63|FA:inst|7482:inst|27                                                                                                                            ; |lab31119|ALU_LAB3:inst10|METRIX:mul_lab3|cell:inst63|FA:inst|7482:inst|27                                                                                                                            ; out0             ;
; |lab31119|ALU_LAB3:inst10|METRIX:mul_lab3|cell:inst63|FA:inst|7482:inst|25                                                                                                                            ; |lab31119|ALU_LAB3:inst10|METRIX:mul_lab3|cell:inst63|FA:inst|7482:inst|25                                                                                                                            ; out0             ;
; |lab31119|ALU_LAB3:inst10|METRIX:mul_lab3|cell:inst55|inst1                                                                                                                                           ; |lab31119|ALU_LAB3:inst10|METRIX:mul_lab3|cell:inst55|inst1                                                                                                                                           ; out0             ;
; |lab31119|ALU_LAB3:inst10|METRIX:mul_lab3|cell:inst55|FA:inst|7482:inst|8                                                                                                                             ; |lab31119|ALU_LAB3:inst10|METRIX:mul_lab3|cell:inst55|FA:inst|7482:inst|8                                                                                                                             ; out0             ;
; |lab31119|ALU_LAB3:inst10|METRIX:mul_lab3|cell:inst55|FA:inst|7482:inst|3                                                                                                                             ; |lab31119|ALU_LAB3:inst10|METRIX:mul_lab3|cell:inst55|FA:inst|7482:inst|3                                                                                                                             ; out0             ;
; |lab31119|ALU_LAB3:inst10|METRIX:mul_lab3|cell:inst55|FA:inst|7482:inst|27                                                                                                                            ; |lab31119|ALU_LAB3:inst10|METRIX:mul_lab3|cell:inst55|FA:inst|7482:inst|27                                                                                                                            ; out0             ;
; |lab31119|ALU_LAB3:inst10|METRIX:mul_lab3|cell:inst55|FA:inst|7482:inst|25                                                                                                                            ; |lab31119|ALU_LAB3:inst10|METRIX:mul_lab3|cell:inst55|FA:inst|7482:inst|25                                                                                                                            ; out0             ;
; |lab31119|ALU_LAB3:inst10|METRIX:mul_lab3|cell:inst62|inst1                                                                                                                                           ; |lab31119|ALU_LAB3:inst10|METRIX:mul_lab3|cell:inst62|inst1                                                                                                                                           ; out0             ;
; |lab31119|ALU_LAB3:inst10|METRIX:mul_lab3|cell:inst62|FA:inst|7482:inst|8                                                                                                                             ; |lab31119|ALU_LAB3:inst10|METRIX:mul_lab3|cell:inst62|FA:inst|7482:inst|8                                                                                                                             ; out0             ;
; |lab31119|ALU_LAB3:inst10|METRIX:mul_lab3|cell:inst62|FA:inst|7482:inst|3                                                                                                                             ; |lab31119|ALU_LAB3:inst10|METRIX:mul_lab3|cell:inst62|FA:inst|7482:inst|3                                                                                                                             ; out0             ;
; |lab31119|ALU_LAB3:inst10|METRIX:mul_lab3|cell:inst62|FA:inst|7482:inst|27                                                                                                                            ; |lab31119|ALU_LAB3:inst10|METRIX:mul_lab3|cell:inst62|FA:inst|7482:inst|27                                                                                                                            ; out0             ;
; |lab31119|ALU_LAB3:inst10|METRIX:mul_lab3|cell:inst62|FA:inst|7482:inst|25                                                                                                                            ; |lab31119|ALU_LAB3:inst10|METRIX:mul_lab3|cell:inst62|FA:inst|7482:inst|25                                                                                                                            ; out0             ;
; |lab31119|ALU_LAB3:inst10|METRIX:mul_lab3|cell:inst62|FA:inst|7482:inst|17                                                                                                                            ; |lab31119|ALU_LAB3:inst10|METRIX:mul_lab3|cell:inst62|FA:inst|7482:inst|17                                                                                                                            ; out0             ;
; |lab31119|ALU_LAB3:inst10|METRIX:mul_lab3|cell:inst62|FA:inst|7482:inst|20                                                                                                                            ; |lab31119|ALU_LAB3:inst10|METRIX:mul_lab3|cell:inst62|FA:inst|7482:inst|20                                                                                                                            ; out0             ;
; |lab31119|ALU_LAB3:inst10|METRIX:mul_lab3|cell:inst47|inst1                                                                                                                                           ; |lab31119|ALU_LAB3:inst10|METRIX:mul_lab3|cell:inst47|inst1                                                                                                                                           ; out0             ;
; |lab31119|ALU_LAB3:inst10|METRIX:mul_lab3|cell:inst47|FA:inst|7482:inst|8                                                                                                                             ; |lab31119|ALU_LAB3:inst10|METRIX:mul_lab3|cell:inst47|FA:inst|7482:inst|8                                                                                                                             ; out0             ;
; |lab31119|ALU_LAB3:inst10|METRIX:mul_lab3|cell:inst47|FA:inst|7482:inst|3                                                                                                                             ; |lab31119|ALU_LAB3:inst10|METRIX:mul_lab3|cell:inst47|FA:inst|7482:inst|3                                                                                                                             ; out0             ;
; |lab31119|ALU_LAB3:inst10|METRIX:mul_lab3|cell:inst47|FA:inst|7482:inst|27                                                                                                                            ; |lab31119|ALU_LAB3:inst10|METRIX:mul_lab3|cell:inst47|FA:inst|7482:inst|27                                                                                                                            ; out0             ;
; |lab31119|ALU_LAB3:inst10|METRIX:mul_lab3|cell:inst47|FA:inst|7482:inst|25                                                                                                                            ; |lab31119|ALU_LAB3:inst10|METRIX:mul_lab3|cell:inst47|FA:inst|7482:inst|25                                                                                                                            ; out0             ;
; |lab31119|ALU_LAB3:inst10|METRIX:mul_lab3|cell:inst54|inst1                                                                                                                                           ; |lab31119|ALU_LAB3:inst10|METRIX:mul_lab3|cell:inst54|inst1                                                                                                                                           ; out0             ;
; |lab31119|ALU_LAB3:inst10|METRIX:mul_lab3|cell:inst54|FA:inst|7482:inst|8                                                                                                                             ; |lab31119|ALU_LAB3:inst10|METRIX:mul_lab3|cell:inst54|FA:inst|7482:inst|8                                                                                                                             ; out0             ;
; |lab31119|ALU_LAB3:inst10|METRIX:mul_lab3|cell:inst54|FA:inst|7482:inst|3                                                                                                                             ; |lab31119|ALU_LAB3:inst10|METRIX:mul_lab3|cell:inst54|FA:inst|7482:inst|3                                                                                                                             ; out0             ;
; |lab31119|ALU_LAB3:inst10|METRIX:mul_lab3|cell:inst54|FA:inst|7482:inst|27                                                                                                                            ; |lab31119|ALU_LAB3:inst10|METRIX:mul_lab3|cell:inst54|FA:inst|7482:inst|27                                                                                                                            ; out0             ;
; |lab31119|ALU_LAB3:inst10|METRIX:mul_lab3|cell:inst54|FA:inst|7482:inst|25                                                                                                                            ; |lab31119|ALU_LAB3:inst10|METRIX:mul_lab3|cell:inst54|FA:inst|7482:inst|25                                                                                                                            ; out0             ;
; |lab31119|ALU_LAB3:inst10|METRIX:mul_lab3|cell:inst54|FA:inst|7482:inst|17                                                                                                                            ; |lab31119|ALU_LAB3:inst10|METRIX:mul_lab3|cell:inst54|FA:inst|7482:inst|17                                                                                                                            ; out0             ;
; |lab31119|ALU_LAB3:inst10|METRIX:mul_lab3|cell:inst54|FA:inst|7482:inst|20                                                                                                                            ; |lab31119|ALU_LAB3:inst10|METRIX:mul_lab3|cell:inst54|FA:inst|7482:inst|20                                                                                                                            ; out0             ;
; |lab31119|ALU_LAB3:inst10|METRIX:mul_lab3|cell:inst61|inst1                                                                                                                                           ; |lab31119|ALU_LAB3:inst10|METRIX:mul_lab3|cell:inst61|inst1                                                                                                                                           ; out0             ;
; |lab31119|ALU_LAB3:inst10|METRIX:mul_lab3|cell:inst61|FA:inst|7482:inst|8                                                                                                                             ; |lab31119|ALU_LAB3:inst10|METRIX:mul_lab3|cell:inst61|FA:inst|7482:inst|8                                                                                                                             ; out0             ;
; |lab31119|ALU_LAB3:inst10|METRIX:mul_lab3|cell:inst61|FA:inst|7482:inst|3                                                                                                                             ; |lab31119|ALU_LAB3:inst10|METRIX:mul_lab3|cell:inst61|FA:inst|7482:inst|3                                                                                                                             ; out0             ;
; |lab31119|ALU_LAB3:inst10|METRIX:mul_lab3|cell:inst61|FA:inst|7482:inst|27                                                                                                                            ; |lab31119|ALU_LAB3:inst10|METRIX:mul_lab3|cell:inst61|FA:inst|7482:inst|27                                                                                                                            ; out0             ;
; |lab31119|ALU_LAB3:inst10|METRIX:mul_lab3|cell:inst61|FA:inst|7482:inst|25                                                                                                                            ; |lab31119|ALU_LAB3:inst10|METRIX:mul_lab3|cell:inst61|FA:inst|7482:inst|25                                                                                                                            ; out0             ;
; |lab31119|ALU_LAB3:inst10|METRIX:mul_lab3|cell:inst61|FA:inst|7482:inst|17                                                                                                                            ; |lab31119|ALU_LAB3:inst10|METRIX:mul_lab3|cell:inst61|FA:inst|7482:inst|17                                                                                                                            ; out0             ;
; |lab31119|ALU_LAB3:inst10|METRIX:mul_lab3|cell:inst61|FA:inst|7482:inst|20                                                                                                                            ; |lab31119|ALU_LAB3:inst10|METRIX:mul_lab3|cell:inst61|FA:inst|7482:inst|20                                                                                                                            ; out0             ;
; |lab31119|ALU_LAB3:inst10|METRIX:mul_lab3|cell:inst39|inst1                                                                                                                                           ; |lab31119|ALU_LAB3:inst10|METRIX:mul_lab3|cell:inst39|inst1                                                                                                                                           ; out0             ;
; |lab31119|ALU_LAB3:inst10|METRIX:mul_lab3|cell:inst39|FA:inst|7482:inst|8                                                                                                                             ; |lab31119|ALU_LAB3:inst10|METRIX:mul_lab3|cell:inst39|FA:inst|7482:inst|8                                                                                                                             ; out0             ;
; |lab31119|ALU_LAB3:inst10|METRIX:mul_lab3|cell:inst39|FA:inst|7482:inst|3                                                                                                                             ; |lab31119|ALU_LAB3:inst10|METRIX:mul_lab3|cell:inst39|FA:inst|7482:inst|3                                                                                                                             ; out0             ;
; |lab31119|ALU_LAB3:inst10|METRIX:mul_lab3|cell:inst39|FA:inst|7482:inst|27                                                                                                                            ; |lab31119|ALU_LAB3:inst10|METRIX:mul_lab3|cell:inst39|FA:inst|7482:inst|27                                                                                                                            ; out0             ;
; |lab31119|ALU_LAB3:inst10|METRIX:mul_lab3|cell:inst39|FA:inst|7482:inst|25                                                                                                                            ; |lab31119|ALU_LAB3:inst10|METRIX:mul_lab3|cell:inst39|FA:inst|7482:inst|25                                                                                                                            ; out0             ;
; |lab31119|ALU_LAB3:inst10|METRIX:mul_lab3|cell:inst46|inst1                                                                                                                                           ; |lab31119|ALU_LAB3:inst10|METRIX:mul_lab3|cell:inst46|inst1                                                                                                                                           ; out0             ;
; |lab31119|ALU_LAB3:inst10|METRIX:mul_lab3|cell:inst46|FA:inst|7482:inst|8                                                                                                                             ; |lab31119|ALU_LAB3:inst10|METRIX:mul_lab3|cell:inst46|FA:inst|7482:inst|8                                                                                                                             ; out0             ;
; |lab31119|ALU_LAB3:inst10|METRIX:mul_lab3|cell:inst46|FA:inst|7482:inst|3                                                                                                                             ; |lab31119|ALU_LAB3:inst10|METRIX:mul_lab3|cell:inst46|FA:inst|7482:inst|3                                                                                                                             ; out0             ;
; |lab31119|ALU_LAB3:inst10|METRIX:mul_lab3|cell:inst46|FA:inst|7482:inst|27                                                                                                                            ; |lab31119|ALU_LAB3:inst10|METRIX:mul_lab3|cell:inst46|FA:inst|7482:inst|27                                                                                                                            ; out0             ;
; |lab31119|ALU_LAB3:inst10|METRIX:mul_lab3|cell:inst46|FA:inst|7482:inst|25                                                                                                                            ; |lab31119|ALU_LAB3:inst10|METRIX:mul_lab3|cell:inst46|FA:inst|7482:inst|25                                                                                                                            ; out0             ;
; |lab31119|ALU_LAB3:inst10|METRIX:mul_lab3|cell:inst46|FA:inst|7482:inst|17                                                                                                                            ; |lab31119|ALU_LAB3:inst10|METRIX:mul_lab3|cell:inst46|FA:inst|7482:inst|17                                                                                                                            ; out0             ;
; |lab31119|ALU_LAB3:inst10|METRIX:mul_lab3|cell:inst46|FA:inst|7482:inst|20                                                                                                                            ; |lab31119|ALU_LAB3:inst10|METRIX:mul_lab3|cell:inst46|FA:inst|7482:inst|20                                                                                                                            ; out0             ;
; |lab31119|ALU_LAB3:inst10|METRIX:mul_lab3|cell:inst53|inst1                                                                                                                                           ; |lab31119|ALU_LAB3:inst10|METRIX:mul_lab3|cell:inst53|inst1                                                                                                                                           ; out0             ;
; |lab31119|ALU_LAB3:inst10|METRIX:mul_lab3|cell:inst53|FA:inst|7482:inst|8                                                                                                                             ; |lab31119|ALU_LAB3:inst10|METRIX:mul_lab3|cell:inst53|FA:inst|7482:inst|8                                                                                                                             ; out0             ;
; |lab31119|ALU_LAB3:inst10|METRIX:mul_lab3|cell:inst53|FA:inst|7482:inst|3                                                                                                                             ; |lab31119|ALU_LAB3:inst10|METRIX:mul_lab3|cell:inst53|FA:inst|7482:inst|3                                                                                                                             ; out0             ;
; |lab31119|ALU_LAB3:inst10|METRIX:mul_lab3|cell:inst53|FA:inst|7482:inst|27                                                                                                                            ; |lab31119|ALU_LAB3:inst10|METRIX:mul_lab3|cell:inst53|FA:inst|7482:inst|27                                                                                                                            ; out0             ;
; |lab31119|ALU_LAB3:inst10|METRIX:mul_lab3|cell:inst53|FA:inst|7482:inst|25                                                                                                                            ; |lab31119|ALU_LAB3:inst10|METRIX:mul_lab3|cell:inst53|FA:inst|7482:inst|25                                                                                                                            ; out0             ;
; |lab31119|ALU_LAB3:inst10|METRIX:mul_lab3|cell:inst53|FA:inst|7482:inst|17                                                                                                                            ; |lab31119|ALU_LAB3:inst10|METRIX:mul_lab3|cell:inst53|FA:inst|7482:inst|17                                                                                                                            ; out0             ;
; |lab31119|ALU_LAB3:inst10|METRIX:mul_lab3|cell:inst53|FA:inst|7482:inst|20                                                                                                                            ; |lab31119|ALU_LAB3:inst10|METRIX:mul_lab3|cell:inst53|FA:inst|7482:inst|20                                                                                                                            ; out0             ;
; |lab31119|ALU_LAB3:inst10|METRIX:mul_lab3|cell:inst60|inst1                                                                                                                                           ; |lab31119|ALU_LAB3:inst10|METRIX:mul_lab3|cell:inst60|inst1                                                                                                                                           ; out0             ;
; |lab31119|ALU_LAB3:inst10|METRIX:mul_lab3|cell:inst60|FA:inst|7482:inst|8                                                                                                                             ; |lab31119|ALU_LAB3:inst10|METRIX:mul_lab3|cell:inst60|FA:inst|7482:inst|8                                                                                                                             ; out0             ;
; |lab31119|ALU_LAB3:inst10|METRIX:mul_lab3|cell:inst60|FA:inst|7482:inst|3                                                                                                                             ; |lab31119|ALU_LAB3:inst10|METRIX:mul_lab3|cell:inst60|FA:inst|7482:inst|3                                                                                                                             ; out0             ;
; |lab31119|ALU_LAB3:inst10|METRIX:mul_lab3|cell:inst60|FA:inst|7482:inst|27                                                                                                                            ; |lab31119|ALU_LAB3:inst10|METRIX:mul_lab3|cell:inst60|FA:inst|7482:inst|27                                                                                                                            ; out0             ;
; |lab31119|ALU_LAB3:inst10|METRIX:mul_lab3|cell:inst60|FA:inst|7482:inst|25                                                                                                                            ; |lab31119|ALU_LAB3:inst10|METRIX:mul_lab3|cell:inst60|FA:inst|7482:inst|25                                                                                                                            ; out0             ;
; |lab31119|ALU_LAB3:inst10|METRIX:mul_lab3|cell:inst60|FA:inst|7482:inst|17                                                                                                                            ; |lab31119|ALU_LAB3:inst10|METRIX:mul_lab3|cell:inst60|FA:inst|7482:inst|17                                                                                                                            ; out0             ;
; |lab31119|ALU_LAB3:inst10|METRIX:mul_lab3|cell:inst60|FA:inst|7482:inst|20                                                                                                                            ; |lab31119|ALU_LAB3:inst10|METRIX:mul_lab3|cell:inst60|FA:inst|7482:inst|20                                                                                                                            ; out0             ;
; |lab31119|ALU_LAB3:inst10|METRIX:mul_lab3|cell:inst30|inst1                                                                                                                                           ; |lab31119|ALU_LAB3:inst10|METRIX:mul_lab3|cell:inst30|inst1                                                                                                                                           ; out0             ;
; |lab31119|ALU_LAB3:inst10|METRIX:mul_lab3|cell:inst30|FA:inst|7482:inst|8                                                                                                                             ; |lab31119|ALU_LAB3:inst10|METRIX:mul_lab3|cell:inst30|FA:inst|7482:inst|8                                                                                                                             ; out0             ;
; |lab31119|ALU_LAB3:inst10|METRIX:mul_lab3|cell:inst30|FA:inst|7482:inst|3                                                                                                                             ; |lab31119|ALU_LAB3:inst10|METRIX:mul_lab3|cell:inst30|FA:inst|7482:inst|3                                                                                                                             ; out0             ;
; |lab31119|ALU_LAB3:inst10|METRIX:mul_lab3|cell:inst30|FA:inst|7482:inst|27                                                                                                                            ; |lab31119|ALU_LAB3:inst10|METRIX:mul_lab3|cell:inst30|FA:inst|7482:inst|27                                                                                                                            ; out0             ;
; |lab31119|ALU_LAB3:inst10|METRIX:mul_lab3|cell:inst30|FA:inst|7482:inst|25                                                                                                                            ; |lab31119|ALU_LAB3:inst10|METRIX:mul_lab3|cell:inst30|FA:inst|7482:inst|25                                                                                                                            ; out0             ;
; |lab31119|ALU_LAB3:inst10|METRIX:mul_lab3|cell:inst38|inst1                                                                                                                                           ; |lab31119|ALU_LAB3:inst10|METRIX:mul_lab3|cell:inst38|inst1                                                                                                                                           ; out0             ;
; |lab31119|ALU_LAB3:inst10|METRIX:mul_lab3|cell:inst38|FA:inst|7482:inst|8                                                                                                                             ; |lab31119|ALU_LAB3:inst10|METRIX:mul_lab3|cell:inst38|FA:inst|7482:inst|8                                                                                                                             ; out0             ;
; |lab31119|ALU_LAB3:inst10|METRIX:mul_lab3|cell:inst38|FA:inst|7482:inst|3                                                                                                                             ; |lab31119|ALU_LAB3:inst10|METRIX:mul_lab3|cell:inst38|FA:inst|7482:inst|3                                                                                                                             ; out0             ;
; |lab31119|ALU_LAB3:inst10|METRIX:mul_lab3|cell:inst38|FA:inst|7482:inst|27                                                                                                                            ; |lab31119|ALU_LAB3:inst10|METRIX:mul_lab3|cell:inst38|FA:inst|7482:inst|27                                                                                                                            ; out0             ;
; |lab31119|ALU_LAB3:inst10|METRIX:mul_lab3|cell:inst38|FA:inst|7482:inst|25                                                                                                                            ; |lab31119|ALU_LAB3:inst10|METRIX:mul_lab3|cell:inst38|FA:inst|7482:inst|25                                                                                                                            ; out0             ;
; |lab31119|ALU_LAB3:inst10|METRIX:mul_lab3|cell:inst38|FA:inst|7482:inst|17                                                                                                                            ; |lab31119|ALU_LAB3:inst10|METRIX:mul_lab3|cell:inst38|FA:inst|7482:inst|17                                                                                                                            ; out0             ;
; |lab31119|ALU_LAB3:inst10|METRIX:mul_lab3|cell:inst38|FA:inst|7482:inst|20                                                                                                                            ; |lab31119|ALU_LAB3:inst10|METRIX:mul_lab3|cell:inst38|FA:inst|7482:inst|20                                                                                                                            ; out0             ;
; |lab31119|ALU_LAB3:inst10|METRIX:mul_lab3|cell:inst45|inst1                                                                                                                                           ; |lab31119|ALU_LAB3:inst10|METRIX:mul_lab3|cell:inst45|inst1                                                                                                                                           ; out0             ;
; |lab31119|ALU_LAB3:inst10|METRIX:mul_lab3|cell:inst45|FA:inst|7482:inst|8                                                                                                                             ; |lab31119|ALU_LAB3:inst10|METRIX:mul_lab3|cell:inst45|FA:inst|7482:inst|8                                                                                                                             ; out0             ;
; |lab31119|ALU_LAB3:inst10|METRIX:mul_lab3|cell:inst45|FA:inst|7482:inst|3                                                                                                                             ; |lab31119|ALU_LAB3:inst10|METRIX:mul_lab3|cell:inst45|FA:inst|7482:inst|3                                                                                                                             ; out0             ;
; |lab31119|ALU_LAB3:inst10|METRIX:mul_lab3|cell:inst45|FA:inst|7482:inst|27                                                                                                                            ; |lab31119|ALU_LAB3:inst10|METRIX:mul_lab3|cell:inst45|FA:inst|7482:inst|27                                                                                                                            ; out0             ;
; |lab31119|ALU_LAB3:inst10|METRIX:mul_lab3|cell:inst45|FA:inst|7482:inst|25                                                                                                                            ; |lab31119|ALU_LAB3:inst10|METRIX:mul_lab3|cell:inst45|FA:inst|7482:inst|25                                                                                                                            ; out0             ;
; |lab31119|ALU_LAB3:inst10|METRIX:mul_lab3|cell:inst45|FA:inst|7482:inst|17                                                                                                                            ; |lab31119|ALU_LAB3:inst10|METRIX:mul_lab3|cell:inst45|FA:inst|7482:inst|17                                                                                                                            ; out0             ;
; |lab31119|ALU_LAB3:inst10|METRIX:mul_lab3|cell:inst45|FA:inst|7482:inst|20                                                                                                                            ; |lab31119|ALU_LAB3:inst10|METRIX:mul_lab3|cell:inst45|FA:inst|7482:inst|20                                                                                                                            ; out0             ;
; |lab31119|ALU_LAB3:inst10|METRIX:mul_lab3|cell:inst52|inst1                                                                                                                                           ; |lab31119|ALU_LAB3:inst10|METRIX:mul_lab3|cell:inst52|inst1                                                                                                                                           ; out0             ;
; |lab31119|ALU_LAB3:inst10|METRIX:mul_lab3|cell:inst52|FA:inst|7482:inst|8                                                                                                                             ; |lab31119|ALU_LAB3:inst10|METRIX:mul_lab3|cell:inst52|FA:inst|7482:inst|8                                                                                                                             ; out0             ;
; |lab31119|ALU_LAB3:inst10|METRIX:mul_lab3|cell:inst52|FA:inst|7482:inst|3                                                                                                                             ; |lab31119|ALU_LAB3:inst10|METRIX:mul_lab3|cell:inst52|FA:inst|7482:inst|3                                                                                                                             ; out0             ;
; |lab31119|ALU_LAB3:inst10|METRIX:mul_lab3|cell:inst52|FA:inst|7482:inst|27                                                                                                                            ; |lab31119|ALU_LAB3:inst10|METRIX:mul_lab3|cell:inst52|FA:inst|7482:inst|27                                                                                                                            ; out0             ;
; |lab31119|ALU_LAB3:inst10|METRIX:mul_lab3|cell:inst52|FA:inst|7482:inst|25                                                                                                                            ; |lab31119|ALU_LAB3:inst10|METRIX:mul_lab3|cell:inst52|FA:inst|7482:inst|25                                                                                                                            ; out0             ;
; |lab31119|ALU_LAB3:inst10|METRIX:mul_lab3|cell:inst52|FA:inst|7482:inst|17                                                                                                                            ; |lab31119|ALU_LAB3:inst10|METRIX:mul_lab3|cell:inst52|FA:inst|7482:inst|17                                                                                                                            ; out0             ;
; |lab31119|ALU_LAB3:inst10|METRIX:mul_lab3|cell:inst52|FA:inst|7482:inst|20                                                                                                                            ; |lab31119|ALU_LAB3:inst10|METRIX:mul_lab3|cell:inst52|FA:inst|7482:inst|20                                                                                                                            ; out0             ;
; |lab31119|ALU_LAB3:inst10|METRIX:mul_lab3|cell:inst59|inst1                                                                                                                                           ; |lab31119|ALU_LAB3:inst10|METRIX:mul_lab3|cell:inst59|inst1                                                                                                                                           ; out0             ;
; |lab31119|ALU_LAB3:inst10|METRIX:mul_lab3|cell:inst59|FA:inst|7482:inst|8                                                                                                                             ; |lab31119|ALU_LAB3:inst10|METRIX:mul_lab3|cell:inst59|FA:inst|7482:inst|8                                                                                                                             ; out0             ;
; |lab31119|ALU_LAB3:inst10|METRIX:mul_lab3|cell:inst59|FA:inst|7482:inst|3                                                                                                                             ; |lab31119|ALU_LAB3:inst10|METRIX:mul_lab3|cell:inst59|FA:inst|7482:inst|3                                                                                                                             ; out0             ;
; |lab31119|ALU_LAB3:inst10|METRIX:mul_lab3|cell:inst59|FA:inst|7482:inst|27                                                                                                                            ; |lab31119|ALU_LAB3:inst10|METRIX:mul_lab3|cell:inst59|FA:inst|7482:inst|27                                                                                                                            ; out0             ;
; |lab31119|ALU_LAB3:inst10|METRIX:mul_lab3|cell:inst59|FA:inst|7482:inst|25                                                                                                                            ; |lab31119|ALU_LAB3:inst10|METRIX:mul_lab3|cell:inst59|FA:inst|7482:inst|25                                                                                                                            ; out0             ;
; |lab31119|ALU_LAB3:inst10|METRIX:mul_lab3|cell:inst59|FA:inst|7482:inst|17                                                                                                                            ; |lab31119|ALU_LAB3:inst10|METRIX:mul_lab3|cell:inst59|FA:inst|7482:inst|17                                                                                                                            ; out0             ;
; |lab31119|ALU_LAB3:inst10|METRIX:mul_lab3|cell:inst59|FA:inst|7482:inst|20                                                                                                                            ; |lab31119|ALU_LAB3:inst10|METRIX:mul_lab3|cell:inst59|FA:inst|7482:inst|20                                                                                                                            ; out0             ;
; |lab31119|ALU_LAB3:inst10|METRIX:mul_lab3|cell:inst22|inst1                                                                                                                                           ; |lab31119|ALU_LAB3:inst10|METRIX:mul_lab3|cell:inst22|inst1                                                                                                                                           ; out0             ;
; |lab31119|ALU_LAB3:inst10|METRIX:mul_lab3|cell:inst22|FA:inst|7482:inst|8                                                                                                                             ; |lab31119|ALU_LAB3:inst10|METRIX:mul_lab3|cell:inst22|FA:inst|7482:inst|8                                                                                                                             ; out0             ;
; |lab31119|ALU_LAB3:inst10|METRIX:mul_lab3|cell:inst22|FA:inst|7482:inst|3                                                                                                                             ; |lab31119|ALU_LAB3:inst10|METRIX:mul_lab3|cell:inst22|FA:inst|7482:inst|3                                                                                                                             ; out0             ;
; |lab31119|ALU_LAB3:inst10|METRIX:mul_lab3|cell:inst22|FA:inst|7482:inst|27                                                                                                                            ; |lab31119|ALU_LAB3:inst10|METRIX:mul_lab3|cell:inst22|FA:inst|7482:inst|27                                                                                                                            ; out0             ;
; |lab31119|ALU_LAB3:inst10|METRIX:mul_lab3|cell:inst22|FA:inst|7482:inst|25                                                                                                                            ; |lab31119|ALU_LAB3:inst10|METRIX:mul_lab3|cell:inst22|FA:inst|7482:inst|25                                                                                                                            ; out0             ;
; |lab31119|ALU_LAB3:inst10|METRIX:mul_lab3|cell:inst22|FA:inst|7482:inst|17                                                                                                                            ; |lab31119|ALU_LAB3:inst10|METRIX:mul_lab3|cell:inst22|FA:inst|7482:inst|17                                                                                                                            ; out0             ;
; |lab31119|ALU_LAB3:inst10|METRIX:mul_lab3|cell:inst22|FA:inst|7482:inst|20                                                                                                                            ; |lab31119|ALU_LAB3:inst10|METRIX:mul_lab3|cell:inst22|FA:inst|7482:inst|20                                                                                                                            ; out0             ;
; |lab31119|ALU_LAB3:inst10|METRIX:mul_lab3|cell:inst29|inst1                                                                                                                                           ; |lab31119|ALU_LAB3:inst10|METRIX:mul_lab3|cell:inst29|inst1                                                                                                                                           ; out0             ;
; |lab31119|ALU_LAB3:inst10|METRIX:mul_lab3|cell:inst29|FA:inst|7482:inst|8                                                                                                                             ; |lab31119|ALU_LAB3:inst10|METRIX:mul_lab3|cell:inst29|FA:inst|7482:inst|8                                                                                                                             ; out0             ;
; |lab31119|ALU_LAB3:inst10|METRIX:mul_lab3|cell:inst29|FA:inst|7482:inst|3                                                                                                                             ; |lab31119|ALU_LAB3:inst10|METRIX:mul_lab3|cell:inst29|FA:inst|7482:inst|3                                                                                                                             ; out0             ;
; |lab31119|ALU_LAB3:inst10|METRIX:mul_lab3|cell:inst29|FA:inst|7482:inst|27                                                                                                                            ; |lab31119|ALU_LAB3:inst10|METRIX:mul_lab3|cell:inst29|FA:inst|7482:inst|27                                                                                                                            ; out0             ;
; |lab31119|ALU_LAB3:inst10|METRIX:mul_lab3|cell:inst29|FA:inst|7482:inst|25                                                                                                                            ; |lab31119|ALU_LAB3:inst10|METRIX:mul_lab3|cell:inst29|FA:inst|7482:inst|25                                                                                                                            ; out0             ;
; |lab31119|ALU_LAB3:inst10|METRIX:mul_lab3|cell:inst29|FA:inst|7482:inst|17                                                                                                                            ; |lab31119|ALU_LAB3:inst10|METRIX:mul_lab3|cell:inst29|FA:inst|7482:inst|17                                                                                                                            ; out0             ;
; |lab31119|ALU_LAB3:inst10|METRIX:mul_lab3|cell:inst29|FA:inst|7482:inst|20                                                                                                                            ; |lab31119|ALU_LAB3:inst10|METRIX:mul_lab3|cell:inst29|FA:inst|7482:inst|20                                                                                                                            ; out0             ;
; |lab31119|ALU_LAB3:inst10|METRIX:mul_lab3|cell:inst37|inst1                                                                                                                                           ; |lab31119|ALU_LAB3:inst10|METRIX:mul_lab3|cell:inst37|inst1                                                                                                                                           ; out0             ;
; |lab31119|ALU_LAB3:inst10|METRIX:mul_lab3|cell:inst37|FA:inst|7482:inst|8                                                                                                                             ; |lab31119|ALU_LAB3:inst10|METRIX:mul_lab3|cell:inst37|FA:inst|7482:inst|8                                                                                                                             ; out0             ;
; |lab31119|ALU_LAB3:inst10|METRIX:mul_lab3|cell:inst37|FA:inst|7482:inst|3                                                                                                                             ; |lab31119|ALU_LAB3:inst10|METRIX:mul_lab3|cell:inst37|FA:inst|7482:inst|3                                                                                                                             ; out0             ;
; |lab31119|ALU_LAB3:inst10|METRIX:mul_lab3|cell:inst37|FA:inst|7482:inst|27                                                                                                                            ; |lab31119|ALU_LAB3:inst10|METRIX:mul_lab3|cell:inst37|FA:inst|7482:inst|27                                                                                                                            ; out0             ;
; |lab31119|ALU_LAB3:inst10|METRIX:mul_lab3|cell:inst37|FA:inst|7482:inst|25                                                                                                                            ; |lab31119|ALU_LAB3:inst10|METRIX:mul_lab3|cell:inst37|FA:inst|7482:inst|25                                                                                                                            ; out0             ;
; |lab31119|ALU_LAB3:inst10|METRIX:mul_lab3|cell:inst37|FA:inst|7482:inst|17                                                                                                                            ; |lab31119|ALU_LAB3:inst10|METRIX:mul_lab3|cell:inst37|FA:inst|7482:inst|17                                                                                                                            ; out0             ;
; |lab31119|ALU_LAB3:inst10|METRIX:mul_lab3|cell:inst37|FA:inst|7482:inst|20                                                                                                                            ; |lab31119|ALU_LAB3:inst10|METRIX:mul_lab3|cell:inst37|FA:inst|7482:inst|20                                                                                                                            ; out0             ;
; |lab31119|ALU_LAB3:inst10|METRIX:mul_lab3|cell:inst44|inst1                                                                                                                                           ; |lab31119|ALU_LAB3:inst10|METRIX:mul_lab3|cell:inst44|inst1                                                                                                                                           ; out0             ;
; |lab31119|ALU_LAB3:inst10|METRIX:mul_lab3|cell:inst44|FA:inst|7482:inst|8                                                                                                                             ; |lab31119|ALU_LAB3:inst10|METRIX:mul_lab3|cell:inst44|FA:inst|7482:inst|8                                                                                                                             ; out0             ;
; |lab31119|ALU_LAB3:inst10|METRIX:mul_lab3|cell:inst44|FA:inst|7482:inst|3                                                                                                                             ; |lab31119|ALU_LAB3:inst10|METRIX:mul_lab3|cell:inst44|FA:inst|7482:inst|3                                                                                                                             ; out0             ;
; |lab31119|ALU_LAB3:inst10|METRIX:mul_lab3|cell:inst44|FA:inst|7482:inst|27                                                                                                                            ; |lab31119|ALU_LAB3:inst10|METRIX:mul_lab3|cell:inst44|FA:inst|7482:inst|27                                                                                                                            ; out0             ;
; |lab31119|ALU_LAB3:inst10|METRIX:mul_lab3|cell:inst44|FA:inst|7482:inst|25                                                                                                                            ; |lab31119|ALU_LAB3:inst10|METRIX:mul_lab3|cell:inst44|FA:inst|7482:inst|25                                                                                                                            ; out0             ;
; |lab31119|ALU_LAB3:inst10|METRIX:mul_lab3|cell:inst44|FA:inst|7482:inst|17                                                                                                                            ; |lab31119|ALU_LAB3:inst10|METRIX:mul_lab3|cell:inst44|FA:inst|7482:inst|17                                                                                                                            ; out0             ;
; |lab31119|ALU_LAB3:inst10|METRIX:mul_lab3|cell:inst44|FA:inst|7482:inst|20                                                                                                                            ; |lab31119|ALU_LAB3:inst10|METRIX:mul_lab3|cell:inst44|FA:inst|7482:inst|20                                                                                                                            ; out0             ;
; |lab31119|ALU_LAB3:inst10|METRIX:mul_lab3|cell:inst51|inst1                                                                                                                                           ; |lab31119|ALU_LAB3:inst10|METRIX:mul_lab3|cell:inst51|inst1                                                                                                                                           ; out0             ;
; |lab31119|ALU_LAB3:inst10|METRIX:mul_lab3|cell:inst51|FA:inst|7482:inst|8                                                                                                                             ; |lab31119|ALU_LAB3:inst10|METRIX:mul_lab3|cell:inst51|FA:inst|7482:inst|8                                                                                                                             ; out0             ;
; |lab31119|ALU_LAB3:inst10|METRIX:mul_lab3|cell:inst51|FA:inst|7482:inst|3                                                                                                                             ; |lab31119|ALU_LAB3:inst10|METRIX:mul_lab3|cell:inst51|FA:inst|7482:inst|3                                                                                                                             ; out0             ;
; |lab31119|ALU_LAB3:inst10|METRIX:mul_lab3|cell:inst51|FA:inst|7482:inst|27                                                                                                                            ; |lab31119|ALU_LAB3:inst10|METRIX:mul_lab3|cell:inst51|FA:inst|7482:inst|27                                                                                                                            ; out0             ;
; |lab31119|ALU_LAB3:inst10|METRIX:mul_lab3|cell:inst51|FA:inst|7482:inst|25                                                                                                                            ; |lab31119|ALU_LAB3:inst10|METRIX:mul_lab3|cell:inst51|FA:inst|7482:inst|25                                                                                                                            ; out0             ;
; |lab31119|ALU_LAB3:inst10|METRIX:mul_lab3|cell:inst51|FA:inst|7482:inst|20                                                                                                                            ; |lab31119|ALU_LAB3:inst10|METRIX:mul_lab3|cell:inst51|FA:inst|7482:inst|20                                                                                                                            ; out0             ;
; |lab31119|ALU_LAB3:inst10|METRIX:mul_lab3|cell:inst58|inst1                                                                                                                                           ; |lab31119|ALU_LAB3:inst10|METRIX:mul_lab3|cell:inst58|inst1                                                                                                                                           ; out0             ;
; |lab31119|ALU_LAB3:inst10|METRIX:mul_lab3|cell:inst58|FA:inst|7482:inst|8                                                                                                                             ; |lab31119|ALU_LAB3:inst10|METRIX:mul_lab3|cell:inst58|FA:inst|7482:inst|8                                                                                                                             ; out0             ;
; |lab31119|ALU_LAB3:inst10|METRIX:mul_lab3|cell:inst58|FA:inst|7482:inst|3                                                                                                                             ; |lab31119|ALU_LAB3:inst10|METRIX:mul_lab3|cell:inst58|FA:inst|7482:inst|3                                                                                                                             ; out0             ;
; |lab31119|ALU_LAB3:inst10|METRIX:mul_lab3|cell:inst58|FA:inst|7482:inst|27                                                                                                                            ; |lab31119|ALU_LAB3:inst10|METRIX:mul_lab3|cell:inst58|FA:inst|7482:inst|27                                                                                                                            ; out0             ;
; |lab31119|ALU_LAB3:inst10|METRIX:mul_lab3|cell:inst58|FA:inst|7482:inst|25                                                                                                                            ; |lab31119|ALU_LAB3:inst10|METRIX:mul_lab3|cell:inst58|FA:inst|7482:inst|25                                                                                                                            ; out0             ;
; |lab31119|ALU_LAB3:inst10|METRIX:mul_lab3|cell:inst58|FA:inst|7482:inst|20                                                                                                                            ; |lab31119|ALU_LAB3:inst10|METRIX:mul_lab3|cell:inst58|FA:inst|7482:inst|20                                                                                                                            ; out0             ;
; |lab31119|ALU_LAB3:inst10|METRIX:mul_lab3|cell:inst15|inst1                                                                                                                                           ; |lab31119|ALU_LAB3:inst10|METRIX:mul_lab3|cell:inst15|inst1                                                                                                                                           ; out0             ;
; |lab31119|ALU_LAB3:inst10|METRIX:mul_lab3|cell:inst15|FA:inst|7482:inst|8                                                                                                                             ; |lab31119|ALU_LAB3:inst10|METRIX:mul_lab3|cell:inst15|FA:inst|7482:inst|8                                                                                                                             ; out0             ;
; |lab31119|ALU_LAB3:inst10|METRIX:mul_lab3|cell:inst15|FA:inst|7482:inst|25                                                                                                                            ; |lab31119|ALU_LAB3:inst10|METRIX:mul_lab3|cell:inst15|FA:inst|7482:inst|25                                                                                                                            ; out0             ;
; |lab31119|ALU_LAB3:inst10|METRIX:mul_lab3|cell:inst15|FA:inst|7482:inst|17                                                                                                                            ; |lab31119|ALU_LAB3:inst10|METRIX:mul_lab3|cell:inst15|FA:inst|7482:inst|17                                                                                                                            ; out0             ;
; |lab31119|ALU_LAB3:inst10|METRIX:mul_lab3|cell:inst21|inst1                                                                                                                                           ; |lab31119|ALU_LAB3:inst10|METRIX:mul_lab3|cell:inst21|inst1                                                                                                                                           ; out0             ;
; |lab31119|ALU_LAB3:inst10|METRIX:mul_lab3|cell:inst21|FA:inst|7482:inst|8                                                                                                                             ; |lab31119|ALU_LAB3:inst10|METRIX:mul_lab3|cell:inst21|FA:inst|7482:inst|8                                                                                                                             ; out0             ;
; |lab31119|ALU_LAB3:inst10|METRIX:mul_lab3|cell:inst21|FA:inst|7482:inst|3                                                                                                                             ; |lab31119|ALU_LAB3:inst10|METRIX:mul_lab3|cell:inst21|FA:inst|7482:inst|3                                                                                                                             ; out0             ;
; |lab31119|ALU_LAB3:inst10|METRIX:mul_lab3|cell:inst21|FA:inst|7482:inst|27                                                                                                                            ; |lab31119|ALU_LAB3:inst10|METRIX:mul_lab3|cell:inst21|FA:inst|7482:inst|27                                                                                                                            ; out0             ;
; |lab31119|ALU_LAB3:inst10|METRIX:mul_lab3|cell:inst21|FA:inst|7482:inst|25                                                                                                                            ; |lab31119|ALU_LAB3:inst10|METRIX:mul_lab3|cell:inst21|FA:inst|7482:inst|25                                                                                                                            ; out0             ;
; |lab31119|ALU_LAB3:inst10|METRIX:mul_lab3|cell:inst21|FA:inst|7482:inst|17                                                                                                                            ; |lab31119|ALU_LAB3:inst10|METRIX:mul_lab3|cell:inst21|FA:inst|7482:inst|17                                                                                                                            ; out0             ;
; |lab31119|ALU_LAB3:inst10|METRIX:mul_lab3|cell:inst21|FA:inst|7482:inst|20                                                                                                                            ; |lab31119|ALU_LAB3:inst10|METRIX:mul_lab3|cell:inst21|FA:inst|7482:inst|20                                                                                                                            ; out0             ;
; |lab31119|ALU_LAB3:inst10|METRIX:mul_lab3|cell:inst28|inst1                                                                                                                                           ; |lab31119|ALU_LAB3:inst10|METRIX:mul_lab3|cell:inst28|inst1                                                                                                                                           ; out0             ;
; |lab31119|ALU_LAB3:inst10|METRIX:mul_lab3|cell:inst28|FA:inst|7482:inst|8                                                                                                                             ; |lab31119|ALU_LAB3:inst10|METRIX:mul_lab3|cell:inst28|FA:inst|7482:inst|8                                                                                                                             ; out0             ;
; |lab31119|ALU_LAB3:inst10|METRIX:mul_lab3|cell:inst28|FA:inst|7482:inst|3                                                                                                                             ; |lab31119|ALU_LAB3:inst10|METRIX:mul_lab3|cell:inst28|FA:inst|7482:inst|3                                                                                                                             ; out0             ;
; |lab31119|ALU_LAB3:inst10|METRIX:mul_lab3|cell:inst28|FA:inst|7482:inst|27                                                                                                                            ; |lab31119|ALU_LAB3:inst10|METRIX:mul_lab3|cell:inst28|FA:inst|7482:inst|27                                                                                                                            ; out0             ;
; |lab31119|ALU_LAB3:inst10|METRIX:mul_lab3|cell:inst28|FA:inst|7482:inst|25                                                                                                                            ; |lab31119|ALU_LAB3:inst10|METRIX:mul_lab3|cell:inst28|FA:inst|7482:inst|25                                                                                                                            ; out0             ;
; |lab31119|ALU_LAB3:inst10|METRIX:mul_lab3|cell:inst28|FA:inst|7482:inst|17                                                                                                                            ; |lab31119|ALU_LAB3:inst10|METRIX:mul_lab3|cell:inst28|FA:inst|7482:inst|17                                                                                                                            ; out0             ;
; |lab31119|ALU_LAB3:inst10|METRIX:mul_lab3|cell:inst28|FA:inst|7482:inst|20                                                                                                                            ; |lab31119|ALU_LAB3:inst10|METRIX:mul_lab3|cell:inst28|FA:inst|7482:inst|20                                                                                                                            ; out0             ;
; |lab31119|ALU_LAB3:inst10|METRIX:mul_lab3|cell:inst36|inst1                                                                                                                                           ; |lab31119|ALU_LAB3:inst10|METRIX:mul_lab3|cell:inst36|inst1                                                                                                                                           ; out0             ;
; |lab31119|ALU_LAB3:inst10|METRIX:mul_lab3|cell:inst36|FA:inst|7482:inst|8                                                                                                                             ; |lab31119|ALU_LAB3:inst10|METRIX:mul_lab3|cell:inst36|FA:inst|7482:inst|8                                                                                                                             ; out0             ;
; |lab31119|ALU_LAB3:inst10|METRIX:mul_lab3|cell:inst36|FA:inst|7482:inst|3                                                                                                                             ; |lab31119|ALU_LAB3:inst10|METRIX:mul_lab3|cell:inst36|FA:inst|7482:inst|3                                                                                                                             ; out0             ;
; |lab31119|ALU_LAB3:inst10|METRIX:mul_lab3|cell:inst36|FA:inst|7482:inst|27                                                                                                                            ; |lab31119|ALU_LAB3:inst10|METRIX:mul_lab3|cell:inst36|FA:inst|7482:inst|27                                                                                                                            ; out0             ;
; |lab31119|ALU_LAB3:inst10|METRIX:mul_lab3|cell:inst36|FA:inst|7482:inst|25                                                                                                                            ; |lab31119|ALU_LAB3:inst10|METRIX:mul_lab3|cell:inst36|FA:inst|7482:inst|25                                                                                                                            ; out0             ;
; |lab31119|ALU_LAB3:inst10|METRIX:mul_lab3|cell:inst36|FA:inst|7482:inst|17                                                                                                                            ; |lab31119|ALU_LAB3:inst10|METRIX:mul_lab3|cell:inst36|FA:inst|7482:inst|17                                                                                                                            ; out0             ;
; |lab31119|ALU_LAB3:inst10|METRIX:mul_lab3|cell:inst36|FA:inst|7482:inst|20                                                                                                                            ; |lab31119|ALU_LAB3:inst10|METRIX:mul_lab3|cell:inst36|FA:inst|7482:inst|20                                                                                                                            ; out0             ;
; |lab31119|ALU_LAB3:inst10|METRIX:mul_lab3|cell:inst43|inst1                                                                                                                                           ; |lab31119|ALU_LAB3:inst10|METRIX:mul_lab3|cell:inst43|inst1                                                                                                                                           ; out0             ;
; |lab31119|ALU_LAB3:inst10|METRIX:mul_lab3|cell:inst43|FA:inst|7482:inst|8                                                                                                                             ; |lab31119|ALU_LAB3:inst10|METRIX:mul_lab3|cell:inst43|FA:inst|7482:inst|8                                                                                                                             ; out0             ;
; |lab31119|ALU_LAB3:inst10|METRIX:mul_lab3|cell:inst43|FA:inst|7482:inst|3                                                                                                                             ; |lab31119|ALU_LAB3:inst10|METRIX:mul_lab3|cell:inst43|FA:inst|7482:inst|3                                                                                                                             ; out0             ;
; |lab31119|ALU_LAB3:inst10|METRIX:mul_lab3|cell:inst43|FA:inst|7482:inst|27                                                                                                                            ; |lab31119|ALU_LAB3:inst10|METRIX:mul_lab3|cell:inst43|FA:inst|7482:inst|27                                                                                                                            ; out0             ;
; |lab31119|ALU_LAB3:inst10|METRIX:mul_lab3|cell:inst43|FA:inst|7482:inst|25                                                                                                                            ; |lab31119|ALU_LAB3:inst10|METRIX:mul_lab3|cell:inst43|FA:inst|7482:inst|25                                                                                                                            ; out0             ;
; |lab31119|ALU_LAB3:inst10|METRIX:mul_lab3|cell:inst43|FA:inst|7482:inst|17                                                                                                                            ; |lab31119|ALU_LAB3:inst10|METRIX:mul_lab3|cell:inst43|FA:inst|7482:inst|17                                                                                                                            ; out0             ;
; |lab31119|ALU_LAB3:inst10|METRIX:mul_lab3|cell:inst43|FA:inst|7482:inst|20                                                                                                                            ; |lab31119|ALU_LAB3:inst10|METRIX:mul_lab3|cell:inst43|FA:inst|7482:inst|20                                                                                                                            ; out0             ;
; |lab31119|ALU_LAB3:inst10|METRIX:mul_lab3|cell:inst50|inst1                                                                                                                                           ; |lab31119|ALU_LAB3:inst10|METRIX:mul_lab3|cell:inst50|inst1                                                                                                                                           ; out0             ;
; |lab31119|ALU_LAB3:inst10|METRIX:mul_lab3|cell:inst50|FA:inst|7482:inst|8                                                                                                                             ; |lab31119|ALU_LAB3:inst10|METRIX:mul_lab3|cell:inst50|FA:inst|7482:inst|8                                                                                                                             ; out0             ;
; |lab31119|ALU_LAB3:inst10|METRIX:mul_lab3|cell:inst50|FA:inst|7482:inst|3                                                                                                                             ; |lab31119|ALU_LAB3:inst10|METRIX:mul_lab3|cell:inst50|FA:inst|7482:inst|3                                                                                                                             ; out0             ;
; |lab31119|ALU_LAB3:inst10|METRIX:mul_lab3|cell:inst50|FA:inst|7482:inst|27                                                                                                                            ; |lab31119|ALU_LAB3:inst10|METRIX:mul_lab3|cell:inst50|FA:inst|7482:inst|27                                                                                                                            ; out0             ;
; |lab31119|ALU_LAB3:inst10|METRIX:mul_lab3|cell:inst50|FA:inst|7482:inst|25                                                                                                                            ; |lab31119|ALU_LAB3:inst10|METRIX:mul_lab3|cell:inst50|FA:inst|7482:inst|25                                                                                                                            ; out0             ;
; |lab31119|ALU_LAB3:inst10|METRIX:mul_lab3|cell:inst50|FA:inst|7482:inst|17                                                                                                                            ; |lab31119|ALU_LAB3:inst10|METRIX:mul_lab3|cell:inst50|FA:inst|7482:inst|17                                                                                                                            ; out0             ;
; |lab31119|ALU_LAB3:inst10|METRIX:mul_lab3|cell:inst50|FA:inst|7482:inst|20                                                                                                                            ; |lab31119|ALU_LAB3:inst10|METRIX:mul_lab3|cell:inst50|FA:inst|7482:inst|20                                                                                                                            ; out0             ;
; |lab31119|ALU_LAB3:inst10|METRIX:mul_lab3|cell:inst57|inst1                                                                                                                                           ; |lab31119|ALU_LAB3:inst10|METRIX:mul_lab3|cell:inst57|inst1                                                                                                                                           ; out0             ;
; |lab31119|ALU_LAB3:inst10|METRIX:mul_lab3|cell:inst57|FA:inst|7482:inst|8                                                                                                                             ; |lab31119|ALU_LAB3:inst10|METRIX:mul_lab3|cell:inst57|FA:inst|7482:inst|8                                                                                                                             ; out0             ;
; |lab31119|ALU_LAB3:inst10|METRIX:mul_lab3|cell:inst57|FA:inst|7482:inst|3                                                                                                                             ; |lab31119|ALU_LAB3:inst10|METRIX:mul_lab3|cell:inst57|FA:inst|7482:inst|3                                                                                                                             ; out0             ;
; |lab31119|ALU_LAB3:inst10|METRIX:mul_lab3|cell:inst57|FA:inst|7482:inst|27                                                                                                                            ; |lab31119|ALU_LAB3:inst10|METRIX:mul_lab3|cell:inst57|FA:inst|7482:inst|27                                                                                                                            ; out0             ;
; |lab31119|ALU_LAB3:inst10|METRIX:mul_lab3|cell:inst57|FA:inst|7482:inst|25                                                                                                                            ; |lab31119|ALU_LAB3:inst10|METRIX:mul_lab3|cell:inst57|FA:inst|7482:inst|25                                                                                                                            ; out0             ;
; |lab31119|ALU_LAB3:inst10|METRIX:mul_lab3|cell:inst57|FA:inst|7482:inst|20                                                                                                                            ; |lab31119|ALU_LAB3:inst10|METRIX:mul_lab3|cell:inst57|FA:inst|7482:inst|20                                                                                                                            ; out0             ;
; |lab31119|ALU_LAB3:inst10|METRIX:mul_lab3|cell:inst7|inst1                                                                                                                                            ; |lab31119|ALU_LAB3:inst10|METRIX:mul_lab3|cell:inst7|inst1                                                                                                                                            ; out0             ;
; |lab31119|ALU_LAB3:inst10|METRIX:mul_lab3|cell:inst14|inst1                                                                                                                                           ; |lab31119|ALU_LAB3:inst10|METRIX:mul_lab3|cell:inst14|inst1                                                                                                                                           ; out0             ;
; |lab31119|ALU_LAB3:inst10|METRIX:mul_lab3|cell:inst14|FA:inst|7482:inst|8                                                                                                                             ; |lab31119|ALU_LAB3:inst10|METRIX:mul_lab3|cell:inst14|FA:inst|7482:inst|8                                                                                                                             ; out0             ;
; |lab31119|ALU_LAB3:inst10|METRIX:mul_lab3|cell:inst14|FA:inst|7482:inst|3                                                                                                                             ; |lab31119|ALU_LAB3:inst10|METRIX:mul_lab3|cell:inst14|FA:inst|7482:inst|3                                                                                                                             ; out0             ;
; |lab31119|ALU_LAB3:inst10|METRIX:mul_lab3|cell:inst14|FA:inst|7482:inst|27                                                                                                                            ; |lab31119|ALU_LAB3:inst10|METRIX:mul_lab3|cell:inst14|FA:inst|7482:inst|27                                                                                                                            ; out0             ;
; |lab31119|ALU_LAB3:inst10|METRIX:mul_lab3|cell:inst14|FA:inst|7482:inst|25                                                                                                                            ; |lab31119|ALU_LAB3:inst10|METRIX:mul_lab3|cell:inst14|FA:inst|7482:inst|25                                                                                                                            ; out0             ;
; |lab31119|ALU_LAB3:inst10|METRIX:mul_lab3|cell:inst14|FA:inst|7482:inst|17                                                                                                                            ; |lab31119|ALU_LAB3:inst10|METRIX:mul_lab3|cell:inst14|FA:inst|7482:inst|17                                                                                                                            ; out0             ;
; |lab31119|ALU_LAB3:inst10|METRIX:mul_lab3|cell:inst14|FA:inst|7482:inst|20                                                                                                                            ; |lab31119|ALU_LAB3:inst10|METRIX:mul_lab3|cell:inst14|FA:inst|7482:inst|20                                                                                                                            ; out0             ;
; |lab31119|ALU_LAB3:inst10|METRIX:mul_lab3|cell:inst20|inst1                                                                                                                                           ; |lab31119|ALU_LAB3:inst10|METRIX:mul_lab3|cell:inst20|inst1                                                                                                                                           ; out0             ;
; |lab31119|ALU_LAB3:inst10|METRIX:mul_lab3|cell:inst20|FA:inst|7482:inst|8                                                                                                                             ; |lab31119|ALU_LAB3:inst10|METRIX:mul_lab3|cell:inst20|FA:inst|7482:inst|8                                                                                                                             ; out0             ;
; |lab31119|ALU_LAB3:inst10|METRIX:mul_lab3|cell:inst20|FA:inst|7482:inst|3                                                                                                                             ; |lab31119|ALU_LAB3:inst10|METRIX:mul_lab3|cell:inst20|FA:inst|7482:inst|3                                                                                                                             ; out0             ;
; |lab31119|ALU_LAB3:inst10|METRIX:mul_lab3|cell:inst20|FA:inst|7482:inst|27                                                                                                                            ; |lab31119|ALU_LAB3:inst10|METRIX:mul_lab3|cell:inst20|FA:inst|7482:inst|27                                                                                                                            ; out0             ;
; |lab31119|ALU_LAB3:inst10|METRIX:mul_lab3|cell:inst20|FA:inst|7482:inst|25                                                                                                                            ; |lab31119|ALU_LAB3:inst10|METRIX:mul_lab3|cell:inst20|FA:inst|7482:inst|25                                                                                                                            ; out0             ;
; |lab31119|ALU_LAB3:inst10|METRIX:mul_lab3|cell:inst20|FA:inst|7482:inst|17                                                                                                                            ; |lab31119|ALU_LAB3:inst10|METRIX:mul_lab3|cell:inst20|FA:inst|7482:inst|17                                                                                                                            ; out0             ;
; |lab31119|ALU_LAB3:inst10|METRIX:mul_lab3|cell:inst20|FA:inst|7482:inst|20                                                                                                                            ; |lab31119|ALU_LAB3:inst10|METRIX:mul_lab3|cell:inst20|FA:inst|7482:inst|20                                                                                                                            ; out0             ;
; |lab31119|ALU_LAB3:inst10|METRIX:mul_lab3|cell:inst27|inst1                                                                                                                                           ; |lab31119|ALU_LAB3:inst10|METRIX:mul_lab3|cell:inst27|inst1                                                                                                                                           ; out0             ;
; |lab31119|ALU_LAB3:inst10|METRIX:mul_lab3|cell:inst27|FA:inst|7482:inst|8                                                                                                                             ; |lab31119|ALU_LAB3:inst10|METRIX:mul_lab3|cell:inst27|FA:inst|7482:inst|8                                                                                                                             ; out0             ;
; |lab31119|ALU_LAB3:inst10|METRIX:mul_lab3|cell:inst27|FA:inst|7482:inst|3                                                                                                                             ; |lab31119|ALU_LAB3:inst10|METRIX:mul_lab3|cell:inst27|FA:inst|7482:inst|3                                                                                                                             ; out0             ;
; |lab31119|ALU_LAB3:inst10|METRIX:mul_lab3|cell:inst27|FA:inst|7482:inst|27                                                                                                                            ; |lab31119|ALU_LAB3:inst10|METRIX:mul_lab3|cell:inst27|FA:inst|7482:inst|27                                                                                                                            ; out0             ;
; |lab31119|ALU_LAB3:inst10|METRIX:mul_lab3|cell:inst27|FA:inst|7482:inst|25                                                                                                                            ; |lab31119|ALU_LAB3:inst10|METRIX:mul_lab3|cell:inst27|FA:inst|7482:inst|25                                                                                                                            ; out0             ;
; |lab31119|ALU_LAB3:inst10|METRIX:mul_lab3|cell:inst27|FA:inst|7482:inst|17                                                                                                                            ; |lab31119|ALU_LAB3:inst10|METRIX:mul_lab3|cell:inst27|FA:inst|7482:inst|17                                                                                                                            ; out0             ;
; |lab31119|ALU_LAB3:inst10|METRIX:mul_lab3|cell:inst27|FA:inst|7482:inst|20                                                                                                                            ; |lab31119|ALU_LAB3:inst10|METRIX:mul_lab3|cell:inst27|FA:inst|7482:inst|20                                                                                                                            ; out0             ;
; |lab31119|ALU_LAB3:inst10|METRIX:mul_lab3|cell:inst35|inst1                                                                                                                                           ; |lab31119|ALU_LAB3:inst10|METRIX:mul_lab3|cell:inst35|inst1                                                                                                                                           ; out0             ;
; |lab31119|ALU_LAB3:inst10|METRIX:mul_lab3|cell:inst35|FA:inst|7482:inst|8                                                                                                                             ; |lab31119|ALU_LAB3:inst10|METRIX:mul_lab3|cell:inst35|FA:inst|7482:inst|8                                                                                                                             ; out0             ;
; |lab31119|ALU_LAB3:inst10|METRIX:mul_lab3|cell:inst35|FA:inst|7482:inst|3                                                                                                                             ; |lab31119|ALU_LAB3:inst10|METRIX:mul_lab3|cell:inst35|FA:inst|7482:inst|3                                                                                                                             ; out0             ;
; |lab31119|ALU_LAB3:inst10|METRIX:mul_lab3|cell:inst35|FA:inst|7482:inst|27                                                                                                                            ; |lab31119|ALU_LAB3:inst10|METRIX:mul_lab3|cell:inst35|FA:inst|7482:inst|27                                                                                                                            ; out0             ;
; |lab31119|ALU_LAB3:inst10|METRIX:mul_lab3|cell:inst35|FA:inst|7482:inst|25                                                                                                                            ; |lab31119|ALU_LAB3:inst10|METRIX:mul_lab3|cell:inst35|FA:inst|7482:inst|25                                                                                                                            ; out0             ;
; |lab31119|ALU_LAB3:inst10|METRIX:mul_lab3|cell:inst35|FA:inst|7482:inst|17                                                                                                                            ; |lab31119|ALU_LAB3:inst10|METRIX:mul_lab3|cell:inst35|FA:inst|7482:inst|17                                                                                                                            ; out0             ;
; |lab31119|ALU_LAB3:inst10|METRIX:mul_lab3|cell:inst35|FA:inst|7482:inst|20                                                                                                                            ; |lab31119|ALU_LAB3:inst10|METRIX:mul_lab3|cell:inst35|FA:inst|7482:inst|20                                                                                                                            ; out0             ;
; |lab31119|ALU_LAB3:inst10|METRIX:mul_lab3|cell:inst42|inst1                                                                                                                                           ; |lab31119|ALU_LAB3:inst10|METRIX:mul_lab3|cell:inst42|inst1                                                                                                                                           ; out0             ;
; |lab31119|ALU_LAB3:inst10|METRIX:mul_lab3|cell:inst42|FA:inst|7482:inst|8                                                                                                                             ; |lab31119|ALU_LAB3:inst10|METRIX:mul_lab3|cell:inst42|FA:inst|7482:inst|8                                                                                                                             ; out0             ;
; |lab31119|ALU_LAB3:inst10|METRIX:mul_lab3|cell:inst42|FA:inst|7482:inst|3                                                                                                                             ; |lab31119|ALU_LAB3:inst10|METRIX:mul_lab3|cell:inst42|FA:inst|7482:inst|3                                                                                                                             ; out0             ;
; |lab31119|ALU_LAB3:inst10|METRIX:mul_lab3|cell:inst42|FA:inst|7482:inst|27                                                                                                                            ; |lab31119|ALU_LAB3:inst10|METRIX:mul_lab3|cell:inst42|FA:inst|7482:inst|27                                                                                                                            ; out0             ;
; |lab31119|ALU_LAB3:inst10|METRIX:mul_lab3|cell:inst42|FA:inst|7482:inst|25                                                                                                                            ; |lab31119|ALU_LAB3:inst10|METRIX:mul_lab3|cell:inst42|FA:inst|7482:inst|25                                                                                                                            ; out0             ;
; |lab31119|ALU_LAB3:inst10|METRIX:mul_lab3|cell:inst42|FA:inst|7482:inst|20                                                                                                                            ; |lab31119|ALU_LAB3:inst10|METRIX:mul_lab3|cell:inst42|FA:inst|7482:inst|20                                                                                                                            ; out0             ;
; |lab31119|ALU_LAB3:inst10|METRIX:mul_lab3|cell:inst49|inst1                                                                                                                                           ; |lab31119|ALU_LAB3:inst10|METRIX:mul_lab3|cell:inst49|inst1                                                                                                                                           ; out0             ;
; |lab31119|ALU_LAB3:inst10|METRIX:mul_lab3|cell:inst49|FA:inst|7482:inst|8                                                                                                                             ; |lab31119|ALU_LAB3:inst10|METRIX:mul_lab3|cell:inst49|FA:inst|7482:inst|8                                                                                                                             ; out0             ;
; |lab31119|ALU_LAB3:inst10|METRIX:mul_lab3|cell:inst49|FA:inst|7482:inst|3                                                                                                                             ; |lab31119|ALU_LAB3:inst10|METRIX:mul_lab3|cell:inst49|FA:inst|7482:inst|3                                                                                                                             ; out0             ;
; |lab31119|ALU_LAB3:inst10|METRIX:mul_lab3|cell:inst49|FA:inst|7482:inst|27                                                                                                                            ; |lab31119|ALU_LAB3:inst10|METRIX:mul_lab3|cell:inst49|FA:inst|7482:inst|27                                                                                                                            ; out0             ;
; |lab31119|ALU_LAB3:inst10|METRIX:mul_lab3|cell:inst49|FA:inst|7482:inst|25                                                                                                                            ; |lab31119|ALU_LAB3:inst10|METRIX:mul_lab3|cell:inst49|FA:inst|7482:inst|25                                                                                                                            ; out0             ;
; |lab31119|ALU_LAB3:inst10|METRIX:mul_lab3|cell:inst49|FA:inst|7482:inst|20                                                                                                                            ; |lab31119|ALU_LAB3:inst10|METRIX:mul_lab3|cell:inst49|FA:inst|7482:inst|20                                                                                                                            ; out0             ;
; |lab31119|ALU_LAB3:inst10|METRIX:mul_lab3|cell:inst56|inst1                                                                                                                                           ; |lab31119|ALU_LAB3:inst10|METRIX:mul_lab3|cell:inst56|inst1                                                                                                                                           ; out0             ;
; |lab31119|ALU_LAB3:inst10|METRIX:mul_lab3|cell:inst56|FA:inst|7482:inst|3                                                                                                                             ; |lab31119|ALU_LAB3:inst10|METRIX:mul_lab3|cell:inst56|FA:inst|7482:inst|3                                                                                                                             ; out0             ;
; |lab31119|ALU_LAB3:inst10|METRIX:mul_lab3|cell:inst56|FA:inst|7482:inst|20                                                                                                                            ; |lab31119|ALU_LAB3:inst10|METRIX:mul_lab3|cell:inst56|FA:inst|7482:inst|20                                                                                                                            ; out0             ;
; |lab31119|ALU_LAB3:inst10|METRIX:mul_lab3|cell:inst6|inst1                                                                                                                                            ; |lab31119|ALU_LAB3:inst10|METRIX:mul_lab3|cell:inst6|inst1                                                                                                                                            ; out0             ;
; |lab31119|ALU_LAB3:inst10|METRIX:mul_lab3|cell:inst13|inst1                                                                                                                                           ; |lab31119|ALU_LAB3:inst10|METRIX:mul_lab3|cell:inst13|inst1                                                                                                                                           ; out0             ;
; |lab31119|ALU_LAB3:inst10|METRIX:mul_lab3|cell:inst13|FA:inst|7482:inst|8                                                                                                                             ; |lab31119|ALU_LAB3:inst10|METRIX:mul_lab3|cell:inst13|FA:inst|7482:inst|8                                                                                                                             ; out0             ;
; |lab31119|ALU_LAB3:inst10|METRIX:mul_lab3|cell:inst13|FA:inst|7482:inst|3                                                                                                                             ; |lab31119|ALU_LAB3:inst10|METRIX:mul_lab3|cell:inst13|FA:inst|7482:inst|3                                                                                                                             ; out0             ;
; |lab31119|ALU_LAB3:inst10|METRIX:mul_lab3|cell:inst13|FA:inst|7482:inst|27                                                                                                                            ; |lab31119|ALU_LAB3:inst10|METRIX:mul_lab3|cell:inst13|FA:inst|7482:inst|27                                                                                                                            ; out0             ;
; |lab31119|ALU_LAB3:inst10|METRIX:mul_lab3|cell:inst13|FA:inst|7482:inst|25                                                                                                                            ; |lab31119|ALU_LAB3:inst10|METRIX:mul_lab3|cell:inst13|FA:inst|7482:inst|25                                                                                                                            ; out0             ;
; |lab31119|ALU_LAB3:inst10|METRIX:mul_lab3|cell:inst13|FA:inst|7482:inst|17                                                                                                                            ; |lab31119|ALU_LAB3:inst10|METRIX:mul_lab3|cell:inst13|FA:inst|7482:inst|17                                                                                                                            ; out0             ;
; |lab31119|ALU_LAB3:inst10|METRIX:mul_lab3|cell:inst13|FA:inst|7482:inst|20                                                                                                                            ; |lab31119|ALU_LAB3:inst10|METRIX:mul_lab3|cell:inst13|FA:inst|7482:inst|20                                                                                                                            ; out0             ;
; |lab31119|ALU_LAB3:inst10|METRIX:mul_lab3|cell:inst19|inst1                                                                                                                                           ; |lab31119|ALU_LAB3:inst10|METRIX:mul_lab3|cell:inst19|inst1                                                                                                                                           ; out0             ;
; |lab31119|ALU_LAB3:inst10|METRIX:mul_lab3|cell:inst19|FA:inst|7482:inst|8                                                                                                                             ; |lab31119|ALU_LAB3:inst10|METRIX:mul_lab3|cell:inst19|FA:inst|7482:inst|8                                                                                                                             ; out0             ;
; |lab31119|ALU_LAB3:inst10|METRIX:mul_lab3|cell:inst19|FA:inst|7482:inst|3                                                                                                                             ; |lab31119|ALU_LAB3:inst10|METRIX:mul_lab3|cell:inst19|FA:inst|7482:inst|3                                                                                                                             ; out0             ;
; |lab31119|ALU_LAB3:inst10|METRIX:mul_lab3|cell:inst19|FA:inst|7482:inst|27                                                                                                                            ; |lab31119|ALU_LAB3:inst10|METRIX:mul_lab3|cell:inst19|FA:inst|7482:inst|27                                                                                                                            ; out0             ;
; |lab31119|ALU_LAB3:inst10|METRIX:mul_lab3|cell:inst19|FA:inst|7482:inst|25                                                                                                                            ; |lab31119|ALU_LAB3:inst10|METRIX:mul_lab3|cell:inst19|FA:inst|7482:inst|25                                                                                                                            ; out0             ;
; |lab31119|ALU_LAB3:inst10|METRIX:mul_lab3|cell:inst19|FA:inst|7482:inst|17                                                                                                                            ; |lab31119|ALU_LAB3:inst10|METRIX:mul_lab3|cell:inst19|FA:inst|7482:inst|17                                                                                                                            ; out0             ;
; |lab31119|ALU_LAB3:inst10|METRIX:mul_lab3|cell:inst19|FA:inst|7482:inst|20                                                                                                                            ; |lab31119|ALU_LAB3:inst10|METRIX:mul_lab3|cell:inst19|FA:inst|7482:inst|20                                                                                                                            ; out0             ;
; |lab31119|ALU_LAB3:inst10|METRIX:mul_lab3|cell:inst26|inst1                                                                                                                                           ; |lab31119|ALU_LAB3:inst10|METRIX:mul_lab3|cell:inst26|inst1                                                                                                                                           ; out0             ;
; |lab31119|ALU_LAB3:inst10|METRIX:mul_lab3|cell:inst26|FA:inst|7482:inst|8                                                                                                                             ; |lab31119|ALU_LAB3:inst10|METRIX:mul_lab3|cell:inst26|FA:inst|7482:inst|8                                                                                                                             ; out0             ;
; |lab31119|ALU_LAB3:inst10|METRIX:mul_lab3|cell:inst26|FA:inst|7482:inst|3                                                                                                                             ; |lab31119|ALU_LAB3:inst10|METRIX:mul_lab3|cell:inst26|FA:inst|7482:inst|3                                                                                                                             ; out0             ;
; |lab31119|ALU_LAB3:inst10|METRIX:mul_lab3|cell:inst26|FA:inst|7482:inst|27                                                                                                                            ; |lab31119|ALU_LAB3:inst10|METRIX:mul_lab3|cell:inst26|FA:inst|7482:inst|27                                                                                                                            ; out0             ;
; |lab31119|ALU_LAB3:inst10|METRIX:mul_lab3|cell:inst26|FA:inst|7482:inst|25                                                                                                                            ; |lab31119|ALU_LAB3:inst10|METRIX:mul_lab3|cell:inst26|FA:inst|7482:inst|25                                                                                                                            ; out0             ;
; |lab31119|ALU_LAB3:inst10|METRIX:mul_lab3|cell:inst26|FA:inst|7482:inst|17                                                                                                                            ; |lab31119|ALU_LAB3:inst10|METRIX:mul_lab3|cell:inst26|FA:inst|7482:inst|17                                                                                                                            ; out0             ;
; |lab31119|ALU_LAB3:inst10|METRIX:mul_lab3|cell:inst26|FA:inst|7482:inst|20                                                                                                                            ; |lab31119|ALU_LAB3:inst10|METRIX:mul_lab3|cell:inst26|FA:inst|7482:inst|20                                                                                                                            ; out0             ;
; |lab31119|ALU_LAB3:inst10|METRIX:mul_lab3|cell:inst32|inst1                                                                                                                                           ; |lab31119|ALU_LAB3:inst10|METRIX:mul_lab3|cell:inst32|inst1                                                                                                                                           ; out0             ;
; |lab31119|ALU_LAB3:inst10|METRIX:mul_lab3|cell:inst32|FA:inst|7482:inst|8                                                                                                                             ; |lab31119|ALU_LAB3:inst10|METRIX:mul_lab3|cell:inst32|FA:inst|7482:inst|8                                                                                                                             ; out0             ;
; |lab31119|ALU_LAB3:inst10|METRIX:mul_lab3|cell:inst32|FA:inst|7482:inst|3                                                                                                                             ; |lab31119|ALU_LAB3:inst10|METRIX:mul_lab3|cell:inst32|FA:inst|7482:inst|3                                                                                                                             ; out0             ;
; |lab31119|ALU_LAB3:inst10|METRIX:mul_lab3|cell:inst32|FA:inst|7482:inst|27                                                                                                                            ; |lab31119|ALU_LAB3:inst10|METRIX:mul_lab3|cell:inst32|FA:inst|7482:inst|27                                                                                                                            ; out0             ;
; |lab31119|ALU_LAB3:inst10|METRIX:mul_lab3|cell:inst32|FA:inst|7482:inst|25                                                                                                                            ; |lab31119|ALU_LAB3:inst10|METRIX:mul_lab3|cell:inst32|FA:inst|7482:inst|25                                                                                                                            ; out0             ;
; |lab31119|ALU_LAB3:inst10|METRIX:mul_lab3|cell:inst32|FA:inst|7482:inst|20                                                                                                                            ; |lab31119|ALU_LAB3:inst10|METRIX:mul_lab3|cell:inst32|FA:inst|7482:inst|20                                                                                                                            ; out0             ;
; |lab31119|ALU_LAB3:inst10|METRIX:mul_lab3|cell:inst41|inst1                                                                                                                                           ; |lab31119|ALU_LAB3:inst10|METRIX:mul_lab3|cell:inst41|inst1                                                                                                                                           ; out0             ;
; |lab31119|ALU_LAB3:inst10|METRIX:mul_lab3|cell:inst41|FA:inst|7482:inst|8                                                                                                                             ; |lab31119|ALU_LAB3:inst10|METRIX:mul_lab3|cell:inst41|FA:inst|7482:inst|8                                                                                                                             ; out0             ;
; |lab31119|ALU_LAB3:inst10|METRIX:mul_lab3|cell:inst41|FA:inst|7482:inst|3                                                                                                                             ; |lab31119|ALU_LAB3:inst10|METRIX:mul_lab3|cell:inst41|FA:inst|7482:inst|3                                                                                                                             ; out0             ;
; |lab31119|ALU_LAB3:inst10|METRIX:mul_lab3|cell:inst41|FA:inst|7482:inst|27                                                                                                                            ; |lab31119|ALU_LAB3:inst10|METRIX:mul_lab3|cell:inst41|FA:inst|7482:inst|27                                                                                                                            ; out0             ;
; |lab31119|ALU_LAB3:inst10|METRIX:mul_lab3|cell:inst41|FA:inst|7482:inst|25                                                                                                                            ; |lab31119|ALU_LAB3:inst10|METRIX:mul_lab3|cell:inst41|FA:inst|7482:inst|25                                                                                                                            ; out0             ;
; |lab31119|ALU_LAB3:inst10|METRIX:mul_lab3|cell:inst41|FA:inst|7482:inst|20                                                                                                                            ; |lab31119|ALU_LAB3:inst10|METRIX:mul_lab3|cell:inst41|FA:inst|7482:inst|20                                                                                                                            ; out0             ;
; |lab31119|ALU_LAB3:inst10|METRIX:mul_lab3|cell:inst48|inst1                                                                                                                                           ; |lab31119|ALU_LAB3:inst10|METRIX:mul_lab3|cell:inst48|inst1                                                                                                                                           ; out0             ;
; |lab31119|ALU_LAB3:inst10|METRIX:mul_lab3|cell:inst48|FA:inst|7482:inst|3                                                                                                                             ; |lab31119|ALU_LAB3:inst10|METRIX:mul_lab3|cell:inst48|FA:inst|7482:inst|3                                                                                                                             ; out0             ;
; |lab31119|ALU_LAB3:inst10|METRIX:mul_lab3|cell:inst48|FA:inst|7482:inst|20                                                                                                                            ; |lab31119|ALU_LAB3:inst10|METRIX:mul_lab3|cell:inst48|FA:inst|7482:inst|20                                                                                                                            ; out0             ;
; |lab31119|ALU_LAB3:inst10|METRIX:mul_lab3|cell:inst5|inst1                                                                                                                                            ; |lab31119|ALU_LAB3:inst10|METRIX:mul_lab3|cell:inst5|inst1                                                                                                                                            ; out0             ;
; |lab31119|ALU_LAB3:inst10|METRIX:mul_lab3|cell:inst12|inst1                                                                                                                                           ; |lab31119|ALU_LAB3:inst10|METRIX:mul_lab3|cell:inst12|inst1                                                                                                                                           ; out0             ;
; |lab31119|ALU_LAB3:inst10|METRIX:mul_lab3|cell:inst12|FA:inst|7482:inst|8                                                                                                                             ; |lab31119|ALU_LAB3:inst10|METRIX:mul_lab3|cell:inst12|FA:inst|7482:inst|8                                                                                                                             ; out0             ;
; |lab31119|ALU_LAB3:inst10|METRIX:mul_lab3|cell:inst12|FA:inst|7482:inst|3                                                                                                                             ; |lab31119|ALU_LAB3:inst10|METRIX:mul_lab3|cell:inst12|FA:inst|7482:inst|3                                                                                                                             ; out0             ;
; |lab31119|ALU_LAB3:inst10|METRIX:mul_lab3|cell:inst12|FA:inst|7482:inst|27                                                                                                                            ; |lab31119|ALU_LAB3:inst10|METRIX:mul_lab3|cell:inst12|FA:inst|7482:inst|27                                                                                                                            ; out0             ;
; |lab31119|ALU_LAB3:inst10|METRIX:mul_lab3|cell:inst12|FA:inst|7482:inst|25                                                                                                                            ; |lab31119|ALU_LAB3:inst10|METRIX:mul_lab3|cell:inst12|FA:inst|7482:inst|25                                                                                                                            ; out0             ;
; |lab31119|ALU_LAB3:inst10|METRIX:mul_lab3|cell:inst12|FA:inst|7482:inst|17                                                                                                                            ; |lab31119|ALU_LAB3:inst10|METRIX:mul_lab3|cell:inst12|FA:inst|7482:inst|17                                                                                                                            ; out0             ;
; |lab31119|ALU_LAB3:inst10|METRIX:mul_lab3|cell:inst12|FA:inst|7482:inst|20                                                                                                                            ; |lab31119|ALU_LAB3:inst10|METRIX:mul_lab3|cell:inst12|FA:inst|7482:inst|20                                                                                                                            ; out0             ;
; |lab31119|ALU_LAB3:inst10|METRIX:mul_lab3|cell:inst18|inst1                                                                                                                                           ; |lab31119|ALU_LAB3:inst10|METRIX:mul_lab3|cell:inst18|inst1                                                                                                                                           ; out0             ;
; |lab31119|ALU_LAB3:inst10|METRIX:mul_lab3|cell:inst18|FA:inst|7482:inst|8                                                                                                                             ; |lab31119|ALU_LAB3:inst10|METRIX:mul_lab3|cell:inst18|FA:inst|7482:inst|8                                                                                                                             ; out0             ;
; |lab31119|ALU_LAB3:inst10|METRIX:mul_lab3|cell:inst18|FA:inst|7482:inst|3                                                                                                                             ; |lab31119|ALU_LAB3:inst10|METRIX:mul_lab3|cell:inst18|FA:inst|7482:inst|3                                                                                                                             ; out0             ;
; |lab31119|ALU_LAB3:inst10|METRIX:mul_lab3|cell:inst18|FA:inst|7482:inst|27                                                                                                                            ; |lab31119|ALU_LAB3:inst10|METRIX:mul_lab3|cell:inst18|FA:inst|7482:inst|27                                                                                                                            ; out0             ;
; |lab31119|ALU_LAB3:inst10|METRIX:mul_lab3|cell:inst18|FA:inst|7482:inst|25                                                                                                                            ; |lab31119|ALU_LAB3:inst10|METRIX:mul_lab3|cell:inst18|FA:inst|7482:inst|25                                                                                                                            ; out0             ;
; |lab31119|ALU_LAB3:inst10|METRIX:mul_lab3|cell:inst18|FA:inst|7482:inst|17                                                                                                                            ; |lab31119|ALU_LAB3:inst10|METRIX:mul_lab3|cell:inst18|FA:inst|7482:inst|17                                                                                                                            ; out0             ;
; |lab31119|ALU_LAB3:inst10|METRIX:mul_lab3|cell:inst18|FA:inst|7482:inst|20                                                                                                                            ; |lab31119|ALU_LAB3:inst10|METRIX:mul_lab3|cell:inst18|FA:inst|7482:inst|20                                                                                                                            ; out0             ;
; |lab31119|ALU_LAB3:inst10|METRIX:mul_lab3|cell:inst25|inst1                                                                                                                                           ; |lab31119|ALU_LAB3:inst10|METRIX:mul_lab3|cell:inst25|inst1                                                                                                                                           ; out0             ;
; |lab31119|ALU_LAB3:inst10|METRIX:mul_lab3|cell:inst25|FA:inst|7482:inst|8                                                                                                                             ; |lab31119|ALU_LAB3:inst10|METRIX:mul_lab3|cell:inst25|FA:inst|7482:inst|8                                                                                                                             ; out0             ;
; |lab31119|ALU_LAB3:inst10|METRIX:mul_lab3|cell:inst25|FA:inst|7482:inst|3                                                                                                                             ; |lab31119|ALU_LAB3:inst10|METRIX:mul_lab3|cell:inst25|FA:inst|7482:inst|3                                                                                                                             ; out0             ;
; |lab31119|ALU_LAB3:inst10|METRIX:mul_lab3|cell:inst25|FA:inst|7482:inst|27                                                                                                                            ; |lab31119|ALU_LAB3:inst10|METRIX:mul_lab3|cell:inst25|FA:inst|7482:inst|27                                                                                                                            ; out0             ;
; |lab31119|ALU_LAB3:inst10|METRIX:mul_lab3|cell:inst25|FA:inst|7482:inst|25                                                                                                                            ; |lab31119|ALU_LAB3:inst10|METRIX:mul_lab3|cell:inst25|FA:inst|7482:inst|25                                                                                                                            ; out0             ;
; |lab31119|ALU_LAB3:inst10|METRIX:mul_lab3|cell:inst25|FA:inst|7482:inst|20                                                                                                                            ; |lab31119|ALU_LAB3:inst10|METRIX:mul_lab3|cell:inst25|FA:inst|7482:inst|20                                                                                                                            ; out0             ;
; |lab31119|ALU_LAB3:inst10|METRIX:mul_lab3|cell:inst31|inst1                                                                                                                                           ; |lab31119|ALU_LAB3:inst10|METRIX:mul_lab3|cell:inst31|inst1                                                                                                                                           ; out0             ;
; |lab31119|ALU_LAB3:inst10|METRIX:mul_lab3|cell:inst31|FA:inst|7482:inst|8                                                                                                                             ; |lab31119|ALU_LAB3:inst10|METRIX:mul_lab3|cell:inst31|FA:inst|7482:inst|8                                                                                                                             ; out0             ;
; |lab31119|ALU_LAB3:inst10|METRIX:mul_lab3|cell:inst31|FA:inst|7482:inst|3                                                                                                                             ; |lab31119|ALU_LAB3:inst10|METRIX:mul_lab3|cell:inst31|FA:inst|7482:inst|3                                                                                                                             ; out0             ;
; |lab31119|ALU_LAB3:inst10|METRIX:mul_lab3|cell:inst31|FA:inst|7482:inst|27                                                                                                                            ; |lab31119|ALU_LAB3:inst10|METRIX:mul_lab3|cell:inst31|FA:inst|7482:inst|27                                                                                                                            ; out0             ;
; |lab31119|ALU_LAB3:inst10|METRIX:mul_lab3|cell:inst31|FA:inst|7482:inst|25                                                                                                                            ; |lab31119|ALU_LAB3:inst10|METRIX:mul_lab3|cell:inst31|FA:inst|7482:inst|25                                                                                                                            ; out0             ;
; |lab31119|ALU_LAB3:inst10|METRIX:mul_lab3|cell:inst31|FA:inst|7482:inst|20                                                                                                                            ; |lab31119|ALU_LAB3:inst10|METRIX:mul_lab3|cell:inst31|FA:inst|7482:inst|20                                                                                                                            ; out0             ;
; |lab31119|ALU_LAB3:inst10|METRIX:mul_lab3|cell:inst40|inst1                                                                                                                                           ; |lab31119|ALU_LAB3:inst10|METRIX:mul_lab3|cell:inst40|inst1                                                                                                                                           ; out0             ;
; |lab31119|ALU_LAB3:inst10|METRIX:mul_lab3|cell:inst40|FA:inst|7482:inst|3                                                                                                                             ; |lab31119|ALU_LAB3:inst10|METRIX:mul_lab3|cell:inst40|FA:inst|7482:inst|3                                                                                                                             ; out0             ;
; |lab31119|ALU_LAB3:inst10|METRIX:mul_lab3|cell:inst40|FA:inst|7482:inst|20                                                                                                                            ; |lab31119|ALU_LAB3:inst10|METRIX:mul_lab3|cell:inst40|FA:inst|7482:inst|20                                                                                                                            ; out0             ;
; |lab31119|ALU_LAB3:inst10|METRIX:mul_lab3|cell:inst4|inst1                                                                                                                                            ; |lab31119|ALU_LAB3:inst10|METRIX:mul_lab3|cell:inst4|inst1                                                                                                                                            ; out0             ;
; |lab31119|ALU_LAB3:inst10|METRIX:mul_lab3|cell:inst11|inst1                                                                                                                                           ; |lab31119|ALU_LAB3:inst10|METRIX:mul_lab3|cell:inst11|inst1                                                                                                                                           ; out0             ;
; |lab31119|ALU_LAB3:inst10|METRIX:mul_lab3|cell:inst11|FA:inst|7482:inst|8                                                                                                                             ; |lab31119|ALU_LAB3:inst10|METRIX:mul_lab3|cell:inst11|FA:inst|7482:inst|8                                                                                                                             ; out0             ;
; |lab31119|ALU_LAB3:inst10|METRIX:mul_lab3|cell:inst11|FA:inst|7482:inst|3                                                                                                                             ; |lab31119|ALU_LAB3:inst10|METRIX:mul_lab3|cell:inst11|FA:inst|7482:inst|3                                                                                                                             ; out0             ;
; |lab31119|ALU_LAB3:inst10|METRIX:mul_lab3|cell:inst11|FA:inst|7482:inst|27                                                                                                                            ; |lab31119|ALU_LAB3:inst10|METRIX:mul_lab3|cell:inst11|FA:inst|7482:inst|27                                                                                                                            ; out0             ;
; |lab31119|ALU_LAB3:inst10|METRIX:mul_lab3|cell:inst11|FA:inst|7482:inst|25                                                                                                                            ; |lab31119|ALU_LAB3:inst10|METRIX:mul_lab3|cell:inst11|FA:inst|7482:inst|25                                                                                                                            ; out0             ;
; |lab31119|ALU_LAB3:inst10|METRIX:mul_lab3|cell:inst11|FA:inst|7482:inst|17                                                                                                                            ; |lab31119|ALU_LAB3:inst10|METRIX:mul_lab3|cell:inst11|FA:inst|7482:inst|17                                                                                                                            ; out0             ;
; |lab31119|ALU_LAB3:inst10|METRIX:mul_lab3|cell:inst11|FA:inst|7482:inst|20                                                                                                                            ; |lab31119|ALU_LAB3:inst10|METRIX:mul_lab3|cell:inst11|FA:inst|7482:inst|20                                                                                                                            ; out0             ;
; |lab31119|ALU_LAB3:inst10|METRIX:mul_lab3|cell:inst17|inst1                                                                                                                                           ; |lab31119|ALU_LAB3:inst10|METRIX:mul_lab3|cell:inst17|inst1                                                                                                                                           ; out0             ;
; |lab31119|ALU_LAB3:inst10|METRIX:mul_lab3|cell:inst17|FA:inst|7482:inst|8                                                                                                                             ; |lab31119|ALU_LAB3:inst10|METRIX:mul_lab3|cell:inst17|FA:inst|7482:inst|8                                                                                                                             ; out0             ;
; |lab31119|ALU_LAB3:inst10|METRIX:mul_lab3|cell:inst17|FA:inst|7482:inst|3                                                                                                                             ; |lab31119|ALU_LAB3:inst10|METRIX:mul_lab3|cell:inst17|FA:inst|7482:inst|3                                                                                                                             ; out0             ;
; |lab31119|ALU_LAB3:inst10|METRIX:mul_lab3|cell:inst17|FA:inst|7482:inst|27                                                                                                                            ; |lab31119|ALU_LAB3:inst10|METRIX:mul_lab3|cell:inst17|FA:inst|7482:inst|27                                                                                                                            ; out0             ;
; |lab31119|ALU_LAB3:inst10|METRIX:mul_lab3|cell:inst17|FA:inst|7482:inst|25                                                                                                                            ; |lab31119|ALU_LAB3:inst10|METRIX:mul_lab3|cell:inst17|FA:inst|7482:inst|25                                                                                                                            ; out0             ;
; |lab31119|ALU_LAB3:inst10|METRIX:mul_lab3|cell:inst17|FA:inst|7482:inst|17                                                                                                                            ; |lab31119|ALU_LAB3:inst10|METRIX:mul_lab3|cell:inst17|FA:inst|7482:inst|17                                                                                                                            ; out0             ;
; |lab31119|ALU_LAB3:inst10|METRIX:mul_lab3|cell:inst17|FA:inst|7482:inst|20                                                                                                                            ; |lab31119|ALU_LAB3:inst10|METRIX:mul_lab3|cell:inst17|FA:inst|7482:inst|20                                                                                                                            ; out0             ;
; |lab31119|ALU_LAB3:inst10|METRIX:mul_lab3|cell:inst24|inst1                                                                                                                                           ; |lab31119|ALU_LAB3:inst10|METRIX:mul_lab3|cell:inst24|inst1                                                                                                                                           ; out0             ;
; |lab31119|ALU_LAB3:inst10|METRIX:mul_lab3|cell:inst24|FA:inst|7482:inst|8                                                                                                                             ; |lab31119|ALU_LAB3:inst10|METRIX:mul_lab3|cell:inst24|FA:inst|7482:inst|8                                                                                                                             ; out0             ;
; |lab31119|ALU_LAB3:inst10|METRIX:mul_lab3|cell:inst24|FA:inst|7482:inst|3                                                                                                                             ; |lab31119|ALU_LAB3:inst10|METRIX:mul_lab3|cell:inst24|FA:inst|7482:inst|3                                                                                                                             ; out0             ;
; |lab31119|ALU_LAB3:inst10|METRIX:mul_lab3|cell:inst24|FA:inst|7482:inst|27                                                                                                                            ; |lab31119|ALU_LAB3:inst10|METRIX:mul_lab3|cell:inst24|FA:inst|7482:inst|27                                                                                                                            ; out0             ;
; |lab31119|ALU_LAB3:inst10|METRIX:mul_lab3|cell:inst24|FA:inst|7482:inst|25                                                                                                                            ; |lab31119|ALU_LAB3:inst10|METRIX:mul_lab3|cell:inst24|FA:inst|7482:inst|25                                                                                                                            ; out0             ;
; |lab31119|ALU_LAB3:inst10|METRIX:mul_lab3|cell:inst24|FA:inst|7482:inst|20                                                                                                                            ; |lab31119|ALU_LAB3:inst10|METRIX:mul_lab3|cell:inst24|FA:inst|7482:inst|20                                                                                                                            ; out0             ;
; |lab31119|ALU_LAB3:inst10|METRIX:mul_lab3|cell:inst34|inst1                                                                                                                                           ; |lab31119|ALU_LAB3:inst10|METRIX:mul_lab3|cell:inst34|inst1                                                                                                                                           ; out0             ;
; |lab31119|ALU_LAB3:inst10|METRIX:mul_lab3|cell:inst34|FA:inst|7482:inst|3                                                                                                                             ; |lab31119|ALU_LAB3:inst10|METRIX:mul_lab3|cell:inst34|FA:inst|7482:inst|3                                                                                                                             ; out0             ;
; |lab31119|ALU_LAB3:inst10|METRIX:mul_lab3|cell:inst34|FA:inst|7482:inst|20                                                                                                                            ; |lab31119|ALU_LAB3:inst10|METRIX:mul_lab3|cell:inst34|FA:inst|7482:inst|20                                                                                                                            ; out0             ;
; |lab31119|ALU_LAB3:inst10|METRIX:mul_lab3|cell:inst3|inst1                                                                                                                                            ; |lab31119|ALU_LAB3:inst10|METRIX:mul_lab3|cell:inst3|inst1                                                                                                                                            ; out0             ;
; |lab31119|ALU_LAB3:inst10|METRIX:mul_lab3|cell:inst10|inst1                                                                                                                                           ; |lab31119|ALU_LAB3:inst10|METRIX:mul_lab3|cell:inst10|inst1                                                                                                                                           ; out0             ;
; |lab31119|ALU_LAB3:inst10|METRIX:mul_lab3|cell:inst10|FA:inst|7482:inst|8                                                                                                                             ; |lab31119|ALU_LAB3:inst10|METRIX:mul_lab3|cell:inst10|FA:inst|7482:inst|8                                                                                                                             ; out0             ;
; |lab31119|ALU_LAB3:inst10|METRIX:mul_lab3|cell:inst10|FA:inst|7482:inst|3                                                                                                                             ; |lab31119|ALU_LAB3:inst10|METRIX:mul_lab3|cell:inst10|FA:inst|7482:inst|3                                                                                                                             ; out0             ;
; |lab31119|ALU_LAB3:inst10|METRIX:mul_lab3|cell:inst10|FA:inst|7482:inst|27                                                                                                                            ; |lab31119|ALU_LAB3:inst10|METRIX:mul_lab3|cell:inst10|FA:inst|7482:inst|27                                                                                                                            ; out0             ;
; |lab31119|ALU_LAB3:inst10|METRIX:mul_lab3|cell:inst10|FA:inst|7482:inst|25                                                                                                                            ; |lab31119|ALU_LAB3:inst10|METRIX:mul_lab3|cell:inst10|FA:inst|7482:inst|25                                                                                                                            ; out0             ;
; |lab31119|ALU_LAB3:inst10|METRIX:mul_lab3|cell:inst10|FA:inst|7482:inst|17                                                                                                                            ; |lab31119|ALU_LAB3:inst10|METRIX:mul_lab3|cell:inst10|FA:inst|7482:inst|17                                                                                                                            ; out0             ;
; |lab31119|ALU_LAB3:inst10|METRIX:mul_lab3|cell:inst10|FA:inst|7482:inst|20                                                                                                                            ; |lab31119|ALU_LAB3:inst10|METRIX:mul_lab3|cell:inst10|FA:inst|7482:inst|20                                                                                                                            ; out0             ;
; |lab31119|ALU_LAB3:inst10|METRIX:mul_lab3|cell:inst16|inst1                                                                                                                                           ; |lab31119|ALU_LAB3:inst10|METRIX:mul_lab3|cell:inst16|inst1                                                                                                                                           ; out0             ;
; |lab31119|ALU_LAB3:inst10|METRIX:mul_lab3|cell:inst16|FA:inst|7482:inst|8                                                                                                                             ; |lab31119|ALU_LAB3:inst10|METRIX:mul_lab3|cell:inst16|FA:inst|7482:inst|8                                                                                                                             ; out0             ;
; |lab31119|ALU_LAB3:inst10|METRIX:mul_lab3|cell:inst16|FA:inst|7482:inst|3                                                                                                                             ; |lab31119|ALU_LAB3:inst10|METRIX:mul_lab3|cell:inst16|FA:inst|7482:inst|3                                                                                                                             ; out0             ;
; |lab31119|ALU_LAB3:inst10|METRIX:mul_lab3|cell:inst16|FA:inst|7482:inst|27                                                                                                                            ; |lab31119|ALU_LAB3:inst10|METRIX:mul_lab3|cell:inst16|FA:inst|7482:inst|27                                                                                                                            ; out0             ;
; |lab31119|ALU_LAB3:inst10|METRIX:mul_lab3|cell:inst16|FA:inst|7482:inst|25                                                                                                                            ; |lab31119|ALU_LAB3:inst10|METRIX:mul_lab3|cell:inst16|FA:inst|7482:inst|25                                                                                                                            ; out0             ;
; |lab31119|ALU_LAB3:inst10|METRIX:mul_lab3|cell:inst16|FA:inst|7482:inst|17                                                                                                                            ; |lab31119|ALU_LAB3:inst10|METRIX:mul_lab3|cell:inst16|FA:inst|7482:inst|17                                                                                                                            ; out0             ;
; |lab31119|ALU_LAB3:inst10|METRIX:mul_lab3|cell:inst23|inst1                                                                                                                                           ; |lab31119|ALU_LAB3:inst10|METRIX:mul_lab3|cell:inst23|inst1                                                                                                                                           ; out0             ;
; |lab31119|ALU_LAB3:inst10|METRIX:mul_lab3|cell:inst23|FA:inst|7482:inst|3                                                                                                                             ; |lab31119|ALU_LAB3:inst10|METRIX:mul_lab3|cell:inst23|FA:inst|7482:inst|3                                                                                                                             ; out0             ;
; |lab31119|ALU_LAB3:inst10|METRIX:mul_lab3|cell:inst23|FA:inst|7482:inst|20                                                                                                                            ; |lab31119|ALU_LAB3:inst10|METRIX:mul_lab3|cell:inst23|FA:inst|7482:inst|20                                                                                                                            ; out0             ;
; |lab31119|ALU_LAB3:inst10|METRIX:mul_lab3|cell:inst2|inst1                                                                                                                                            ; |lab31119|ALU_LAB3:inst10|METRIX:mul_lab3|cell:inst2|inst1                                                                                                                                            ; out0             ;
; |lab31119|ALU_LAB3:inst10|METRIX:mul_lab3|cell:inst8|inst1                                                                                                                                            ; |lab31119|ALU_LAB3:inst10|METRIX:mul_lab3|cell:inst8|inst1                                                                                                                                            ; out0             ;
; |lab31119|ALU_LAB3:inst10|METRIX:mul_lab3|cell:inst8|FA:inst|7482:inst|8                                                                                                                              ; |lab31119|ALU_LAB3:inst10|METRIX:mul_lab3|cell:inst8|FA:inst|7482:inst|8                                                                                                                              ; out0             ;
; |lab31119|ALU_LAB3:inst10|METRIX:mul_lab3|cell:inst8|FA:inst|7482:inst|3                                                                                                                              ; |lab31119|ALU_LAB3:inst10|METRIX:mul_lab3|cell:inst8|FA:inst|7482:inst|3                                                                                                                              ; out0             ;
; |lab31119|ALU_LAB3:inst10|METRIX:mul_lab3|cell:inst8|FA:inst|7482:inst|27                                                                                                                             ; |lab31119|ALU_LAB3:inst10|METRIX:mul_lab3|cell:inst8|FA:inst|7482:inst|27                                                                                                                             ; out0             ;
; |lab31119|ALU_LAB3:inst10|METRIX:mul_lab3|cell:inst8|FA:inst|7482:inst|25                                                                                                                             ; |lab31119|ALU_LAB3:inst10|METRIX:mul_lab3|cell:inst8|FA:inst|7482:inst|25                                                                                                                             ; out0             ;
; |lab31119|ALU_LAB3:inst10|METRIX:mul_lab3|cell:inst33|inst1                                                                                                                                           ; |lab31119|ALU_LAB3:inst10|METRIX:mul_lab3|cell:inst33|inst1                                                                                                                                           ; out0             ;
; |lab31119|ALU_LAB3:inst10|METRIX:mul_lab3|cell:inst33|FA:inst|7482:inst|3                                                                                                                             ; |lab31119|ALU_LAB3:inst10|METRIX:mul_lab3|cell:inst33|FA:inst|7482:inst|3                                                                                                                             ; out0             ;
; |lab31119|ALU_LAB3:inst10|METRIX:mul_lab3|cell:inst33|FA:inst|7482:inst|20                                                                                                                            ; |lab31119|ALU_LAB3:inst10|METRIX:mul_lab3|cell:inst33|FA:inst|7482:inst|20                                                                                                                            ; out0             ;
; |lab31119|ALU_LAB3:inst10|METRIX:mul_lab3|cell:inst1|inst1                                                                                                                                            ; |lab31119|ALU_LAB3:inst10|METRIX:mul_lab3|cell:inst1|inst1                                                                                                                                            ; out0             ;
; |lab31119|ALU_LAB3:inst10|METRIX:mul_lab3|cell:inst9|inst1                                                                                                                                            ; |lab31119|ALU_LAB3:inst10|METRIX:mul_lab3|cell:inst9|inst1                                                                                                                                            ; out0             ;
; |lab31119|ALU_LAB3:inst10|METRIX:mul_lab3|cell:inst9|FA:inst|7482:inst|3                                                                                                                              ; |lab31119|ALU_LAB3:inst10|METRIX:mul_lab3|cell:inst9|FA:inst|7482:inst|3                                                                                                                              ; out0             ;
; |lab31119|ALU_LAB3:inst10|METRIX:mul_lab3|cell:inst9|FA:inst|7482:inst|20                                                                                                                             ; |lab31119|ALU_LAB3:inst10|METRIX:mul_lab3|cell:inst9|FA:inst|7482:inst|20                                                                                                                             ; out0             ;
; |lab31119|ALU_LAB3:inst10|METRIX:mul_lab3|cell:inst|inst1                                                                                                                                             ; |lab31119|ALU_LAB3:inst10|METRIX:mul_lab3|cell:inst|inst1                                                                                                                                             ; out0             ;
; |lab31119|ALU_LAB3:inst10|CHOOSE_LAB3:inst2|c_or1                                                                                                                                                     ; |lab31119|ALU_LAB3:inst10|CHOOSE_LAB3:inst2|c_or1                                                                                                                                                     ; out0             ;
; |lab31119|ALU_LAB3:inst10|CHOOSE_LAB3:inst2|choose1                                                                                                                                                   ; |lab31119|ALU_LAB3:inst10|CHOOSE_LAB3:inst2|choose1                                                                                                                                                   ; out0             ;
; |lab31119|ALU_LAB3:inst10|CHOOSE_LAB3:inst2|c_or3                                                                                                                                                     ; |lab31119|ALU_LAB3:inst10|CHOOSE_LAB3:inst2|c_or3                                                                                                                                                     ; out0             ;
; |lab31119|ALU_LAB3:inst10|CHOOSE_LAB3:inst2|choose3                                                                                                                                                   ; |lab31119|ALU_LAB3:inst10|CHOOSE_LAB3:inst2|choose3                                                                                                                                                   ; out0             ;
; |lab31119|ALU_LAB3:inst10|CHOOSE_LAB3:inst2|c_or4                                                                                                                                                     ; |lab31119|ALU_LAB3:inst10|CHOOSE_LAB3:inst2|c_or4                                                                                                                                                     ; out0             ;
; |lab31119|ALU_LAB3:inst10|CHOOSE_LAB3:inst2|choose4                                                                                                                                                   ; |lab31119|ALU_LAB3:inst10|CHOOSE_LAB3:inst2|choose4                                                                                                                                                   ; out0             ;
; |lab31119|ALU_LAB3:inst10|CHOOSE_LAB3:inst2|c_or5                                                                                                                                                     ; |lab31119|ALU_LAB3:inst10|CHOOSE_LAB3:inst2|c_or5                                                                                                                                                     ; out0             ;
; |lab31119|ALU_LAB3:inst10|CHOOSE_LAB3:inst2|choose5                                                                                                                                                   ; |lab31119|ALU_LAB3:inst10|CHOOSE_LAB3:inst2|choose5                                                                                                                                                   ; out0             ;
; |lab31119|ALU_LAB3:inst10|CHOOSE_LAB3:inst2|c_or6                                                                                                                                                     ; |lab31119|ALU_LAB3:inst10|CHOOSE_LAB3:inst2|c_or6                                                                                                                                                     ; out0             ;
; |lab31119|ALU_LAB3:inst10|CHOOSE_LAB3:inst2|choose6                                                                                                                                                   ; |lab31119|ALU_LAB3:inst10|CHOOSE_LAB3:inst2|choose6                                                                                                                                                   ; out0             ;
; |lab31119|ALU_LAB3:inst10|CHOOSE_LAB3:inst2|c_or7                                                                                                                                                     ; |lab31119|ALU_LAB3:inst10|CHOOSE_LAB3:inst2|c_or7                                                                                                                                                     ; out0             ;
; |lab31119|ALU_LAB3:inst10|CHOOSE_LAB3:inst2|choose7                                                                                                                                                   ; |lab31119|ALU_LAB3:inst10|CHOOSE_LAB3:inst2|choose7                                                                                                                                                   ; out0             ;
; |lab31119|ALU_LAB3:inst10|CHOOSE_LAB3:inst2|c_or8                                                                                                                                                     ; |lab31119|ALU_LAB3:inst10|CHOOSE_LAB3:inst2|c_or8                                                                                                                                                     ; out0             ;
; |lab31119|ALU_LAB3:inst10|CHOOSE_LAB3:inst2|choose8                                                                                                                                                   ; |lab31119|ALU_LAB3:inst10|CHOOSE_LAB3:inst2|choose8                                                                                                                                                   ; out0             ;
; |lab31119|ALU_LAB3:inst10|CHOOSE_LAB3:inst2|c_or9                                                                                                                                                     ; |lab31119|ALU_LAB3:inst10|CHOOSE_LAB3:inst2|c_or9                                                                                                                                                     ; out0             ;
; |lab31119|ALU_LAB3:inst10|CHOOSE_LAB3:inst2|choose9                                                                                                                                                   ; |lab31119|ALU_LAB3:inst10|CHOOSE_LAB3:inst2|choose9                                                                                                                                                   ; out0             ;
; |lab31119|ALU_LAB3:inst10|CHOOSE_LAB3:inst2|c_or10                                                                                                                                                    ; |lab31119|ALU_LAB3:inst10|CHOOSE_LAB3:inst2|c_or10                                                                                                                                                    ; out0             ;
; |lab31119|ALU_LAB3:inst10|CHOOSE_LAB3:inst2|choose10                                                                                                                                                  ; |lab31119|ALU_LAB3:inst10|CHOOSE_LAB3:inst2|choose10                                                                                                                                                  ; out0             ;
; |lab31119|ALU_LAB3:inst10|CHOOSE_LAB3:inst2|c_or11                                                                                                                                                    ; |lab31119|ALU_LAB3:inst10|CHOOSE_LAB3:inst2|c_or11                                                                                                                                                    ; out0             ;
; |lab31119|ALU_LAB3:inst10|CHOOSE_LAB3:inst2|choose11                                                                                                                                                  ; |lab31119|ALU_LAB3:inst10|CHOOSE_LAB3:inst2|choose11                                                                                                                                                  ; out0             ;
; |lab31119|ALU_LAB3:inst10|74181:alu1|81                                                                                                                                                               ; |lab31119|ALU_LAB3:inst10|74181:alu1|81                                                                                                                                                               ; out0             ;
; |lab31119|ALU_LAB3:inst10|74181:alu1|54                                                                                                                                                               ; |lab31119|ALU_LAB3:inst10|74181:alu1|54                                                                                                                                                               ; out0             ;
; |lab31119|ALU_LAB3:inst10|74181:alu1|47                                                                                                                                                               ; |lab31119|ALU_LAB3:inst10|74181:alu1|47                                                                                                                                                               ; out0             ;
; |lab31119|ALU_LAB3:inst10|74181:alu1|14                                                                                                                                                               ; |lab31119|ALU_LAB3:inst10|74181:alu1|14                                                                                                                                                               ; out0             ;
; |lab31119|ALU_LAB3:inst10|74181:alu1|13                                                                                                                                                               ; |lab31119|ALU_LAB3:inst10|74181:alu1|13                                                                                                                                                               ; out0             ;
; |lab31119|ALU_LAB3:inst10|74181:alu1|44                                                                                                                                                               ; |lab31119|ALU_LAB3:inst10|74181:alu1|44                                                                                                                                                               ; out0             ;
; |lab31119|ALU_LAB3:inst10|74181:alu1|11                                                                                                                                                               ; |lab31119|ALU_LAB3:inst10|74181:alu1|11                                                                                                                                                               ; out0             ;
; |lab31119|ALU_LAB3:inst10|74181:alu1|12                                                                                                                                                               ; |lab31119|ALU_LAB3:inst10|74181:alu1|12                                                                                                                                                               ; out0             ;
; |lab31119|ALU_LAB3:inst10|74181:alu1|79                                                                                                                                                               ; |lab31119|ALU_LAB3:inst10|74181:alu1|79                                                                                                                                                               ; out0             ;
; |lab31119|ALU_LAB3:inst10|74181:alu1|66                                                                                                                                                               ; |lab31119|ALU_LAB3:inst10|74181:alu1|66                                                                                                                                                               ; out0             ;
; |lab31119|ALU_LAB3:inst10|74181:alu1|46                                                                                                                                                               ; |lab31119|ALU_LAB3:inst10|74181:alu1|46                                                                                                                                                               ; out0             ;
; |lab31119|ALU_LAB3:inst10|74181:alu1|9                                                                                                                                                                ; |lab31119|ALU_LAB3:inst10|74181:alu1|9                                                                                                                                                                ; out0             ;
; |lab31119|ALU_LAB3:inst10|74181:alu1|8                                                                                                                                                                ; |lab31119|ALU_LAB3:inst10|74181:alu1|8                                                                                                                                                                ; out0             ;
; |lab31119|ALU_LAB3:inst10|74181:alu1|65                                                                                                                                                               ; |lab31119|ALU_LAB3:inst10|74181:alu1|65                                                                                                                                                               ; out0             ;
; |lab31119|ALU_LAB3:inst10|74181:alu1|43                                                                                                                                                               ; |lab31119|ALU_LAB3:inst10|74181:alu1|43                                                                                                                                                               ; out0             ;
; |lab31119|ALU_LAB3:inst10|74181:alu1|6                                                                                                                                                                ; |lab31119|ALU_LAB3:inst10|74181:alu1|6                                                                                                                                                                ; out0             ;
; |lab31119|ALU_LAB3:inst10|74181:alu1|7                                                                                                                                                                ; |lab31119|ALU_LAB3:inst10|74181:alu1|7                                                                                                                                                                ; out0             ;
; |lab31119|ALU_LAB3:inst10|74181:alu1|77                                                                                                                                                               ; |lab31119|ALU_LAB3:inst10|74181:alu1|77                                                                                                                                                               ; out0             ;
; |lab31119|ALU_LAB3:inst10|74181:alu1|56                                                                                                                                                               ; |lab31119|ALU_LAB3:inst10|74181:alu1|56                                                                                                                                                               ; out0             ;
; |lab31119|ALU_LAB3:inst10|74181:alu1|52                                                                                                                                                               ; |lab31119|ALU_LAB3:inst10|74181:alu1|52                                                                                                                                                               ; out0             ;
; |lab31119|ALU_LAB3:inst10|74181:alu1|24                                                                                                                                                               ; |lab31119|ALU_LAB3:inst10|74181:alu1|24                                                                                                                                                               ; out0             ;
; |lab31119|ALU_LAB3:inst10|74181:alu1|23                                                                                                                                                               ; |lab31119|ALU_LAB3:inst10|74181:alu1|23                                                                                                                                                               ; out0             ;
; |lab31119|ALU_LAB3:inst10|74181:alu1|51                                                                                                                                                               ; |lab31119|ALU_LAB3:inst10|74181:alu1|51                                                                                                                                                               ; out0             ;
; |lab31119|ALU_LAB3:inst10|74181:alu1|21                                                                                                                                                               ; |lab31119|ALU_LAB3:inst10|74181:alu1|21                                                                                                                                                               ; out0             ;
; |lab31119|ALU_LAB3:inst10|74181:alu1|22                                                                                                                                                               ; |lab31119|ALU_LAB3:inst10|74181:alu1|22                                                                                                                                                               ; out0             ;
; |lab31119|ALU_LAB3:inst10|74181:alu1|74                                                                                                                                                               ; |lab31119|ALU_LAB3:inst10|74181:alu1|74                                                                                                                                                               ; out0             ;
; |lab31119|ALU_LAB3:inst10|74181:alu1|73                                                                                                                                                               ; |lab31119|ALU_LAB3:inst10|74181:alu1|73                                                                                                                                                               ; out0             ;
; |lab31119|ALU_LAB3:inst10|74181:alu1|48                                                                                                                                                               ; |lab31119|ALU_LAB3:inst10|74181:alu1|48                                                                                                                                                               ; out0             ;
; |lab31119|ALU_LAB3:inst10|74181:alu1|19                                                                                                                                                               ; |lab31119|ALU_LAB3:inst10|74181:alu1|19                                                                                                                                                               ; out0             ;
; |lab31119|ALU_LAB3:inst10|74181:alu1|18                                                                                                                                                               ; |lab31119|ALU_LAB3:inst10|74181:alu1|18                                                                                                                                                               ; out0             ;
; |lab31119|ALU_LAB3:inst10|74181:alu1|72                                                                                                                                                               ; |lab31119|ALU_LAB3:inst10|74181:alu1|72                                                                                                                                                               ; out0             ;
; |lab31119|ALU_LAB3:inst10|74181:alu1|71                                                                                                                                                               ; |lab31119|ALU_LAB3:inst10|74181:alu1|71                                                                                                                                                               ; out0             ;
; |lab31119|ALU_LAB3:inst10|74181:alu1|70                                                                                                                                                               ; |lab31119|ALU_LAB3:inst10|74181:alu1|70                                                                                                                                                               ; out0             ;
; |lab31119|ALU_LAB3:inst10|74181:alu1|45                                                                                                                                                               ; |lab31119|ALU_LAB3:inst10|74181:alu1|45                                                                                                                                                               ; out0             ;
; |lab31119|ALU_LAB3:inst10|74181:alu1|16                                                                                                                                                               ; |lab31119|ALU_LAB3:inst10|74181:alu1|16                                                                                                                                                               ; out0             ;
; |lab31119|ALU_LAB3:inst10|74181:alu1|17                                                                                                                                                               ; |lab31119|ALU_LAB3:inst10|74181:alu1|17                                                                                                                                                               ; out0             ;
; |lab31119|ALU_LAB3:inst10|74181:alu1|82                                                                                                                                                               ; |lab31119|ALU_LAB3:inst10|74181:alu1|82                                                                                                                                                               ; out0             ;
; |lab31119|ALU_LAB3:inst10|74181:alu1|55                                                                                                                                                               ; |lab31119|ALU_LAB3:inst10|74181:alu1|55                                                                                                                                                               ; out0             ;
; |lab31119|ALU_LAB3:inst10|74181:alu1|75                                                                                                                                                               ; |lab31119|ALU_LAB3:inst10|74181:alu1|75                                                                                                                                                               ; out0             ;
; |lab31119|ALU_LAB3:inst10|74181:alu1|67                                                                                                                                                               ; |lab31119|ALU_LAB3:inst10|74181:alu1|67                                                                                                                                                               ; out0             ;
; |lab31119|ALU_LAB3:inst10|74181:alu1|68                                                                                                                                                               ; |lab31119|ALU_LAB3:inst10|74181:alu1|68                                                                                                                                                               ; out0             ;
; |lab31119|ALU_LAB3:inst10|74181:alu1|69                                                                                                                                                               ; |lab31119|ALU_LAB3:inst10|74181:alu1|69                                                                                                                                                               ; out0             ;
; |lab31119|ALU_LAB3:inst10|74181:alu1|80                                                                                                                                                               ; |lab31119|ALU_LAB3:inst10|74181:alu1|80                                                                                                                                                               ; out0             ;
; |lab31119|ALU_LAB3:inst10|74181:alu1|53                                                                                                                                                               ; |lab31119|ALU_LAB3:inst10|74181:alu1|53                                                                                                                                                               ; out0             ;
; |lab31119|ALU_LAB3:inst10|74181:alu1|64                                                                                                                                                               ; |lab31119|ALU_LAB3:inst10|74181:alu1|64                                                                                                                                                               ; out0             ;
; |lab31119|ALU_LAB3:inst10|74181:alu2|81                                                                                                                                                               ; |lab31119|ALU_LAB3:inst10|74181:alu2|81                                                                                                                                                               ; out0             ;
; |lab31119|ALU_LAB3:inst10|74181:alu2|54                                                                                                                                                               ; |lab31119|ALU_LAB3:inst10|74181:alu2|54                                                                                                                                                               ; out0             ;
; |lab31119|ALU_LAB3:inst10|74181:alu2|47                                                                                                                                                               ; |lab31119|ALU_LAB3:inst10|74181:alu2|47                                                                                                                                                               ; out0             ;
; |lab31119|ALU_LAB3:inst10|74181:alu2|14                                                                                                                                                               ; |lab31119|ALU_LAB3:inst10|74181:alu2|14                                                                                                                                                               ; out0             ;
; |lab31119|ALU_LAB3:inst10|74181:alu2|13                                                                                                                                                               ; |lab31119|ALU_LAB3:inst10|74181:alu2|13                                                                                                                                                               ; out0             ;
; |lab31119|ALU_LAB3:inst10|74181:alu2|44                                                                                                                                                               ; |lab31119|ALU_LAB3:inst10|74181:alu2|44                                                                                                                                                               ; out0             ;
; |lab31119|ALU_LAB3:inst10|74181:alu2|11                                                                                                                                                               ; |lab31119|ALU_LAB3:inst10|74181:alu2|11                                                                                                                                                               ; out0             ;
; |lab31119|ALU_LAB3:inst10|74181:alu2|12                                                                                                                                                               ; |lab31119|ALU_LAB3:inst10|74181:alu2|12                                                                                                                                                               ; out0             ;
; |lab31119|ALU_LAB3:inst10|74181:alu2|79                                                                                                                                                               ; |lab31119|ALU_LAB3:inst10|74181:alu2|79                                                                                                                                                               ; out0             ;
; |lab31119|ALU_LAB3:inst10|74181:alu2|66                                                                                                                                                               ; |lab31119|ALU_LAB3:inst10|74181:alu2|66                                                                                                                                                               ; out0             ;
; |lab31119|ALU_LAB3:inst10|74181:alu2|46                                                                                                                                                               ; |lab31119|ALU_LAB3:inst10|74181:alu2|46                                                                                                                                                               ; out0             ;
; |lab31119|ALU_LAB3:inst10|74181:alu2|9                                                                                                                                                                ; |lab31119|ALU_LAB3:inst10|74181:alu2|9                                                                                                                                                                ; out0             ;
; |lab31119|ALU_LAB3:inst10|74181:alu2|8                                                                                                                                                                ; |lab31119|ALU_LAB3:inst10|74181:alu2|8                                                                                                                                                                ; out0             ;
; |lab31119|ALU_LAB3:inst10|74181:alu2|65                                                                                                                                                               ; |lab31119|ALU_LAB3:inst10|74181:alu2|65                                                                                                                                                               ; out0             ;
; |lab31119|ALU_LAB3:inst10|74181:alu2|43                                                                                                                                                               ; |lab31119|ALU_LAB3:inst10|74181:alu2|43                                                                                                                                                               ; out0             ;
; |lab31119|ALU_LAB3:inst10|74181:alu2|6                                                                                                                                                                ; |lab31119|ALU_LAB3:inst10|74181:alu2|6                                                                                                                                                                ; out0             ;
; |lab31119|ALU_LAB3:inst10|74181:alu2|7                                                                                                                                                                ; |lab31119|ALU_LAB3:inst10|74181:alu2|7                                                                                                                                                                ; out0             ;
; |lab31119|ALU_LAB3:inst10|74181:alu2|77                                                                                                                                                               ; |lab31119|ALU_LAB3:inst10|74181:alu2|77                                                                                                                                                               ; out0             ;
; |lab31119|ALU_LAB3:inst10|74181:alu2|56                                                                                                                                                               ; |lab31119|ALU_LAB3:inst10|74181:alu2|56                                                                                                                                                               ; out0             ;
; |lab31119|ALU_LAB3:inst10|74181:alu2|52                                                                                                                                                               ; |lab31119|ALU_LAB3:inst10|74181:alu2|52                                                                                                                                                               ; out0             ;
; |lab31119|ALU_LAB3:inst10|74181:alu2|24                                                                                                                                                               ; |lab31119|ALU_LAB3:inst10|74181:alu2|24                                                                                                                                                               ; out0             ;
; |lab31119|ALU_LAB3:inst10|74181:alu2|23                                                                                                                                                               ; |lab31119|ALU_LAB3:inst10|74181:alu2|23                                                                                                                                                               ; out0             ;
; |lab31119|ALU_LAB3:inst10|74181:alu2|51                                                                                                                                                               ; |lab31119|ALU_LAB3:inst10|74181:alu2|51                                                                                                                                                               ; out0             ;
; |lab31119|ALU_LAB3:inst10|74181:alu2|21                                                                                                                                                               ; |lab31119|ALU_LAB3:inst10|74181:alu2|21                                                                                                                                                               ; out0             ;
; |lab31119|ALU_LAB3:inst10|74181:alu2|22                                                                                                                                                               ; |lab31119|ALU_LAB3:inst10|74181:alu2|22                                                                                                                                                               ; out0             ;
; |lab31119|ALU_LAB3:inst10|74181:alu2|74                                                                                                                                                               ; |lab31119|ALU_LAB3:inst10|74181:alu2|74                                                                                                                                                               ; out0             ;
; |lab31119|ALU_LAB3:inst10|74181:alu2|73                                                                                                                                                               ; |lab31119|ALU_LAB3:inst10|74181:alu2|73                                                                                                                                                               ; out0             ;
; |lab31119|ALU_LAB3:inst10|74181:alu2|72                                                                                                                                                               ; |lab31119|ALU_LAB3:inst10|74181:alu2|72                                                                                                                                                               ; out0             ;
; |lab31119|ALU_LAB3:inst10|74181:alu2|71                                                                                                                                                               ; |lab31119|ALU_LAB3:inst10|74181:alu2|71                                                                                                                                                               ; out0             ;
; |lab31119|ALU_LAB3:inst10|74181:alu2|70                                                                                                                                                               ; |lab31119|ALU_LAB3:inst10|74181:alu2|70                                                                                                                                                               ; out0             ;
; |lab31119|ALU_LAB3:inst10|74181:alu2|45                                                                                                                                                               ; |lab31119|ALU_LAB3:inst10|74181:alu2|45                                                                                                                                                               ; out0             ;
; |lab31119|ALU_LAB3:inst10|74181:alu2|17                                                                                                                                                               ; |lab31119|ALU_LAB3:inst10|74181:alu2|17                                                                                                                                                               ; out0             ;
; |lab31119|ALU_LAB3:inst10|74181:alu2|82                                                                                                                                                               ; |lab31119|ALU_LAB3:inst10|74181:alu2|82                                                                                                                                                               ; out0             ;
; |lab31119|ALU_LAB3:inst10|74181:alu2|55                                                                                                                                                               ; |lab31119|ALU_LAB3:inst10|74181:alu2|55                                                                                                                                                               ; out0             ;
; |lab31119|ALU_LAB3:inst10|74181:alu2|75                                                                                                                                                               ; |lab31119|ALU_LAB3:inst10|74181:alu2|75                                                                                                                                                               ; out0             ;
; |lab31119|ALU_LAB3:inst10|74181:alu2|67                                                                                                                                                               ; |lab31119|ALU_LAB3:inst10|74181:alu2|67                                                                                                                                                               ; out0             ;
; |lab31119|ALU_LAB3:inst10|74181:alu2|68                                                                                                                                                               ; |lab31119|ALU_LAB3:inst10|74181:alu2|68                                                                                                                                                               ; out0             ;
; |lab31119|ALU_LAB3:inst10|74181:alu2|69                                                                                                                                                               ; |lab31119|ALU_LAB3:inst10|74181:alu2|69                                                                                                                                                               ; out0             ;
; |lab31119|ALU_LAB3:inst10|74181:alu2|80                                                                                                                                                               ; |lab31119|ALU_LAB3:inst10|74181:alu2|80                                                                                                                                                               ; out0             ;
; |lab31119|ALU_LAB3:inst10|74181:alu2|53                                                                                                                                                               ; |lab31119|ALU_LAB3:inst10|74181:alu2|53                                                                                                                                                               ; out0             ;
; |lab31119|ALU_LAB3:inst10|74181:alu2|64                                                                                                                                                               ; |lab31119|ALU_LAB3:inst10|74181:alu2|64                                                                                                                                                               ; out0             ;
; |lab31119|ALU_LAB3:inst10|74181:alu2|78                                                                                                                                                               ; |lab31119|ALU_LAB3:inst10|74181:alu2|78                                                                                                                                                               ; out0             ;
; |lab31119|ALU_LAB3:inst10|74181:alu2|63                                                                                                                                                               ; |lab31119|ALU_LAB3:inst10|74181:alu2|63                                                                                                                                                               ; out0             ;
; |lab31119|ALU_LAB3:inst10|74181:alu2|58                                                                                                                                                               ; |lab31119|ALU_LAB3:inst10|74181:alu2|58                                                                                                                                                               ; out0             ;
; |lab31119|ALU_LAB3:inst10|74181:alu2|59                                                                                                                                                               ; |lab31119|ALU_LAB3:inst10|74181:alu2|59                                                                                                                                                               ; out0             ;
; |lab31119|ALU_LAB3:inst10|74181:alu2|62                                                                                                                                                               ; |lab31119|ALU_LAB3:inst10|74181:alu2|62                                                                                                                                                               ; out0             ;
; |lab31119|ALU_LAB3:inst10|74181:alu2|61                                                                                                                                                               ; |lab31119|ALU_LAB3:inst10|74181:alu2|61                                                                                                                                                               ; out0             ;
; |lab31119|ALU_LAB3:inst10|74181:alu3|81                                                                                                                                                               ; |lab31119|ALU_LAB3:inst10|74181:alu3|81                                                                                                                                                               ; out0             ;
; |lab31119|ALU_LAB3:inst10|74181:alu3|54                                                                                                                                                               ; |lab31119|ALU_LAB3:inst10|74181:alu3|54                                                                                                                                                               ; out0             ;
; |lab31119|ALU_LAB3:inst10|74181:alu3|47                                                                                                                                                               ; |lab31119|ALU_LAB3:inst10|74181:alu3|47                                                                                                                                                               ; out0             ;
; |lab31119|ALU_LAB3:inst10|74181:alu3|14                                                                                                                                                               ; |lab31119|ALU_LAB3:inst10|74181:alu3|14                                                                                                                                                               ; out0             ;
; |lab31119|ALU_LAB3:inst10|74181:alu3|13                                                                                                                                                               ; |lab31119|ALU_LAB3:inst10|74181:alu3|13                                                                                                                                                               ; out0             ;
; |lab31119|ALU_LAB3:inst10|74181:alu3|44                                                                                                                                                               ; |lab31119|ALU_LAB3:inst10|74181:alu3|44                                                                                                                                                               ; out0             ;
; |lab31119|ALU_LAB3:inst10|74181:alu3|11                                                                                                                                                               ; |lab31119|ALU_LAB3:inst10|74181:alu3|11                                                                                                                                                               ; out0             ;
; |lab31119|ALU_LAB3:inst10|74181:alu3|12                                                                                                                                                               ; |lab31119|ALU_LAB3:inst10|74181:alu3|12                                                                                                                                                               ; out0             ;
; |lab31119|ALU_LAB3:inst10|74181:alu3|79                                                                                                                                                               ; |lab31119|ALU_LAB3:inst10|74181:alu3|79                                                                                                                                                               ; out0             ;
; |lab31119|ALU_LAB3:inst10|74181:alu3|66                                                                                                                                                               ; |lab31119|ALU_LAB3:inst10|74181:alu3|66                                                                                                                                                               ; out0             ;
; |lab31119|ALU_LAB3:inst10|74181:alu3|46                                                                                                                                                               ; |lab31119|ALU_LAB3:inst10|74181:alu3|46                                                                                                                                                               ; out0             ;
; |lab31119|ALU_LAB3:inst10|74181:alu3|9                                                                                                                                                                ; |lab31119|ALU_LAB3:inst10|74181:alu3|9                                                                                                                                                                ; out0             ;
; |lab31119|ALU_LAB3:inst10|74181:alu3|8                                                                                                                                                                ; |lab31119|ALU_LAB3:inst10|74181:alu3|8                                                                                                                                                                ; out0             ;
; |lab31119|ALU_LAB3:inst10|74181:alu3|65                                                                                                                                                               ; |lab31119|ALU_LAB3:inst10|74181:alu3|65                                                                                                                                                               ; out0             ;
; |lab31119|ALU_LAB3:inst10|74181:alu3|43                                                                                                                                                               ; |lab31119|ALU_LAB3:inst10|74181:alu3|43                                                                                                                                                               ; out0             ;
; |lab31119|ALU_LAB3:inst10|74181:alu3|6                                                                                                                                                                ; |lab31119|ALU_LAB3:inst10|74181:alu3|6                                                                                                                                                                ; out0             ;
; |lab31119|ALU_LAB3:inst10|74181:alu3|7                                                                                                                                                                ; |lab31119|ALU_LAB3:inst10|74181:alu3|7                                                                                                                                                                ; out0             ;
; |lab31119|ALU_LAB3:inst10|74181:alu3|77                                                                                                                                                               ; |lab31119|ALU_LAB3:inst10|74181:alu3|77                                                                                                                                                               ; out0             ;
; |lab31119|ALU_LAB3:inst10|74181:alu3|56                                                                                                                                                               ; |lab31119|ALU_LAB3:inst10|74181:alu3|56                                                                                                                                                               ; out0             ;
; |lab31119|ALU_LAB3:inst10|74181:alu3|52                                                                                                                                                               ; |lab31119|ALU_LAB3:inst10|74181:alu3|52                                                                                                                                                               ; out0             ;
; |lab31119|ALU_LAB3:inst10|74181:alu3|24                                                                                                                                                               ; |lab31119|ALU_LAB3:inst10|74181:alu3|24                                                                                                                                                               ; out0             ;
; |lab31119|ALU_LAB3:inst10|74181:alu3|23                                                                                                                                                               ; |lab31119|ALU_LAB3:inst10|74181:alu3|23                                                                                                                                                               ; out0             ;
; |lab31119|ALU_LAB3:inst10|74181:alu3|51                                                                                                                                                               ; |lab31119|ALU_LAB3:inst10|74181:alu3|51                                                                                                                                                               ; out0             ;
; |lab31119|ALU_LAB3:inst10|74181:alu3|21                                                                                                                                                               ; |lab31119|ALU_LAB3:inst10|74181:alu3|21                                                                                                                                                               ; out0             ;
; |lab31119|ALU_LAB3:inst10|74181:alu3|22                                                                                                                                                               ; |lab31119|ALU_LAB3:inst10|74181:alu3|22                                                                                                                                                               ; out0             ;
; |lab31119|ALU_LAB3:inst10|74181:alu3|74                                                                                                                                                               ; |lab31119|ALU_LAB3:inst10|74181:alu3|74                                                                                                                                                               ; out0             ;
; |lab31119|ALU_LAB3:inst10|74181:alu3|73                                                                                                                                                               ; |lab31119|ALU_LAB3:inst10|74181:alu3|73                                                                                                                                                               ; out0             ;
; |lab31119|ALU_LAB3:inst10|74181:alu3|48                                                                                                                                                               ; |lab31119|ALU_LAB3:inst10|74181:alu3|48                                                                                                                                                               ; out0             ;
; |lab31119|ALU_LAB3:inst10|74181:alu3|19                                                                                                                                                               ; |lab31119|ALU_LAB3:inst10|74181:alu3|19                                                                                                                                                               ; out0             ;
; |lab31119|ALU_LAB3:inst10|74181:alu3|18                                                                                                                                                               ; |lab31119|ALU_LAB3:inst10|74181:alu3|18                                                                                                                                                               ; out0             ;
; |lab31119|ALU_LAB3:inst10|74181:alu3|72                                                                                                                                                               ; |lab31119|ALU_LAB3:inst10|74181:alu3|72                                                                                                                                                               ; out0             ;
; |lab31119|ALU_LAB3:inst10|74181:alu3|71                                                                                                                                                               ; |lab31119|ALU_LAB3:inst10|74181:alu3|71                                                                                                                                                               ; out0             ;
; |lab31119|ALU_LAB3:inst10|74181:alu3|70                                                                                                                                                               ; |lab31119|ALU_LAB3:inst10|74181:alu3|70                                                                                                                                                               ; out0             ;
; |lab31119|ALU_LAB3:inst10|74181:alu3|45                                                                                                                                                               ; |lab31119|ALU_LAB3:inst10|74181:alu3|45                                                                                                                                                               ; out0             ;
; |lab31119|ALU_LAB3:inst10|74181:alu3|16                                                                                                                                                               ; |lab31119|ALU_LAB3:inst10|74181:alu3|16                                                                                                                                                               ; out0             ;
; |lab31119|ALU_LAB3:inst10|74181:alu3|17                                                                                                                                                               ; |lab31119|ALU_LAB3:inst10|74181:alu3|17                                                                                                                                                               ; out0             ;
; |lab31119|ALU_LAB3:inst10|74181:alu3|82                                                                                                                                                               ; |lab31119|ALU_LAB3:inst10|74181:alu3|82                                                                                                                                                               ; out0             ;
; |lab31119|ALU_LAB3:inst10|74181:alu3|55                                                                                                                                                               ; |lab31119|ALU_LAB3:inst10|74181:alu3|55                                                                                                                                                               ; out0             ;
; |lab31119|ALU_LAB3:inst10|74181:alu3|75                                                                                                                                                               ; |lab31119|ALU_LAB3:inst10|74181:alu3|75                                                                                                                                                               ; out0             ;
; |lab31119|ALU_LAB3:inst10|74181:alu3|67                                                                                                                                                               ; |lab31119|ALU_LAB3:inst10|74181:alu3|67                                                                                                                                                               ; out0             ;
; |lab31119|ALU_LAB3:inst10|74181:alu3|68                                                                                                                                                               ; |lab31119|ALU_LAB3:inst10|74181:alu3|68                                                                                                                                                               ; out0             ;
; |lab31119|ALU_LAB3:inst10|74181:alu3|69                                                                                                                                                               ; |lab31119|ALU_LAB3:inst10|74181:alu3|69                                                                                                                                                               ; out0             ;
; |lab31119|ALU_LAB3:inst10|74181:alu3|80                                                                                                                                                               ; |lab31119|ALU_LAB3:inst10|74181:alu3|80                                                                                                                                                               ; out0             ;
; |lab31119|ALU_LAB3:inst10|74181:alu3|53                                                                                                                                                               ; |lab31119|ALU_LAB3:inst10|74181:alu3|53                                                                                                                                                               ; out0             ;
; |lab31119|ALU_LAB3:inst10|74181:alu3|64                                                                                                                                                               ; |lab31119|ALU_LAB3:inst10|74181:alu3|64                                                                                                                                                               ; out0             ;
; |lab31119|ALU_LAB3:inst10|74181:alu3|78                                                                                                                                                               ; |lab31119|ALU_LAB3:inst10|74181:alu3|78                                                                                                                                                               ; out0             ;
; |lab31119|ALU_LAB3:inst10|74181:alu3|63                                                                                                                                                               ; |lab31119|ALU_LAB3:inst10|74181:alu3|63                                                                                                                                                               ; out0             ;
; |lab31119|ALU_LAB3:inst10|74181:alu3|58                                                                                                                                                               ; |lab31119|ALU_LAB3:inst10|74181:alu3|58                                                                                                                                                               ; out0             ;
; |lab31119|ALU_LAB3:inst10|74181:alu3|59                                                                                                                                                               ; |lab31119|ALU_LAB3:inst10|74181:alu3|59                                                                                                                                                               ; out0             ;
; |lab31119|ALU_LAB3:inst10|74181:alu3|62                                                                                                                                                               ; |lab31119|ALU_LAB3:inst10|74181:alu3|62                                                                                                                                                               ; out0             ;
; |lab31119|ALU_LAB3:inst10|74181:alu3|61                                                                                                                                                               ; |lab31119|ALU_LAB3:inst10|74181:alu3|61                                                                                                                                                               ; out0             ;
; |lab31119|ALU_LAB3:inst10|74181:alu4|81                                                                                                                                                               ; |lab31119|ALU_LAB3:inst10|74181:alu4|81                                                                                                                                                               ; out0             ;
; |lab31119|ALU_LAB3:inst10|74181:alu4|54                                                                                                                                                               ; |lab31119|ALU_LAB3:inst10|74181:alu4|54                                                                                                                                                               ; out0             ;
; |lab31119|ALU_LAB3:inst10|74181:alu4|47                                                                                                                                                               ; |lab31119|ALU_LAB3:inst10|74181:alu4|47                                                                                                                                                               ; out0             ;
; |lab31119|ALU_LAB3:inst10|74181:alu4|14                                                                                                                                                               ; |lab31119|ALU_LAB3:inst10|74181:alu4|14                                                                                                                                                               ; out0             ;
; |lab31119|ALU_LAB3:inst10|74181:alu4|13                                                                                                                                                               ; |lab31119|ALU_LAB3:inst10|74181:alu4|13                                                                                                                                                               ; out0             ;
; |lab31119|ALU_LAB3:inst10|74181:alu4|44                                                                                                                                                               ; |lab31119|ALU_LAB3:inst10|74181:alu4|44                                                                                                                                                               ; out0             ;
; |lab31119|ALU_LAB3:inst10|74181:alu4|11                                                                                                                                                               ; |lab31119|ALU_LAB3:inst10|74181:alu4|11                                                                                                                                                               ; out0             ;
; |lab31119|ALU_LAB3:inst10|74181:alu4|12                                                                                                                                                               ; |lab31119|ALU_LAB3:inst10|74181:alu4|12                                                                                                                                                               ; out0             ;
; |lab31119|ALU_LAB3:inst10|74181:alu4|79                                                                                                                                                               ; |lab31119|ALU_LAB3:inst10|74181:alu4|79                                                                                                                                                               ; out0             ;
; |lab31119|ALU_LAB3:inst10|74181:alu4|66                                                                                                                                                               ; |lab31119|ALU_LAB3:inst10|74181:alu4|66                                                                                                                                                               ; out0             ;
; |lab31119|ALU_LAB3:inst10|74181:alu4|46                                                                                                                                                               ; |lab31119|ALU_LAB3:inst10|74181:alu4|46                                                                                                                                                               ; out0             ;
; |lab31119|ALU_LAB3:inst10|74181:alu4|9                                                                                                                                                                ; |lab31119|ALU_LAB3:inst10|74181:alu4|9                                                                                                                                                                ; out0             ;
; |lab31119|ALU_LAB3:inst10|74181:alu4|8                                                                                                                                                                ; |lab31119|ALU_LAB3:inst10|74181:alu4|8                                                                                                                                                                ; out0             ;
; |lab31119|ALU_LAB3:inst10|74181:alu4|65                                                                                                                                                               ; |lab31119|ALU_LAB3:inst10|74181:alu4|65                                                                                                                                                               ; out0             ;
; |lab31119|ALU_LAB3:inst10|74181:alu4|43                                                                                                                                                               ; |lab31119|ALU_LAB3:inst10|74181:alu4|43                                                                                                                                                               ; out0             ;
; |lab31119|ALU_LAB3:inst10|74181:alu4|6                                                                                                                                                                ; |lab31119|ALU_LAB3:inst10|74181:alu4|6                                                                                                                                                                ; out0             ;
; |lab31119|ALU_LAB3:inst10|74181:alu4|7                                                                                                                                                                ; |lab31119|ALU_LAB3:inst10|74181:alu4|7                                                                                                                                                                ; out0             ;
; |lab31119|ALU_LAB3:inst10|74181:alu4|77                                                                                                                                                               ; |lab31119|ALU_LAB3:inst10|74181:alu4|77                                                                                                                                                               ; out0             ;
; |lab31119|ALU_LAB3:inst10|74181:alu4|56                                                                                                                                                               ; |lab31119|ALU_LAB3:inst10|74181:alu4|56                                                                                                                                                               ; out0             ;
; |lab31119|ALU_LAB3:inst10|74181:alu4|52                                                                                                                                                               ; |lab31119|ALU_LAB3:inst10|74181:alu4|52                                                                                                                                                               ; out0             ;
; |lab31119|ALU_LAB3:inst10|74181:alu4|24                                                                                                                                                               ; |lab31119|ALU_LAB3:inst10|74181:alu4|24                                                                                                                                                               ; out0             ;
; |lab31119|ALU_LAB3:inst10|74181:alu4|23                                                                                                                                                               ; |lab31119|ALU_LAB3:inst10|74181:alu4|23                                                                                                                                                               ; out0             ;
; |lab31119|ALU_LAB3:inst10|74181:alu4|51                                                                                                                                                               ; |lab31119|ALU_LAB3:inst10|74181:alu4|51                                                                                                                                                               ; out0             ;
; |lab31119|ALU_LAB3:inst10|74181:alu4|21                                                                                                                                                               ; |lab31119|ALU_LAB3:inst10|74181:alu4|21                                                                                                                                                               ; out0             ;
; |lab31119|ALU_LAB3:inst10|74181:alu4|22                                                                                                                                                               ; |lab31119|ALU_LAB3:inst10|74181:alu4|22                                                                                                                                                               ; out0             ;
; |lab31119|ALU_LAB3:inst10|74181:alu4|74                                                                                                                                                               ; |lab31119|ALU_LAB3:inst10|74181:alu4|74                                                                                                                                                               ; out0             ;
; |lab31119|ALU_LAB3:inst10|74181:alu4|73                                                                                                                                                               ; |lab31119|ALU_LAB3:inst10|74181:alu4|73                                                                                                                                                               ; out0             ;
; |lab31119|ALU_LAB3:inst10|74181:alu4|48                                                                                                                                                               ; |lab31119|ALU_LAB3:inst10|74181:alu4|48                                                                                                                                                               ; out0             ;
; |lab31119|ALU_LAB3:inst10|74181:alu4|19                                                                                                                                                               ; |lab31119|ALU_LAB3:inst10|74181:alu4|19                                                                                                                                                               ; out0             ;
; |lab31119|ALU_LAB3:inst10|74181:alu4|18                                                                                                                                                               ; |lab31119|ALU_LAB3:inst10|74181:alu4|18                                                                                                                                                               ; out0             ;
; |lab31119|ALU_LAB3:inst10|74181:alu4|72                                                                                                                                                               ; |lab31119|ALU_LAB3:inst10|74181:alu4|72                                                                                                                                                               ; out0             ;
; |lab31119|ALU_LAB3:inst10|74181:alu4|71                                                                                                                                                               ; |lab31119|ALU_LAB3:inst10|74181:alu4|71                                                                                                                                                               ; out0             ;
; |lab31119|ALU_LAB3:inst10|74181:alu4|70                                                                                                                                                               ; |lab31119|ALU_LAB3:inst10|74181:alu4|70                                                                                                                                                               ; out0             ;
; |lab31119|ALU_LAB3:inst10|74181:alu4|45                                                                                                                                                               ; |lab31119|ALU_LAB3:inst10|74181:alu4|45                                                                                                                                                               ; out0             ;
; |lab31119|ALU_LAB3:inst10|74181:alu4|16                                                                                                                                                               ; |lab31119|ALU_LAB3:inst10|74181:alu4|16                                                                                                                                                               ; out0             ;
; |lab31119|ALU_LAB3:inst10|74181:alu4|17                                                                                                                                                               ; |lab31119|ALU_LAB3:inst10|74181:alu4|17                                                                                                                                                               ; out0             ;
; |lab31119|ALU_LAB3:inst10|74181:alu4|82                                                                                                                                                               ; |lab31119|ALU_LAB3:inst10|74181:alu4|82                                                                                                                                                               ; out0             ;
; |lab31119|ALU_LAB3:inst10|74181:alu4|55                                                                                                                                                               ; |lab31119|ALU_LAB3:inst10|74181:alu4|55                                                                                                                                                               ; out0             ;
; |lab31119|ALU_LAB3:inst10|74181:alu4|75                                                                                                                                                               ; |lab31119|ALU_LAB3:inst10|74181:alu4|75                                                                                                                                                               ; out0             ;
; |lab31119|ALU_LAB3:inst10|74181:alu4|67                                                                                                                                                               ; |lab31119|ALU_LAB3:inst10|74181:alu4|67                                                                                                                                                               ; out0             ;
; |lab31119|ALU_LAB3:inst10|74181:alu4|68                                                                                                                                                               ; |lab31119|ALU_LAB3:inst10|74181:alu4|68                                                                                                                                                               ; out0             ;
; |lab31119|ALU_LAB3:inst10|74181:alu4|69                                                                                                                                                               ; |lab31119|ALU_LAB3:inst10|74181:alu4|69                                                                                                                                                               ; out0             ;
; |lab31119|ALU_LAB3:inst10|74181:alu4|80                                                                                                                                                               ; |lab31119|ALU_LAB3:inst10|74181:alu4|80                                                                                                                                                               ; out0             ;
; |lab31119|ALU_LAB3:inst10|74181:alu4|53                                                                                                                                                               ; |lab31119|ALU_LAB3:inst10|74181:alu4|53                                                                                                                                                               ; out0             ;
; |lab31119|ALU_LAB3:inst10|74181:alu4|64                                                                                                                                                               ; |lab31119|ALU_LAB3:inst10|74181:alu4|64                                                                                                                                                               ; out0             ;
; |lab31119|ALU_LAB3:inst10|74181:alu4|78                                                                                                                                                               ; |lab31119|ALU_LAB3:inst10|74181:alu4|78                                                                                                                                                               ; out0             ;
; |lab31119|ALU_LAB3:inst10|74181:alu4|63                                                                                                                                                               ; |lab31119|ALU_LAB3:inst10|74181:alu4|63                                                                                                                                                               ; out0             ;
; |lab31119|ALU_LAB3:inst10|74181:alu4|58                                                                                                                                                               ; |lab31119|ALU_LAB3:inst10|74181:alu4|58                                                                                                                                                               ; out0             ;
; |lab31119|ALU_LAB3:inst10|74181:alu4|59                                                                                                                                                               ; |lab31119|ALU_LAB3:inst10|74181:alu4|59                                                                                                                                                               ; out0             ;
; |lab31119|ALU_LAB3:inst10|74181:alu4|62                                                                                                                                                               ; |lab31119|ALU_LAB3:inst10|74181:alu4|62                                                                                                                                                               ; out0             ;
; |lab31119|ALU_LAB3:inst10|74181:alu4|61                                                                                                                                                               ; |lab31119|ALU_LAB3:inst10|74181:alu4|61                                                                                                                                                               ; out0             ;
; |lab31119|ALU_LAB3:inst10|CHOOSE_LAB3:inst4|c_or1                                                                                                                                                     ; |lab31119|ALU_LAB3:inst10|CHOOSE_LAB3:inst4|c_or1                                                                                                                                                     ; out0             ;
; |lab31119|ALU_LAB3:inst10|CHOOSE_LAB3:inst4|choose33                                                                                                                                                  ; |lab31119|ALU_LAB3:inst10|CHOOSE_LAB3:inst4|choose33                                                                                                                                                  ; out0             ;
; |lab31119|ALU_LAB3:inst10|CHOOSE_LAB3:inst4|choose1                                                                                                                                                   ; |lab31119|ALU_LAB3:inst10|CHOOSE_LAB3:inst4|choose1                                                                                                                                                   ; out0             ;
; |lab31119|ALU_LAB3:inst10|CHOOSE_LAB3:inst4|c_or2                                                                                                                                                     ; |lab31119|ALU_LAB3:inst10|CHOOSE_LAB3:inst4|c_or2                                                                                                                                                     ; out0             ;
; |lab31119|ALU_LAB3:inst10|CHOOSE_LAB3:inst4|choose2                                                                                                                                                   ; |lab31119|ALU_LAB3:inst10|CHOOSE_LAB3:inst4|choose2                                                                                                                                                   ; out0             ;
; |lab31119|ALU_LAB3:inst10|CHOOSE_LAB3:inst4|c_or3                                                                                                                                                     ; |lab31119|ALU_LAB3:inst10|CHOOSE_LAB3:inst4|c_or3                                                                                                                                                     ; out0             ;
; |lab31119|ALU_LAB3:inst10|CHOOSE_LAB3:inst4|choose35                                                                                                                                                  ; |lab31119|ALU_LAB3:inst10|CHOOSE_LAB3:inst4|choose35                                                                                                                                                  ; out0             ;
; |lab31119|ALU_LAB3:inst10|CHOOSE_LAB3:inst4|choose3                                                                                                                                                   ; |lab31119|ALU_LAB3:inst10|CHOOSE_LAB3:inst4|choose3                                                                                                                                                   ; out0             ;
; |lab31119|ALU_LAB3:inst10|CHOOSE_LAB3:inst4|c_or4                                                                                                                                                     ; |lab31119|ALU_LAB3:inst10|CHOOSE_LAB3:inst4|c_or4                                                                                                                                                     ; out0             ;
; |lab31119|ALU_LAB3:inst10|CHOOSE_LAB3:inst4|choose36                                                                                                                                                  ; |lab31119|ALU_LAB3:inst10|CHOOSE_LAB3:inst4|choose36                                                                                                                                                  ; out0             ;
; |lab31119|ALU_LAB3:inst10|CHOOSE_LAB3:inst4|choose4                                                                                                                                                   ; |lab31119|ALU_LAB3:inst10|CHOOSE_LAB3:inst4|choose4                                                                                                                                                   ; out0             ;
; |lab31119|ALU_LAB3:inst10|CHOOSE_LAB3:inst4|c_or5                                                                                                                                                     ; |lab31119|ALU_LAB3:inst10|CHOOSE_LAB3:inst4|c_or5                                                                                                                                                     ; out0             ;
; |lab31119|ALU_LAB3:inst10|CHOOSE_LAB3:inst4|choose37                                                                                                                                                  ; |lab31119|ALU_LAB3:inst10|CHOOSE_LAB3:inst4|choose37                                                                                                                                                  ; out0             ;
; |lab31119|ALU_LAB3:inst10|CHOOSE_LAB3:inst4|choose5                                                                                                                                                   ; |lab31119|ALU_LAB3:inst10|CHOOSE_LAB3:inst4|choose5                                                                                                                                                   ; out0             ;
; |lab31119|ALU_LAB3:inst10|CHOOSE_LAB3:inst4|c_or6                                                                                                                                                     ; |lab31119|ALU_LAB3:inst10|CHOOSE_LAB3:inst4|c_or6                                                                                                                                                     ; out0             ;
; |lab31119|ALU_LAB3:inst10|CHOOSE_LAB3:inst4|choose38                                                                                                                                                  ; |lab31119|ALU_LAB3:inst10|CHOOSE_LAB3:inst4|choose38                                                                                                                                                  ; out0             ;
; |lab31119|ALU_LAB3:inst10|CHOOSE_LAB3:inst4|choose6                                                                                                                                                   ; |lab31119|ALU_LAB3:inst10|CHOOSE_LAB3:inst4|choose6                                                                                                                                                   ; out0             ;
; |lab31119|ALU_LAB3:inst10|CHOOSE_LAB3:inst4|c_or7                                                                                                                                                     ; |lab31119|ALU_LAB3:inst10|CHOOSE_LAB3:inst4|c_or7                                                                                                                                                     ; out0             ;
; |lab31119|ALU_LAB3:inst10|CHOOSE_LAB3:inst4|choose39                                                                                                                                                  ; |lab31119|ALU_LAB3:inst10|CHOOSE_LAB3:inst4|choose39                                                                                                                                                  ; out0             ;
; |lab31119|ALU_LAB3:inst10|CHOOSE_LAB3:inst4|choose7                                                                                                                                                   ; |lab31119|ALU_LAB3:inst10|CHOOSE_LAB3:inst4|choose7                                                                                                                                                   ; out0             ;
; |lab31119|ALU_LAB3:inst10|CHOOSE_LAB3:inst4|c_or8                                                                                                                                                     ; |lab31119|ALU_LAB3:inst10|CHOOSE_LAB3:inst4|c_or8                                                                                                                                                     ; out0             ;
; |lab31119|ALU_LAB3:inst10|CHOOSE_LAB3:inst4|choose40                                                                                                                                                  ; |lab31119|ALU_LAB3:inst10|CHOOSE_LAB3:inst4|choose40                                                                                                                                                  ; out0             ;
; |lab31119|ALU_LAB3:inst10|CHOOSE_LAB3:inst4|choose8                                                                                                                                                   ; |lab31119|ALU_LAB3:inst10|CHOOSE_LAB3:inst4|choose8                                                                                                                                                   ; out0             ;
; |lab31119|ALU_LAB3:inst10|CHOOSE_LAB3:inst4|c_or9                                                                                                                                                     ; |lab31119|ALU_LAB3:inst10|CHOOSE_LAB3:inst4|c_or9                                                                                                                                                     ; out0             ;
; |lab31119|ALU_LAB3:inst10|CHOOSE_LAB3:inst4|choose41                                                                                                                                                  ; |lab31119|ALU_LAB3:inst10|CHOOSE_LAB3:inst4|choose41                                                                                                                                                  ; out0             ;
; |lab31119|ALU_LAB3:inst10|CHOOSE_LAB3:inst4|choose9                                                                                                                                                   ; |lab31119|ALU_LAB3:inst10|CHOOSE_LAB3:inst4|choose9                                                                                                                                                   ; out0             ;
; |lab31119|ALU_LAB3:inst10|CHOOSE_LAB3:inst4|c_or10                                                                                                                                                    ; |lab31119|ALU_LAB3:inst10|CHOOSE_LAB3:inst4|c_or10                                                                                                                                                    ; out0             ;
; |lab31119|ALU_LAB3:inst10|CHOOSE_LAB3:inst4|choose42                                                                                                                                                  ; |lab31119|ALU_LAB3:inst10|CHOOSE_LAB3:inst4|choose42                                                                                                                                                  ; out0             ;
; |lab31119|ALU_LAB3:inst10|CHOOSE_LAB3:inst4|choose10                                                                                                                                                  ; |lab31119|ALU_LAB3:inst10|CHOOSE_LAB3:inst4|choose10                                                                                                                                                  ; out0             ;
; |lab31119|ALU_LAB3:inst10|CHOOSE_LAB3:inst4|c_or11                                                                                                                                                    ; |lab31119|ALU_LAB3:inst10|CHOOSE_LAB3:inst4|c_or11                                                                                                                                                    ; out0             ;
; |lab31119|ALU_LAB3:inst10|CHOOSE_LAB3:inst4|choose43                                                                                                                                                  ; |lab31119|ALU_LAB3:inst10|CHOOSE_LAB3:inst4|choose43                                                                                                                                                  ; out0             ;
; |lab31119|ALU_LAB3:inst10|CHOOSE_LAB3:inst4|choose11                                                                                                                                                  ; |lab31119|ALU_LAB3:inst10|CHOOSE_LAB3:inst4|choose11                                                                                                                                                  ; out0             ;
; |lab31119|ALU_LAB3:inst10|CHOOSE_LAB3:inst4|c_or12                                                                                                                                                    ; |lab31119|ALU_LAB3:inst10|CHOOSE_LAB3:inst4|c_or12                                                                                                                                                    ; out0             ;
; |lab31119|ALU_LAB3:inst10|CHOOSE_LAB3:inst4|choose12                                                                                                                                                  ; |lab31119|ALU_LAB3:inst10|CHOOSE_LAB3:inst4|choose12                                                                                                                                                  ; out0             ;
; |lab31119|ALU_LAB3:inst10|CHOOSE_LAB3:inst4|c_or13                                                                                                                                                    ; |lab31119|ALU_LAB3:inst10|CHOOSE_LAB3:inst4|c_or13                                                                                                                                                    ; out0             ;
; |lab31119|ALU_LAB3:inst10|CHOOSE_LAB3:inst4|choose13                                                                                                                                                  ; |lab31119|ALU_LAB3:inst10|CHOOSE_LAB3:inst4|choose13                                                                                                                                                  ; out0             ;
; |lab31119|ALU_LAB3:inst10|CHOOSE_LAB3:inst4|c_or14                                                                                                                                                    ; |lab31119|ALU_LAB3:inst10|CHOOSE_LAB3:inst4|c_or14                                                                                                                                                    ; out0             ;
; |lab31119|ALU_LAB3:inst10|CHOOSE_LAB3:inst4|choose14                                                                                                                                                  ; |lab31119|ALU_LAB3:inst10|CHOOSE_LAB3:inst4|choose14                                                                                                                                                  ; out0             ;
; |lab31119|ALU_LAB3:inst10|CHOOSE_LAB3:inst4|c_or15                                                                                                                                                    ; |lab31119|ALU_LAB3:inst10|CHOOSE_LAB3:inst4|c_or15                                                                                                                                                    ; out0             ;
; |lab31119|ALU_LAB3:inst10|CHOOSE_LAB3:inst4|choose15                                                                                                                                                  ; |lab31119|ALU_LAB3:inst10|CHOOSE_LAB3:inst4|choose15                                                                                                                                                  ; out0             ;
; |lab31119|ALU_LAB3:inst10|CHOOSE_LAB3:inst4|c_or16                                                                                                                                                    ; |lab31119|ALU_LAB3:inst10|CHOOSE_LAB3:inst4|c_or16                                                                                                                                                    ; out0             ;
; |lab31119|ALU_LAB3:inst10|CHOOSE_LAB3:inst4|choose16                                                                                                                                                  ; |lab31119|ALU_LAB3:inst10|CHOOSE_LAB3:inst4|choose16                                                                                                                                                  ; out0             ;
; |lab31119|ALU_LAB3:inst10|CHOOSE_LAB3:inst10|c_or1                                                                                                                                                    ; |lab31119|ALU_LAB3:inst10|CHOOSE_LAB3:inst10|c_or1                                                                                                                                                    ; out0             ;
; |lab31119|ALU_LAB3:inst10|CHOOSE_LAB3:inst10|choose1                                                                                                                                                  ; |lab31119|ALU_LAB3:inst10|CHOOSE_LAB3:inst10|choose1                                                                                                                                                  ; out0             ;
; |lab31119|ALU_LAB3:inst10|CHOOSE_LAB3:inst10|c_or2                                                                                                                                                    ; |lab31119|ALU_LAB3:inst10|CHOOSE_LAB3:inst10|c_or2                                                                                                                                                    ; out0             ;
; |lab31119|ALU_LAB3:inst10|CHOOSE_LAB3:inst10|choose2                                                                                                                                                  ; |lab31119|ALU_LAB3:inst10|CHOOSE_LAB3:inst10|choose2                                                                                                                                                  ; out0             ;
; |lab31119|ALU_LAB3:inst10|CHOOSE_LAB3:inst10|c_or3                                                                                                                                                    ; |lab31119|ALU_LAB3:inst10|CHOOSE_LAB3:inst10|c_or3                                                                                                                                                    ; out0             ;
; |lab31119|ALU_LAB3:inst10|CHOOSE_LAB3:inst10|choose3                                                                                                                                                  ; |lab31119|ALU_LAB3:inst10|CHOOSE_LAB3:inst10|choose3                                                                                                                                                  ; out0             ;
; |lab31119|ALU_LAB3:inst10|CHOOSE_LAB3:inst10|c_or4                                                                                                                                                    ; |lab31119|ALU_LAB3:inst10|CHOOSE_LAB3:inst10|c_or4                                                                                                                                                    ; out0             ;
; |lab31119|ALU_LAB3:inst10|CHOOSE_LAB3:inst10|choose4                                                                                                                                                  ; |lab31119|ALU_LAB3:inst10|CHOOSE_LAB3:inst10|choose4                                                                                                                                                  ; out0             ;
; |lab31119|ALU_LAB3:inst10|CHOOSE_LAB3:inst10|c_or5                                                                                                                                                    ; |lab31119|ALU_LAB3:inst10|CHOOSE_LAB3:inst10|c_or5                                                                                                                                                    ; out0             ;
; |lab31119|ALU_LAB3:inst10|CHOOSE_LAB3:inst10|choose5                                                                                                                                                  ; |lab31119|ALU_LAB3:inst10|CHOOSE_LAB3:inst10|choose5                                                                                                                                                  ; out0             ;
; |lab31119|ALU_LAB3:inst10|CHOOSE_LAB3:inst10|c_or6                                                                                                                                                    ; |lab31119|ALU_LAB3:inst10|CHOOSE_LAB3:inst10|c_or6                                                                                                                                                    ; out0             ;
; |lab31119|ALU_LAB3:inst10|CHOOSE_LAB3:inst10|choose6                                                                                                                                                  ; |lab31119|ALU_LAB3:inst10|CHOOSE_LAB3:inst10|choose6                                                                                                                                                  ; out0             ;
; |lab31119|ALU_LAB3:inst10|CHOOSE_LAB3:inst10|c_or7                                                                                                                                                    ; |lab31119|ALU_LAB3:inst10|CHOOSE_LAB3:inst10|c_or7                                                                                                                                                    ; out0             ;
; |lab31119|ALU_LAB3:inst10|CHOOSE_LAB3:inst10|choose7                                                                                                                                                  ; |lab31119|ALU_LAB3:inst10|CHOOSE_LAB3:inst10|choose7                                                                                                                                                  ; out0             ;
; |lab31119|ALU_LAB3:inst10|CHOOSE_LAB3:inst10|choose8                                                                                                                                                  ; |lab31119|ALU_LAB3:inst10|CHOOSE_LAB3:inst10|choose8                                                                                                                                                  ; out0             ;
; |lab31119|ALU_LAB3:inst10|CHOOSE_LAB3:inst10|choose9                                                                                                                                                  ; |lab31119|ALU_LAB3:inst10|CHOOSE_LAB3:inst10|choose9                                                                                                                                                  ; out0             ;
; |lab31119|ALU_LAB3:inst10|CHOOSE_LAB3:inst10|choose10                                                                                                                                                 ; |lab31119|ALU_LAB3:inst10|CHOOSE_LAB3:inst10|choose10                                                                                                                                                 ; out0             ;
; |lab31119|ALU_LAB3:inst10|CHOOSE_LAB3:inst10|choose11                                                                                                                                                 ; |lab31119|ALU_LAB3:inst10|CHOOSE_LAB3:inst10|choose11                                                                                                                                                 ; out0             ;
; |lab31119|ALU_LAB3:inst10|CHOOSE_LAB3:inst10|choose12                                                                                                                                                 ; |lab31119|ALU_LAB3:inst10|CHOOSE_LAB3:inst10|choose12                                                                                                                                                 ; out0             ;
; |lab31119|ALU_LAB3:inst10|CHOOSE_LAB3:inst10|choose13                                                                                                                                                 ; |lab31119|ALU_LAB3:inst10|CHOOSE_LAB3:inst10|choose13                                                                                                                                                 ; out0             ;
; |lab31119|ALU_LAB3:inst10|CHOOSE_LAB3:inst10|choose14                                                                                                                                                 ; |lab31119|ALU_LAB3:inst10|CHOOSE_LAB3:inst10|choose14                                                                                                                                                 ; out0             ;
; |lab31119|ALU_LAB3:inst10|CHOOSE_LAB3:inst10|choose15                                                                                                                                                 ; |lab31119|ALU_LAB3:inst10|CHOOSE_LAB3:inst10|choose15                                                                                                                                                 ; out0             ;
; |lab31119|ALU_LAB3:inst10|CHOOSE_LAB3:inst10|choose16                                                                                                                                                 ; |lab31119|ALU_LAB3:inst10|CHOOSE_LAB3:inst10|choose16                                                                                                                                                 ; out0             ;
; |lab31119|register:IR|74273:inst1|19                                                                                                                                                                  ; |lab31119|register:IR|74273:inst1|19                                                                                                                                                                  ; regout           ;
; |lab31119|register:IR|74273:inst1|18                                                                                                                                                                  ; |lab31119|register:IR|74273:inst1|18                                                                                                                                                                  ; regout           ;
; |lab31119|register:IR|74273:inst1|16                                                                                                                                                                  ; |lab31119|register:IR|74273:inst1|16                                                                                                                                                                  ; regout           ;
; |lab31119|register:IR|74273:inst1|15                                                                                                                                                                  ; |lab31119|register:IR|74273:inst1|15                                                                                                                                                                  ; regout           ;
; |lab31119|register:IR|74273:inst1|14                                                                                                                                                                  ; |lab31119|register:IR|74273:inst1|14                                                                                                                                                                  ; regout           ;
; |lab31119|register:IR|74273:inst1|13                                                                                                                                                                  ; |lab31119|register:IR|74273:inst1|13                                                                                                                                                                  ; regout           ;
; |lab31119|register:IR|74273:inst1|12                                                                                                                                                                  ; |lab31119|register:IR|74273:inst1|12                                                                                                                                                                  ; regout           ;
; |lab31119|register:IR|74273:inst|19                                                                                                                                                                   ; |lab31119|register:IR|74273:inst|19                                                                                                                                                                   ; regout           ;
; |lab31119|register:IR|74273:inst|18                                                                                                                                                                   ; |lab31119|register:IR|74273:inst|18                                                                                                                                                                   ; regout           ;
; |lab31119|register:IR|74273:inst|17                                                                                                                                                                   ; |lab31119|register:IR|74273:inst|17                                                                                                                                                                   ; regout           ;
; |lab31119|register:IR|74273:inst|16                                                                                                                                                                   ; |lab31119|register:IR|74273:inst|16                                                                                                                                                                   ; regout           ;
; |lab31119|register:IR|74273:inst|15                                                                                                                                                                   ; |lab31119|register:IR|74273:inst|15                                                                                                                                                                   ; regout           ;
; |lab31119|register:IR|74273:inst|14                                                                                                                                                                   ; |lab31119|register:IR|74273:inst|14                                                                                                                                                                   ; regout           ;
; |lab31119|register:IR|74273:inst|13                                                                                                                                                                   ; |lab31119|register:IR|74273:inst|13                                                                                                                                                                   ; regout           ;
; |lab31119|register:IR|74273:inst|12                                                                                                                                                                   ; |lab31119|register:IR|74273:inst|12                                                                                                                                                                   ; regout           ;
; |lab31119|select6:inst33|inst4567890                                                                                                                                                                  ; |lab31119|select6:inst33|inst4567890                                                                                                                                                                  ; out0             ;
; |lab31119|select6:inst33|CHOOSE_LAB3:inst34567890|choose20                                                                                                                                            ; |lab31119|select6:inst33|CHOOSE_LAB3:inst34567890|choose20                                                                                                                                            ; out0             ;
; |lab31119|select6:inst33|CHOOSE_LAB3:inst34567890|c_or6                                                                                                                                               ; |lab31119|select6:inst33|CHOOSE_LAB3:inst34567890|c_or6                                                                                                                                               ; out0             ;
; |lab31119|select6:inst33|CHOOSE_LAB3:inst34567890|choose22                                                                                                                                            ; |lab31119|select6:inst33|CHOOSE_LAB3:inst34567890|choose22                                                                                                                                            ; out0             ;
; |lab31119|select6:inst33|CHOOSE_LAB3:inst34567890|choose6                                                                                                                                             ; |lab31119|select6:inst33|CHOOSE_LAB3:inst34567890|choose6                                                                                                                                             ; out0             ;
; |lab31119|select6:inst33|CHOOSE_LAB3:inst34567890|c_or7                                                                                                                                               ; |lab31119|select6:inst33|CHOOSE_LAB3:inst34567890|c_or7                                                                                                                                               ; out0             ;
; |lab31119|select6:inst33|CHOOSE_LAB3:inst34567890|choose23                                                                                                                                            ; |lab31119|select6:inst33|CHOOSE_LAB3:inst34567890|choose23                                                                                                                                            ; out0             ;
; |lab31119|select6:inst33|CHOOSE_LAB3:inst34567890|choose7                                                                                                                                             ; |lab31119|select6:inst33|CHOOSE_LAB3:inst34567890|choose7                                                                                                                                             ; out0             ;
; |lab31119|select6:inst33|CHOOSE_LAB3:inst34567890|c_or8                                                                                                                                               ; |lab31119|select6:inst33|CHOOSE_LAB3:inst34567890|c_or8                                                                                                                                               ; out0             ;
; |lab31119|select6:inst33|CHOOSE_LAB3:inst34567890|choose24                                                                                                                                            ; |lab31119|select6:inst33|CHOOSE_LAB3:inst34567890|choose24                                                                                                                                            ; out0             ;
; |lab31119|select6:inst33|CHOOSE_LAB3:inst34567890|choose8                                                                                                                                             ; |lab31119|select6:inst33|CHOOSE_LAB3:inst34567890|choose8                                                                                                                                             ; out0             ;
; |lab31119|select6:inst33|CHOOSE_LAB3:inst34567890|c_or9                                                                                                                                               ; |lab31119|select6:inst33|CHOOSE_LAB3:inst34567890|c_or9                                                                                                                                               ; out0             ;
; |lab31119|select6:inst33|CHOOSE_LAB3:inst34567890|choose25                                                                                                                                            ; |lab31119|select6:inst33|CHOOSE_LAB3:inst34567890|choose25                                                                                                                                            ; out0             ;
; |lab31119|select6:inst33|CHOOSE_LAB3:inst34567890|choose9                                                                                                                                             ; |lab31119|select6:inst33|CHOOSE_LAB3:inst34567890|choose9                                                                                                                                             ; out0             ;
; |lab31119|select6:inst33|CHOOSE_LAB3:inst34567890|c_or10                                                                                                                                              ; |lab31119|select6:inst33|CHOOSE_LAB3:inst34567890|c_or10                                                                                                                                              ; out0             ;
; |lab31119|select6:inst33|CHOOSE_LAB3:inst34567890|choose26                                                                                                                                            ; |lab31119|select6:inst33|CHOOSE_LAB3:inst34567890|choose26                                                                                                                                            ; out0             ;
; |lab31119|select6:inst33|CHOOSE_LAB3:inst34567890|choose10                                                                                                                                            ; |lab31119|select6:inst33|CHOOSE_LAB3:inst34567890|choose10                                                                                                                                            ; out0             ;
; |lab31119|select6:inst33|CHOOSE_LAB3:inst34567890|c_or11                                                                                                                                              ; |lab31119|select6:inst33|CHOOSE_LAB3:inst34567890|c_or11                                                                                                                                              ; out0             ;
; |lab31119|select6:inst33|CHOOSE_LAB3:inst34567890|choose11                                                                                                                                            ; |lab31119|select6:inst33|CHOOSE_LAB3:inst34567890|choose11                                                                                                                                            ; out0             ;
; |lab31119|select6:inst33|CHOOSE_LAB3:inst34567890|c_or12                                                                                                                                              ; |lab31119|select6:inst33|CHOOSE_LAB3:inst34567890|c_or12                                                                                                                                              ; out0             ;
; |lab31119|select6:inst33|CHOOSE_LAB3:inst34567890|choose28                                                                                                                                            ; |lab31119|select6:inst33|CHOOSE_LAB3:inst34567890|choose28                                                                                                                                            ; out0             ;
; |lab31119|select6:inst33|CHOOSE_LAB3:inst34567890|choose12                                                                                                                                            ; |lab31119|select6:inst33|CHOOSE_LAB3:inst34567890|choose12                                                                                                                                            ; out0             ;
; |lab31119|select6:inst33|CHOOSE_LAB3:inst1|choose36                                                                                                                                                   ; |lab31119|select6:inst33|CHOOSE_LAB3:inst1|choose36                                                                                                                                                   ; out0             ;
; |lab31119|select6:inst33|CHOOSE_LAB3:inst1|choose38                                                                                                                                                   ; |lab31119|select6:inst33|CHOOSE_LAB3:inst1|choose38                                                                                                                                                   ; out0             ;
; |lab31119|select6:inst33|CHOOSE_LAB3:inst1|choose39                                                                                                                                                   ; |lab31119|select6:inst33|CHOOSE_LAB3:inst1|choose39                                                                                                                                                   ; out0             ;
; |lab31119|select6:inst33|CHOOSE_LAB3:inst1|c_or8                                                                                                                                                      ; |lab31119|select6:inst33|CHOOSE_LAB3:inst1|c_or8                                                                                                                                                      ; out0             ;
; |lab31119|select6:inst33|CHOOSE_LAB3:inst1|choose24                                                                                                                                                   ; |lab31119|select6:inst33|CHOOSE_LAB3:inst1|choose24                                                                                                                                                   ; out0             ;
; |lab31119|select6:inst33|CHOOSE_LAB3:inst1|choose40                                                                                                                                                   ; |lab31119|select6:inst33|CHOOSE_LAB3:inst1|choose40                                                                                                                                                   ; out0             ;
; |lab31119|select6:inst33|CHOOSE_LAB3:inst1|c_or9                                                                                                                                                      ; |lab31119|select6:inst33|CHOOSE_LAB3:inst1|c_or9                                                                                                                                                      ; out0             ;
; |lab31119|select6:inst33|CHOOSE_LAB3:inst1|choose25                                                                                                                                                   ; |lab31119|select6:inst33|CHOOSE_LAB3:inst1|choose25                                                                                                                                                   ; out0             ;
; |lab31119|select6:inst33|CHOOSE_LAB3:inst1|choose41                                                                                                                                                   ; |lab31119|select6:inst33|CHOOSE_LAB3:inst1|choose41                                                                                                                                                   ; out0             ;
; |lab31119|select6:inst33|CHOOSE_LAB3:inst1|c_or10                                                                                                                                                     ; |lab31119|select6:inst33|CHOOSE_LAB3:inst1|c_or10                                                                                                                                                     ; out0             ;
; |lab31119|select6:inst33|CHOOSE_LAB3:inst1|choose26                                                                                                                                                   ; |lab31119|select6:inst33|CHOOSE_LAB3:inst1|choose26                                                                                                                                                   ; out0             ;
; |lab31119|select6:inst33|CHOOSE_LAB3:inst1|choose42                                                                                                                                                   ; |lab31119|select6:inst33|CHOOSE_LAB3:inst1|choose42                                                                                                                                                   ; out0             ;
; |lab31119|select6:inst33|CHOOSE_LAB3:inst1|c_or11                                                                                                                                                     ; |lab31119|select6:inst33|CHOOSE_LAB3:inst1|c_or11                                                                                                                                                     ; out0             ;
; |lab31119|select6:inst33|CHOOSE_LAB3:inst1|choose27                                                                                                                                                   ; |lab31119|select6:inst33|CHOOSE_LAB3:inst1|choose27                                                                                                                                                   ; out0             ;
; |lab31119|select6:inst33|CHOOSE_LAB3:inst1|choose43                                                                                                                                                   ; |lab31119|select6:inst33|CHOOSE_LAB3:inst1|choose43                                                                                                                                                   ; out0             ;
; |lab31119|select6:inst33|CHOOSE_LAB3:inst1|c_or12                                                                                                                                                     ; |lab31119|select6:inst33|CHOOSE_LAB3:inst1|c_or12                                                                                                                                                     ; out0             ;
; |lab31119|select6:inst33|CHOOSE_LAB3:inst1|choose28                                                                                                                                                   ; |lab31119|select6:inst33|CHOOSE_LAB3:inst1|choose28                                                                                                                                                   ; out0             ;
; |lab31119|select6:inst33|CHOOSE_LAB3:inst1|choose44                                                                                                                                                   ; |lab31119|select6:inst33|CHOOSE_LAB3:inst1|choose44                                                                                                                                                   ; out0             ;
; |lab31119|upc:inst45|74161:inst2|f74161:sub|110                                                                                                                                                       ; |lab31119|upc:inst45|74161:inst2|f74161:sub|110                                                                                                                                                       ; regout           ;
; |lab31119|upc:inst45|74161:inst2|f74161:sub|109                                                                                                                                                       ; |lab31119|upc:inst45|74161:inst2|f74161:sub|109                                                                                                                                                       ; out0             ;
; |lab31119|upc:inst45|74161:inst2|f74161:sub|113                                                                                                                                                       ; |lab31119|upc:inst45|74161:inst2|f74161:sub|113                                                                                                                                                       ; out0             ;
; |lab31119|upc:inst45|74161:inst2|f74161:sub|108                                                                                                                                                       ; |lab31119|upc:inst45|74161:inst2|f74161:sub|108                                                                                                                                                       ; out0             ;
; |lab31119|upc:inst45|74161:inst2|f74161:sub|107                                                                                                                                                       ; |lab31119|upc:inst45|74161:inst2|f74161:sub|107                                                                                                                                                       ; out0             ;
; |lab31119|upc:inst45|74161:inst2|f74161:sub|99                                                                                                                                                        ; |lab31119|upc:inst45|74161:inst2|f74161:sub|99                                                                                                                                                        ; regout           ;
; |lab31119|upc:inst45|74161:inst2|f74161:sub|102                                                                                                                                                       ; |lab31119|upc:inst45|74161:inst2|f74161:sub|102                                                                                                                                                       ; out0             ;
; |lab31119|upc:inst45|74161:inst2|f74161:sub|101                                                                                                                                                       ; |lab31119|upc:inst45|74161:inst2|f74161:sub|101                                                                                                                                                       ; out0             ;
; |lab31119|upc:inst45|74161:inst2|f74161:sub|98                                                                                                                                                        ; |lab31119|upc:inst45|74161:inst2|f74161:sub|98                                                                                                                                                        ; out0             ;
; |lab31119|upc:inst45|74161:inst2|f74161:sub|97                                                                                                                                                        ; |lab31119|upc:inst45|74161:inst2|f74161:sub|97                                                                                                                                                        ; out0             ;
; |lab31119|upc:inst45|74161:inst2|f74161:sub|87                                                                                                                                                        ; |lab31119|upc:inst45|74161:inst2|f74161:sub|87                                                                                                                                                        ; regout           ;
; |lab31119|upc:inst45|74161:inst2|f74161:sub|92                                                                                                                                                        ; |lab31119|upc:inst45|74161:inst2|f74161:sub|92                                                                                                                                                        ; out0             ;
; |lab31119|upc:inst45|74161:inst2|f74161:sub|91                                                                                                                                                        ; |lab31119|upc:inst45|74161:inst2|f74161:sub|91                                                                                                                                                        ; out0             ;
; |lab31119|upc:inst45|74161:inst2|f74161:sub|86                                                                                                                                                        ; |lab31119|upc:inst45|74161:inst2|f74161:sub|86                                                                                                                                                        ; out0             ;
; |lab31119|upc:inst45|74161:inst2|f74161:sub|90                                                                                                                                                        ; |lab31119|upc:inst45|74161:inst2|f74161:sub|90                                                                                                                                                        ; out0             ;
; |lab31119|upc:inst45|74161:inst2|f74161:sub|9                                                                                                                                                         ; |lab31119|upc:inst45|74161:inst2|f74161:sub|9                                                                                                                                                         ; regout           ;
; |lab31119|upc:inst45|74161:inst2|f74161:sub|75                                                                                                                                                        ; |lab31119|upc:inst45|74161:inst2|f74161:sub|75                                                                                                                                                        ; out0             ;
; |lab31119|upc:inst45|74161:inst2|f74161:sub|76                                                                                                                                                        ; |lab31119|upc:inst45|74161:inst2|f74161:sub|76                                                                                                                                                        ; out0             ;
; |lab31119|upc:inst45|74161:inst2|f74161:sub|77                                                                                                                                                        ; |lab31119|upc:inst45|74161:inst2|f74161:sub|77                                                                                                                                                        ; out0             ;
; |lab31119|upc:inst45|74161:inst2|f74161:sub|78                                                                                                                                                        ; |lab31119|upc:inst45|74161:inst2|f74161:sub|78                                                                                                                                                        ; out0             ;
; |lab31119|upc:inst45|74161:inst1|f74161:sub|104                                                                                                                                                       ; |lab31119|upc:inst45|74161:inst1|f74161:sub|104                                                                                                                                                       ; out0             ;
; |lab31119|upc:inst45|74161:inst1|f74161:sub|110                                                                                                                                                       ; |lab31119|upc:inst45|74161:inst1|f74161:sub|110                                                                                                                                                       ; regout           ;
; |lab31119|upc:inst45|74161:inst1|f74161:sub|109                                                                                                                                                       ; |lab31119|upc:inst45|74161:inst1|f74161:sub|109                                                                                                                                                       ; out0             ;
; |lab31119|upc:inst45|74161:inst1|f74161:sub|113                                                                                                                                                       ; |lab31119|upc:inst45|74161:inst1|f74161:sub|113                                                                                                                                                       ; out0             ;
; |lab31119|upc:inst45|74161:inst1|f74161:sub|108                                                                                                                                                       ; |lab31119|upc:inst45|74161:inst1|f74161:sub|108                                                                                                                                                       ; out0             ;
; |lab31119|upc:inst45|74161:inst1|f74161:sub|107                                                                                                                                                       ; |lab31119|upc:inst45|74161:inst1|f74161:sub|107                                                                                                                                                       ; out0             ;
; |lab31119|upc:inst45|74161:inst1|f74161:sub|106                                                                                                                                                       ; |lab31119|upc:inst45|74161:inst1|f74161:sub|106                                                                                                                                                       ; out0             ;
; |lab31119|upc:inst45|74161:inst1|f74161:sub|94                                                                                                                                                        ; |lab31119|upc:inst45|74161:inst1|f74161:sub|94                                                                                                                                                        ; out0             ;
; |lab31119|upc:inst45|74161:inst1|f74161:sub|99                                                                                                                                                        ; |lab31119|upc:inst45|74161:inst1|f74161:sub|99                                                                                                                                                        ; regout           ;
; |lab31119|upc:inst45|74161:inst1|f74161:sub|98                                                                                                                                                        ; |lab31119|upc:inst45|74161:inst1|f74161:sub|98                                                                                                                                                        ; out0             ;
; |lab31119|upc:inst45|74161:inst1|f74161:sub|97                                                                                                                                                        ; |lab31119|upc:inst45|74161:inst1|f74161:sub|97                                                                                                                                                        ; out0             ;
; |lab31119|upc:inst45|74161:inst1|f74161:sub|96                                                                                                                                                        ; |lab31119|upc:inst45|74161:inst1|f74161:sub|96                                                                                                                                                        ; out0             ;
; |lab31119|upc:inst45|74161:inst1|f74161:sub|84                                                                                                                                                        ; |lab31119|upc:inst45|74161:inst1|f74161:sub|84                                                                                                                                                        ; out0             ;
; |lab31119|upc:inst45|74161:inst1|f74161:sub|87                                                                                                                                                        ; |lab31119|upc:inst45|74161:inst1|f74161:sub|87                                                                                                                                                        ; regout           ;
; |lab31119|upc:inst45|74161:inst1|f74161:sub|86                                                                                                                                                        ; |lab31119|upc:inst45|74161:inst1|f74161:sub|86                                                                                                                                                        ; out0             ;
; |lab31119|upc:inst45|74161:inst1|f74161:sub|90                                                                                                                                                        ; |lab31119|upc:inst45|74161:inst1|f74161:sub|90                                                                                                                                                        ; out0             ;
; |lab31119|upc:inst45|74161:inst1|f74161:sub|89                                                                                                                                                        ; |lab31119|upc:inst45|74161:inst1|f74161:sub|89                                                                                                                                                        ; out0             ;
; |lab31119|upc:inst45|74161:inst1|f74161:sub|80                                                                                                                                                        ; |lab31119|upc:inst45|74161:inst1|f74161:sub|80                                                                                                                                                        ; out0             ;
; |lab31119|upc:inst45|74161:inst1|f74161:sub|9                                                                                                                                                         ; |lab31119|upc:inst45|74161:inst1|f74161:sub|9                                                                                                                                                         ; regout           ;
; |lab31119|upc:inst45|74161:inst1|f74161:sub|77                                                                                                                                                        ; |lab31119|upc:inst45|74161:inst1|f74161:sub|77                                                                                                                                                        ; out0             ;
; |lab31119|upc:inst45|74161:inst1|f74161:sub|78                                                                                                                                                        ; |lab31119|upc:inst45|74161:inst1|f74161:sub|78                                                                                                                                                        ; out0             ;
; |lab31119|upc:inst45|74161:inst1|f74161:sub|79                                                                                                                                                        ; |lab31119|upc:inst45|74161:inst1|f74161:sub|79                                                                                                                                                        ; out0             ;
; |lab31119|upc:inst45|74161:inst|f74161:sub|110                                                                                                                                                        ; |lab31119|upc:inst45|74161:inst|f74161:sub|110                                                                                                                                                        ; regout           ;
; |lab31119|upc:inst45|74161:inst|f74161:sub|109                                                                                                                                                        ; |lab31119|upc:inst45|74161:inst|f74161:sub|109                                                                                                                                                        ; out0             ;
; |lab31119|upc:inst45|74161:inst|f74161:sub|113                                                                                                                                                        ; |lab31119|upc:inst45|74161:inst|f74161:sub|113                                                                                                                                                        ; out0             ;
; |lab31119|upc:inst45|74161:inst|f74161:sub|108                                                                                                                                                        ; |lab31119|upc:inst45|74161:inst|f74161:sub|108                                                                                                                                                        ; out0             ;
; |lab31119|upc:inst45|74161:inst|f74161:sub|107                                                                                                                                                        ; |lab31119|upc:inst45|74161:inst|f74161:sub|107                                                                                                                                                        ; out0             ;
; |lab31119|upc:inst45|74161:inst|f74161:sub|99                                                                                                                                                         ; |lab31119|upc:inst45|74161:inst|f74161:sub|99                                                                                                                                                         ; regout           ;
; |lab31119|upc:inst45|74161:inst|f74161:sub|102                                                                                                                                                        ; |lab31119|upc:inst45|74161:inst|f74161:sub|102                                                                                                                                                        ; out0             ;
; |lab31119|upc:inst45|74161:inst|f74161:sub|101                                                                                                                                                        ; |lab31119|upc:inst45|74161:inst|f74161:sub|101                                                                                                                                                        ; out0             ;
; |lab31119|upc:inst45|74161:inst|f74161:sub|98                                                                                                                                                         ; |lab31119|upc:inst45|74161:inst|f74161:sub|98                                                                                                                                                         ; out0             ;
; |lab31119|upc:inst45|74161:inst|f74161:sub|97                                                                                                                                                         ; |lab31119|upc:inst45|74161:inst|f74161:sub|97                                                                                                                                                         ; out0             ;
; |lab31119|upc:inst45|74161:inst|f74161:sub|87                                                                                                                                                         ; |lab31119|upc:inst45|74161:inst|f74161:sub|87                                                                                                                                                         ; regout           ;
; |lab31119|upc:inst45|74161:inst|f74161:sub|92                                                                                                                                                         ; |lab31119|upc:inst45|74161:inst|f74161:sub|92                                                                                                                                                         ; out0             ;
; |lab31119|upc:inst45|74161:inst|f74161:sub|91                                                                                                                                                         ; |lab31119|upc:inst45|74161:inst|f74161:sub|91                                                                                                                                                         ; out0             ;
; |lab31119|upc:inst45|74161:inst|f74161:sub|86                                                                                                                                                         ; |lab31119|upc:inst45|74161:inst|f74161:sub|86                                                                                                                                                         ; out0             ;
; |lab31119|upc:inst45|74161:inst|f74161:sub|90                                                                                                                                                         ; |lab31119|upc:inst45|74161:inst|f74161:sub|90                                                                                                                                                         ; out0             ;
; |lab31119|upc:inst45|74161:inst|f74161:sub|75                                                                                                                                                         ; |lab31119|upc:inst45|74161:inst|f74161:sub|75                                                                                                                                                         ; out0             ;
; |lab31119|upc:inst45|74161:inst|f74161:sub|77                                                                                                                                                         ; |lab31119|upc:inst45|74161:inst|f74161:sub|77                                                                                                                                                         ; out0             ;
; |lab31119|upc:inst45|74161:inst|f74161:sub|78                                                                                                                                                         ; |lab31119|upc:inst45|74161:inst|f74161:sub|78                                                                                                                                                         ; out0             ;
; |lab31119|upc:inst45|74161:inst|f74161:sub|79                                                                                                                                                         ; |lab31119|upc:inst45|74161:inst|f74161:sub|79                                                                                                                                                         ; out0             ;
; |lab31119|MROM:inst31|altsyncram:altsyncram_component|altsyncram_m7a1:auto_generated|ram_block1a0                                                                                                     ; |lab31119|MROM:inst31|altsyncram:altsyncram_component|altsyncram_m7a1:auto_generated|q_a[0]                                                                                                           ; portadataout0    ;
; |lab31119|MROM:inst31|altsyncram:altsyncram_component|altsyncram_m7a1:auto_generated|ram_block1a1                                                                                                     ; |lab31119|MROM:inst31|altsyncram:altsyncram_component|altsyncram_m7a1:auto_generated|q_a[1]                                                                                                           ; portadataout0    ;
; |lab31119|MROM:inst31|altsyncram:altsyncram_component|altsyncram_m7a1:auto_generated|ram_block1a2                                                                                                     ; |lab31119|MROM:inst31|altsyncram:altsyncram_component|altsyncram_m7a1:auto_generated|q_a[2]                                                                                                           ; portadataout0    ;
; |lab31119|MROM:inst31|altsyncram:altsyncram_component|altsyncram_m7a1:auto_generated|ram_block1a3                                                                                                     ; |lab31119|MROM:inst31|altsyncram:altsyncram_component|altsyncram_m7a1:auto_generated|q_a[3]                                                                                                           ; portadataout0    ;
; |lab31119|MROM:inst31|altsyncram:altsyncram_component|altsyncram_m7a1:auto_generated|ram_block1a4                                                                                                     ; |lab31119|MROM:inst31|altsyncram:altsyncram_component|altsyncram_m7a1:auto_generated|q_a[4]                                                                                                           ; portadataout0    ;
; |lab31119|MROM:inst31|altsyncram:altsyncram_component|altsyncram_m7a1:auto_generated|ram_block1a6                                                                                                     ; |lab31119|MROM:inst31|altsyncram:altsyncram_component|altsyncram_m7a1:auto_generated|q_a[6]                                                                                                           ; portadataout0    ;
; |lab31119|MROM:inst31|altsyncram:altsyncram_component|altsyncram_m7a1:auto_generated|ram_block1a8                                                                                                     ; |lab31119|MROM:inst31|altsyncram:altsyncram_component|altsyncram_m7a1:auto_generated|q_a[8]                                                                                                           ; portadataout0    ;
; |lab31119|MROM:inst31|altsyncram:altsyncram_component|altsyncram_m7a1:auto_generated|ram_block1a9                                                                                                     ; |lab31119|MROM:inst31|altsyncram:altsyncram_component|altsyncram_m7a1:auto_generated|q_a[9]                                                                                                           ; portadataout0    ;
; |lab31119|MROM:inst31|altsyncram:altsyncram_component|altsyncram_m7a1:auto_generated|ram_block1a10                                                                                                    ; |lab31119|MROM:inst31|altsyncram:altsyncram_component|altsyncram_m7a1:auto_generated|q_a[10]                                                                                                          ; portadataout0    ;
; |lab31119|MROM:inst31|altsyncram:altsyncram_component|altsyncram_m7a1:auto_generated|ram_block1a11                                                                                                    ; |lab31119|MROM:inst31|altsyncram:altsyncram_component|altsyncram_m7a1:auto_generated|q_a[11]                                                                                                          ; portadataout0    ;
; |lab31119|MROM:inst31|altsyncram:altsyncram_component|altsyncram_m7a1:auto_generated|ram_block1a12                                                                                                    ; |lab31119|MROM:inst31|altsyncram:altsyncram_component|altsyncram_m7a1:auto_generated|q_a[12]                                                                                                          ; portadataout0    ;
; |lab31119|MROM:inst31|altsyncram:altsyncram_component|altsyncram_m7a1:auto_generated|ram_block1a13                                                                                                    ; |lab31119|MROM:inst31|altsyncram:altsyncram_component|altsyncram_m7a1:auto_generated|q_a[13]                                                                                                          ; portadataout0    ;
; |lab31119|MROM:inst31|altsyncram:altsyncram_component|altsyncram_m7a1:auto_generated|ram_block1a14                                                                                                    ; |lab31119|MROM:inst31|altsyncram:altsyncram_component|altsyncram_m7a1:auto_generated|q_a[14]                                                                                                          ; portadataout0    ;
; |lab31119|MROM:inst31|altsyncram:altsyncram_component|altsyncram_m7a1:auto_generated|ram_block1a15                                                                                                    ; |lab31119|MROM:inst31|altsyncram:altsyncram_component|altsyncram_m7a1:auto_generated|q_a[15]                                                                                                          ; portadataout0    ;
; |lab31119|MROM:inst31|altsyncram:altsyncram_component|altsyncram_m7a1:auto_generated|ram_block1a16                                                                                                    ; |lab31119|MROM:inst31|altsyncram:altsyncram_component|altsyncram_m7a1:auto_generated|q_a[16]                                                                                                          ; portadataout0    ;
; |lab31119|MROM:inst31|altsyncram:altsyncram_component|altsyncram_m7a1:auto_generated|ram_block1a17                                                                                                    ; |lab31119|MROM:inst31|altsyncram:altsyncram_component|altsyncram_m7a1:auto_generated|q_a[17]                                                                                                          ; portadataout0    ;
; |lab31119|MROM:inst31|altsyncram:altsyncram_component|altsyncram_m7a1:auto_generated|ram_block1a18                                                                                                    ; |lab31119|MROM:inst31|altsyncram:altsyncram_component|altsyncram_m7a1:auto_generated|q_a[18]                                                                                                          ; portadataout0    ;
; |lab31119|MROM:inst31|altsyncram:altsyncram_component|altsyncram_m7a1:auto_generated|ram_block1a19                                                                                                    ; |lab31119|MROM:inst31|altsyncram:altsyncram_component|altsyncram_m7a1:auto_generated|q_a[19]                                                                                                          ; portadataout0    ;
; |lab31119|MROM:inst31|altsyncram:altsyncram_component|altsyncram_m7a1:auto_generated|ram_block1a20                                                                                                    ; |lab31119|MROM:inst31|altsyncram:altsyncram_component|altsyncram_m7a1:auto_generated|q_a[20]                                                                                                          ; portadataout0    ;
; |lab31119|MROM:inst31|altsyncram:altsyncram_component|altsyncram_m7a1:auto_generated|ram_block1a21                                                                                                    ; |lab31119|MROM:inst31|altsyncram:altsyncram_component|altsyncram_m7a1:auto_generated|q_a[21]                                                                                                          ; portadataout0    ;
; |lab31119|MROM:inst31|altsyncram:altsyncram_component|altsyncram_m7a1:auto_generated|ram_block1a22                                                                                                    ; |lab31119|MROM:inst31|altsyncram:altsyncram_component|altsyncram_m7a1:auto_generated|q_a[22]                                                                                                          ; portadataout0    ;
; |lab31119|MROM:inst31|altsyncram:altsyncram_component|altsyncram_m7a1:auto_generated|ram_block1a23                                                                                                    ; |lab31119|MROM:inst31|altsyncram:altsyncram_component|altsyncram_m7a1:auto_generated|q_a[23]                                                                                                          ; portadataout0    ;
; |lab31119|3-8:inst20|inst3                                                                                                                                                                            ; |lab31119|3-8:inst20|inst3                                                                                                                                                                            ; out0             ;
; |lab31119|3-8:inst20|inst4                                                                                                                                                                            ; |lab31119|3-8:inst20|inst4                                                                                                                                                                            ; out0             ;
; |lab31119|3-8:inst20|inst5                                                                                                                                                                            ; |lab31119|3-8:inst20|inst5                                                                                                                                                                            ; out0             ;
; |lab31119|3-8:inst20|inst7                                                                                                                                                                            ; |lab31119|3-8:inst20|inst7                                                                                                                                                                            ; out0             ;
; |lab31119|3-8:inst20|inst9                                                                                                                                                                            ; |lab31119|3-8:inst20|inst9                                                                                                                                                                            ; out0             ;
; |lab31119|ALU_LAB3:inst10|chufa:inst7|DIV2:inst1|lpm_divide:LPM_DIVIDE_component|lpm_divide_c0q:auto_generated|sign_div_unsign_ulh:divider|alt_u_div_g7f:divider|op_1~0                               ; |lab31119|ALU_LAB3:inst10|chufa:inst7|DIV2:inst1|lpm_divide:LPM_DIVIDE_component|lpm_divide_c0q:auto_generated|sign_div_unsign_ulh:divider|alt_u_div_g7f:divider|op_1~0                               ; out0             ;
; |lab31119|ALU_LAB3:inst10|chufa:inst7|DIV2:inst1|lpm_divide:LPM_DIVIDE_component|lpm_divide_c0q:auto_generated|sign_div_unsign_ulh:divider|alt_u_div_g7f:divider|op_1~1                               ; |lab31119|ALU_LAB3:inst10|chufa:inst7|DIV2:inst1|lpm_divide:LPM_DIVIDE_component|lpm_divide_c0q:auto_generated|sign_div_unsign_ulh:divider|alt_u_div_g7f:divider|op_1~1                               ; out0             ;
; |lab31119|ALU_LAB3:inst10|chufa:inst7|DIV2:inst1|lpm_divide:LPM_DIVIDE_component|lpm_divide_c0q:auto_generated|sign_div_unsign_ulh:divider|alt_u_div_g7f:divider|op_1~2                               ; |lab31119|ALU_LAB3:inst10|chufa:inst7|DIV2:inst1|lpm_divide:LPM_DIVIDE_component|lpm_divide_c0q:auto_generated|sign_div_unsign_ulh:divider|alt_u_div_g7f:divider|op_1~2                               ; out0             ;
; |lab31119|ALU_LAB3:inst10|chufa:inst7|DIV2:inst1|lpm_divide:LPM_DIVIDE_component|lpm_divide_c0q:auto_generated|sign_div_unsign_ulh:divider|alt_u_div_g7f:divider|op_1~3                               ; |lab31119|ALU_LAB3:inst10|chufa:inst7|DIV2:inst1|lpm_divide:LPM_DIVIDE_component|lpm_divide_c0q:auto_generated|sign_div_unsign_ulh:divider|alt_u_div_g7f:divider|op_1~3                               ; out0             ;
; |lab31119|ALU_LAB3:inst10|chufa:inst7|DIV2:inst1|lpm_divide:LPM_DIVIDE_component|lpm_divide_c0q:auto_generated|sign_div_unsign_ulh:divider|alt_u_div_g7f:divider|op_1~4                               ; |lab31119|ALU_LAB3:inst10|chufa:inst7|DIV2:inst1|lpm_divide:LPM_DIVIDE_component|lpm_divide_c0q:auto_generated|sign_div_unsign_ulh:divider|alt_u_div_g7f:divider|op_1~4                               ; out0             ;
; |lab31119|ALU_LAB3:inst10|chufa:inst7|DIV2:inst1|lpm_divide:LPM_DIVIDE_component|lpm_divide_c0q:auto_generated|sign_div_unsign_ulh:divider|alt_u_div_g7f:divider|op_1~5                               ; |lab31119|ALU_LAB3:inst10|chufa:inst7|DIV2:inst1|lpm_divide:LPM_DIVIDE_component|lpm_divide_c0q:auto_generated|sign_div_unsign_ulh:divider|alt_u_div_g7f:divider|op_1~5                               ; out0             ;
; |lab31119|ALU_LAB3:inst10|chufa:inst7|DIV2:inst1|lpm_divide:LPM_DIVIDE_component|lpm_divide_c0q:auto_generated|sign_div_unsign_ulh:divider|alt_u_div_g7f:divider|op_1~6                               ; |lab31119|ALU_LAB3:inst10|chufa:inst7|DIV2:inst1|lpm_divide:LPM_DIVIDE_component|lpm_divide_c0q:auto_generated|sign_div_unsign_ulh:divider|alt_u_div_g7f:divider|op_1~6                               ; out0             ;
; |lab31119|ALU_LAB3:inst10|chufa:inst7|DIV2:inst1|lpm_divide:LPM_DIVIDE_component|lpm_divide_c0q:auto_generated|sign_div_unsign_ulh:divider|alt_u_div_g7f:divider|op_1~7                               ; |lab31119|ALU_LAB3:inst10|chufa:inst7|DIV2:inst1|lpm_divide:LPM_DIVIDE_component|lpm_divide_c0q:auto_generated|sign_div_unsign_ulh:divider|alt_u_div_g7f:divider|op_1~7                               ; out0             ;
; |lab31119|ALU_LAB3:inst10|chufa:inst7|DIV2:inst1|lpm_divide:LPM_DIVIDE_component|lpm_divide_c0q:auto_generated|sign_div_unsign_ulh:divider|alt_u_div_g7f:divider|op_1~8                               ; |lab31119|ALU_LAB3:inst10|chufa:inst7|DIV2:inst1|lpm_divide:LPM_DIVIDE_component|lpm_divide_c0q:auto_generated|sign_div_unsign_ulh:divider|alt_u_div_g7f:divider|op_1~8                               ; out0             ;
; |lab31119|ALU_LAB3:inst10|chufa:inst7|DIV2:inst1|lpm_divide:LPM_DIVIDE_component|lpm_divide_c0q:auto_generated|sign_div_unsign_ulh:divider|alt_u_div_g7f:divider|op_1~9                               ; |lab31119|ALU_LAB3:inst10|chufa:inst7|DIV2:inst1|lpm_divide:LPM_DIVIDE_component|lpm_divide_c0q:auto_generated|sign_div_unsign_ulh:divider|alt_u_div_g7f:divider|op_1~9                               ; out0             ;
; |lab31119|ALU_LAB3:inst10|chufa:inst7|DIV2:inst1|lpm_divide:LPM_DIVIDE_component|lpm_divide_c0q:auto_generated|sign_div_unsign_ulh:divider|alt_u_div_g7f:divider|op_1~10                              ; |lab31119|ALU_LAB3:inst10|chufa:inst7|DIV2:inst1|lpm_divide:LPM_DIVIDE_component|lpm_divide_c0q:auto_generated|sign_div_unsign_ulh:divider|alt_u_div_g7f:divider|op_1~10                              ; out0             ;
; |lab31119|ALU_LAB3:inst10|chufa:inst7|DIV2:inst1|lpm_divide:LPM_DIVIDE_component|lpm_divide_c0q:auto_generated|sign_div_unsign_ulh:divider|alt_u_div_g7f:divider|op_1~11                              ; |lab31119|ALU_LAB3:inst10|chufa:inst7|DIV2:inst1|lpm_divide:LPM_DIVIDE_component|lpm_divide_c0q:auto_generated|sign_div_unsign_ulh:divider|alt_u_div_g7f:divider|op_1~11                              ; out0             ;
; |lab31119|ALU_LAB3:inst10|chufa:inst7|DIV2:inst1|lpm_divide:LPM_DIVIDE_component|lpm_divide_c0q:auto_generated|sign_div_unsign_ulh:divider|alt_u_div_g7f:divider|op_1~12                              ; |lab31119|ALU_LAB3:inst10|chufa:inst7|DIV2:inst1|lpm_divide:LPM_DIVIDE_component|lpm_divide_c0q:auto_generated|sign_div_unsign_ulh:divider|alt_u_div_g7f:divider|op_1~12                              ; out0             ;
; |lab31119|ALU_LAB3:inst10|chufa:inst7|DIV2:inst1|lpm_divide:LPM_DIVIDE_component|lpm_divide_c0q:auto_generated|sign_div_unsign_ulh:divider|alt_u_div_g7f:divider|op_1~13                              ; |lab31119|ALU_LAB3:inst10|chufa:inst7|DIV2:inst1|lpm_divide:LPM_DIVIDE_component|lpm_divide_c0q:auto_generated|sign_div_unsign_ulh:divider|alt_u_div_g7f:divider|op_1~13                              ; out0             ;
; |lab31119|ALU_LAB3:inst10|chufa:inst7|DIV2:inst1|lpm_divide:LPM_DIVIDE_component|lpm_divide_c0q:auto_generated|sign_div_unsign_ulh:divider|alt_u_div_g7f:divider|op_1~14                              ; |lab31119|ALU_LAB3:inst10|chufa:inst7|DIV2:inst1|lpm_divide:LPM_DIVIDE_component|lpm_divide_c0q:auto_generated|sign_div_unsign_ulh:divider|alt_u_div_g7f:divider|op_1~14                              ; out0             ;
; |lab31119|ALU_LAB3:inst10|chufa:inst7|DIV2:inst1|lpm_divide:LPM_DIVIDE_component|lpm_divide_c0q:auto_generated|sign_div_unsign_ulh:divider|alt_u_div_g7f:divider|op_1~15                              ; |lab31119|ALU_LAB3:inst10|chufa:inst7|DIV2:inst1|lpm_divide:LPM_DIVIDE_component|lpm_divide_c0q:auto_generated|sign_div_unsign_ulh:divider|alt_u_div_g7f:divider|op_1~15                              ; out0             ;
; |lab31119|ALU_LAB3:inst10|chufa:inst7|DIV2:inst1|lpm_divide:LPM_DIVIDE_component|lpm_divide_c0q:auto_generated|sign_div_unsign_ulh:divider|alt_u_div_g7f:divider|op_1~16                              ; |lab31119|ALU_LAB3:inst10|chufa:inst7|DIV2:inst1|lpm_divide:LPM_DIVIDE_component|lpm_divide_c0q:auto_generated|sign_div_unsign_ulh:divider|alt_u_div_g7f:divider|op_1~16                              ; out0             ;
; |lab31119|ALU_LAB3:inst10|chufa:inst7|DIV2:inst1|lpm_divide:LPM_DIVIDE_component|lpm_divide_c0q:auto_generated|sign_div_unsign_ulh:divider|alt_u_div_g7f:divider|op_1~17                              ; |lab31119|ALU_LAB3:inst10|chufa:inst7|DIV2:inst1|lpm_divide:LPM_DIVIDE_component|lpm_divide_c0q:auto_generated|sign_div_unsign_ulh:divider|alt_u_div_g7f:divider|op_1~17                              ; out0             ;
; |lab31119|ALU_LAB3:inst10|chufa:inst7|DIV2:inst1|lpm_divide:LPM_DIVIDE_component|lpm_divide_c0q:auto_generated|sign_div_unsign_ulh:divider|alt_u_div_g7f:divider|op_1~18                              ; |lab31119|ALU_LAB3:inst10|chufa:inst7|DIV2:inst1|lpm_divide:LPM_DIVIDE_component|lpm_divide_c0q:auto_generated|sign_div_unsign_ulh:divider|alt_u_div_g7f:divider|op_1~18                              ; out0             ;
; |lab31119|ALU_LAB3:inst10|chufa:inst7|DIV2:inst1|lpm_divide:LPM_DIVIDE_component|lpm_divide_c0q:auto_generated|sign_div_unsign_ulh:divider|alt_u_div_g7f:divider|op_1~19                              ; |lab31119|ALU_LAB3:inst10|chufa:inst7|DIV2:inst1|lpm_divide:LPM_DIVIDE_component|lpm_divide_c0q:auto_generated|sign_div_unsign_ulh:divider|alt_u_div_g7f:divider|op_1~19                              ; out0             ;
; |lab31119|ALU_LAB3:inst10|chufa:inst7|DIV2:inst1|lpm_divide:LPM_DIVIDE_component|lpm_divide_c0q:auto_generated|sign_div_unsign_ulh:divider|alt_u_div_g7f:divider|op_1~20                              ; |lab31119|ALU_LAB3:inst10|chufa:inst7|DIV2:inst1|lpm_divide:LPM_DIVIDE_component|lpm_divide_c0q:auto_generated|sign_div_unsign_ulh:divider|alt_u_div_g7f:divider|op_1~20                              ; out0             ;
; |lab31119|ALU_LAB3:inst10|chufa:inst7|DIV2:inst1|lpm_divide:LPM_DIVIDE_component|lpm_divide_c0q:auto_generated|sign_div_unsign_ulh:divider|alt_u_div_g7f:divider|op_1~21                              ; |lab31119|ALU_LAB3:inst10|chufa:inst7|DIV2:inst1|lpm_divide:LPM_DIVIDE_component|lpm_divide_c0q:auto_generated|sign_div_unsign_ulh:divider|alt_u_div_g7f:divider|op_1~21                              ; out0             ;
; |lab31119|ALU_LAB3:inst10|chufa:inst7|DIV2:inst1|lpm_divide:LPM_DIVIDE_component|lpm_divide_c0q:auto_generated|sign_div_unsign_ulh:divider|alt_u_div_g7f:divider|op_1~22                              ; |lab31119|ALU_LAB3:inst10|chufa:inst7|DIV2:inst1|lpm_divide:LPM_DIVIDE_component|lpm_divide_c0q:auto_generated|sign_div_unsign_ulh:divider|alt_u_div_g7f:divider|op_1~22                              ; out0             ;
; |lab31119|ALU_LAB3:inst10|chufa:inst7|DIV2:inst1|lpm_divide:LPM_DIVIDE_component|lpm_divide_c0q:auto_generated|sign_div_unsign_ulh:divider|alt_u_div_g7f:divider|op_1~23                              ; |lab31119|ALU_LAB3:inst10|chufa:inst7|DIV2:inst1|lpm_divide:LPM_DIVIDE_component|lpm_divide_c0q:auto_generated|sign_div_unsign_ulh:divider|alt_u_div_g7f:divider|op_1~23                              ; out0             ;
; |lab31119|ALU_LAB3:inst10|chufa:inst7|DIV2:inst1|lpm_divide:LPM_DIVIDE_component|lpm_divide_c0q:auto_generated|sign_div_unsign_ulh:divider|alt_u_div_g7f:divider|op_1~24                              ; |lab31119|ALU_LAB3:inst10|chufa:inst7|DIV2:inst1|lpm_divide:LPM_DIVIDE_component|lpm_divide_c0q:auto_generated|sign_div_unsign_ulh:divider|alt_u_div_g7f:divider|op_1~24                              ; out0             ;
; |lab31119|ALU_LAB3:inst10|chufa:inst7|DIV2:inst1|lpm_divide:LPM_DIVIDE_component|lpm_divide_c0q:auto_generated|sign_div_unsign_ulh:divider|alt_u_div_g7f:divider|op_1~25                              ; |lab31119|ALU_LAB3:inst10|chufa:inst7|DIV2:inst1|lpm_divide:LPM_DIVIDE_component|lpm_divide_c0q:auto_generated|sign_div_unsign_ulh:divider|alt_u_div_g7f:divider|op_1~25                              ; out0             ;
; |lab31119|ALU_LAB3:inst10|chufa:inst7|DIV2:inst1|lpm_divide:LPM_DIVIDE_component|lpm_divide_c0q:auto_generated|sign_div_unsign_ulh:divider|alt_u_div_g7f:divider|op_1~26                              ; |lab31119|ALU_LAB3:inst10|chufa:inst7|DIV2:inst1|lpm_divide:LPM_DIVIDE_component|lpm_divide_c0q:auto_generated|sign_div_unsign_ulh:divider|alt_u_div_g7f:divider|op_1~26                              ; out0             ;
; |lab31119|ALU_LAB3:inst10|chufa:inst7|DIV2:inst1|lpm_divide:LPM_DIVIDE_component|lpm_divide_c0q:auto_generated|sign_div_unsign_ulh:divider|alt_u_div_g7f:divider|op_1~27                              ; |lab31119|ALU_LAB3:inst10|chufa:inst7|DIV2:inst1|lpm_divide:LPM_DIVIDE_component|lpm_divide_c0q:auto_generated|sign_div_unsign_ulh:divider|alt_u_div_g7f:divider|op_1~27                              ; out0             ;
; |lab31119|ALU_LAB3:inst10|chufa:inst7|DIV2:inst1|lpm_divide:LPM_DIVIDE_component|lpm_divide_c0q:auto_generated|sign_div_unsign_ulh:divider|alt_u_div_g7f:divider|op_1~28                              ; |lab31119|ALU_LAB3:inst10|chufa:inst7|DIV2:inst1|lpm_divide:LPM_DIVIDE_component|lpm_divide_c0q:auto_generated|sign_div_unsign_ulh:divider|alt_u_div_g7f:divider|op_1~28                              ; out0             ;
; |lab31119|ALU_LAB3:inst10|chufa:inst7|DIV2:inst1|lpm_divide:LPM_DIVIDE_component|lpm_divide_c0q:auto_generated|sign_div_unsign_ulh:divider|alt_u_div_g7f:divider|op_1~29                              ; |lab31119|ALU_LAB3:inst10|chufa:inst7|DIV2:inst1|lpm_divide:LPM_DIVIDE_component|lpm_divide_c0q:auto_generated|sign_div_unsign_ulh:divider|alt_u_div_g7f:divider|op_1~29                              ; out0             ;
; |lab31119|ALU_LAB3:inst10|chufa:inst7|DIV2:inst1|lpm_divide:LPM_DIVIDE_component|lpm_divide_c0q:auto_generated|sign_div_unsign_ulh:divider|alt_u_div_g7f:divider|op_1~30                              ; |lab31119|ALU_LAB3:inst10|chufa:inst7|DIV2:inst1|lpm_divide:LPM_DIVIDE_component|lpm_divide_c0q:auto_generated|sign_div_unsign_ulh:divider|alt_u_div_g7f:divider|op_1~30                              ; out0             ;
; |lab31119|ALU_LAB3:inst10|chufa:inst7|DIV2:inst1|lpm_divide:LPM_DIVIDE_component|lpm_divide_c0q:auto_generated|sign_div_unsign_ulh:divider|alt_u_div_g7f:divider|op_1~31                              ; |lab31119|ALU_LAB3:inst10|chufa:inst7|DIV2:inst1|lpm_divide:LPM_DIVIDE_component|lpm_divide_c0q:auto_generated|sign_div_unsign_ulh:divider|alt_u_div_g7f:divider|op_1~31                              ; out0             ;
; |lab31119|ALU_LAB3:inst10|chufa:inst7|DIV2:inst1|lpm_divide:LPM_DIVIDE_component|lpm_divide_c0q:auto_generated|sign_div_unsign_ulh:divider|alt_u_div_g7f:divider|op_1~32                              ; |lab31119|ALU_LAB3:inst10|chufa:inst7|DIV2:inst1|lpm_divide:LPM_DIVIDE_component|lpm_divide_c0q:auto_generated|sign_div_unsign_ulh:divider|alt_u_div_g7f:divider|op_1~32                              ; out0             ;
; |lab31119|ALU_LAB3:inst10|chufa:inst7|DIV2:inst1|lpm_divide:LPM_DIVIDE_component|lpm_divide_c0q:auto_generated|sign_div_unsign_ulh:divider|alt_u_div_g7f:divider|op_1~33                              ; |lab31119|ALU_LAB3:inst10|chufa:inst7|DIV2:inst1|lpm_divide:LPM_DIVIDE_component|lpm_divide_c0q:auto_generated|sign_div_unsign_ulh:divider|alt_u_div_g7f:divider|op_1~33                              ; out0             ;
; |lab31119|ALU_LAB3:inst10|chufa:inst7|DIV2:inst1|lpm_divide:LPM_DIVIDE_component|lpm_divide_c0q:auto_generated|sign_div_unsign_ulh:divider|alt_u_div_g7f:divider|op_1~34                              ; |lab31119|ALU_LAB3:inst10|chufa:inst7|DIV2:inst1|lpm_divide:LPM_DIVIDE_component|lpm_divide_c0q:auto_generated|sign_div_unsign_ulh:divider|alt_u_div_g7f:divider|op_1~34                              ; out0             ;
; |lab31119|ALU_LAB3:inst10|chufa:inst7|DIV2:inst1|lpm_divide:LPM_DIVIDE_component|lpm_divide_c0q:auto_generated|sign_div_unsign_ulh:divider|alt_u_div_g7f:divider|op_1~35                              ; |lab31119|ALU_LAB3:inst10|chufa:inst7|DIV2:inst1|lpm_divide:LPM_DIVIDE_component|lpm_divide_c0q:auto_generated|sign_div_unsign_ulh:divider|alt_u_div_g7f:divider|op_1~35                              ; out0             ;
; |lab31119|ALU_LAB3:inst10|chufa:inst7|DIV2:inst1|lpm_divide:LPM_DIVIDE_component|lpm_divide_c0q:auto_generated|sign_div_unsign_ulh:divider|alt_u_div_g7f:divider|op_1~36                              ; |lab31119|ALU_LAB3:inst10|chufa:inst7|DIV2:inst1|lpm_divide:LPM_DIVIDE_component|lpm_divide_c0q:auto_generated|sign_div_unsign_ulh:divider|alt_u_div_g7f:divider|op_1~36                              ; out0             ;
; |lab31119|ALU_LAB3:inst10|chufa:inst7|DIV2:inst1|lpm_divide:LPM_DIVIDE_component|lpm_divide_c0q:auto_generated|sign_div_unsign_ulh:divider|alt_u_div_g7f:divider|op_1~37                              ; |lab31119|ALU_LAB3:inst10|chufa:inst7|DIV2:inst1|lpm_divide:LPM_DIVIDE_component|lpm_divide_c0q:auto_generated|sign_div_unsign_ulh:divider|alt_u_div_g7f:divider|op_1~37                              ; out0             ;
; |lab31119|ALU_LAB3:inst10|chufa:inst7|DIV2:inst1|lpm_divide:LPM_DIVIDE_component|lpm_divide_c0q:auto_generated|sign_div_unsign_ulh:divider|alt_u_div_g7f:divider|op_1~38                              ; |lab31119|ALU_LAB3:inst10|chufa:inst7|DIV2:inst1|lpm_divide:LPM_DIVIDE_component|lpm_divide_c0q:auto_generated|sign_div_unsign_ulh:divider|alt_u_div_g7f:divider|op_1~38                              ; out0             ;
; |lab31119|ALU_LAB3:inst10|chufa:inst7|DIV2:inst1|lpm_divide:LPM_DIVIDE_component|lpm_divide_c0q:auto_generated|sign_div_unsign_ulh:divider|alt_u_div_g7f:divider|op_1~39                              ; |lab31119|ALU_LAB3:inst10|chufa:inst7|DIV2:inst1|lpm_divide:LPM_DIVIDE_component|lpm_divide_c0q:auto_generated|sign_div_unsign_ulh:divider|alt_u_div_g7f:divider|op_1~39                              ; out0             ;
; |lab31119|ALU_LAB3:inst10|chufa:inst7|DIV2:inst1|lpm_divide:LPM_DIVIDE_component|lpm_divide_c0q:auto_generated|sign_div_unsign_ulh:divider|alt_u_div_g7f:divider|op_2~0                               ; |lab31119|ALU_LAB3:inst10|chufa:inst7|DIV2:inst1|lpm_divide:LPM_DIVIDE_component|lpm_divide_c0q:auto_generated|sign_div_unsign_ulh:divider|alt_u_div_g7f:divider|op_2~0                               ; out0             ;
; |lab31119|ALU_LAB3:inst10|chufa:inst7|DIV2:inst1|lpm_divide:LPM_DIVIDE_component|lpm_divide_c0q:auto_generated|sign_div_unsign_ulh:divider|alt_u_div_g7f:divider|op_2~1                               ; |lab31119|ALU_LAB3:inst10|chufa:inst7|DIV2:inst1|lpm_divide:LPM_DIVIDE_component|lpm_divide_c0q:auto_generated|sign_div_unsign_ulh:divider|alt_u_div_g7f:divider|op_2~1                               ; out0             ;
; |lab31119|ALU_LAB3:inst10|chufa:inst7|DIV2:inst1|lpm_divide:LPM_DIVIDE_component|lpm_divide_c0q:auto_generated|sign_div_unsign_ulh:divider|alt_u_div_g7f:divider|op_2~2                               ; |lab31119|ALU_LAB3:inst10|chufa:inst7|DIV2:inst1|lpm_divide:LPM_DIVIDE_component|lpm_divide_c0q:auto_generated|sign_div_unsign_ulh:divider|alt_u_div_g7f:divider|op_2~2                               ; out0             ;
; |lab31119|ALU_LAB3:inst10|chufa:inst7|DIV2:inst1|lpm_divide:LPM_DIVIDE_component|lpm_divide_c0q:auto_generated|sign_div_unsign_ulh:divider|alt_u_div_g7f:divider|op_2~3                               ; |lab31119|ALU_LAB3:inst10|chufa:inst7|DIV2:inst1|lpm_divide:LPM_DIVIDE_component|lpm_divide_c0q:auto_generated|sign_div_unsign_ulh:divider|alt_u_div_g7f:divider|op_2~3                               ; out0             ;
; |lab31119|ALU_LAB3:inst10|chufa:inst7|DIV2:inst1|lpm_divide:LPM_DIVIDE_component|lpm_divide_c0q:auto_generated|sign_div_unsign_ulh:divider|alt_u_div_g7f:divider|op_2~4                               ; |lab31119|ALU_LAB3:inst10|chufa:inst7|DIV2:inst1|lpm_divide:LPM_DIVIDE_component|lpm_divide_c0q:auto_generated|sign_div_unsign_ulh:divider|alt_u_div_g7f:divider|op_2~4                               ; out0             ;
; |lab31119|ALU_LAB3:inst10|chufa:inst7|DIV2:inst1|lpm_divide:LPM_DIVIDE_component|lpm_divide_c0q:auto_generated|sign_div_unsign_ulh:divider|alt_u_div_g7f:divider|op_2~5                               ; |lab31119|ALU_LAB3:inst10|chufa:inst7|DIV2:inst1|lpm_divide:LPM_DIVIDE_component|lpm_divide_c0q:auto_generated|sign_div_unsign_ulh:divider|alt_u_div_g7f:divider|op_2~5                               ; out0             ;
; |lab31119|ALU_LAB3:inst10|chufa:inst7|DIV2:inst1|lpm_divide:LPM_DIVIDE_component|lpm_divide_c0q:auto_generated|sign_div_unsign_ulh:divider|alt_u_div_g7f:divider|op_2~6                               ; |lab31119|ALU_LAB3:inst10|chufa:inst7|DIV2:inst1|lpm_divide:LPM_DIVIDE_component|lpm_divide_c0q:auto_generated|sign_div_unsign_ulh:divider|alt_u_div_g7f:divider|op_2~6                               ; out0             ;
; |lab31119|ALU_LAB3:inst10|chufa:inst7|DIV2:inst1|lpm_divide:LPM_DIVIDE_component|lpm_divide_c0q:auto_generated|sign_div_unsign_ulh:divider|alt_u_div_g7f:divider|op_2~7                               ; |lab31119|ALU_LAB3:inst10|chufa:inst7|DIV2:inst1|lpm_divide:LPM_DIVIDE_component|lpm_divide_c0q:auto_generated|sign_div_unsign_ulh:divider|alt_u_div_g7f:divider|op_2~7                               ; out0             ;
; |lab31119|ALU_LAB3:inst10|chufa:inst7|DIV2:inst1|lpm_divide:LPM_DIVIDE_component|lpm_divide_c0q:auto_generated|sign_div_unsign_ulh:divider|alt_u_div_g7f:divider|op_2~8                               ; |lab31119|ALU_LAB3:inst10|chufa:inst7|DIV2:inst1|lpm_divide:LPM_DIVIDE_component|lpm_divide_c0q:auto_generated|sign_div_unsign_ulh:divider|alt_u_div_g7f:divider|op_2~8                               ; out0             ;
; |lab31119|ALU_LAB3:inst10|chufa:inst7|DIV2:inst1|lpm_divide:LPM_DIVIDE_component|lpm_divide_c0q:auto_generated|sign_div_unsign_ulh:divider|alt_u_div_g7f:divider|op_2~9                               ; |lab31119|ALU_LAB3:inst10|chufa:inst7|DIV2:inst1|lpm_divide:LPM_DIVIDE_component|lpm_divide_c0q:auto_generated|sign_div_unsign_ulh:divider|alt_u_div_g7f:divider|op_2~9                               ; out0             ;
; |lab31119|ALU_LAB3:inst10|chufa:inst7|DIV2:inst1|lpm_divide:LPM_DIVIDE_component|lpm_divide_c0q:auto_generated|sign_div_unsign_ulh:divider|alt_u_div_g7f:divider|op_2~10                              ; |lab31119|ALU_LAB3:inst10|chufa:inst7|DIV2:inst1|lpm_divide:LPM_DIVIDE_component|lpm_divide_c0q:auto_generated|sign_div_unsign_ulh:divider|alt_u_div_g7f:divider|op_2~10                              ; out0             ;
; |lab31119|ALU_LAB3:inst10|chufa:inst7|DIV2:inst1|lpm_divide:LPM_DIVIDE_component|lpm_divide_c0q:auto_generated|sign_div_unsign_ulh:divider|alt_u_div_g7f:divider|op_2~11                              ; |lab31119|ALU_LAB3:inst10|chufa:inst7|DIV2:inst1|lpm_divide:LPM_DIVIDE_component|lpm_divide_c0q:auto_generated|sign_div_unsign_ulh:divider|alt_u_div_g7f:divider|op_2~11                              ; out0             ;
; |lab31119|ALU_LAB3:inst10|chufa:inst7|DIV2:inst1|lpm_divide:LPM_DIVIDE_component|lpm_divide_c0q:auto_generated|sign_div_unsign_ulh:divider|alt_u_div_g7f:divider|op_2~12                              ; |lab31119|ALU_LAB3:inst10|chufa:inst7|DIV2:inst1|lpm_divide:LPM_DIVIDE_component|lpm_divide_c0q:auto_generated|sign_div_unsign_ulh:divider|alt_u_div_g7f:divider|op_2~12                              ; out0             ;
; |lab31119|ALU_LAB3:inst10|chufa:inst7|DIV2:inst1|lpm_divide:LPM_DIVIDE_component|lpm_divide_c0q:auto_generated|sign_div_unsign_ulh:divider|alt_u_div_g7f:divider|op_2~13                              ; |lab31119|ALU_LAB3:inst10|chufa:inst7|DIV2:inst1|lpm_divide:LPM_DIVIDE_component|lpm_divide_c0q:auto_generated|sign_div_unsign_ulh:divider|alt_u_div_g7f:divider|op_2~13                              ; out0             ;
; |lab31119|ALU_LAB3:inst10|chufa:inst7|DIV2:inst1|lpm_divide:LPM_DIVIDE_component|lpm_divide_c0q:auto_generated|sign_div_unsign_ulh:divider|alt_u_div_g7f:divider|op_2~14                              ; |lab31119|ALU_LAB3:inst10|chufa:inst7|DIV2:inst1|lpm_divide:LPM_DIVIDE_component|lpm_divide_c0q:auto_generated|sign_div_unsign_ulh:divider|alt_u_div_g7f:divider|op_2~14                              ; out0             ;
; |lab31119|ALU_LAB3:inst10|chufa:inst7|DIV2:inst1|lpm_divide:LPM_DIVIDE_component|lpm_divide_c0q:auto_generated|sign_div_unsign_ulh:divider|alt_u_div_g7f:divider|op_2~15                              ; |lab31119|ALU_LAB3:inst10|chufa:inst7|DIV2:inst1|lpm_divide:LPM_DIVIDE_component|lpm_divide_c0q:auto_generated|sign_div_unsign_ulh:divider|alt_u_div_g7f:divider|op_2~15                              ; out0             ;
; |lab31119|ALU_LAB3:inst10|chufa:inst7|DIV2:inst1|lpm_divide:LPM_DIVIDE_component|lpm_divide_c0q:auto_generated|sign_div_unsign_ulh:divider|alt_u_div_g7f:divider|op_2~16                              ; |lab31119|ALU_LAB3:inst10|chufa:inst7|DIV2:inst1|lpm_divide:LPM_DIVIDE_component|lpm_divide_c0q:auto_generated|sign_div_unsign_ulh:divider|alt_u_div_g7f:divider|op_2~16                              ; out0             ;
; |lab31119|ALU_LAB3:inst10|chufa:inst7|DIV2:inst1|lpm_divide:LPM_DIVIDE_component|lpm_divide_c0q:auto_generated|sign_div_unsign_ulh:divider|alt_u_div_g7f:divider|op_2~17                              ; |lab31119|ALU_LAB3:inst10|chufa:inst7|DIV2:inst1|lpm_divide:LPM_DIVIDE_component|lpm_divide_c0q:auto_generated|sign_div_unsign_ulh:divider|alt_u_div_g7f:divider|op_2~17                              ; out0             ;
; |lab31119|ALU_LAB3:inst10|chufa:inst7|DIV2:inst1|lpm_divide:LPM_DIVIDE_component|lpm_divide_c0q:auto_generated|sign_div_unsign_ulh:divider|alt_u_div_g7f:divider|op_2~18                              ; |lab31119|ALU_LAB3:inst10|chufa:inst7|DIV2:inst1|lpm_divide:LPM_DIVIDE_component|lpm_divide_c0q:auto_generated|sign_div_unsign_ulh:divider|alt_u_div_g7f:divider|op_2~18                              ; out0             ;
; |lab31119|ALU_LAB3:inst10|chufa:inst7|DIV2:inst1|lpm_divide:LPM_DIVIDE_component|lpm_divide_c0q:auto_generated|sign_div_unsign_ulh:divider|alt_u_div_g7f:divider|op_2~19                              ; |lab31119|ALU_LAB3:inst10|chufa:inst7|DIV2:inst1|lpm_divide:LPM_DIVIDE_component|lpm_divide_c0q:auto_generated|sign_div_unsign_ulh:divider|alt_u_div_g7f:divider|op_2~19                              ; out0             ;
; |lab31119|ALU_LAB3:inst10|chufa:inst7|DIV2:inst1|lpm_divide:LPM_DIVIDE_component|lpm_divide_c0q:auto_generated|sign_div_unsign_ulh:divider|alt_u_div_g7f:divider|op_2~20                              ; |lab31119|ALU_LAB3:inst10|chufa:inst7|DIV2:inst1|lpm_divide:LPM_DIVIDE_component|lpm_divide_c0q:auto_generated|sign_div_unsign_ulh:divider|alt_u_div_g7f:divider|op_2~20                              ; out0             ;
; |lab31119|ALU_LAB3:inst10|chufa:inst7|DIV2:inst1|lpm_divide:LPM_DIVIDE_component|lpm_divide_c0q:auto_generated|sign_div_unsign_ulh:divider|alt_u_div_g7f:divider|op_2~21                              ; |lab31119|ALU_LAB3:inst10|chufa:inst7|DIV2:inst1|lpm_divide:LPM_DIVIDE_component|lpm_divide_c0q:auto_generated|sign_div_unsign_ulh:divider|alt_u_div_g7f:divider|op_2~21                              ; out0             ;
; |lab31119|ALU_LAB3:inst10|chufa:inst7|DIV2:inst1|lpm_divide:LPM_DIVIDE_component|lpm_divide_c0q:auto_generated|sign_div_unsign_ulh:divider|alt_u_div_g7f:divider|op_2~22                              ; |lab31119|ALU_LAB3:inst10|chufa:inst7|DIV2:inst1|lpm_divide:LPM_DIVIDE_component|lpm_divide_c0q:auto_generated|sign_div_unsign_ulh:divider|alt_u_div_g7f:divider|op_2~22                              ; out0             ;
; |lab31119|ALU_LAB3:inst10|chufa:inst7|DIV2:inst1|lpm_divide:LPM_DIVIDE_component|lpm_divide_c0q:auto_generated|sign_div_unsign_ulh:divider|alt_u_div_g7f:divider|op_2~23                              ; |lab31119|ALU_LAB3:inst10|chufa:inst7|DIV2:inst1|lpm_divide:LPM_DIVIDE_component|lpm_divide_c0q:auto_generated|sign_div_unsign_ulh:divider|alt_u_div_g7f:divider|op_2~23                              ; out0             ;
; |lab31119|ALU_LAB3:inst10|chufa:inst7|DIV2:inst1|lpm_divide:LPM_DIVIDE_component|lpm_divide_c0q:auto_generated|sign_div_unsign_ulh:divider|alt_u_div_g7f:divider|op_2~24                              ; |lab31119|ALU_LAB3:inst10|chufa:inst7|DIV2:inst1|lpm_divide:LPM_DIVIDE_component|lpm_divide_c0q:auto_generated|sign_div_unsign_ulh:divider|alt_u_div_g7f:divider|op_2~24                              ; out0             ;
; |lab31119|ALU_LAB3:inst10|chufa:inst7|DIV2:inst1|lpm_divide:LPM_DIVIDE_component|lpm_divide_c0q:auto_generated|sign_div_unsign_ulh:divider|alt_u_div_g7f:divider|op_2~25                              ; |lab31119|ALU_LAB3:inst10|chufa:inst7|DIV2:inst1|lpm_divide:LPM_DIVIDE_component|lpm_divide_c0q:auto_generated|sign_div_unsign_ulh:divider|alt_u_div_g7f:divider|op_2~25                              ; out0             ;
; |lab31119|ALU_LAB3:inst10|chufa:inst7|DIV2:inst1|lpm_divide:LPM_DIVIDE_component|lpm_divide_c0q:auto_generated|sign_div_unsign_ulh:divider|alt_u_div_g7f:divider|op_2~26                              ; |lab31119|ALU_LAB3:inst10|chufa:inst7|DIV2:inst1|lpm_divide:LPM_DIVIDE_component|lpm_divide_c0q:auto_generated|sign_div_unsign_ulh:divider|alt_u_div_g7f:divider|op_2~26                              ; out0             ;
; |lab31119|ALU_LAB3:inst10|chufa:inst7|DIV2:inst1|lpm_divide:LPM_DIVIDE_component|lpm_divide_c0q:auto_generated|sign_div_unsign_ulh:divider|alt_u_div_g7f:divider|op_2~27                              ; |lab31119|ALU_LAB3:inst10|chufa:inst7|DIV2:inst1|lpm_divide:LPM_DIVIDE_component|lpm_divide_c0q:auto_generated|sign_div_unsign_ulh:divider|alt_u_div_g7f:divider|op_2~27                              ; out0             ;
; |lab31119|ALU_LAB3:inst10|chufa:inst7|DIV2:inst1|lpm_divide:LPM_DIVIDE_component|lpm_divide_c0q:auto_generated|sign_div_unsign_ulh:divider|alt_u_div_g7f:divider|op_2~28                              ; |lab31119|ALU_LAB3:inst10|chufa:inst7|DIV2:inst1|lpm_divide:LPM_DIVIDE_component|lpm_divide_c0q:auto_generated|sign_div_unsign_ulh:divider|alt_u_div_g7f:divider|op_2~28                              ; out0             ;
; |lab31119|ALU_LAB3:inst10|chufa:inst7|DIV2:inst1|lpm_divide:LPM_DIVIDE_component|lpm_divide_c0q:auto_generated|sign_div_unsign_ulh:divider|alt_u_div_g7f:divider|op_2~29                              ; |lab31119|ALU_LAB3:inst10|chufa:inst7|DIV2:inst1|lpm_divide:LPM_DIVIDE_component|lpm_divide_c0q:auto_generated|sign_div_unsign_ulh:divider|alt_u_div_g7f:divider|op_2~29                              ; out0             ;
; |lab31119|ALU_LAB3:inst10|chufa:inst7|DIV2:inst1|lpm_divide:LPM_DIVIDE_component|lpm_divide_c0q:auto_generated|sign_div_unsign_ulh:divider|alt_u_div_g7f:divider|op_2~30                              ; |lab31119|ALU_LAB3:inst10|chufa:inst7|DIV2:inst1|lpm_divide:LPM_DIVIDE_component|lpm_divide_c0q:auto_generated|sign_div_unsign_ulh:divider|alt_u_div_g7f:divider|op_2~30                              ; out0             ;
; |lab31119|ALU_LAB3:inst10|chufa:inst7|DIV2:inst1|lpm_divide:LPM_DIVIDE_component|lpm_divide_c0q:auto_generated|sign_div_unsign_ulh:divider|alt_u_div_g7f:divider|op_2~31                              ; |lab31119|ALU_LAB3:inst10|chufa:inst7|DIV2:inst1|lpm_divide:LPM_DIVIDE_component|lpm_divide_c0q:auto_generated|sign_div_unsign_ulh:divider|alt_u_div_g7f:divider|op_2~31                              ; out0             ;
; |lab31119|ALU_LAB3:inst10|chufa:inst7|DIV2:inst1|lpm_divide:LPM_DIVIDE_component|lpm_divide_c0q:auto_generated|sign_div_unsign_ulh:divider|alt_u_div_g7f:divider|op_2~32                              ; |lab31119|ALU_LAB3:inst10|chufa:inst7|DIV2:inst1|lpm_divide:LPM_DIVIDE_component|lpm_divide_c0q:auto_generated|sign_div_unsign_ulh:divider|alt_u_div_g7f:divider|op_2~32                              ; out0             ;
; |lab31119|ALU_LAB3:inst10|chufa:inst7|DIV2:inst1|lpm_divide:LPM_DIVIDE_component|lpm_divide_c0q:auto_generated|sign_div_unsign_ulh:divider|alt_u_div_g7f:divider|op_2~33                              ; |lab31119|ALU_LAB3:inst10|chufa:inst7|DIV2:inst1|lpm_divide:LPM_DIVIDE_component|lpm_divide_c0q:auto_generated|sign_div_unsign_ulh:divider|alt_u_div_g7f:divider|op_2~33                              ; out0             ;
; |lab31119|ALU_LAB3:inst10|chufa:inst7|DIV2:inst1|lpm_divide:LPM_DIVIDE_component|lpm_divide_c0q:auto_generated|sign_div_unsign_ulh:divider|alt_u_div_g7f:divider|op_2~34                              ; |lab31119|ALU_LAB3:inst10|chufa:inst7|DIV2:inst1|lpm_divide:LPM_DIVIDE_component|lpm_divide_c0q:auto_generated|sign_div_unsign_ulh:divider|alt_u_div_g7f:divider|op_2~34                              ; out0             ;
; |lab31119|ALU_LAB3:inst10|chufa:inst7|DIV2:inst1|lpm_divide:LPM_DIVIDE_component|lpm_divide_c0q:auto_generated|sign_div_unsign_ulh:divider|alt_u_div_g7f:divider|op_2~35                              ; |lab31119|ALU_LAB3:inst10|chufa:inst7|DIV2:inst1|lpm_divide:LPM_DIVIDE_component|lpm_divide_c0q:auto_generated|sign_div_unsign_ulh:divider|alt_u_div_g7f:divider|op_2~35                              ; out0             ;
; |lab31119|ALU_LAB3:inst10|chufa:inst7|DIV2:inst1|lpm_divide:LPM_DIVIDE_component|lpm_divide_c0q:auto_generated|sign_div_unsign_ulh:divider|alt_u_div_g7f:divider|op_2~36                              ; |lab31119|ALU_LAB3:inst10|chufa:inst7|DIV2:inst1|lpm_divide:LPM_DIVIDE_component|lpm_divide_c0q:auto_generated|sign_div_unsign_ulh:divider|alt_u_div_g7f:divider|op_2~36                              ; out0             ;
; |lab31119|ALU_LAB3:inst10|chufa:inst7|DIV2:inst1|lpm_divide:LPM_DIVIDE_component|lpm_divide_c0q:auto_generated|sign_div_unsign_ulh:divider|alt_u_div_g7f:divider|op_2~37                              ; |lab31119|ALU_LAB3:inst10|chufa:inst7|DIV2:inst1|lpm_divide:LPM_DIVIDE_component|lpm_divide_c0q:auto_generated|sign_div_unsign_ulh:divider|alt_u_div_g7f:divider|op_2~37                              ; out0             ;
; |lab31119|ALU_LAB3:inst10|chufa:inst7|DIV2:inst1|lpm_divide:LPM_DIVIDE_component|lpm_divide_c0q:auto_generated|sign_div_unsign_ulh:divider|alt_u_div_g7f:divider|op_2~38                              ; |lab31119|ALU_LAB3:inst10|chufa:inst7|DIV2:inst1|lpm_divide:LPM_DIVIDE_component|lpm_divide_c0q:auto_generated|sign_div_unsign_ulh:divider|alt_u_div_g7f:divider|op_2~38                              ; out0             ;
; |lab31119|ALU_LAB3:inst10|chufa:inst7|DIV2:inst1|lpm_divide:LPM_DIVIDE_component|lpm_divide_c0q:auto_generated|sign_div_unsign_ulh:divider|alt_u_div_g7f:divider|op_2~39                              ; |lab31119|ALU_LAB3:inst10|chufa:inst7|DIV2:inst1|lpm_divide:LPM_DIVIDE_component|lpm_divide_c0q:auto_generated|sign_div_unsign_ulh:divider|alt_u_div_g7f:divider|op_2~39                              ; out0             ;
; |lab31119|ALU_LAB3:inst10|chufa:inst7|DIV2:inst1|lpm_divide:LPM_DIVIDE_component|lpm_divide_c0q:auto_generated|sign_div_unsign_ulh:divider|alt_u_div_g7f:divider|op_3~0                               ; |lab31119|ALU_LAB3:inst10|chufa:inst7|DIV2:inst1|lpm_divide:LPM_DIVIDE_component|lpm_divide_c0q:auto_generated|sign_div_unsign_ulh:divider|alt_u_div_g7f:divider|op_3~0                               ; out0             ;
; |lab31119|ALU_LAB3:inst10|chufa:inst7|DIV2:inst1|lpm_divide:LPM_DIVIDE_component|lpm_divide_c0q:auto_generated|sign_div_unsign_ulh:divider|alt_u_div_g7f:divider|op_3~1                               ; |lab31119|ALU_LAB3:inst10|chufa:inst7|DIV2:inst1|lpm_divide:LPM_DIVIDE_component|lpm_divide_c0q:auto_generated|sign_div_unsign_ulh:divider|alt_u_div_g7f:divider|op_3~1                               ; out0             ;
; |lab31119|ALU_LAB3:inst10|chufa:inst7|DIV2:inst1|lpm_divide:LPM_DIVIDE_component|lpm_divide_c0q:auto_generated|sign_div_unsign_ulh:divider|alt_u_div_g7f:divider|op_3~2                               ; |lab31119|ALU_LAB3:inst10|chufa:inst7|DIV2:inst1|lpm_divide:LPM_DIVIDE_component|lpm_divide_c0q:auto_generated|sign_div_unsign_ulh:divider|alt_u_div_g7f:divider|op_3~2                               ; out0             ;
; |lab31119|ALU_LAB3:inst10|chufa:inst7|DIV2:inst1|lpm_divide:LPM_DIVIDE_component|lpm_divide_c0q:auto_generated|sign_div_unsign_ulh:divider|alt_u_div_g7f:divider|op_3~3                               ; |lab31119|ALU_LAB3:inst10|chufa:inst7|DIV2:inst1|lpm_divide:LPM_DIVIDE_component|lpm_divide_c0q:auto_generated|sign_div_unsign_ulh:divider|alt_u_div_g7f:divider|op_3~3                               ; out0             ;
; |lab31119|ALU_LAB3:inst10|chufa:inst7|DIV2:inst1|lpm_divide:LPM_DIVIDE_component|lpm_divide_c0q:auto_generated|sign_div_unsign_ulh:divider|alt_u_div_g7f:divider|op_3~4                               ; |lab31119|ALU_LAB3:inst10|chufa:inst7|DIV2:inst1|lpm_divide:LPM_DIVIDE_component|lpm_divide_c0q:auto_generated|sign_div_unsign_ulh:divider|alt_u_div_g7f:divider|op_3~4                               ; out0             ;
; |lab31119|ALU_LAB3:inst10|chufa:inst7|DIV2:inst1|lpm_divide:LPM_DIVIDE_component|lpm_divide_c0q:auto_generated|sign_div_unsign_ulh:divider|alt_u_div_g7f:divider|op_3~5                               ; |lab31119|ALU_LAB3:inst10|chufa:inst7|DIV2:inst1|lpm_divide:LPM_DIVIDE_component|lpm_divide_c0q:auto_generated|sign_div_unsign_ulh:divider|alt_u_div_g7f:divider|op_3~5                               ; out0             ;
; |lab31119|ALU_LAB3:inst10|chufa:inst7|DIV2:inst1|lpm_divide:LPM_DIVIDE_component|lpm_divide_c0q:auto_generated|sign_div_unsign_ulh:divider|alt_u_div_g7f:divider|op_3~6                               ; |lab31119|ALU_LAB3:inst10|chufa:inst7|DIV2:inst1|lpm_divide:LPM_DIVIDE_component|lpm_divide_c0q:auto_generated|sign_div_unsign_ulh:divider|alt_u_div_g7f:divider|op_3~6                               ; out0             ;
; |lab31119|ALU_LAB3:inst10|chufa:inst7|DIV2:inst1|lpm_divide:LPM_DIVIDE_component|lpm_divide_c0q:auto_generated|sign_div_unsign_ulh:divider|alt_u_div_g7f:divider|op_3~7                               ; |lab31119|ALU_LAB3:inst10|chufa:inst7|DIV2:inst1|lpm_divide:LPM_DIVIDE_component|lpm_divide_c0q:auto_generated|sign_div_unsign_ulh:divider|alt_u_div_g7f:divider|op_3~7                               ; out0             ;
; |lab31119|ALU_LAB3:inst10|chufa:inst7|DIV2:inst1|lpm_divide:LPM_DIVIDE_component|lpm_divide_c0q:auto_generated|sign_div_unsign_ulh:divider|alt_u_div_g7f:divider|op_3~8                               ; |lab31119|ALU_LAB3:inst10|chufa:inst7|DIV2:inst1|lpm_divide:LPM_DIVIDE_component|lpm_divide_c0q:auto_generated|sign_div_unsign_ulh:divider|alt_u_div_g7f:divider|op_3~8                               ; out0             ;
; |lab31119|ALU_LAB3:inst10|chufa:inst7|DIV2:inst1|lpm_divide:LPM_DIVIDE_component|lpm_divide_c0q:auto_generated|sign_div_unsign_ulh:divider|alt_u_div_g7f:divider|op_3~9                               ; |lab31119|ALU_LAB3:inst10|chufa:inst7|DIV2:inst1|lpm_divide:LPM_DIVIDE_component|lpm_divide_c0q:auto_generated|sign_div_unsign_ulh:divider|alt_u_div_g7f:divider|op_3~9                               ; out0             ;
; |lab31119|ALU_LAB3:inst10|chufa:inst7|DIV2:inst1|lpm_divide:LPM_DIVIDE_component|lpm_divide_c0q:auto_generated|sign_div_unsign_ulh:divider|alt_u_div_g7f:divider|op_3~10                              ; |lab31119|ALU_LAB3:inst10|chufa:inst7|DIV2:inst1|lpm_divide:LPM_DIVIDE_component|lpm_divide_c0q:auto_generated|sign_div_unsign_ulh:divider|alt_u_div_g7f:divider|op_3~10                              ; out0             ;
; |lab31119|ALU_LAB3:inst10|chufa:inst7|DIV2:inst1|lpm_divide:LPM_DIVIDE_component|lpm_divide_c0q:auto_generated|sign_div_unsign_ulh:divider|alt_u_div_g7f:divider|op_3~11                              ; |lab31119|ALU_LAB3:inst10|chufa:inst7|DIV2:inst1|lpm_divide:LPM_DIVIDE_component|lpm_divide_c0q:auto_generated|sign_div_unsign_ulh:divider|alt_u_div_g7f:divider|op_3~11                              ; out0             ;
; |lab31119|ALU_LAB3:inst10|chufa:inst7|DIV2:inst1|lpm_divide:LPM_DIVIDE_component|lpm_divide_c0q:auto_generated|sign_div_unsign_ulh:divider|alt_u_div_g7f:divider|op_3~12                              ; |lab31119|ALU_LAB3:inst10|chufa:inst7|DIV2:inst1|lpm_divide:LPM_DIVIDE_component|lpm_divide_c0q:auto_generated|sign_div_unsign_ulh:divider|alt_u_div_g7f:divider|op_3~12                              ; out0             ;
; |lab31119|ALU_LAB3:inst10|chufa:inst7|DIV2:inst1|lpm_divide:LPM_DIVIDE_component|lpm_divide_c0q:auto_generated|sign_div_unsign_ulh:divider|alt_u_div_g7f:divider|op_3~13                              ; |lab31119|ALU_LAB3:inst10|chufa:inst7|DIV2:inst1|lpm_divide:LPM_DIVIDE_component|lpm_divide_c0q:auto_generated|sign_div_unsign_ulh:divider|alt_u_div_g7f:divider|op_3~13                              ; out0             ;
; |lab31119|ALU_LAB3:inst10|chufa:inst7|DIV2:inst1|lpm_divide:LPM_DIVIDE_component|lpm_divide_c0q:auto_generated|sign_div_unsign_ulh:divider|alt_u_div_g7f:divider|op_3~14                              ; |lab31119|ALU_LAB3:inst10|chufa:inst7|DIV2:inst1|lpm_divide:LPM_DIVIDE_component|lpm_divide_c0q:auto_generated|sign_div_unsign_ulh:divider|alt_u_div_g7f:divider|op_3~14                              ; out0             ;
; |lab31119|ALU_LAB3:inst10|chufa:inst7|DIV2:inst1|lpm_divide:LPM_DIVIDE_component|lpm_divide_c0q:auto_generated|sign_div_unsign_ulh:divider|alt_u_div_g7f:divider|op_3~15                              ; |lab31119|ALU_LAB3:inst10|chufa:inst7|DIV2:inst1|lpm_divide:LPM_DIVIDE_component|lpm_divide_c0q:auto_generated|sign_div_unsign_ulh:divider|alt_u_div_g7f:divider|op_3~15                              ; out0             ;
; |lab31119|ALU_LAB3:inst10|chufa:inst7|DIV2:inst1|lpm_divide:LPM_DIVIDE_component|lpm_divide_c0q:auto_generated|sign_div_unsign_ulh:divider|alt_u_div_g7f:divider|op_3~16                              ; |lab31119|ALU_LAB3:inst10|chufa:inst7|DIV2:inst1|lpm_divide:LPM_DIVIDE_component|lpm_divide_c0q:auto_generated|sign_div_unsign_ulh:divider|alt_u_div_g7f:divider|op_3~16                              ; out0             ;
; |lab31119|ALU_LAB3:inst10|chufa:inst7|DIV2:inst1|lpm_divide:LPM_DIVIDE_component|lpm_divide_c0q:auto_generated|sign_div_unsign_ulh:divider|alt_u_div_g7f:divider|op_3~17                              ; |lab31119|ALU_LAB3:inst10|chufa:inst7|DIV2:inst1|lpm_divide:LPM_DIVIDE_component|lpm_divide_c0q:auto_generated|sign_div_unsign_ulh:divider|alt_u_div_g7f:divider|op_3~17                              ; out0             ;
; |lab31119|ALU_LAB3:inst10|chufa:inst7|DIV2:inst1|lpm_divide:LPM_DIVIDE_component|lpm_divide_c0q:auto_generated|sign_div_unsign_ulh:divider|alt_u_div_g7f:divider|op_3~18                              ; |lab31119|ALU_LAB3:inst10|chufa:inst7|DIV2:inst1|lpm_divide:LPM_DIVIDE_component|lpm_divide_c0q:auto_generated|sign_div_unsign_ulh:divider|alt_u_div_g7f:divider|op_3~18                              ; out0             ;
; |lab31119|ALU_LAB3:inst10|chufa:inst7|DIV2:inst1|lpm_divide:LPM_DIVIDE_component|lpm_divide_c0q:auto_generated|sign_div_unsign_ulh:divider|alt_u_div_g7f:divider|op_3~19                              ; |lab31119|ALU_LAB3:inst10|chufa:inst7|DIV2:inst1|lpm_divide:LPM_DIVIDE_component|lpm_divide_c0q:auto_generated|sign_div_unsign_ulh:divider|alt_u_div_g7f:divider|op_3~19                              ; out0             ;
; |lab31119|ALU_LAB3:inst10|chufa:inst7|DIV2:inst1|lpm_divide:LPM_DIVIDE_component|lpm_divide_c0q:auto_generated|sign_div_unsign_ulh:divider|alt_u_div_g7f:divider|op_3~20                              ; |lab31119|ALU_LAB3:inst10|chufa:inst7|DIV2:inst1|lpm_divide:LPM_DIVIDE_component|lpm_divide_c0q:auto_generated|sign_div_unsign_ulh:divider|alt_u_div_g7f:divider|op_3~20                              ; out0             ;
; |lab31119|ALU_LAB3:inst10|chufa:inst7|DIV2:inst1|lpm_divide:LPM_DIVIDE_component|lpm_divide_c0q:auto_generated|sign_div_unsign_ulh:divider|alt_u_div_g7f:divider|op_3~21                              ; |lab31119|ALU_LAB3:inst10|chufa:inst7|DIV2:inst1|lpm_divide:LPM_DIVIDE_component|lpm_divide_c0q:auto_generated|sign_div_unsign_ulh:divider|alt_u_div_g7f:divider|op_3~21                              ; out0             ;
; |lab31119|ALU_LAB3:inst10|chufa:inst7|DIV2:inst1|lpm_divide:LPM_DIVIDE_component|lpm_divide_c0q:auto_generated|sign_div_unsign_ulh:divider|alt_u_div_g7f:divider|op_3~22                              ; |lab31119|ALU_LAB3:inst10|chufa:inst7|DIV2:inst1|lpm_divide:LPM_DIVIDE_component|lpm_divide_c0q:auto_generated|sign_div_unsign_ulh:divider|alt_u_div_g7f:divider|op_3~22                              ; out0             ;
; |lab31119|ALU_LAB3:inst10|chufa:inst7|DIV2:inst1|lpm_divide:LPM_DIVIDE_component|lpm_divide_c0q:auto_generated|sign_div_unsign_ulh:divider|alt_u_div_g7f:divider|op_3~23                              ; |lab31119|ALU_LAB3:inst10|chufa:inst7|DIV2:inst1|lpm_divide:LPM_DIVIDE_component|lpm_divide_c0q:auto_generated|sign_div_unsign_ulh:divider|alt_u_div_g7f:divider|op_3~23                              ; out0             ;
; |lab31119|ALU_LAB3:inst10|chufa:inst7|DIV2:inst1|lpm_divide:LPM_DIVIDE_component|lpm_divide_c0q:auto_generated|sign_div_unsign_ulh:divider|alt_u_div_g7f:divider|op_3~24                              ; |lab31119|ALU_LAB3:inst10|chufa:inst7|DIV2:inst1|lpm_divide:LPM_DIVIDE_component|lpm_divide_c0q:auto_generated|sign_div_unsign_ulh:divider|alt_u_div_g7f:divider|op_3~24                              ; out0             ;
; |lab31119|ALU_LAB3:inst10|chufa:inst7|DIV2:inst1|lpm_divide:LPM_DIVIDE_component|lpm_divide_c0q:auto_generated|sign_div_unsign_ulh:divider|alt_u_div_g7f:divider|op_3~25                              ; |lab31119|ALU_LAB3:inst10|chufa:inst7|DIV2:inst1|lpm_divide:LPM_DIVIDE_component|lpm_divide_c0q:auto_generated|sign_div_unsign_ulh:divider|alt_u_div_g7f:divider|op_3~25                              ; out0             ;
; |lab31119|ALU_LAB3:inst10|chufa:inst7|DIV2:inst1|lpm_divide:LPM_DIVIDE_component|lpm_divide_c0q:auto_generated|sign_div_unsign_ulh:divider|alt_u_div_g7f:divider|op_3~26                              ; |lab31119|ALU_LAB3:inst10|chufa:inst7|DIV2:inst1|lpm_divide:LPM_DIVIDE_component|lpm_divide_c0q:auto_generated|sign_div_unsign_ulh:divider|alt_u_div_g7f:divider|op_3~26                              ; out0             ;
; |lab31119|ALU_LAB3:inst10|chufa:inst7|DIV2:inst1|lpm_divide:LPM_DIVIDE_component|lpm_divide_c0q:auto_generated|sign_div_unsign_ulh:divider|alt_u_div_g7f:divider|op_3~27                              ; |lab31119|ALU_LAB3:inst10|chufa:inst7|DIV2:inst1|lpm_divide:LPM_DIVIDE_component|lpm_divide_c0q:auto_generated|sign_div_unsign_ulh:divider|alt_u_div_g7f:divider|op_3~27                              ; out0             ;
; |lab31119|ALU_LAB3:inst10|chufa:inst7|DIV2:inst1|lpm_divide:LPM_DIVIDE_component|lpm_divide_c0q:auto_generated|sign_div_unsign_ulh:divider|alt_u_div_g7f:divider|op_3~28                              ; |lab31119|ALU_LAB3:inst10|chufa:inst7|DIV2:inst1|lpm_divide:LPM_DIVIDE_component|lpm_divide_c0q:auto_generated|sign_div_unsign_ulh:divider|alt_u_div_g7f:divider|op_3~28                              ; out0             ;
; |lab31119|ALU_LAB3:inst10|chufa:inst7|DIV2:inst1|lpm_divide:LPM_DIVIDE_component|lpm_divide_c0q:auto_generated|sign_div_unsign_ulh:divider|alt_u_div_g7f:divider|op_3~29                              ; |lab31119|ALU_LAB3:inst10|chufa:inst7|DIV2:inst1|lpm_divide:LPM_DIVIDE_component|lpm_divide_c0q:auto_generated|sign_div_unsign_ulh:divider|alt_u_div_g7f:divider|op_3~29                              ; out0             ;
; |lab31119|ALU_LAB3:inst10|chufa:inst7|DIV2:inst1|lpm_divide:LPM_DIVIDE_component|lpm_divide_c0q:auto_generated|sign_div_unsign_ulh:divider|alt_u_div_g7f:divider|op_3~30                              ; |lab31119|ALU_LAB3:inst10|chufa:inst7|DIV2:inst1|lpm_divide:LPM_DIVIDE_component|lpm_divide_c0q:auto_generated|sign_div_unsign_ulh:divider|alt_u_div_g7f:divider|op_3~30                              ; out0             ;
; |lab31119|ALU_LAB3:inst10|chufa:inst7|DIV2:inst1|lpm_divide:LPM_DIVIDE_component|lpm_divide_c0q:auto_generated|sign_div_unsign_ulh:divider|alt_u_div_g7f:divider|op_3~31                              ; |lab31119|ALU_LAB3:inst10|chufa:inst7|DIV2:inst1|lpm_divide:LPM_DIVIDE_component|lpm_divide_c0q:auto_generated|sign_div_unsign_ulh:divider|alt_u_div_g7f:divider|op_3~31                              ; out0             ;
; |lab31119|ALU_LAB3:inst10|chufa:inst7|DIV2:inst1|lpm_divide:LPM_DIVIDE_component|lpm_divide_c0q:auto_generated|sign_div_unsign_ulh:divider|alt_u_div_g7f:divider|op_3~32                              ; |lab31119|ALU_LAB3:inst10|chufa:inst7|DIV2:inst1|lpm_divide:LPM_DIVIDE_component|lpm_divide_c0q:auto_generated|sign_div_unsign_ulh:divider|alt_u_div_g7f:divider|op_3~32                              ; out0             ;
; |lab31119|ALU_LAB3:inst10|chufa:inst7|DIV2:inst1|lpm_divide:LPM_DIVIDE_component|lpm_divide_c0q:auto_generated|sign_div_unsign_ulh:divider|alt_u_div_g7f:divider|op_3~33                              ; |lab31119|ALU_LAB3:inst10|chufa:inst7|DIV2:inst1|lpm_divide:LPM_DIVIDE_component|lpm_divide_c0q:auto_generated|sign_div_unsign_ulh:divider|alt_u_div_g7f:divider|op_3~33                              ; out0             ;
; |lab31119|ALU_LAB3:inst10|chufa:inst7|DIV2:inst1|lpm_divide:LPM_DIVIDE_component|lpm_divide_c0q:auto_generated|sign_div_unsign_ulh:divider|alt_u_div_g7f:divider|op_3~34                              ; |lab31119|ALU_LAB3:inst10|chufa:inst7|DIV2:inst1|lpm_divide:LPM_DIVIDE_component|lpm_divide_c0q:auto_generated|sign_div_unsign_ulh:divider|alt_u_div_g7f:divider|op_3~34                              ; out0             ;
; |lab31119|ALU_LAB3:inst10|chufa:inst7|DIV2:inst1|lpm_divide:LPM_DIVIDE_component|lpm_divide_c0q:auto_generated|sign_div_unsign_ulh:divider|alt_u_div_g7f:divider|op_3~35                              ; |lab31119|ALU_LAB3:inst10|chufa:inst7|DIV2:inst1|lpm_divide:LPM_DIVIDE_component|lpm_divide_c0q:auto_generated|sign_div_unsign_ulh:divider|alt_u_div_g7f:divider|op_3~35                              ; out0             ;
; |lab31119|ALU_LAB3:inst10|chufa:inst7|DIV2:inst1|lpm_divide:LPM_DIVIDE_component|lpm_divide_c0q:auto_generated|sign_div_unsign_ulh:divider|alt_u_div_g7f:divider|op_3~36                              ; |lab31119|ALU_LAB3:inst10|chufa:inst7|DIV2:inst1|lpm_divide:LPM_DIVIDE_component|lpm_divide_c0q:auto_generated|sign_div_unsign_ulh:divider|alt_u_div_g7f:divider|op_3~36                              ; out0             ;
; |lab31119|ALU_LAB3:inst10|chufa:inst7|DIV2:inst1|lpm_divide:LPM_DIVIDE_component|lpm_divide_c0q:auto_generated|sign_div_unsign_ulh:divider|alt_u_div_g7f:divider|op_3~37                              ; |lab31119|ALU_LAB3:inst10|chufa:inst7|DIV2:inst1|lpm_divide:LPM_DIVIDE_component|lpm_divide_c0q:auto_generated|sign_div_unsign_ulh:divider|alt_u_div_g7f:divider|op_3~37                              ; out0             ;
; |lab31119|ALU_LAB3:inst10|chufa:inst7|DIV2:inst1|lpm_divide:LPM_DIVIDE_component|lpm_divide_c0q:auto_generated|sign_div_unsign_ulh:divider|alt_u_div_g7f:divider|op_3~38                              ; |lab31119|ALU_LAB3:inst10|chufa:inst7|DIV2:inst1|lpm_divide:LPM_DIVIDE_component|lpm_divide_c0q:auto_generated|sign_div_unsign_ulh:divider|alt_u_div_g7f:divider|op_3~38                              ; out0             ;
; |lab31119|ALU_LAB3:inst10|chufa:inst7|DIV2:inst1|lpm_divide:LPM_DIVIDE_component|lpm_divide_c0q:auto_generated|sign_div_unsign_ulh:divider|alt_u_div_g7f:divider|op_3~39                              ; |lab31119|ALU_LAB3:inst10|chufa:inst7|DIV2:inst1|lpm_divide:LPM_DIVIDE_component|lpm_divide_c0q:auto_generated|sign_div_unsign_ulh:divider|alt_u_div_g7f:divider|op_3~39                              ; out0             ;
; |lab31119|ALU_LAB3:inst10|chufa:inst7|DIV2:inst1|lpm_divide:LPM_DIVIDE_component|lpm_divide_c0q:auto_generated|sign_div_unsign_ulh:divider|alt_u_div_g7f:divider|op_4~0                               ; |lab31119|ALU_LAB3:inst10|chufa:inst7|DIV2:inst1|lpm_divide:LPM_DIVIDE_component|lpm_divide_c0q:auto_generated|sign_div_unsign_ulh:divider|alt_u_div_g7f:divider|op_4~0                               ; out0             ;
; |lab31119|ALU_LAB3:inst10|chufa:inst7|DIV2:inst1|lpm_divide:LPM_DIVIDE_component|lpm_divide_c0q:auto_generated|sign_div_unsign_ulh:divider|alt_u_div_g7f:divider|op_4~1                               ; |lab31119|ALU_LAB3:inst10|chufa:inst7|DIV2:inst1|lpm_divide:LPM_DIVIDE_component|lpm_divide_c0q:auto_generated|sign_div_unsign_ulh:divider|alt_u_div_g7f:divider|op_4~1                               ; out0             ;
; |lab31119|ALU_LAB3:inst10|chufa:inst7|DIV2:inst1|lpm_divide:LPM_DIVIDE_component|lpm_divide_c0q:auto_generated|sign_div_unsign_ulh:divider|alt_u_div_g7f:divider|op_4~2                               ; |lab31119|ALU_LAB3:inst10|chufa:inst7|DIV2:inst1|lpm_divide:LPM_DIVIDE_component|lpm_divide_c0q:auto_generated|sign_div_unsign_ulh:divider|alt_u_div_g7f:divider|op_4~2                               ; out0             ;
; |lab31119|ALU_LAB3:inst10|chufa:inst7|DIV2:inst1|lpm_divide:LPM_DIVIDE_component|lpm_divide_c0q:auto_generated|sign_div_unsign_ulh:divider|alt_u_div_g7f:divider|op_4~3                               ; |lab31119|ALU_LAB3:inst10|chufa:inst7|DIV2:inst1|lpm_divide:LPM_DIVIDE_component|lpm_divide_c0q:auto_generated|sign_div_unsign_ulh:divider|alt_u_div_g7f:divider|op_4~3                               ; out0             ;
; |lab31119|ALU_LAB3:inst10|chufa:inst7|DIV2:inst1|lpm_divide:LPM_DIVIDE_component|lpm_divide_c0q:auto_generated|sign_div_unsign_ulh:divider|alt_u_div_g7f:divider|op_4~4                               ; |lab31119|ALU_LAB3:inst10|chufa:inst7|DIV2:inst1|lpm_divide:LPM_DIVIDE_component|lpm_divide_c0q:auto_generated|sign_div_unsign_ulh:divider|alt_u_div_g7f:divider|op_4~4                               ; out0             ;
; |lab31119|ALU_LAB3:inst10|chufa:inst7|DIV2:inst1|lpm_divide:LPM_DIVIDE_component|lpm_divide_c0q:auto_generated|sign_div_unsign_ulh:divider|alt_u_div_g7f:divider|op_4~5                               ; |lab31119|ALU_LAB3:inst10|chufa:inst7|DIV2:inst1|lpm_divide:LPM_DIVIDE_component|lpm_divide_c0q:auto_generated|sign_div_unsign_ulh:divider|alt_u_div_g7f:divider|op_4~5                               ; out0             ;
; |lab31119|ALU_LAB3:inst10|chufa:inst7|DIV2:inst1|lpm_divide:LPM_DIVIDE_component|lpm_divide_c0q:auto_generated|sign_div_unsign_ulh:divider|alt_u_div_g7f:divider|op_4~6                               ; |lab31119|ALU_LAB3:inst10|chufa:inst7|DIV2:inst1|lpm_divide:LPM_DIVIDE_component|lpm_divide_c0q:auto_generated|sign_div_unsign_ulh:divider|alt_u_div_g7f:divider|op_4~6                               ; out0             ;
; |lab31119|ALU_LAB3:inst10|chufa:inst7|DIV2:inst1|lpm_divide:LPM_DIVIDE_component|lpm_divide_c0q:auto_generated|sign_div_unsign_ulh:divider|alt_u_div_g7f:divider|op_4~7                               ; |lab31119|ALU_LAB3:inst10|chufa:inst7|DIV2:inst1|lpm_divide:LPM_DIVIDE_component|lpm_divide_c0q:auto_generated|sign_div_unsign_ulh:divider|alt_u_div_g7f:divider|op_4~7                               ; out0             ;
; |lab31119|ALU_LAB3:inst10|chufa:inst7|DIV2:inst1|lpm_divide:LPM_DIVIDE_component|lpm_divide_c0q:auto_generated|sign_div_unsign_ulh:divider|alt_u_div_g7f:divider|op_4~8                               ; |lab31119|ALU_LAB3:inst10|chufa:inst7|DIV2:inst1|lpm_divide:LPM_DIVIDE_component|lpm_divide_c0q:auto_generated|sign_div_unsign_ulh:divider|alt_u_div_g7f:divider|op_4~8                               ; out0             ;
; |lab31119|ALU_LAB3:inst10|chufa:inst7|DIV2:inst1|lpm_divide:LPM_DIVIDE_component|lpm_divide_c0q:auto_generated|sign_div_unsign_ulh:divider|alt_u_div_g7f:divider|op_4~9                               ; |lab31119|ALU_LAB3:inst10|chufa:inst7|DIV2:inst1|lpm_divide:LPM_DIVIDE_component|lpm_divide_c0q:auto_generated|sign_div_unsign_ulh:divider|alt_u_div_g7f:divider|op_4~9                               ; out0             ;
; |lab31119|ALU_LAB3:inst10|chufa:inst7|DIV2:inst1|lpm_divide:LPM_DIVIDE_component|lpm_divide_c0q:auto_generated|sign_div_unsign_ulh:divider|alt_u_div_g7f:divider|op_4~10                              ; |lab31119|ALU_LAB3:inst10|chufa:inst7|DIV2:inst1|lpm_divide:LPM_DIVIDE_component|lpm_divide_c0q:auto_generated|sign_div_unsign_ulh:divider|alt_u_div_g7f:divider|op_4~10                              ; out0             ;
; |lab31119|ALU_LAB3:inst10|chufa:inst7|DIV2:inst1|lpm_divide:LPM_DIVIDE_component|lpm_divide_c0q:auto_generated|sign_div_unsign_ulh:divider|alt_u_div_g7f:divider|op_4~11                              ; |lab31119|ALU_LAB3:inst10|chufa:inst7|DIV2:inst1|lpm_divide:LPM_DIVIDE_component|lpm_divide_c0q:auto_generated|sign_div_unsign_ulh:divider|alt_u_div_g7f:divider|op_4~11                              ; out0             ;
; |lab31119|ALU_LAB3:inst10|chufa:inst7|DIV2:inst1|lpm_divide:LPM_DIVIDE_component|lpm_divide_c0q:auto_generated|sign_div_unsign_ulh:divider|alt_u_div_g7f:divider|op_4~12                              ; |lab31119|ALU_LAB3:inst10|chufa:inst7|DIV2:inst1|lpm_divide:LPM_DIVIDE_component|lpm_divide_c0q:auto_generated|sign_div_unsign_ulh:divider|alt_u_div_g7f:divider|op_4~12                              ; out0             ;
; |lab31119|ALU_LAB3:inst10|chufa:inst7|DIV2:inst1|lpm_divide:LPM_DIVIDE_component|lpm_divide_c0q:auto_generated|sign_div_unsign_ulh:divider|alt_u_div_g7f:divider|op_4~13                              ; |lab31119|ALU_LAB3:inst10|chufa:inst7|DIV2:inst1|lpm_divide:LPM_DIVIDE_component|lpm_divide_c0q:auto_generated|sign_div_unsign_ulh:divider|alt_u_div_g7f:divider|op_4~13                              ; out0             ;
; |lab31119|ALU_LAB3:inst10|chufa:inst7|DIV2:inst1|lpm_divide:LPM_DIVIDE_component|lpm_divide_c0q:auto_generated|sign_div_unsign_ulh:divider|alt_u_div_g7f:divider|op_4~14                              ; |lab31119|ALU_LAB3:inst10|chufa:inst7|DIV2:inst1|lpm_divide:LPM_DIVIDE_component|lpm_divide_c0q:auto_generated|sign_div_unsign_ulh:divider|alt_u_div_g7f:divider|op_4~14                              ; out0             ;
; |lab31119|ALU_LAB3:inst10|chufa:inst7|DIV2:inst1|lpm_divide:LPM_DIVIDE_component|lpm_divide_c0q:auto_generated|sign_div_unsign_ulh:divider|alt_u_div_g7f:divider|op_4~15                              ; |lab31119|ALU_LAB3:inst10|chufa:inst7|DIV2:inst1|lpm_divide:LPM_DIVIDE_component|lpm_divide_c0q:auto_generated|sign_div_unsign_ulh:divider|alt_u_div_g7f:divider|op_4~15                              ; out0             ;
; |lab31119|ALU_LAB3:inst10|chufa:inst7|DIV2:inst1|lpm_divide:LPM_DIVIDE_component|lpm_divide_c0q:auto_generated|sign_div_unsign_ulh:divider|alt_u_div_g7f:divider|op_4~16                              ; |lab31119|ALU_LAB3:inst10|chufa:inst7|DIV2:inst1|lpm_divide:LPM_DIVIDE_component|lpm_divide_c0q:auto_generated|sign_div_unsign_ulh:divider|alt_u_div_g7f:divider|op_4~16                              ; out0             ;
; |lab31119|ALU_LAB3:inst10|chufa:inst7|DIV2:inst1|lpm_divide:LPM_DIVIDE_component|lpm_divide_c0q:auto_generated|sign_div_unsign_ulh:divider|alt_u_div_g7f:divider|op_4~17                              ; |lab31119|ALU_LAB3:inst10|chufa:inst7|DIV2:inst1|lpm_divide:LPM_DIVIDE_component|lpm_divide_c0q:auto_generated|sign_div_unsign_ulh:divider|alt_u_div_g7f:divider|op_4~17                              ; out0             ;
; |lab31119|ALU_LAB3:inst10|chufa:inst7|DIV2:inst1|lpm_divide:LPM_DIVIDE_component|lpm_divide_c0q:auto_generated|sign_div_unsign_ulh:divider|alt_u_div_g7f:divider|op_4~18                              ; |lab31119|ALU_LAB3:inst10|chufa:inst7|DIV2:inst1|lpm_divide:LPM_DIVIDE_component|lpm_divide_c0q:auto_generated|sign_div_unsign_ulh:divider|alt_u_div_g7f:divider|op_4~18                              ; out0             ;
; |lab31119|ALU_LAB3:inst10|chufa:inst7|DIV2:inst1|lpm_divide:LPM_DIVIDE_component|lpm_divide_c0q:auto_generated|sign_div_unsign_ulh:divider|alt_u_div_g7f:divider|op_4~19                              ; |lab31119|ALU_LAB3:inst10|chufa:inst7|DIV2:inst1|lpm_divide:LPM_DIVIDE_component|lpm_divide_c0q:auto_generated|sign_div_unsign_ulh:divider|alt_u_div_g7f:divider|op_4~19                              ; out0             ;
; |lab31119|ALU_LAB3:inst10|chufa:inst7|DIV2:inst1|lpm_divide:LPM_DIVIDE_component|lpm_divide_c0q:auto_generated|sign_div_unsign_ulh:divider|alt_u_div_g7f:divider|op_4~20                              ; |lab31119|ALU_LAB3:inst10|chufa:inst7|DIV2:inst1|lpm_divide:LPM_DIVIDE_component|lpm_divide_c0q:auto_generated|sign_div_unsign_ulh:divider|alt_u_div_g7f:divider|op_4~20                              ; out0             ;
; |lab31119|ALU_LAB3:inst10|chufa:inst7|DIV2:inst1|lpm_divide:LPM_DIVIDE_component|lpm_divide_c0q:auto_generated|sign_div_unsign_ulh:divider|alt_u_div_g7f:divider|op_4~21                              ; |lab31119|ALU_LAB3:inst10|chufa:inst7|DIV2:inst1|lpm_divide:LPM_DIVIDE_component|lpm_divide_c0q:auto_generated|sign_div_unsign_ulh:divider|alt_u_div_g7f:divider|op_4~21                              ; out0             ;
; |lab31119|ALU_LAB3:inst10|chufa:inst7|DIV2:inst1|lpm_divide:LPM_DIVIDE_component|lpm_divide_c0q:auto_generated|sign_div_unsign_ulh:divider|alt_u_div_g7f:divider|op_4~22                              ; |lab31119|ALU_LAB3:inst10|chufa:inst7|DIV2:inst1|lpm_divide:LPM_DIVIDE_component|lpm_divide_c0q:auto_generated|sign_div_unsign_ulh:divider|alt_u_div_g7f:divider|op_4~22                              ; out0             ;
; |lab31119|ALU_LAB3:inst10|chufa:inst7|DIV2:inst1|lpm_divide:LPM_DIVIDE_component|lpm_divide_c0q:auto_generated|sign_div_unsign_ulh:divider|alt_u_div_g7f:divider|op_4~23                              ; |lab31119|ALU_LAB3:inst10|chufa:inst7|DIV2:inst1|lpm_divide:LPM_DIVIDE_component|lpm_divide_c0q:auto_generated|sign_div_unsign_ulh:divider|alt_u_div_g7f:divider|op_4~23                              ; out0             ;
; |lab31119|ALU_LAB3:inst10|chufa:inst7|DIV2:inst1|lpm_divide:LPM_DIVIDE_component|lpm_divide_c0q:auto_generated|sign_div_unsign_ulh:divider|alt_u_div_g7f:divider|op_4~24                              ; |lab31119|ALU_LAB3:inst10|chufa:inst7|DIV2:inst1|lpm_divide:LPM_DIVIDE_component|lpm_divide_c0q:auto_generated|sign_div_unsign_ulh:divider|alt_u_div_g7f:divider|op_4~24                              ; out0             ;
; |lab31119|ALU_LAB3:inst10|chufa:inst7|DIV2:inst1|lpm_divide:LPM_DIVIDE_component|lpm_divide_c0q:auto_generated|sign_div_unsign_ulh:divider|alt_u_div_g7f:divider|op_4~25                              ; |lab31119|ALU_LAB3:inst10|chufa:inst7|DIV2:inst1|lpm_divide:LPM_DIVIDE_component|lpm_divide_c0q:auto_generated|sign_div_unsign_ulh:divider|alt_u_div_g7f:divider|op_4~25                              ; out0             ;
; |lab31119|ALU_LAB3:inst10|chufa:inst7|DIV2:inst1|lpm_divide:LPM_DIVIDE_component|lpm_divide_c0q:auto_generated|sign_div_unsign_ulh:divider|alt_u_div_g7f:divider|op_4~26                              ; |lab31119|ALU_LAB3:inst10|chufa:inst7|DIV2:inst1|lpm_divide:LPM_DIVIDE_component|lpm_divide_c0q:auto_generated|sign_div_unsign_ulh:divider|alt_u_div_g7f:divider|op_4~26                              ; out0             ;
; |lab31119|ALU_LAB3:inst10|chufa:inst7|DIV2:inst1|lpm_divide:LPM_DIVIDE_component|lpm_divide_c0q:auto_generated|sign_div_unsign_ulh:divider|alt_u_div_g7f:divider|op_4~27                              ; |lab31119|ALU_LAB3:inst10|chufa:inst7|DIV2:inst1|lpm_divide:LPM_DIVIDE_component|lpm_divide_c0q:auto_generated|sign_div_unsign_ulh:divider|alt_u_div_g7f:divider|op_4~27                              ; out0             ;
; |lab31119|ALU_LAB3:inst10|chufa:inst7|DIV2:inst1|lpm_divide:LPM_DIVIDE_component|lpm_divide_c0q:auto_generated|sign_div_unsign_ulh:divider|alt_u_div_g7f:divider|op_4~28                              ; |lab31119|ALU_LAB3:inst10|chufa:inst7|DIV2:inst1|lpm_divide:LPM_DIVIDE_component|lpm_divide_c0q:auto_generated|sign_div_unsign_ulh:divider|alt_u_div_g7f:divider|op_4~28                              ; out0             ;
; |lab31119|ALU_LAB3:inst10|chufa:inst7|DIV2:inst1|lpm_divide:LPM_DIVIDE_component|lpm_divide_c0q:auto_generated|sign_div_unsign_ulh:divider|alt_u_div_g7f:divider|op_4~29                              ; |lab31119|ALU_LAB3:inst10|chufa:inst7|DIV2:inst1|lpm_divide:LPM_DIVIDE_component|lpm_divide_c0q:auto_generated|sign_div_unsign_ulh:divider|alt_u_div_g7f:divider|op_4~29                              ; out0             ;
; |lab31119|ALU_LAB3:inst10|chufa:inst7|DIV2:inst1|lpm_divide:LPM_DIVIDE_component|lpm_divide_c0q:auto_generated|sign_div_unsign_ulh:divider|alt_u_div_g7f:divider|op_4~30                              ; |lab31119|ALU_LAB3:inst10|chufa:inst7|DIV2:inst1|lpm_divide:LPM_DIVIDE_component|lpm_divide_c0q:auto_generated|sign_div_unsign_ulh:divider|alt_u_div_g7f:divider|op_4~30                              ; out0             ;
; |lab31119|ALU_LAB3:inst10|chufa:inst7|DIV2:inst1|lpm_divide:LPM_DIVIDE_component|lpm_divide_c0q:auto_generated|sign_div_unsign_ulh:divider|alt_u_div_g7f:divider|op_4~31                              ; |lab31119|ALU_LAB3:inst10|chufa:inst7|DIV2:inst1|lpm_divide:LPM_DIVIDE_component|lpm_divide_c0q:auto_generated|sign_div_unsign_ulh:divider|alt_u_div_g7f:divider|op_4~31                              ; out0             ;
; |lab31119|ALU_LAB3:inst10|chufa:inst7|DIV2:inst1|lpm_divide:LPM_DIVIDE_component|lpm_divide_c0q:auto_generated|sign_div_unsign_ulh:divider|alt_u_div_g7f:divider|op_4~32                              ; |lab31119|ALU_LAB3:inst10|chufa:inst7|DIV2:inst1|lpm_divide:LPM_DIVIDE_component|lpm_divide_c0q:auto_generated|sign_div_unsign_ulh:divider|alt_u_div_g7f:divider|op_4~32                              ; out0             ;
; |lab31119|ALU_LAB3:inst10|chufa:inst7|DIV2:inst1|lpm_divide:LPM_DIVIDE_component|lpm_divide_c0q:auto_generated|sign_div_unsign_ulh:divider|alt_u_div_g7f:divider|op_4~33                              ; |lab31119|ALU_LAB3:inst10|chufa:inst7|DIV2:inst1|lpm_divide:LPM_DIVIDE_component|lpm_divide_c0q:auto_generated|sign_div_unsign_ulh:divider|alt_u_div_g7f:divider|op_4~33                              ; out0             ;
; |lab31119|ALU_LAB3:inst10|chufa:inst7|DIV2:inst1|lpm_divide:LPM_DIVIDE_component|lpm_divide_c0q:auto_generated|sign_div_unsign_ulh:divider|alt_u_div_g7f:divider|op_4~34                              ; |lab31119|ALU_LAB3:inst10|chufa:inst7|DIV2:inst1|lpm_divide:LPM_DIVIDE_component|lpm_divide_c0q:auto_generated|sign_div_unsign_ulh:divider|alt_u_div_g7f:divider|op_4~34                              ; out0             ;
; |lab31119|ALU_LAB3:inst10|chufa:inst7|DIV2:inst1|lpm_divide:LPM_DIVIDE_component|lpm_divide_c0q:auto_generated|sign_div_unsign_ulh:divider|alt_u_div_g7f:divider|op_4~35                              ; |lab31119|ALU_LAB3:inst10|chufa:inst7|DIV2:inst1|lpm_divide:LPM_DIVIDE_component|lpm_divide_c0q:auto_generated|sign_div_unsign_ulh:divider|alt_u_div_g7f:divider|op_4~35                              ; out0             ;
; |lab31119|ALU_LAB3:inst10|chufa:inst7|DIV2:inst1|lpm_divide:LPM_DIVIDE_component|lpm_divide_c0q:auto_generated|sign_div_unsign_ulh:divider|alt_u_div_g7f:divider|op_4~36                              ; |lab31119|ALU_LAB3:inst10|chufa:inst7|DIV2:inst1|lpm_divide:LPM_DIVIDE_component|lpm_divide_c0q:auto_generated|sign_div_unsign_ulh:divider|alt_u_div_g7f:divider|op_4~36                              ; out0             ;
; |lab31119|ALU_LAB3:inst10|chufa:inst7|DIV2:inst1|lpm_divide:LPM_DIVIDE_component|lpm_divide_c0q:auto_generated|sign_div_unsign_ulh:divider|alt_u_div_g7f:divider|op_4~37                              ; |lab31119|ALU_LAB3:inst10|chufa:inst7|DIV2:inst1|lpm_divide:LPM_DIVIDE_component|lpm_divide_c0q:auto_generated|sign_div_unsign_ulh:divider|alt_u_div_g7f:divider|op_4~37                              ; out0             ;
; |lab31119|ALU_LAB3:inst10|chufa:inst7|DIV2:inst1|lpm_divide:LPM_DIVIDE_component|lpm_divide_c0q:auto_generated|sign_div_unsign_ulh:divider|alt_u_div_g7f:divider|op_4~38                              ; |lab31119|ALU_LAB3:inst10|chufa:inst7|DIV2:inst1|lpm_divide:LPM_DIVIDE_component|lpm_divide_c0q:auto_generated|sign_div_unsign_ulh:divider|alt_u_div_g7f:divider|op_4~38                              ; out0             ;
; |lab31119|ALU_LAB3:inst10|chufa:inst7|DIV2:inst1|lpm_divide:LPM_DIVIDE_component|lpm_divide_c0q:auto_generated|sign_div_unsign_ulh:divider|alt_u_div_g7f:divider|op_4~39                              ; |lab31119|ALU_LAB3:inst10|chufa:inst7|DIV2:inst1|lpm_divide:LPM_DIVIDE_component|lpm_divide_c0q:auto_generated|sign_div_unsign_ulh:divider|alt_u_div_g7f:divider|op_4~39                              ; out0             ;
; |lab31119|ALU_LAB3:inst10|chufa:inst7|DIV2:inst1|lpm_divide:LPM_DIVIDE_component|lpm_divide_c0q:auto_generated|sign_div_unsign_ulh:divider|alt_u_div_g7f:divider|op_5~0                               ; |lab31119|ALU_LAB3:inst10|chufa:inst7|DIV2:inst1|lpm_divide:LPM_DIVIDE_component|lpm_divide_c0q:auto_generated|sign_div_unsign_ulh:divider|alt_u_div_g7f:divider|op_5~0                               ; out0             ;
; |lab31119|ALU_LAB3:inst10|chufa:inst7|DIV2:inst1|lpm_divide:LPM_DIVIDE_component|lpm_divide_c0q:auto_generated|sign_div_unsign_ulh:divider|alt_u_div_g7f:divider|op_5~1                               ; |lab31119|ALU_LAB3:inst10|chufa:inst7|DIV2:inst1|lpm_divide:LPM_DIVIDE_component|lpm_divide_c0q:auto_generated|sign_div_unsign_ulh:divider|alt_u_div_g7f:divider|op_5~1                               ; out0             ;
; |lab31119|ALU_LAB3:inst10|chufa:inst7|DIV2:inst1|lpm_divide:LPM_DIVIDE_component|lpm_divide_c0q:auto_generated|sign_div_unsign_ulh:divider|alt_u_div_g7f:divider|op_5~2                               ; |lab31119|ALU_LAB3:inst10|chufa:inst7|DIV2:inst1|lpm_divide:LPM_DIVIDE_component|lpm_divide_c0q:auto_generated|sign_div_unsign_ulh:divider|alt_u_div_g7f:divider|op_5~2                               ; out0             ;
; |lab31119|ALU_LAB3:inst10|chufa:inst7|DIV2:inst1|lpm_divide:LPM_DIVIDE_component|lpm_divide_c0q:auto_generated|sign_div_unsign_ulh:divider|alt_u_div_g7f:divider|op_5~3                               ; |lab31119|ALU_LAB3:inst10|chufa:inst7|DIV2:inst1|lpm_divide:LPM_DIVIDE_component|lpm_divide_c0q:auto_generated|sign_div_unsign_ulh:divider|alt_u_div_g7f:divider|op_5~3                               ; out0             ;
; |lab31119|ALU_LAB3:inst10|chufa:inst7|DIV2:inst1|lpm_divide:LPM_DIVIDE_component|lpm_divide_c0q:auto_generated|sign_div_unsign_ulh:divider|alt_u_div_g7f:divider|op_5~4                               ; |lab31119|ALU_LAB3:inst10|chufa:inst7|DIV2:inst1|lpm_divide:LPM_DIVIDE_component|lpm_divide_c0q:auto_generated|sign_div_unsign_ulh:divider|alt_u_div_g7f:divider|op_5~4                               ; out0             ;
; |lab31119|ALU_LAB3:inst10|chufa:inst7|DIV2:inst1|lpm_divide:LPM_DIVIDE_component|lpm_divide_c0q:auto_generated|sign_div_unsign_ulh:divider|alt_u_div_g7f:divider|op_5~5                               ; |lab31119|ALU_LAB3:inst10|chufa:inst7|DIV2:inst1|lpm_divide:LPM_DIVIDE_component|lpm_divide_c0q:auto_generated|sign_div_unsign_ulh:divider|alt_u_div_g7f:divider|op_5~5                               ; out0             ;
; |lab31119|ALU_LAB3:inst10|chufa:inst7|DIV2:inst1|lpm_divide:LPM_DIVIDE_component|lpm_divide_c0q:auto_generated|sign_div_unsign_ulh:divider|alt_u_div_g7f:divider|op_5~6                               ; |lab31119|ALU_LAB3:inst10|chufa:inst7|DIV2:inst1|lpm_divide:LPM_DIVIDE_component|lpm_divide_c0q:auto_generated|sign_div_unsign_ulh:divider|alt_u_div_g7f:divider|op_5~6                               ; out0             ;
; |lab31119|ALU_LAB3:inst10|chufa:inst7|DIV2:inst1|lpm_divide:LPM_DIVIDE_component|lpm_divide_c0q:auto_generated|sign_div_unsign_ulh:divider|alt_u_div_g7f:divider|op_5~7                               ; |lab31119|ALU_LAB3:inst10|chufa:inst7|DIV2:inst1|lpm_divide:LPM_DIVIDE_component|lpm_divide_c0q:auto_generated|sign_div_unsign_ulh:divider|alt_u_div_g7f:divider|op_5~7                               ; out0             ;
; |lab31119|ALU_LAB3:inst10|chufa:inst7|DIV2:inst1|lpm_divide:LPM_DIVIDE_component|lpm_divide_c0q:auto_generated|sign_div_unsign_ulh:divider|alt_u_div_g7f:divider|op_5~8                               ; |lab31119|ALU_LAB3:inst10|chufa:inst7|DIV2:inst1|lpm_divide:LPM_DIVIDE_component|lpm_divide_c0q:auto_generated|sign_div_unsign_ulh:divider|alt_u_div_g7f:divider|op_5~8                               ; out0             ;
; |lab31119|ALU_LAB3:inst10|chufa:inst7|DIV2:inst1|lpm_divide:LPM_DIVIDE_component|lpm_divide_c0q:auto_generated|sign_div_unsign_ulh:divider|alt_u_div_g7f:divider|op_5~9                               ; |lab31119|ALU_LAB3:inst10|chufa:inst7|DIV2:inst1|lpm_divide:LPM_DIVIDE_component|lpm_divide_c0q:auto_generated|sign_div_unsign_ulh:divider|alt_u_div_g7f:divider|op_5~9                               ; out0             ;
; |lab31119|ALU_LAB3:inst10|chufa:inst7|DIV2:inst1|lpm_divide:LPM_DIVIDE_component|lpm_divide_c0q:auto_generated|sign_div_unsign_ulh:divider|alt_u_div_g7f:divider|op_5~10                              ; |lab31119|ALU_LAB3:inst10|chufa:inst7|DIV2:inst1|lpm_divide:LPM_DIVIDE_component|lpm_divide_c0q:auto_generated|sign_div_unsign_ulh:divider|alt_u_div_g7f:divider|op_5~10                              ; out0             ;
; |lab31119|ALU_LAB3:inst10|chufa:inst7|DIV2:inst1|lpm_divide:LPM_DIVIDE_component|lpm_divide_c0q:auto_generated|sign_div_unsign_ulh:divider|alt_u_div_g7f:divider|op_5~11                              ; |lab31119|ALU_LAB3:inst10|chufa:inst7|DIV2:inst1|lpm_divide:LPM_DIVIDE_component|lpm_divide_c0q:auto_generated|sign_div_unsign_ulh:divider|alt_u_div_g7f:divider|op_5~11                              ; out0             ;
; |lab31119|ALU_LAB3:inst10|chufa:inst7|DIV2:inst1|lpm_divide:LPM_DIVIDE_component|lpm_divide_c0q:auto_generated|sign_div_unsign_ulh:divider|alt_u_div_g7f:divider|op_5~12                              ; |lab31119|ALU_LAB3:inst10|chufa:inst7|DIV2:inst1|lpm_divide:LPM_DIVIDE_component|lpm_divide_c0q:auto_generated|sign_div_unsign_ulh:divider|alt_u_div_g7f:divider|op_5~12                              ; out0             ;
; |lab31119|ALU_LAB3:inst10|chufa:inst7|DIV2:inst1|lpm_divide:LPM_DIVIDE_component|lpm_divide_c0q:auto_generated|sign_div_unsign_ulh:divider|alt_u_div_g7f:divider|op_5~13                              ; |lab31119|ALU_LAB3:inst10|chufa:inst7|DIV2:inst1|lpm_divide:LPM_DIVIDE_component|lpm_divide_c0q:auto_generated|sign_div_unsign_ulh:divider|alt_u_div_g7f:divider|op_5~13                              ; out0             ;
; |lab31119|ALU_LAB3:inst10|chufa:inst7|DIV2:inst1|lpm_divide:LPM_DIVIDE_component|lpm_divide_c0q:auto_generated|sign_div_unsign_ulh:divider|alt_u_div_g7f:divider|op_5~14                              ; |lab31119|ALU_LAB3:inst10|chufa:inst7|DIV2:inst1|lpm_divide:LPM_DIVIDE_component|lpm_divide_c0q:auto_generated|sign_div_unsign_ulh:divider|alt_u_div_g7f:divider|op_5~14                              ; out0             ;
; |lab31119|ALU_LAB3:inst10|chufa:inst7|DIV2:inst1|lpm_divide:LPM_DIVIDE_component|lpm_divide_c0q:auto_generated|sign_div_unsign_ulh:divider|alt_u_div_g7f:divider|op_5~15                              ; |lab31119|ALU_LAB3:inst10|chufa:inst7|DIV2:inst1|lpm_divide:LPM_DIVIDE_component|lpm_divide_c0q:auto_generated|sign_div_unsign_ulh:divider|alt_u_div_g7f:divider|op_5~15                              ; out0             ;
; |lab31119|ALU_LAB3:inst10|chufa:inst7|DIV2:inst1|lpm_divide:LPM_DIVIDE_component|lpm_divide_c0q:auto_generated|sign_div_unsign_ulh:divider|alt_u_div_g7f:divider|op_5~16                              ; |lab31119|ALU_LAB3:inst10|chufa:inst7|DIV2:inst1|lpm_divide:LPM_DIVIDE_component|lpm_divide_c0q:auto_generated|sign_div_unsign_ulh:divider|alt_u_div_g7f:divider|op_5~16                              ; out0             ;
; |lab31119|ALU_LAB3:inst10|chufa:inst7|DIV2:inst1|lpm_divide:LPM_DIVIDE_component|lpm_divide_c0q:auto_generated|sign_div_unsign_ulh:divider|alt_u_div_g7f:divider|op_5~17                              ; |lab31119|ALU_LAB3:inst10|chufa:inst7|DIV2:inst1|lpm_divide:LPM_DIVIDE_component|lpm_divide_c0q:auto_generated|sign_div_unsign_ulh:divider|alt_u_div_g7f:divider|op_5~17                              ; out0             ;
; |lab31119|ALU_LAB3:inst10|chufa:inst7|DIV2:inst1|lpm_divide:LPM_DIVIDE_component|lpm_divide_c0q:auto_generated|sign_div_unsign_ulh:divider|alt_u_div_g7f:divider|op_5~18                              ; |lab31119|ALU_LAB3:inst10|chufa:inst7|DIV2:inst1|lpm_divide:LPM_DIVIDE_component|lpm_divide_c0q:auto_generated|sign_div_unsign_ulh:divider|alt_u_div_g7f:divider|op_5~18                              ; out0             ;
; |lab31119|ALU_LAB3:inst10|chufa:inst7|DIV2:inst1|lpm_divide:LPM_DIVIDE_component|lpm_divide_c0q:auto_generated|sign_div_unsign_ulh:divider|alt_u_div_g7f:divider|op_5~19                              ; |lab31119|ALU_LAB3:inst10|chufa:inst7|DIV2:inst1|lpm_divide:LPM_DIVIDE_component|lpm_divide_c0q:auto_generated|sign_div_unsign_ulh:divider|alt_u_div_g7f:divider|op_5~19                              ; out0             ;
; |lab31119|ALU_LAB3:inst10|chufa:inst7|DIV2:inst1|lpm_divide:LPM_DIVIDE_component|lpm_divide_c0q:auto_generated|sign_div_unsign_ulh:divider|alt_u_div_g7f:divider|op_5~20                              ; |lab31119|ALU_LAB3:inst10|chufa:inst7|DIV2:inst1|lpm_divide:LPM_DIVIDE_component|lpm_divide_c0q:auto_generated|sign_div_unsign_ulh:divider|alt_u_div_g7f:divider|op_5~20                              ; out0             ;
; |lab31119|ALU_LAB3:inst10|chufa:inst7|DIV2:inst1|lpm_divide:LPM_DIVIDE_component|lpm_divide_c0q:auto_generated|sign_div_unsign_ulh:divider|alt_u_div_g7f:divider|op_5~21                              ; |lab31119|ALU_LAB3:inst10|chufa:inst7|DIV2:inst1|lpm_divide:LPM_DIVIDE_component|lpm_divide_c0q:auto_generated|sign_div_unsign_ulh:divider|alt_u_div_g7f:divider|op_5~21                              ; out0             ;
; |lab31119|ALU_LAB3:inst10|chufa:inst7|DIV2:inst1|lpm_divide:LPM_DIVIDE_component|lpm_divide_c0q:auto_generated|sign_div_unsign_ulh:divider|alt_u_div_g7f:divider|op_5~22                              ; |lab31119|ALU_LAB3:inst10|chufa:inst7|DIV2:inst1|lpm_divide:LPM_DIVIDE_component|lpm_divide_c0q:auto_generated|sign_div_unsign_ulh:divider|alt_u_div_g7f:divider|op_5~22                              ; out0             ;
; |lab31119|ALU_LAB3:inst10|chufa:inst7|DIV2:inst1|lpm_divide:LPM_DIVIDE_component|lpm_divide_c0q:auto_generated|sign_div_unsign_ulh:divider|alt_u_div_g7f:divider|op_5~23                              ; |lab31119|ALU_LAB3:inst10|chufa:inst7|DIV2:inst1|lpm_divide:LPM_DIVIDE_component|lpm_divide_c0q:auto_generated|sign_div_unsign_ulh:divider|alt_u_div_g7f:divider|op_5~23                              ; out0             ;
; |lab31119|ALU_LAB3:inst10|chufa:inst7|DIV2:inst1|lpm_divide:LPM_DIVIDE_component|lpm_divide_c0q:auto_generated|sign_div_unsign_ulh:divider|alt_u_div_g7f:divider|op_5~24                              ; |lab31119|ALU_LAB3:inst10|chufa:inst7|DIV2:inst1|lpm_divide:LPM_DIVIDE_component|lpm_divide_c0q:auto_generated|sign_div_unsign_ulh:divider|alt_u_div_g7f:divider|op_5~24                              ; out0             ;
; |lab31119|ALU_LAB3:inst10|chufa:inst7|DIV2:inst1|lpm_divide:LPM_DIVIDE_component|lpm_divide_c0q:auto_generated|sign_div_unsign_ulh:divider|alt_u_div_g7f:divider|op_5~25                              ; |lab31119|ALU_LAB3:inst10|chufa:inst7|DIV2:inst1|lpm_divide:LPM_DIVIDE_component|lpm_divide_c0q:auto_generated|sign_div_unsign_ulh:divider|alt_u_div_g7f:divider|op_5~25                              ; out0             ;
; |lab31119|ALU_LAB3:inst10|chufa:inst7|DIV2:inst1|lpm_divide:LPM_DIVIDE_component|lpm_divide_c0q:auto_generated|sign_div_unsign_ulh:divider|alt_u_div_g7f:divider|op_5~26                              ; |lab31119|ALU_LAB3:inst10|chufa:inst7|DIV2:inst1|lpm_divide:LPM_DIVIDE_component|lpm_divide_c0q:auto_generated|sign_div_unsign_ulh:divider|alt_u_div_g7f:divider|op_5~26                              ; out0             ;
; |lab31119|ALU_LAB3:inst10|chufa:inst7|DIV2:inst1|lpm_divide:LPM_DIVIDE_component|lpm_divide_c0q:auto_generated|sign_div_unsign_ulh:divider|alt_u_div_g7f:divider|op_5~27                              ; |lab31119|ALU_LAB3:inst10|chufa:inst7|DIV2:inst1|lpm_divide:LPM_DIVIDE_component|lpm_divide_c0q:auto_generated|sign_div_unsign_ulh:divider|alt_u_div_g7f:divider|op_5~27                              ; out0             ;
; |lab31119|ALU_LAB3:inst10|chufa:inst7|DIV2:inst1|lpm_divide:LPM_DIVIDE_component|lpm_divide_c0q:auto_generated|sign_div_unsign_ulh:divider|alt_u_div_g7f:divider|op_5~28                              ; |lab31119|ALU_LAB3:inst10|chufa:inst7|DIV2:inst1|lpm_divide:LPM_DIVIDE_component|lpm_divide_c0q:auto_generated|sign_div_unsign_ulh:divider|alt_u_div_g7f:divider|op_5~28                              ; out0             ;
; |lab31119|ALU_LAB3:inst10|chufa:inst7|DIV2:inst1|lpm_divide:LPM_DIVIDE_component|lpm_divide_c0q:auto_generated|sign_div_unsign_ulh:divider|alt_u_div_g7f:divider|op_5~29                              ; |lab31119|ALU_LAB3:inst10|chufa:inst7|DIV2:inst1|lpm_divide:LPM_DIVIDE_component|lpm_divide_c0q:auto_generated|sign_div_unsign_ulh:divider|alt_u_div_g7f:divider|op_5~29                              ; out0             ;
; |lab31119|ALU_LAB3:inst10|chufa:inst7|DIV2:inst1|lpm_divide:LPM_DIVIDE_component|lpm_divide_c0q:auto_generated|sign_div_unsign_ulh:divider|alt_u_div_g7f:divider|op_5~30                              ; |lab31119|ALU_LAB3:inst10|chufa:inst7|DIV2:inst1|lpm_divide:LPM_DIVIDE_component|lpm_divide_c0q:auto_generated|sign_div_unsign_ulh:divider|alt_u_div_g7f:divider|op_5~30                              ; out0             ;
; |lab31119|ALU_LAB3:inst10|chufa:inst7|DIV2:inst1|lpm_divide:LPM_DIVIDE_component|lpm_divide_c0q:auto_generated|sign_div_unsign_ulh:divider|alt_u_div_g7f:divider|op_5~31                              ; |lab31119|ALU_LAB3:inst10|chufa:inst7|DIV2:inst1|lpm_divide:LPM_DIVIDE_component|lpm_divide_c0q:auto_generated|sign_div_unsign_ulh:divider|alt_u_div_g7f:divider|op_5~31                              ; out0             ;
; |lab31119|ALU_LAB3:inst10|chufa:inst7|DIV2:inst1|lpm_divide:LPM_DIVIDE_component|lpm_divide_c0q:auto_generated|sign_div_unsign_ulh:divider|alt_u_div_g7f:divider|op_5~32                              ; |lab31119|ALU_LAB3:inst10|chufa:inst7|DIV2:inst1|lpm_divide:LPM_DIVIDE_component|lpm_divide_c0q:auto_generated|sign_div_unsign_ulh:divider|alt_u_div_g7f:divider|op_5~32                              ; out0             ;
; |lab31119|ALU_LAB3:inst10|chufa:inst7|DIV2:inst1|lpm_divide:LPM_DIVIDE_component|lpm_divide_c0q:auto_generated|sign_div_unsign_ulh:divider|alt_u_div_g7f:divider|op_5~33                              ; |lab31119|ALU_LAB3:inst10|chufa:inst7|DIV2:inst1|lpm_divide:LPM_DIVIDE_component|lpm_divide_c0q:auto_generated|sign_div_unsign_ulh:divider|alt_u_div_g7f:divider|op_5~33                              ; out0             ;
; |lab31119|ALU_LAB3:inst10|chufa:inst7|DIV2:inst1|lpm_divide:LPM_DIVIDE_component|lpm_divide_c0q:auto_generated|sign_div_unsign_ulh:divider|alt_u_div_g7f:divider|op_5~34                              ; |lab31119|ALU_LAB3:inst10|chufa:inst7|DIV2:inst1|lpm_divide:LPM_DIVIDE_component|lpm_divide_c0q:auto_generated|sign_div_unsign_ulh:divider|alt_u_div_g7f:divider|op_5~34                              ; out0             ;
; |lab31119|ALU_LAB3:inst10|chufa:inst7|DIV2:inst1|lpm_divide:LPM_DIVIDE_component|lpm_divide_c0q:auto_generated|sign_div_unsign_ulh:divider|alt_u_div_g7f:divider|op_5~35                              ; |lab31119|ALU_LAB3:inst10|chufa:inst7|DIV2:inst1|lpm_divide:LPM_DIVIDE_component|lpm_divide_c0q:auto_generated|sign_div_unsign_ulh:divider|alt_u_div_g7f:divider|op_5~35                              ; out0             ;
; |lab31119|ALU_LAB3:inst10|chufa:inst7|DIV2:inst1|lpm_divide:LPM_DIVIDE_component|lpm_divide_c0q:auto_generated|sign_div_unsign_ulh:divider|alt_u_div_g7f:divider|op_5~36                              ; |lab31119|ALU_LAB3:inst10|chufa:inst7|DIV2:inst1|lpm_divide:LPM_DIVIDE_component|lpm_divide_c0q:auto_generated|sign_div_unsign_ulh:divider|alt_u_div_g7f:divider|op_5~36                              ; out0             ;
; |lab31119|ALU_LAB3:inst10|chufa:inst7|DIV2:inst1|lpm_divide:LPM_DIVIDE_component|lpm_divide_c0q:auto_generated|sign_div_unsign_ulh:divider|alt_u_div_g7f:divider|op_5~37                              ; |lab31119|ALU_LAB3:inst10|chufa:inst7|DIV2:inst1|lpm_divide:LPM_DIVIDE_component|lpm_divide_c0q:auto_generated|sign_div_unsign_ulh:divider|alt_u_div_g7f:divider|op_5~37                              ; out0             ;
; |lab31119|ALU_LAB3:inst10|chufa:inst7|DIV2:inst1|lpm_divide:LPM_DIVIDE_component|lpm_divide_c0q:auto_generated|sign_div_unsign_ulh:divider|alt_u_div_g7f:divider|op_5~38                              ; |lab31119|ALU_LAB3:inst10|chufa:inst7|DIV2:inst1|lpm_divide:LPM_DIVIDE_component|lpm_divide_c0q:auto_generated|sign_div_unsign_ulh:divider|alt_u_div_g7f:divider|op_5~38                              ; out0             ;
; |lab31119|ALU_LAB3:inst10|chufa:inst7|DIV2:inst1|lpm_divide:LPM_DIVIDE_component|lpm_divide_c0q:auto_generated|sign_div_unsign_ulh:divider|alt_u_div_g7f:divider|op_5~39                              ; |lab31119|ALU_LAB3:inst10|chufa:inst7|DIV2:inst1|lpm_divide:LPM_DIVIDE_component|lpm_divide_c0q:auto_generated|sign_div_unsign_ulh:divider|alt_u_div_g7f:divider|op_5~39                              ; out0             ;
; |lab31119|ALU_LAB3:inst10|chufa:inst7|DIV2:inst1|lpm_divide:LPM_DIVIDE_component|lpm_divide_c0q:auto_generated|sign_div_unsign_ulh:divider|alt_u_div_g7f:divider|op_6~0                               ; |lab31119|ALU_LAB3:inst10|chufa:inst7|DIV2:inst1|lpm_divide:LPM_DIVIDE_component|lpm_divide_c0q:auto_generated|sign_div_unsign_ulh:divider|alt_u_div_g7f:divider|op_6~0                               ; out0             ;
; |lab31119|ALU_LAB3:inst10|chufa:inst7|DIV2:inst1|lpm_divide:LPM_DIVIDE_component|lpm_divide_c0q:auto_generated|sign_div_unsign_ulh:divider|alt_u_div_g7f:divider|op_6~1                               ; |lab31119|ALU_LAB3:inst10|chufa:inst7|DIV2:inst1|lpm_divide:LPM_DIVIDE_component|lpm_divide_c0q:auto_generated|sign_div_unsign_ulh:divider|alt_u_div_g7f:divider|op_6~1                               ; out0             ;
; |lab31119|ALU_LAB3:inst10|chufa:inst7|DIV2:inst1|lpm_divide:LPM_DIVIDE_component|lpm_divide_c0q:auto_generated|sign_div_unsign_ulh:divider|alt_u_div_g7f:divider|op_6~2                               ; |lab31119|ALU_LAB3:inst10|chufa:inst7|DIV2:inst1|lpm_divide:LPM_DIVIDE_component|lpm_divide_c0q:auto_generated|sign_div_unsign_ulh:divider|alt_u_div_g7f:divider|op_6~2                               ; out0             ;
; |lab31119|ALU_LAB3:inst10|chufa:inst7|DIV2:inst1|lpm_divide:LPM_DIVIDE_component|lpm_divide_c0q:auto_generated|sign_div_unsign_ulh:divider|alt_u_div_g7f:divider|op_6~3                               ; |lab31119|ALU_LAB3:inst10|chufa:inst7|DIV2:inst1|lpm_divide:LPM_DIVIDE_component|lpm_divide_c0q:auto_generated|sign_div_unsign_ulh:divider|alt_u_div_g7f:divider|op_6~3                               ; out0             ;
; |lab31119|ALU_LAB3:inst10|chufa:inst7|DIV2:inst1|lpm_divide:LPM_DIVIDE_component|lpm_divide_c0q:auto_generated|sign_div_unsign_ulh:divider|alt_u_div_g7f:divider|op_6~4                               ; |lab31119|ALU_LAB3:inst10|chufa:inst7|DIV2:inst1|lpm_divide:LPM_DIVIDE_component|lpm_divide_c0q:auto_generated|sign_div_unsign_ulh:divider|alt_u_div_g7f:divider|op_6~4                               ; out0             ;
; |lab31119|ALU_LAB3:inst10|chufa:inst7|DIV2:inst1|lpm_divide:LPM_DIVIDE_component|lpm_divide_c0q:auto_generated|sign_div_unsign_ulh:divider|alt_u_div_g7f:divider|op_6~5                               ; |lab31119|ALU_LAB3:inst10|chufa:inst7|DIV2:inst1|lpm_divide:LPM_DIVIDE_component|lpm_divide_c0q:auto_generated|sign_div_unsign_ulh:divider|alt_u_div_g7f:divider|op_6~5                               ; out0             ;
; |lab31119|ALU_LAB3:inst10|chufa:inst7|DIV2:inst1|lpm_divide:LPM_DIVIDE_component|lpm_divide_c0q:auto_generated|sign_div_unsign_ulh:divider|alt_u_div_g7f:divider|op_6~6                               ; |lab31119|ALU_LAB3:inst10|chufa:inst7|DIV2:inst1|lpm_divide:LPM_DIVIDE_component|lpm_divide_c0q:auto_generated|sign_div_unsign_ulh:divider|alt_u_div_g7f:divider|op_6~6                               ; out0             ;
; |lab31119|ALU_LAB3:inst10|chufa:inst7|DIV2:inst1|lpm_divide:LPM_DIVIDE_component|lpm_divide_c0q:auto_generated|sign_div_unsign_ulh:divider|alt_u_div_g7f:divider|op_6~7                               ; |lab31119|ALU_LAB3:inst10|chufa:inst7|DIV2:inst1|lpm_divide:LPM_DIVIDE_component|lpm_divide_c0q:auto_generated|sign_div_unsign_ulh:divider|alt_u_div_g7f:divider|op_6~7                               ; out0             ;
; |lab31119|ALU_LAB3:inst10|chufa:inst7|DIV2:inst1|lpm_divide:LPM_DIVIDE_component|lpm_divide_c0q:auto_generated|sign_div_unsign_ulh:divider|alt_u_div_g7f:divider|op_6~8                               ; |lab31119|ALU_LAB3:inst10|chufa:inst7|DIV2:inst1|lpm_divide:LPM_DIVIDE_component|lpm_divide_c0q:auto_generated|sign_div_unsign_ulh:divider|alt_u_div_g7f:divider|op_6~8                               ; out0             ;
; |lab31119|ALU_LAB3:inst10|chufa:inst7|DIV2:inst1|lpm_divide:LPM_DIVIDE_component|lpm_divide_c0q:auto_generated|sign_div_unsign_ulh:divider|alt_u_div_g7f:divider|op_6~9                               ; |lab31119|ALU_LAB3:inst10|chufa:inst7|DIV2:inst1|lpm_divide:LPM_DIVIDE_component|lpm_divide_c0q:auto_generated|sign_div_unsign_ulh:divider|alt_u_div_g7f:divider|op_6~9                               ; out0             ;
; |lab31119|ALU_LAB3:inst10|chufa:inst7|DIV2:inst1|lpm_divide:LPM_DIVIDE_component|lpm_divide_c0q:auto_generated|sign_div_unsign_ulh:divider|alt_u_div_g7f:divider|op_6~10                              ; |lab31119|ALU_LAB3:inst10|chufa:inst7|DIV2:inst1|lpm_divide:LPM_DIVIDE_component|lpm_divide_c0q:auto_generated|sign_div_unsign_ulh:divider|alt_u_div_g7f:divider|op_6~10                              ; out0             ;
; |lab31119|ALU_LAB3:inst10|chufa:inst7|DIV2:inst1|lpm_divide:LPM_DIVIDE_component|lpm_divide_c0q:auto_generated|sign_div_unsign_ulh:divider|alt_u_div_g7f:divider|op_6~11                              ; |lab31119|ALU_LAB3:inst10|chufa:inst7|DIV2:inst1|lpm_divide:LPM_DIVIDE_component|lpm_divide_c0q:auto_generated|sign_div_unsign_ulh:divider|alt_u_div_g7f:divider|op_6~11                              ; out0             ;
; |lab31119|ALU_LAB3:inst10|chufa:inst7|DIV2:inst1|lpm_divide:LPM_DIVIDE_component|lpm_divide_c0q:auto_generated|sign_div_unsign_ulh:divider|alt_u_div_g7f:divider|op_6~12                              ; |lab31119|ALU_LAB3:inst10|chufa:inst7|DIV2:inst1|lpm_divide:LPM_DIVIDE_component|lpm_divide_c0q:auto_generated|sign_div_unsign_ulh:divider|alt_u_div_g7f:divider|op_6~12                              ; out0             ;
; |lab31119|ALU_LAB3:inst10|chufa:inst7|DIV2:inst1|lpm_divide:LPM_DIVIDE_component|lpm_divide_c0q:auto_generated|sign_div_unsign_ulh:divider|alt_u_div_g7f:divider|op_6~13                              ; |lab31119|ALU_LAB3:inst10|chufa:inst7|DIV2:inst1|lpm_divide:LPM_DIVIDE_component|lpm_divide_c0q:auto_generated|sign_div_unsign_ulh:divider|alt_u_div_g7f:divider|op_6~13                              ; out0             ;
; |lab31119|ALU_LAB3:inst10|chufa:inst7|DIV2:inst1|lpm_divide:LPM_DIVIDE_component|lpm_divide_c0q:auto_generated|sign_div_unsign_ulh:divider|alt_u_div_g7f:divider|op_6~14                              ; |lab31119|ALU_LAB3:inst10|chufa:inst7|DIV2:inst1|lpm_divide:LPM_DIVIDE_component|lpm_divide_c0q:auto_generated|sign_div_unsign_ulh:divider|alt_u_div_g7f:divider|op_6~14                              ; out0             ;
; |lab31119|ALU_LAB3:inst10|chufa:inst7|DIV2:inst1|lpm_divide:LPM_DIVIDE_component|lpm_divide_c0q:auto_generated|sign_div_unsign_ulh:divider|alt_u_div_g7f:divider|op_6~15                              ; |lab31119|ALU_LAB3:inst10|chufa:inst7|DIV2:inst1|lpm_divide:LPM_DIVIDE_component|lpm_divide_c0q:auto_generated|sign_div_unsign_ulh:divider|alt_u_div_g7f:divider|op_6~15                              ; out0             ;
; |lab31119|ALU_LAB3:inst10|chufa:inst7|DIV2:inst1|lpm_divide:LPM_DIVIDE_component|lpm_divide_c0q:auto_generated|sign_div_unsign_ulh:divider|alt_u_div_g7f:divider|op_6~16                              ; |lab31119|ALU_LAB3:inst10|chufa:inst7|DIV2:inst1|lpm_divide:LPM_DIVIDE_component|lpm_divide_c0q:auto_generated|sign_div_unsign_ulh:divider|alt_u_div_g7f:divider|op_6~16                              ; out0             ;
; |lab31119|ALU_LAB3:inst10|chufa:inst7|DIV2:inst1|lpm_divide:LPM_DIVIDE_component|lpm_divide_c0q:auto_generated|sign_div_unsign_ulh:divider|alt_u_div_g7f:divider|op_6~17                              ; |lab31119|ALU_LAB3:inst10|chufa:inst7|DIV2:inst1|lpm_divide:LPM_DIVIDE_component|lpm_divide_c0q:auto_generated|sign_div_unsign_ulh:divider|alt_u_div_g7f:divider|op_6~17                              ; out0             ;
; |lab31119|ALU_LAB3:inst10|chufa:inst7|DIV2:inst1|lpm_divide:LPM_DIVIDE_component|lpm_divide_c0q:auto_generated|sign_div_unsign_ulh:divider|alt_u_div_g7f:divider|op_6~18                              ; |lab31119|ALU_LAB3:inst10|chufa:inst7|DIV2:inst1|lpm_divide:LPM_DIVIDE_component|lpm_divide_c0q:auto_generated|sign_div_unsign_ulh:divider|alt_u_div_g7f:divider|op_6~18                              ; out0             ;
; |lab31119|ALU_LAB3:inst10|chufa:inst7|DIV2:inst1|lpm_divide:LPM_DIVIDE_component|lpm_divide_c0q:auto_generated|sign_div_unsign_ulh:divider|alt_u_div_g7f:divider|op_6~19                              ; |lab31119|ALU_LAB3:inst10|chufa:inst7|DIV2:inst1|lpm_divide:LPM_DIVIDE_component|lpm_divide_c0q:auto_generated|sign_div_unsign_ulh:divider|alt_u_div_g7f:divider|op_6~19                              ; out0             ;
; |lab31119|ALU_LAB3:inst10|chufa:inst7|DIV2:inst1|lpm_divide:LPM_DIVIDE_component|lpm_divide_c0q:auto_generated|sign_div_unsign_ulh:divider|alt_u_div_g7f:divider|op_6~20                              ; |lab31119|ALU_LAB3:inst10|chufa:inst7|DIV2:inst1|lpm_divide:LPM_DIVIDE_component|lpm_divide_c0q:auto_generated|sign_div_unsign_ulh:divider|alt_u_div_g7f:divider|op_6~20                              ; out0             ;
; |lab31119|ALU_LAB3:inst10|chufa:inst7|DIV2:inst1|lpm_divide:LPM_DIVIDE_component|lpm_divide_c0q:auto_generated|sign_div_unsign_ulh:divider|alt_u_div_g7f:divider|op_6~21                              ; |lab31119|ALU_LAB3:inst10|chufa:inst7|DIV2:inst1|lpm_divide:LPM_DIVIDE_component|lpm_divide_c0q:auto_generated|sign_div_unsign_ulh:divider|alt_u_div_g7f:divider|op_6~21                              ; out0             ;
; |lab31119|ALU_LAB3:inst10|chufa:inst7|DIV2:inst1|lpm_divide:LPM_DIVIDE_component|lpm_divide_c0q:auto_generated|sign_div_unsign_ulh:divider|alt_u_div_g7f:divider|op_6~22                              ; |lab31119|ALU_LAB3:inst10|chufa:inst7|DIV2:inst1|lpm_divide:LPM_DIVIDE_component|lpm_divide_c0q:auto_generated|sign_div_unsign_ulh:divider|alt_u_div_g7f:divider|op_6~22                              ; out0             ;
; |lab31119|ALU_LAB3:inst10|chufa:inst7|DIV2:inst1|lpm_divide:LPM_DIVIDE_component|lpm_divide_c0q:auto_generated|sign_div_unsign_ulh:divider|alt_u_div_g7f:divider|op_6~23                              ; |lab31119|ALU_LAB3:inst10|chufa:inst7|DIV2:inst1|lpm_divide:LPM_DIVIDE_component|lpm_divide_c0q:auto_generated|sign_div_unsign_ulh:divider|alt_u_div_g7f:divider|op_6~23                              ; out0             ;
; |lab31119|ALU_LAB3:inst10|chufa:inst7|DIV2:inst1|lpm_divide:LPM_DIVIDE_component|lpm_divide_c0q:auto_generated|sign_div_unsign_ulh:divider|alt_u_div_g7f:divider|op_6~24                              ; |lab31119|ALU_LAB3:inst10|chufa:inst7|DIV2:inst1|lpm_divide:LPM_DIVIDE_component|lpm_divide_c0q:auto_generated|sign_div_unsign_ulh:divider|alt_u_div_g7f:divider|op_6~24                              ; out0             ;
; |lab31119|ALU_LAB3:inst10|chufa:inst7|DIV2:inst1|lpm_divide:LPM_DIVIDE_component|lpm_divide_c0q:auto_generated|sign_div_unsign_ulh:divider|alt_u_div_g7f:divider|op_6~25                              ; |lab31119|ALU_LAB3:inst10|chufa:inst7|DIV2:inst1|lpm_divide:LPM_DIVIDE_component|lpm_divide_c0q:auto_generated|sign_div_unsign_ulh:divider|alt_u_div_g7f:divider|op_6~25                              ; out0             ;
; |lab31119|ALU_LAB3:inst10|chufa:inst7|DIV2:inst1|lpm_divide:LPM_DIVIDE_component|lpm_divide_c0q:auto_generated|sign_div_unsign_ulh:divider|alt_u_div_g7f:divider|op_6~26                              ; |lab31119|ALU_LAB3:inst10|chufa:inst7|DIV2:inst1|lpm_divide:LPM_DIVIDE_component|lpm_divide_c0q:auto_generated|sign_div_unsign_ulh:divider|alt_u_div_g7f:divider|op_6~26                              ; out0             ;
; |lab31119|ALU_LAB3:inst10|chufa:inst7|DIV2:inst1|lpm_divide:LPM_DIVIDE_component|lpm_divide_c0q:auto_generated|sign_div_unsign_ulh:divider|alt_u_div_g7f:divider|op_6~27                              ; |lab31119|ALU_LAB3:inst10|chufa:inst7|DIV2:inst1|lpm_divide:LPM_DIVIDE_component|lpm_divide_c0q:auto_generated|sign_div_unsign_ulh:divider|alt_u_div_g7f:divider|op_6~27                              ; out0             ;
; |lab31119|ALU_LAB3:inst10|chufa:inst7|DIV2:inst1|lpm_divide:LPM_DIVIDE_component|lpm_divide_c0q:auto_generated|sign_div_unsign_ulh:divider|alt_u_div_g7f:divider|op_6~28                              ; |lab31119|ALU_LAB3:inst10|chufa:inst7|DIV2:inst1|lpm_divide:LPM_DIVIDE_component|lpm_divide_c0q:auto_generated|sign_div_unsign_ulh:divider|alt_u_div_g7f:divider|op_6~28                              ; out0             ;
; |lab31119|ALU_LAB3:inst10|chufa:inst7|DIV2:inst1|lpm_divide:LPM_DIVIDE_component|lpm_divide_c0q:auto_generated|sign_div_unsign_ulh:divider|alt_u_div_g7f:divider|op_6~29                              ; |lab31119|ALU_LAB3:inst10|chufa:inst7|DIV2:inst1|lpm_divide:LPM_DIVIDE_component|lpm_divide_c0q:auto_generated|sign_div_unsign_ulh:divider|alt_u_div_g7f:divider|op_6~29                              ; out0             ;
; |lab31119|ALU_LAB3:inst10|chufa:inst7|DIV2:inst1|lpm_divide:LPM_DIVIDE_component|lpm_divide_c0q:auto_generated|sign_div_unsign_ulh:divider|alt_u_div_g7f:divider|op_6~30                              ; |lab31119|ALU_LAB3:inst10|chufa:inst7|DIV2:inst1|lpm_divide:LPM_DIVIDE_component|lpm_divide_c0q:auto_generated|sign_div_unsign_ulh:divider|alt_u_div_g7f:divider|op_6~30                              ; out0             ;
; |lab31119|ALU_LAB3:inst10|chufa:inst7|DIV2:inst1|lpm_divide:LPM_DIVIDE_component|lpm_divide_c0q:auto_generated|sign_div_unsign_ulh:divider|alt_u_div_g7f:divider|op_6~31                              ; |lab31119|ALU_LAB3:inst10|chufa:inst7|DIV2:inst1|lpm_divide:LPM_DIVIDE_component|lpm_divide_c0q:auto_generated|sign_div_unsign_ulh:divider|alt_u_div_g7f:divider|op_6~31                              ; out0             ;
; |lab31119|ALU_LAB3:inst10|chufa:inst7|DIV2:inst1|lpm_divide:LPM_DIVIDE_component|lpm_divide_c0q:auto_generated|sign_div_unsign_ulh:divider|alt_u_div_g7f:divider|op_7~0                               ; |lab31119|ALU_LAB3:inst10|chufa:inst7|DIV2:inst1|lpm_divide:LPM_DIVIDE_component|lpm_divide_c0q:auto_generated|sign_div_unsign_ulh:divider|alt_u_div_g7f:divider|op_7~0                               ; out0             ;
; |lab31119|ALU_LAB3:inst10|chufa:inst7|DIV2:inst1|lpm_divide:LPM_DIVIDE_component|lpm_divide_c0q:auto_generated|sign_div_unsign_ulh:divider|alt_u_div_g7f:divider|op_7~1                               ; |lab31119|ALU_LAB3:inst10|chufa:inst7|DIV2:inst1|lpm_divide:LPM_DIVIDE_component|lpm_divide_c0q:auto_generated|sign_div_unsign_ulh:divider|alt_u_div_g7f:divider|op_7~1                               ; out0             ;
; |lab31119|ALU_LAB3:inst10|chufa:inst7|DIV2:inst1|lpm_divide:LPM_DIVIDE_component|lpm_divide_c0q:auto_generated|sign_div_unsign_ulh:divider|alt_u_div_g7f:divider|op_7~2                               ; |lab31119|ALU_LAB3:inst10|chufa:inst7|DIV2:inst1|lpm_divide:LPM_DIVIDE_component|lpm_divide_c0q:auto_generated|sign_div_unsign_ulh:divider|alt_u_div_g7f:divider|op_7~2                               ; out0             ;
; |lab31119|ALU_LAB3:inst10|chufa:inst7|DIV2:inst1|lpm_divide:LPM_DIVIDE_component|lpm_divide_c0q:auto_generated|sign_div_unsign_ulh:divider|alt_u_div_g7f:divider|op_7~3                               ; |lab31119|ALU_LAB3:inst10|chufa:inst7|DIV2:inst1|lpm_divide:LPM_DIVIDE_component|lpm_divide_c0q:auto_generated|sign_div_unsign_ulh:divider|alt_u_div_g7f:divider|op_7~3                               ; out0             ;
; |lab31119|ALU_LAB3:inst10|chufa:inst7|DIV2:inst1|lpm_divide:LPM_DIVIDE_component|lpm_divide_c0q:auto_generated|sign_div_unsign_ulh:divider|alt_u_div_g7f:divider|op_7~4                               ; |lab31119|ALU_LAB3:inst10|chufa:inst7|DIV2:inst1|lpm_divide:LPM_DIVIDE_component|lpm_divide_c0q:auto_generated|sign_div_unsign_ulh:divider|alt_u_div_g7f:divider|op_7~4                               ; out0             ;
; |lab31119|ALU_LAB3:inst10|chufa:inst7|DIV2:inst1|lpm_divide:LPM_DIVIDE_component|lpm_divide_c0q:auto_generated|sign_div_unsign_ulh:divider|alt_u_div_g7f:divider|op_7~5                               ; |lab31119|ALU_LAB3:inst10|chufa:inst7|DIV2:inst1|lpm_divide:LPM_DIVIDE_component|lpm_divide_c0q:auto_generated|sign_div_unsign_ulh:divider|alt_u_div_g7f:divider|op_7~5                               ; out0             ;
; |lab31119|ALU_LAB3:inst10|chufa:inst7|DIV2:inst1|lpm_divide:LPM_DIVIDE_component|lpm_divide_c0q:auto_generated|sign_div_unsign_ulh:divider|alt_u_div_g7f:divider|op_7~6                               ; |lab31119|ALU_LAB3:inst10|chufa:inst7|DIV2:inst1|lpm_divide:LPM_DIVIDE_component|lpm_divide_c0q:auto_generated|sign_div_unsign_ulh:divider|alt_u_div_g7f:divider|op_7~6                               ; out0             ;
; |lab31119|ALU_LAB3:inst10|chufa:inst7|DIV2:inst1|lpm_divide:LPM_DIVIDE_component|lpm_divide_c0q:auto_generated|sign_div_unsign_ulh:divider|alt_u_div_g7f:divider|op_7~7                               ; |lab31119|ALU_LAB3:inst10|chufa:inst7|DIV2:inst1|lpm_divide:LPM_DIVIDE_component|lpm_divide_c0q:auto_generated|sign_div_unsign_ulh:divider|alt_u_div_g7f:divider|op_7~7                               ; out0             ;
; |lab31119|ALU_LAB3:inst10|chufa:inst7|DIV2:inst1|lpm_divide:LPM_DIVIDE_component|lpm_divide_c0q:auto_generated|sign_div_unsign_ulh:divider|alt_u_div_g7f:divider|op_7~8                               ; |lab31119|ALU_LAB3:inst10|chufa:inst7|DIV2:inst1|lpm_divide:LPM_DIVIDE_component|lpm_divide_c0q:auto_generated|sign_div_unsign_ulh:divider|alt_u_div_g7f:divider|op_7~8                               ; out0             ;
; |lab31119|ALU_LAB3:inst10|chufa:inst7|DIV2:inst1|lpm_divide:LPM_DIVIDE_component|lpm_divide_c0q:auto_generated|sign_div_unsign_ulh:divider|alt_u_div_g7f:divider|op_7~9                               ; |lab31119|ALU_LAB3:inst10|chufa:inst7|DIV2:inst1|lpm_divide:LPM_DIVIDE_component|lpm_divide_c0q:auto_generated|sign_div_unsign_ulh:divider|alt_u_div_g7f:divider|op_7~9                               ; out0             ;
; |lab31119|ALU_LAB3:inst10|chufa:inst7|DIV2:inst1|lpm_divide:LPM_DIVIDE_component|lpm_divide_c0q:auto_generated|sign_div_unsign_ulh:divider|alt_u_div_g7f:divider|op_7~10                              ; |lab31119|ALU_LAB3:inst10|chufa:inst7|DIV2:inst1|lpm_divide:LPM_DIVIDE_component|lpm_divide_c0q:auto_generated|sign_div_unsign_ulh:divider|alt_u_div_g7f:divider|op_7~10                              ; out0             ;
; |lab31119|ALU_LAB3:inst10|chufa:inst7|DIV2:inst1|lpm_divide:LPM_DIVIDE_component|lpm_divide_c0q:auto_generated|sign_div_unsign_ulh:divider|alt_u_div_g7f:divider|op_7~11                              ; |lab31119|ALU_LAB3:inst10|chufa:inst7|DIV2:inst1|lpm_divide:LPM_DIVIDE_component|lpm_divide_c0q:auto_generated|sign_div_unsign_ulh:divider|alt_u_div_g7f:divider|op_7~11                              ; out0             ;
; |lab31119|ALU_LAB3:inst10|chufa:inst7|DIV2:inst1|lpm_divide:LPM_DIVIDE_component|lpm_divide_c0q:auto_generated|sign_div_unsign_ulh:divider|alt_u_div_g7f:divider|op_7~12                              ; |lab31119|ALU_LAB3:inst10|chufa:inst7|DIV2:inst1|lpm_divide:LPM_DIVIDE_component|lpm_divide_c0q:auto_generated|sign_div_unsign_ulh:divider|alt_u_div_g7f:divider|op_7~12                              ; out0             ;
; |lab31119|ALU_LAB3:inst10|chufa:inst7|DIV2:inst1|lpm_divide:LPM_DIVIDE_component|lpm_divide_c0q:auto_generated|sign_div_unsign_ulh:divider|alt_u_div_g7f:divider|op_8~0                               ; |lab31119|ALU_LAB3:inst10|chufa:inst7|DIV2:inst1|lpm_divide:LPM_DIVIDE_component|lpm_divide_c0q:auto_generated|sign_div_unsign_ulh:divider|alt_u_div_g7f:divider|op_8~0                               ; out0             ;
; |lab31119|ALU_LAB3:inst10|chufa:inst7|DIV2:inst1|lpm_divide:LPM_DIVIDE_component|lpm_divide_c0q:auto_generated|sign_div_unsign_ulh:divider|alt_u_div_g7f:divider|op_8~1                               ; |lab31119|ALU_LAB3:inst10|chufa:inst7|DIV2:inst1|lpm_divide:LPM_DIVIDE_component|lpm_divide_c0q:auto_generated|sign_div_unsign_ulh:divider|alt_u_div_g7f:divider|op_8~1                               ; out0             ;
; |lab31119|ALU_LAB3:inst10|chufa:inst7|DIV2:inst1|lpm_divide:LPM_DIVIDE_component|lpm_divide_c0q:auto_generated|sign_div_unsign_ulh:divider|alt_u_div_g7f:divider|op_8~2                               ; |lab31119|ALU_LAB3:inst10|chufa:inst7|DIV2:inst1|lpm_divide:LPM_DIVIDE_component|lpm_divide_c0q:auto_generated|sign_div_unsign_ulh:divider|alt_u_div_g7f:divider|op_8~2                               ; out0             ;
; |lab31119|ALU_LAB3:inst10|chufa:inst7|DIV2:inst1|lpm_divide:LPM_DIVIDE_component|lpm_divide_c0q:auto_generated|sign_div_unsign_ulh:divider|alt_u_div_g7f:divider|op_8~3                               ; |lab31119|ALU_LAB3:inst10|chufa:inst7|DIV2:inst1|lpm_divide:LPM_DIVIDE_component|lpm_divide_c0q:auto_generated|sign_div_unsign_ulh:divider|alt_u_div_g7f:divider|op_8~3                               ; out0             ;
; |lab31119|ALU_LAB3:inst10|chufa:inst7|DIV2:inst1|lpm_divide:LPM_DIVIDE_component|lpm_divide_c0q:auto_generated|sign_div_unsign_ulh:divider|alt_u_div_g7f:divider|op_8~4                               ; |lab31119|ALU_LAB3:inst10|chufa:inst7|DIV2:inst1|lpm_divide:LPM_DIVIDE_component|lpm_divide_c0q:auto_generated|sign_div_unsign_ulh:divider|alt_u_div_g7f:divider|op_8~4                               ; out0             ;
; |lab31119|ALU_LAB3:inst10|chufa:inst7|DIV2:inst1|lpm_divide:LPM_DIVIDE_component|lpm_divide_c0q:auto_generated|sign_div_unsign_ulh:divider|alt_u_div_g7f:divider|op_8~5                               ; |lab31119|ALU_LAB3:inst10|chufa:inst7|DIV2:inst1|lpm_divide:LPM_DIVIDE_component|lpm_divide_c0q:auto_generated|sign_div_unsign_ulh:divider|alt_u_div_g7f:divider|op_8~5                               ; out0             ;
; |lab31119|ALU_LAB3:inst10|chufa:inst7|DIV2:inst1|lpm_divide:LPM_DIVIDE_component|lpm_divide_c0q:auto_generated|sign_div_unsign_ulh:divider|alt_u_div_g7f:divider|op_8~6                               ; |lab31119|ALU_LAB3:inst10|chufa:inst7|DIV2:inst1|lpm_divide:LPM_DIVIDE_component|lpm_divide_c0q:auto_generated|sign_div_unsign_ulh:divider|alt_u_div_g7f:divider|op_8~6                               ; out0             ;
; |lab31119|ALU_LAB3:inst10|chufa:inst7|DIV2:inst1|lpm_divide:LPM_DIVIDE_component|lpm_divide_c0q:auto_generated|sign_div_unsign_ulh:divider|alt_u_div_g7f:divider|op_8~7                               ; |lab31119|ALU_LAB3:inst10|chufa:inst7|DIV2:inst1|lpm_divide:LPM_DIVIDE_component|lpm_divide_c0q:auto_generated|sign_div_unsign_ulh:divider|alt_u_div_g7f:divider|op_8~7                               ; out0             ;
; |lab31119|ALU_LAB3:inst10|chufa:inst7|DIV2:inst1|lpm_divide:LPM_DIVIDE_component|lpm_divide_c0q:auto_generated|sign_div_unsign_ulh:divider|alt_u_div_g7f:divider|op_8~8                               ; |lab31119|ALU_LAB3:inst10|chufa:inst7|DIV2:inst1|lpm_divide:LPM_DIVIDE_component|lpm_divide_c0q:auto_generated|sign_div_unsign_ulh:divider|alt_u_div_g7f:divider|op_8~8                               ; out0             ;
; |lab31119|ALU_LAB3:inst10|chufa:inst7|DIV2:inst1|lpm_divide:LPM_DIVIDE_component|lpm_divide_c0q:auto_generated|sign_div_unsign_ulh:divider|alt_u_div_g7f:divider|op_8~9                               ; |lab31119|ALU_LAB3:inst10|chufa:inst7|DIV2:inst1|lpm_divide:LPM_DIVIDE_component|lpm_divide_c0q:auto_generated|sign_div_unsign_ulh:divider|alt_u_div_g7f:divider|op_8~9                               ; out0             ;
; |lab31119|ALU_LAB3:inst10|chufa:inst7|DIV2:inst1|lpm_divide:LPM_DIVIDE_component|lpm_divide_c0q:auto_generated|sign_div_unsign_ulh:divider|alt_u_div_g7f:divider|op_8~10                              ; |lab31119|ALU_LAB3:inst10|chufa:inst7|DIV2:inst1|lpm_divide:LPM_DIVIDE_component|lpm_divide_c0q:auto_generated|sign_div_unsign_ulh:divider|alt_u_div_g7f:divider|op_8~10                              ; out0             ;
; |lab31119|ALU_LAB3:inst10|chufa:inst7|DIV2:inst1|lpm_divide:LPM_DIVIDE_component|lpm_divide_c0q:auto_generated|sign_div_unsign_ulh:divider|alt_u_div_g7f:divider|op_8~11                              ; |lab31119|ALU_LAB3:inst10|chufa:inst7|DIV2:inst1|lpm_divide:LPM_DIVIDE_component|lpm_divide_c0q:auto_generated|sign_div_unsign_ulh:divider|alt_u_div_g7f:divider|op_8~11                              ; out0             ;
; |lab31119|ALU_LAB3:inst10|chufa:inst7|DIV2:inst1|lpm_divide:LPM_DIVIDE_component|lpm_divide_c0q:auto_generated|sign_div_unsign_ulh:divider|alt_u_div_g7f:divider|op_8~12                              ; |lab31119|ALU_LAB3:inst10|chufa:inst7|DIV2:inst1|lpm_divide:LPM_DIVIDE_component|lpm_divide_c0q:auto_generated|sign_div_unsign_ulh:divider|alt_u_div_g7f:divider|op_8~12                              ; out0             ;
; |lab31119|ALU_LAB3:inst10|chufa:inst7|DIV2:inst1|lpm_divide:LPM_DIVIDE_component|lpm_divide_c0q:auto_generated|sign_div_unsign_ulh:divider|alt_u_div_g7f:divider|op_8~13                              ; |lab31119|ALU_LAB3:inst10|chufa:inst7|DIV2:inst1|lpm_divide:LPM_DIVIDE_component|lpm_divide_c0q:auto_generated|sign_div_unsign_ulh:divider|alt_u_div_g7f:divider|op_8~13                              ; out0             ;
; |lab31119|ALU_LAB3:inst10|chufa:inst7|DIV2:inst1|lpm_divide:LPM_DIVIDE_component|lpm_divide_c0q:auto_generated|sign_div_unsign_ulh:divider|alt_u_div_g7f:divider|op_8~14                              ; |lab31119|ALU_LAB3:inst10|chufa:inst7|DIV2:inst1|lpm_divide:LPM_DIVIDE_component|lpm_divide_c0q:auto_generated|sign_div_unsign_ulh:divider|alt_u_div_g7f:divider|op_8~14                              ; out0             ;
; |lab31119|ALU_LAB3:inst10|chufa:inst7|DIV2:inst1|lpm_divide:LPM_DIVIDE_component|lpm_divide_c0q:auto_generated|sign_div_unsign_ulh:divider|alt_u_div_g7f:divider|op_8~15                              ; |lab31119|ALU_LAB3:inst10|chufa:inst7|DIV2:inst1|lpm_divide:LPM_DIVIDE_component|lpm_divide_c0q:auto_generated|sign_div_unsign_ulh:divider|alt_u_div_g7f:divider|op_8~15                              ; out0             ;
; |lab31119|ALU_LAB3:inst10|chufa:inst7|DIV2:inst1|lpm_divide:LPM_DIVIDE_component|lpm_divide_c0q:auto_generated|sign_div_unsign_ulh:divider|alt_u_div_g7f:divider|op_8~16                              ; |lab31119|ALU_LAB3:inst10|chufa:inst7|DIV2:inst1|lpm_divide:LPM_DIVIDE_component|lpm_divide_c0q:auto_generated|sign_div_unsign_ulh:divider|alt_u_div_g7f:divider|op_8~16                              ; out0             ;
; |lab31119|ALU_LAB3:inst10|chufa:inst7|DIV2:inst1|lpm_divide:LPM_DIVIDE_component|lpm_divide_c0q:auto_generated|sign_div_unsign_ulh:divider|alt_u_div_g7f:divider|op_8~17                              ; |lab31119|ALU_LAB3:inst10|chufa:inst7|DIV2:inst1|lpm_divide:LPM_DIVIDE_component|lpm_divide_c0q:auto_generated|sign_div_unsign_ulh:divider|alt_u_div_g7f:divider|op_8~17                              ; out0             ;
; |lab31119|ALU_LAB3:inst10|chufa:inst7|DIV2:inst1|lpm_divide:LPM_DIVIDE_component|lpm_divide_c0q:auto_generated|sign_div_unsign_ulh:divider|alt_u_div_g7f:divider|op_9~0                               ; |lab31119|ALU_LAB3:inst10|chufa:inst7|DIV2:inst1|lpm_divide:LPM_DIVIDE_component|lpm_divide_c0q:auto_generated|sign_div_unsign_ulh:divider|alt_u_div_g7f:divider|op_9~0                               ; out0             ;
; |lab31119|ALU_LAB3:inst10|chufa:inst7|DIV2:inst1|lpm_divide:LPM_DIVIDE_component|lpm_divide_c0q:auto_generated|sign_div_unsign_ulh:divider|alt_u_div_g7f:divider|op_9~1                               ; |lab31119|ALU_LAB3:inst10|chufa:inst7|DIV2:inst1|lpm_divide:LPM_DIVIDE_component|lpm_divide_c0q:auto_generated|sign_div_unsign_ulh:divider|alt_u_div_g7f:divider|op_9~1                               ; out0             ;
; |lab31119|ALU_LAB3:inst10|chufa:inst7|DIV2:inst1|lpm_divide:LPM_DIVIDE_component|lpm_divide_c0q:auto_generated|sign_div_unsign_ulh:divider|alt_u_div_g7f:divider|op_9~2                               ; |lab31119|ALU_LAB3:inst10|chufa:inst7|DIV2:inst1|lpm_divide:LPM_DIVIDE_component|lpm_divide_c0q:auto_generated|sign_div_unsign_ulh:divider|alt_u_div_g7f:divider|op_9~2                               ; out0             ;
; |lab31119|ALU_LAB3:inst10|chufa:inst7|DIV2:inst1|lpm_divide:LPM_DIVIDE_component|lpm_divide_c0q:auto_generated|sign_div_unsign_ulh:divider|alt_u_div_g7f:divider|op_9~3                               ; |lab31119|ALU_LAB3:inst10|chufa:inst7|DIV2:inst1|lpm_divide:LPM_DIVIDE_component|lpm_divide_c0q:auto_generated|sign_div_unsign_ulh:divider|alt_u_div_g7f:divider|op_9~3                               ; out0             ;
; |lab31119|ALU_LAB3:inst10|chufa:inst7|DIV2:inst1|lpm_divide:LPM_DIVIDE_component|lpm_divide_c0q:auto_generated|sign_div_unsign_ulh:divider|alt_u_div_g7f:divider|op_9~4                               ; |lab31119|ALU_LAB3:inst10|chufa:inst7|DIV2:inst1|lpm_divide:LPM_DIVIDE_component|lpm_divide_c0q:auto_generated|sign_div_unsign_ulh:divider|alt_u_div_g7f:divider|op_9~4                               ; out0             ;
; |lab31119|ALU_LAB3:inst10|chufa:inst7|DIV2:inst1|lpm_divide:LPM_DIVIDE_component|lpm_divide_c0q:auto_generated|sign_div_unsign_ulh:divider|alt_u_div_g7f:divider|op_9~5                               ; |lab31119|ALU_LAB3:inst10|chufa:inst7|DIV2:inst1|lpm_divide:LPM_DIVIDE_component|lpm_divide_c0q:auto_generated|sign_div_unsign_ulh:divider|alt_u_div_g7f:divider|op_9~5                               ; out0             ;
; |lab31119|ALU_LAB3:inst10|chufa:inst7|DIV2:inst1|lpm_divide:LPM_DIVIDE_component|lpm_divide_c0q:auto_generated|sign_div_unsign_ulh:divider|alt_u_div_g7f:divider|op_9~6                               ; |lab31119|ALU_LAB3:inst10|chufa:inst7|DIV2:inst1|lpm_divide:LPM_DIVIDE_component|lpm_divide_c0q:auto_generated|sign_div_unsign_ulh:divider|alt_u_div_g7f:divider|op_9~6                               ; out0             ;
; |lab31119|ALU_LAB3:inst10|chufa:inst7|DIV2:inst1|lpm_divide:LPM_DIVIDE_component|lpm_divide_c0q:auto_generated|sign_div_unsign_ulh:divider|alt_u_div_g7f:divider|op_9~7                               ; |lab31119|ALU_LAB3:inst10|chufa:inst7|DIV2:inst1|lpm_divide:LPM_DIVIDE_component|lpm_divide_c0q:auto_generated|sign_div_unsign_ulh:divider|alt_u_div_g7f:divider|op_9~7                               ; out0             ;
; |lab31119|ALU_LAB3:inst10|chufa:inst7|DIV2:inst1|lpm_divide:LPM_DIVIDE_component|lpm_divide_c0q:auto_generated|sign_div_unsign_ulh:divider|alt_u_div_g7f:divider|op_9~8                               ; |lab31119|ALU_LAB3:inst10|chufa:inst7|DIV2:inst1|lpm_divide:LPM_DIVIDE_component|lpm_divide_c0q:auto_generated|sign_div_unsign_ulh:divider|alt_u_div_g7f:divider|op_9~8                               ; out0             ;
; |lab31119|ALU_LAB3:inst10|chufa:inst7|DIV2:inst1|lpm_divide:LPM_DIVIDE_component|lpm_divide_c0q:auto_generated|sign_div_unsign_ulh:divider|alt_u_div_g7f:divider|op_9~9                               ; |lab31119|ALU_LAB3:inst10|chufa:inst7|DIV2:inst1|lpm_divide:LPM_DIVIDE_component|lpm_divide_c0q:auto_generated|sign_div_unsign_ulh:divider|alt_u_div_g7f:divider|op_9~9                               ; out0             ;
; |lab31119|ALU_LAB3:inst10|chufa:inst7|DIV2:inst1|lpm_divide:LPM_DIVIDE_component|lpm_divide_c0q:auto_generated|sign_div_unsign_ulh:divider|alt_u_div_g7f:divider|op_9~10                              ; |lab31119|ALU_LAB3:inst10|chufa:inst7|DIV2:inst1|lpm_divide:LPM_DIVIDE_component|lpm_divide_c0q:auto_generated|sign_div_unsign_ulh:divider|alt_u_div_g7f:divider|op_9~10                              ; out0             ;
; |lab31119|ALU_LAB3:inst10|chufa:inst7|DIV2:inst1|lpm_divide:LPM_DIVIDE_component|lpm_divide_c0q:auto_generated|sign_div_unsign_ulh:divider|alt_u_div_g7f:divider|op_9~11                              ; |lab31119|ALU_LAB3:inst10|chufa:inst7|DIV2:inst1|lpm_divide:LPM_DIVIDE_component|lpm_divide_c0q:auto_generated|sign_div_unsign_ulh:divider|alt_u_div_g7f:divider|op_9~11                              ; out0             ;
; |lab31119|ALU_LAB3:inst10|chufa:inst7|DIV2:inst1|lpm_divide:LPM_DIVIDE_component|lpm_divide_c0q:auto_generated|sign_div_unsign_ulh:divider|alt_u_div_g7f:divider|op_9~12                              ; |lab31119|ALU_LAB3:inst10|chufa:inst7|DIV2:inst1|lpm_divide:LPM_DIVIDE_component|lpm_divide_c0q:auto_generated|sign_div_unsign_ulh:divider|alt_u_div_g7f:divider|op_9~12                              ; out0             ;
; |lab31119|ALU_LAB3:inst10|chufa:inst7|DIV2:inst1|lpm_divide:LPM_DIVIDE_component|lpm_divide_c0q:auto_generated|sign_div_unsign_ulh:divider|alt_u_div_g7f:divider|op_9~13                              ; |lab31119|ALU_LAB3:inst10|chufa:inst7|DIV2:inst1|lpm_divide:LPM_DIVIDE_component|lpm_divide_c0q:auto_generated|sign_div_unsign_ulh:divider|alt_u_div_g7f:divider|op_9~13                              ; out0             ;
; |lab31119|ALU_LAB3:inst10|chufa:inst7|DIV2:inst1|lpm_divide:LPM_DIVIDE_component|lpm_divide_c0q:auto_generated|sign_div_unsign_ulh:divider|alt_u_div_g7f:divider|op_9~14                              ; |lab31119|ALU_LAB3:inst10|chufa:inst7|DIV2:inst1|lpm_divide:LPM_DIVIDE_component|lpm_divide_c0q:auto_generated|sign_div_unsign_ulh:divider|alt_u_div_g7f:divider|op_9~14                              ; out0             ;
; |lab31119|ALU_LAB3:inst10|chufa:inst7|DIV2:inst1|lpm_divide:LPM_DIVIDE_component|lpm_divide_c0q:auto_generated|sign_div_unsign_ulh:divider|alt_u_div_g7f:divider|op_9~15                              ; |lab31119|ALU_LAB3:inst10|chufa:inst7|DIV2:inst1|lpm_divide:LPM_DIVIDE_component|lpm_divide_c0q:auto_generated|sign_div_unsign_ulh:divider|alt_u_div_g7f:divider|op_9~15                              ; out0             ;
; |lab31119|ALU_LAB3:inst10|chufa:inst7|DIV2:inst1|lpm_divide:LPM_DIVIDE_component|lpm_divide_c0q:auto_generated|sign_div_unsign_ulh:divider|alt_u_div_g7f:divider|op_9~16                              ; |lab31119|ALU_LAB3:inst10|chufa:inst7|DIV2:inst1|lpm_divide:LPM_DIVIDE_component|lpm_divide_c0q:auto_generated|sign_div_unsign_ulh:divider|alt_u_div_g7f:divider|op_9~16                              ; out0             ;
; |lab31119|ALU_LAB3:inst10|chufa:inst7|DIV2:inst1|lpm_divide:LPM_DIVIDE_component|lpm_divide_c0q:auto_generated|sign_div_unsign_ulh:divider|alt_u_div_g7f:divider|op_9~17                              ; |lab31119|ALU_LAB3:inst10|chufa:inst7|DIV2:inst1|lpm_divide:LPM_DIVIDE_component|lpm_divide_c0q:auto_generated|sign_div_unsign_ulh:divider|alt_u_div_g7f:divider|op_9~17                              ; out0             ;
; |lab31119|ALU_LAB3:inst10|chufa:inst7|DIV2:inst1|lpm_divide:LPM_DIVIDE_component|lpm_divide_c0q:auto_generated|sign_div_unsign_ulh:divider|alt_u_div_g7f:divider|op_9~18                              ; |lab31119|ALU_LAB3:inst10|chufa:inst7|DIV2:inst1|lpm_divide:LPM_DIVIDE_component|lpm_divide_c0q:auto_generated|sign_div_unsign_ulh:divider|alt_u_div_g7f:divider|op_9~18                              ; out0             ;
; |lab31119|ALU_LAB3:inst10|chufa:inst7|DIV2:inst1|lpm_divide:LPM_DIVIDE_component|lpm_divide_c0q:auto_generated|sign_div_unsign_ulh:divider|alt_u_div_g7f:divider|op_9~19                              ; |lab31119|ALU_LAB3:inst10|chufa:inst7|DIV2:inst1|lpm_divide:LPM_DIVIDE_component|lpm_divide_c0q:auto_generated|sign_div_unsign_ulh:divider|alt_u_div_g7f:divider|op_9~19                              ; out0             ;
; |lab31119|ALU_LAB3:inst10|chufa:inst7|DIV2:inst1|lpm_divide:LPM_DIVIDE_component|lpm_divide_c0q:auto_generated|sign_div_unsign_ulh:divider|alt_u_div_g7f:divider|op_9~20                              ; |lab31119|ALU_LAB3:inst10|chufa:inst7|DIV2:inst1|lpm_divide:LPM_DIVIDE_component|lpm_divide_c0q:auto_generated|sign_div_unsign_ulh:divider|alt_u_div_g7f:divider|op_9~20                              ; out0             ;
; |lab31119|ALU_LAB3:inst10|chufa:inst7|DIV2:inst1|lpm_divide:LPM_DIVIDE_component|lpm_divide_c0q:auto_generated|sign_div_unsign_ulh:divider|alt_u_div_g7f:divider|op_9~21                              ; |lab31119|ALU_LAB3:inst10|chufa:inst7|DIV2:inst1|lpm_divide:LPM_DIVIDE_component|lpm_divide_c0q:auto_generated|sign_div_unsign_ulh:divider|alt_u_div_g7f:divider|op_9~21                              ; out0             ;
; |lab31119|ALU_LAB3:inst10|chufa:inst7|DIV2:inst1|lpm_divide:LPM_DIVIDE_component|lpm_divide_c0q:auto_generated|sign_div_unsign_ulh:divider|alt_u_div_g7f:divider|op_9~22                              ; |lab31119|ALU_LAB3:inst10|chufa:inst7|DIV2:inst1|lpm_divide:LPM_DIVIDE_component|lpm_divide_c0q:auto_generated|sign_div_unsign_ulh:divider|alt_u_div_g7f:divider|op_9~22                              ; out0             ;
; |lab31119|ALU_LAB3:inst10|chufa:inst7|DIV2:inst1|lpm_divide:LPM_DIVIDE_component|lpm_divide_c0q:auto_generated|sign_div_unsign_ulh:divider|alt_u_div_g7f:divider|op_10~0                              ; |lab31119|ALU_LAB3:inst10|chufa:inst7|DIV2:inst1|lpm_divide:LPM_DIVIDE_component|lpm_divide_c0q:auto_generated|sign_div_unsign_ulh:divider|alt_u_div_g7f:divider|op_10~0                              ; out0             ;
; |lab31119|ALU_LAB3:inst10|chufa:inst7|DIV2:inst1|lpm_divide:LPM_DIVIDE_component|lpm_divide_c0q:auto_generated|sign_div_unsign_ulh:divider|alt_u_div_g7f:divider|op_10~1                              ; |lab31119|ALU_LAB3:inst10|chufa:inst7|DIV2:inst1|lpm_divide:LPM_DIVIDE_component|lpm_divide_c0q:auto_generated|sign_div_unsign_ulh:divider|alt_u_div_g7f:divider|op_10~1                              ; out0             ;
; |lab31119|ALU_LAB3:inst10|chufa:inst7|DIV2:inst1|lpm_divide:LPM_DIVIDE_component|lpm_divide_c0q:auto_generated|sign_div_unsign_ulh:divider|alt_u_div_g7f:divider|op_10~2                              ; |lab31119|ALU_LAB3:inst10|chufa:inst7|DIV2:inst1|lpm_divide:LPM_DIVIDE_component|lpm_divide_c0q:auto_generated|sign_div_unsign_ulh:divider|alt_u_div_g7f:divider|op_10~2                              ; out0             ;
; |lab31119|ALU_LAB3:inst10|chufa:inst7|DIV2:inst1|lpm_divide:LPM_DIVIDE_component|lpm_divide_c0q:auto_generated|sign_div_unsign_ulh:divider|alt_u_div_g7f:divider|op_10~3                              ; |lab31119|ALU_LAB3:inst10|chufa:inst7|DIV2:inst1|lpm_divide:LPM_DIVIDE_component|lpm_divide_c0q:auto_generated|sign_div_unsign_ulh:divider|alt_u_div_g7f:divider|op_10~3                              ; out0             ;
; |lab31119|ALU_LAB3:inst10|chufa:inst7|DIV2:inst1|lpm_divide:LPM_DIVIDE_component|lpm_divide_c0q:auto_generated|sign_div_unsign_ulh:divider|alt_u_div_g7f:divider|op_10~4                              ; |lab31119|ALU_LAB3:inst10|chufa:inst7|DIV2:inst1|lpm_divide:LPM_DIVIDE_component|lpm_divide_c0q:auto_generated|sign_div_unsign_ulh:divider|alt_u_div_g7f:divider|op_10~4                              ; out0             ;
; |lab31119|ALU_LAB3:inst10|chufa:inst7|DIV2:inst1|lpm_divide:LPM_DIVIDE_component|lpm_divide_c0q:auto_generated|sign_div_unsign_ulh:divider|alt_u_div_g7f:divider|op_10~5                              ; |lab31119|ALU_LAB3:inst10|chufa:inst7|DIV2:inst1|lpm_divide:LPM_DIVIDE_component|lpm_divide_c0q:auto_generated|sign_div_unsign_ulh:divider|alt_u_div_g7f:divider|op_10~5                              ; out0             ;
; |lab31119|ALU_LAB3:inst10|chufa:inst7|DIV2:inst1|lpm_divide:LPM_DIVIDE_component|lpm_divide_c0q:auto_generated|sign_div_unsign_ulh:divider|alt_u_div_g7f:divider|op_10~6                              ; |lab31119|ALU_LAB3:inst10|chufa:inst7|DIV2:inst1|lpm_divide:LPM_DIVIDE_component|lpm_divide_c0q:auto_generated|sign_div_unsign_ulh:divider|alt_u_div_g7f:divider|op_10~6                              ; out0             ;
; |lab31119|ALU_LAB3:inst10|chufa:inst7|DIV2:inst1|lpm_divide:LPM_DIVIDE_component|lpm_divide_c0q:auto_generated|sign_div_unsign_ulh:divider|alt_u_div_g7f:divider|op_10~7                              ; |lab31119|ALU_LAB3:inst10|chufa:inst7|DIV2:inst1|lpm_divide:LPM_DIVIDE_component|lpm_divide_c0q:auto_generated|sign_div_unsign_ulh:divider|alt_u_div_g7f:divider|op_10~7                              ; out0             ;
; |lab31119|ALU_LAB3:inst10|chufa:inst7|DIV2:inst1|lpm_divide:LPM_DIVIDE_component|lpm_divide_c0q:auto_generated|sign_div_unsign_ulh:divider|alt_u_div_g7f:divider|op_10~8                              ; |lab31119|ALU_LAB3:inst10|chufa:inst7|DIV2:inst1|lpm_divide:LPM_DIVIDE_component|lpm_divide_c0q:auto_generated|sign_div_unsign_ulh:divider|alt_u_div_g7f:divider|op_10~8                              ; out0             ;
; |lab31119|ALU_LAB3:inst10|chufa:inst7|DIV2:inst1|lpm_divide:LPM_DIVIDE_component|lpm_divide_c0q:auto_generated|sign_div_unsign_ulh:divider|alt_u_div_g7f:divider|op_10~9                              ; |lab31119|ALU_LAB3:inst10|chufa:inst7|DIV2:inst1|lpm_divide:LPM_DIVIDE_component|lpm_divide_c0q:auto_generated|sign_div_unsign_ulh:divider|alt_u_div_g7f:divider|op_10~9                              ; out0             ;
; |lab31119|ALU_LAB3:inst10|chufa:inst7|DIV2:inst1|lpm_divide:LPM_DIVIDE_component|lpm_divide_c0q:auto_generated|sign_div_unsign_ulh:divider|alt_u_div_g7f:divider|op_10~10                             ; |lab31119|ALU_LAB3:inst10|chufa:inst7|DIV2:inst1|lpm_divide:LPM_DIVIDE_component|lpm_divide_c0q:auto_generated|sign_div_unsign_ulh:divider|alt_u_div_g7f:divider|op_10~10                             ; out0             ;
; |lab31119|ALU_LAB3:inst10|chufa:inst7|DIV2:inst1|lpm_divide:LPM_DIVIDE_component|lpm_divide_c0q:auto_generated|sign_div_unsign_ulh:divider|alt_u_div_g7f:divider|op_10~11                             ; |lab31119|ALU_LAB3:inst10|chufa:inst7|DIV2:inst1|lpm_divide:LPM_DIVIDE_component|lpm_divide_c0q:auto_generated|sign_div_unsign_ulh:divider|alt_u_div_g7f:divider|op_10~11                             ; out0             ;
; |lab31119|ALU_LAB3:inst10|chufa:inst7|DIV2:inst1|lpm_divide:LPM_DIVIDE_component|lpm_divide_c0q:auto_generated|sign_div_unsign_ulh:divider|alt_u_div_g7f:divider|op_10~12                             ; |lab31119|ALU_LAB3:inst10|chufa:inst7|DIV2:inst1|lpm_divide:LPM_DIVIDE_component|lpm_divide_c0q:auto_generated|sign_div_unsign_ulh:divider|alt_u_div_g7f:divider|op_10~12                             ; out0             ;
; |lab31119|ALU_LAB3:inst10|chufa:inst7|DIV2:inst1|lpm_divide:LPM_DIVIDE_component|lpm_divide_c0q:auto_generated|sign_div_unsign_ulh:divider|alt_u_div_g7f:divider|op_10~13                             ; |lab31119|ALU_LAB3:inst10|chufa:inst7|DIV2:inst1|lpm_divide:LPM_DIVIDE_component|lpm_divide_c0q:auto_generated|sign_div_unsign_ulh:divider|alt_u_div_g7f:divider|op_10~13                             ; out0             ;
; |lab31119|ALU_LAB3:inst10|chufa:inst7|DIV2:inst1|lpm_divide:LPM_DIVIDE_component|lpm_divide_c0q:auto_generated|sign_div_unsign_ulh:divider|alt_u_div_g7f:divider|op_10~14                             ; |lab31119|ALU_LAB3:inst10|chufa:inst7|DIV2:inst1|lpm_divide:LPM_DIVIDE_component|lpm_divide_c0q:auto_generated|sign_div_unsign_ulh:divider|alt_u_div_g7f:divider|op_10~14                             ; out0             ;
; |lab31119|ALU_LAB3:inst10|chufa:inst7|DIV2:inst1|lpm_divide:LPM_DIVIDE_component|lpm_divide_c0q:auto_generated|sign_div_unsign_ulh:divider|alt_u_div_g7f:divider|op_10~15                             ; |lab31119|ALU_LAB3:inst10|chufa:inst7|DIV2:inst1|lpm_divide:LPM_DIVIDE_component|lpm_divide_c0q:auto_generated|sign_div_unsign_ulh:divider|alt_u_div_g7f:divider|op_10~15                             ; out0             ;
; |lab31119|ALU_LAB3:inst10|chufa:inst7|DIV2:inst1|lpm_divide:LPM_DIVIDE_component|lpm_divide_c0q:auto_generated|sign_div_unsign_ulh:divider|alt_u_div_g7f:divider|op_10~16                             ; |lab31119|ALU_LAB3:inst10|chufa:inst7|DIV2:inst1|lpm_divide:LPM_DIVIDE_component|lpm_divide_c0q:auto_generated|sign_div_unsign_ulh:divider|alt_u_div_g7f:divider|op_10~16                             ; out0             ;
; |lab31119|ALU_LAB3:inst10|chufa:inst7|DIV2:inst1|lpm_divide:LPM_DIVIDE_component|lpm_divide_c0q:auto_generated|sign_div_unsign_ulh:divider|alt_u_div_g7f:divider|op_10~17                             ; |lab31119|ALU_LAB3:inst10|chufa:inst7|DIV2:inst1|lpm_divide:LPM_DIVIDE_component|lpm_divide_c0q:auto_generated|sign_div_unsign_ulh:divider|alt_u_div_g7f:divider|op_10~17                             ; out0             ;
; |lab31119|ALU_LAB3:inst10|chufa:inst7|DIV2:inst1|lpm_divide:LPM_DIVIDE_component|lpm_divide_c0q:auto_generated|sign_div_unsign_ulh:divider|alt_u_div_g7f:divider|op_10~18                             ; |lab31119|ALU_LAB3:inst10|chufa:inst7|DIV2:inst1|lpm_divide:LPM_DIVIDE_component|lpm_divide_c0q:auto_generated|sign_div_unsign_ulh:divider|alt_u_div_g7f:divider|op_10~18                             ; out0             ;
; |lab31119|ALU_LAB3:inst10|chufa:inst7|DIV2:inst1|lpm_divide:LPM_DIVIDE_component|lpm_divide_c0q:auto_generated|sign_div_unsign_ulh:divider|alt_u_div_g7f:divider|op_10~19                             ; |lab31119|ALU_LAB3:inst10|chufa:inst7|DIV2:inst1|lpm_divide:LPM_DIVIDE_component|lpm_divide_c0q:auto_generated|sign_div_unsign_ulh:divider|alt_u_div_g7f:divider|op_10~19                             ; out0             ;
; |lab31119|ALU_LAB3:inst10|chufa:inst7|DIV2:inst1|lpm_divide:LPM_DIVIDE_component|lpm_divide_c0q:auto_generated|sign_div_unsign_ulh:divider|alt_u_div_g7f:divider|op_10~20                             ; |lab31119|ALU_LAB3:inst10|chufa:inst7|DIV2:inst1|lpm_divide:LPM_DIVIDE_component|lpm_divide_c0q:auto_generated|sign_div_unsign_ulh:divider|alt_u_div_g7f:divider|op_10~20                             ; out0             ;
; |lab31119|ALU_LAB3:inst10|chufa:inst7|DIV2:inst1|lpm_divide:LPM_DIVIDE_component|lpm_divide_c0q:auto_generated|sign_div_unsign_ulh:divider|alt_u_div_g7f:divider|op_10~21                             ; |lab31119|ALU_LAB3:inst10|chufa:inst7|DIV2:inst1|lpm_divide:LPM_DIVIDE_component|lpm_divide_c0q:auto_generated|sign_div_unsign_ulh:divider|alt_u_div_g7f:divider|op_10~21                             ; out0             ;
; |lab31119|ALU_LAB3:inst10|chufa:inst7|DIV2:inst1|lpm_divide:LPM_DIVIDE_component|lpm_divide_c0q:auto_generated|sign_div_unsign_ulh:divider|alt_u_div_g7f:divider|op_10~22                             ; |lab31119|ALU_LAB3:inst10|chufa:inst7|DIV2:inst1|lpm_divide:LPM_DIVIDE_component|lpm_divide_c0q:auto_generated|sign_div_unsign_ulh:divider|alt_u_div_g7f:divider|op_10~22                             ; out0             ;
; |lab31119|ALU_LAB3:inst10|chufa:inst7|DIV2:inst1|lpm_divide:LPM_DIVIDE_component|lpm_divide_c0q:auto_generated|sign_div_unsign_ulh:divider|alt_u_div_g7f:divider|op_10~23                             ; |lab31119|ALU_LAB3:inst10|chufa:inst7|DIV2:inst1|lpm_divide:LPM_DIVIDE_component|lpm_divide_c0q:auto_generated|sign_div_unsign_ulh:divider|alt_u_div_g7f:divider|op_10~23                             ; out0             ;
; |lab31119|ALU_LAB3:inst10|chufa:inst7|DIV2:inst1|lpm_divide:LPM_DIVIDE_component|lpm_divide_c0q:auto_generated|sign_div_unsign_ulh:divider|alt_u_div_g7f:divider|op_10~24                             ; |lab31119|ALU_LAB3:inst10|chufa:inst7|DIV2:inst1|lpm_divide:LPM_DIVIDE_component|lpm_divide_c0q:auto_generated|sign_div_unsign_ulh:divider|alt_u_div_g7f:divider|op_10~24                             ; out0             ;
; |lab31119|ALU_LAB3:inst10|chufa:inst7|DIV2:inst1|lpm_divide:LPM_DIVIDE_component|lpm_divide_c0q:auto_generated|sign_div_unsign_ulh:divider|alt_u_div_g7f:divider|op_10~25                             ; |lab31119|ALU_LAB3:inst10|chufa:inst7|DIV2:inst1|lpm_divide:LPM_DIVIDE_component|lpm_divide_c0q:auto_generated|sign_div_unsign_ulh:divider|alt_u_div_g7f:divider|op_10~25                             ; out0             ;
; |lab31119|ALU_LAB3:inst10|chufa:inst7|DIV2:inst1|lpm_divide:LPM_DIVIDE_component|lpm_divide_c0q:auto_generated|sign_div_unsign_ulh:divider|alt_u_div_g7f:divider|op_10~26                             ; |lab31119|ALU_LAB3:inst10|chufa:inst7|DIV2:inst1|lpm_divide:LPM_DIVIDE_component|lpm_divide_c0q:auto_generated|sign_div_unsign_ulh:divider|alt_u_div_g7f:divider|op_10~26                             ; out0             ;
; |lab31119|ALU_LAB3:inst10|chufa:inst7|DIV2:inst1|lpm_divide:LPM_DIVIDE_component|lpm_divide_c0q:auto_generated|sign_div_unsign_ulh:divider|alt_u_div_g7f:divider|op_10~27                             ; |lab31119|ALU_LAB3:inst10|chufa:inst7|DIV2:inst1|lpm_divide:LPM_DIVIDE_component|lpm_divide_c0q:auto_generated|sign_div_unsign_ulh:divider|alt_u_div_g7f:divider|op_10~27                             ; out0             ;
; |lab31119|ALU_LAB3:inst10|chufa:inst7|DIV2:inst1|lpm_divide:LPM_DIVIDE_component|lpm_divide_c0q:auto_generated|sign_div_unsign_ulh:divider|alt_u_div_g7f:divider|op_11~0                              ; |lab31119|ALU_LAB3:inst10|chufa:inst7|DIV2:inst1|lpm_divide:LPM_DIVIDE_component|lpm_divide_c0q:auto_generated|sign_div_unsign_ulh:divider|alt_u_div_g7f:divider|op_11~0                              ; out0             ;
; |lab31119|ALU_LAB3:inst10|chufa:inst7|DIV2:inst1|lpm_divide:LPM_DIVIDE_component|lpm_divide_c0q:auto_generated|sign_div_unsign_ulh:divider|alt_u_div_g7f:divider|op_11~1                              ; |lab31119|ALU_LAB3:inst10|chufa:inst7|DIV2:inst1|lpm_divide:LPM_DIVIDE_component|lpm_divide_c0q:auto_generated|sign_div_unsign_ulh:divider|alt_u_div_g7f:divider|op_11~1                              ; out0             ;
; |lab31119|ALU_LAB3:inst10|chufa:inst7|DIV2:inst1|lpm_divide:LPM_DIVIDE_component|lpm_divide_c0q:auto_generated|sign_div_unsign_ulh:divider|alt_u_div_g7f:divider|op_11~2                              ; |lab31119|ALU_LAB3:inst10|chufa:inst7|DIV2:inst1|lpm_divide:LPM_DIVIDE_component|lpm_divide_c0q:auto_generated|sign_div_unsign_ulh:divider|alt_u_div_g7f:divider|op_11~2                              ; out0             ;
; |lab31119|ALU_LAB3:inst10|chufa:inst7|DIV2:inst1|lpm_divide:LPM_DIVIDE_component|lpm_divide_c0q:auto_generated|sign_div_unsign_ulh:divider|alt_u_div_g7f:divider|op_11~3                              ; |lab31119|ALU_LAB3:inst10|chufa:inst7|DIV2:inst1|lpm_divide:LPM_DIVIDE_component|lpm_divide_c0q:auto_generated|sign_div_unsign_ulh:divider|alt_u_div_g7f:divider|op_11~3                              ; out0             ;
; |lab31119|ALU_LAB3:inst10|chufa:inst7|DIV2:inst1|lpm_divide:LPM_DIVIDE_component|lpm_divide_c0q:auto_generated|sign_div_unsign_ulh:divider|alt_u_div_g7f:divider|op_11~4                              ; |lab31119|ALU_LAB3:inst10|chufa:inst7|DIV2:inst1|lpm_divide:LPM_DIVIDE_component|lpm_divide_c0q:auto_generated|sign_div_unsign_ulh:divider|alt_u_div_g7f:divider|op_11~4                              ; out0             ;
; |lab31119|ALU_LAB3:inst10|chufa:inst7|DIV2:inst1|lpm_divide:LPM_DIVIDE_component|lpm_divide_c0q:auto_generated|sign_div_unsign_ulh:divider|alt_u_div_g7f:divider|op_11~5                              ; |lab31119|ALU_LAB3:inst10|chufa:inst7|DIV2:inst1|lpm_divide:LPM_DIVIDE_component|lpm_divide_c0q:auto_generated|sign_div_unsign_ulh:divider|alt_u_div_g7f:divider|op_11~5                              ; out0             ;
; |lab31119|ALU_LAB3:inst10|chufa:inst7|DIV2:inst1|lpm_divide:LPM_DIVIDE_component|lpm_divide_c0q:auto_generated|sign_div_unsign_ulh:divider|alt_u_div_g7f:divider|op_11~6                              ; |lab31119|ALU_LAB3:inst10|chufa:inst7|DIV2:inst1|lpm_divide:LPM_DIVIDE_component|lpm_divide_c0q:auto_generated|sign_div_unsign_ulh:divider|alt_u_div_g7f:divider|op_11~6                              ; out0             ;
; |lab31119|ALU_LAB3:inst10|chufa:inst7|DIV2:inst1|lpm_divide:LPM_DIVIDE_component|lpm_divide_c0q:auto_generated|sign_div_unsign_ulh:divider|alt_u_div_g7f:divider|op_11~7                              ; |lab31119|ALU_LAB3:inst10|chufa:inst7|DIV2:inst1|lpm_divide:LPM_DIVIDE_component|lpm_divide_c0q:auto_generated|sign_div_unsign_ulh:divider|alt_u_div_g7f:divider|op_11~7                              ; out0             ;
; |lab31119|ALU_LAB3:inst10|chufa:inst7|DIV2:inst1|lpm_divide:LPM_DIVIDE_component|lpm_divide_c0q:auto_generated|sign_div_unsign_ulh:divider|alt_u_div_g7f:divider|op_11~8                              ; |lab31119|ALU_LAB3:inst10|chufa:inst7|DIV2:inst1|lpm_divide:LPM_DIVIDE_component|lpm_divide_c0q:auto_generated|sign_div_unsign_ulh:divider|alt_u_div_g7f:divider|op_11~8                              ; out0             ;
; |lab31119|ALU_LAB3:inst10|chufa:inst7|DIV2:inst1|lpm_divide:LPM_DIVIDE_component|lpm_divide_c0q:auto_generated|sign_div_unsign_ulh:divider|alt_u_div_g7f:divider|op_11~9                              ; |lab31119|ALU_LAB3:inst10|chufa:inst7|DIV2:inst1|lpm_divide:LPM_DIVIDE_component|lpm_divide_c0q:auto_generated|sign_div_unsign_ulh:divider|alt_u_div_g7f:divider|op_11~9                              ; out0             ;
; |lab31119|ALU_LAB3:inst10|chufa:inst7|DIV2:inst1|lpm_divide:LPM_DIVIDE_component|lpm_divide_c0q:auto_generated|sign_div_unsign_ulh:divider|alt_u_div_g7f:divider|op_11~10                             ; |lab31119|ALU_LAB3:inst10|chufa:inst7|DIV2:inst1|lpm_divide:LPM_DIVIDE_component|lpm_divide_c0q:auto_generated|sign_div_unsign_ulh:divider|alt_u_div_g7f:divider|op_11~10                             ; out0             ;
; |lab31119|ALU_LAB3:inst10|chufa:inst7|DIV2:inst1|lpm_divide:LPM_DIVIDE_component|lpm_divide_c0q:auto_generated|sign_div_unsign_ulh:divider|alt_u_div_g7f:divider|op_11~11                             ; |lab31119|ALU_LAB3:inst10|chufa:inst7|DIV2:inst1|lpm_divide:LPM_DIVIDE_component|lpm_divide_c0q:auto_generated|sign_div_unsign_ulh:divider|alt_u_div_g7f:divider|op_11~11                             ; out0             ;
; |lab31119|ALU_LAB3:inst10|chufa:inst7|DIV2:inst1|lpm_divide:LPM_DIVIDE_component|lpm_divide_c0q:auto_generated|sign_div_unsign_ulh:divider|alt_u_div_g7f:divider|op_11~12                             ; |lab31119|ALU_LAB3:inst10|chufa:inst7|DIV2:inst1|lpm_divide:LPM_DIVIDE_component|lpm_divide_c0q:auto_generated|sign_div_unsign_ulh:divider|alt_u_div_g7f:divider|op_11~12                             ; out0             ;
; |lab31119|ALU_LAB3:inst10|chufa:inst7|DIV2:inst1|lpm_divide:LPM_DIVIDE_component|lpm_divide_c0q:auto_generated|sign_div_unsign_ulh:divider|alt_u_div_g7f:divider|op_11~13                             ; |lab31119|ALU_LAB3:inst10|chufa:inst7|DIV2:inst1|lpm_divide:LPM_DIVIDE_component|lpm_divide_c0q:auto_generated|sign_div_unsign_ulh:divider|alt_u_div_g7f:divider|op_11~13                             ; out0             ;
; |lab31119|ALU_LAB3:inst10|chufa:inst7|DIV2:inst1|lpm_divide:LPM_DIVIDE_component|lpm_divide_c0q:auto_generated|sign_div_unsign_ulh:divider|alt_u_div_g7f:divider|op_11~14                             ; |lab31119|ALU_LAB3:inst10|chufa:inst7|DIV2:inst1|lpm_divide:LPM_DIVIDE_component|lpm_divide_c0q:auto_generated|sign_div_unsign_ulh:divider|alt_u_div_g7f:divider|op_11~14                             ; out0             ;
; |lab31119|ALU_LAB3:inst10|chufa:inst7|DIV2:inst1|lpm_divide:LPM_DIVIDE_component|lpm_divide_c0q:auto_generated|sign_div_unsign_ulh:divider|alt_u_div_g7f:divider|op_11~15                             ; |lab31119|ALU_LAB3:inst10|chufa:inst7|DIV2:inst1|lpm_divide:LPM_DIVIDE_component|lpm_divide_c0q:auto_generated|sign_div_unsign_ulh:divider|alt_u_div_g7f:divider|op_11~15                             ; out0             ;
; |lab31119|ALU_LAB3:inst10|chufa:inst7|DIV2:inst1|lpm_divide:LPM_DIVIDE_component|lpm_divide_c0q:auto_generated|sign_div_unsign_ulh:divider|alt_u_div_g7f:divider|op_11~16                             ; |lab31119|ALU_LAB3:inst10|chufa:inst7|DIV2:inst1|lpm_divide:LPM_DIVIDE_component|lpm_divide_c0q:auto_generated|sign_div_unsign_ulh:divider|alt_u_div_g7f:divider|op_11~16                             ; out0             ;
; |lab31119|ALU_LAB3:inst10|chufa:inst7|DIV2:inst1|lpm_divide:LPM_DIVIDE_component|lpm_divide_c0q:auto_generated|sign_div_unsign_ulh:divider|alt_u_div_g7f:divider|op_11~17                             ; |lab31119|ALU_LAB3:inst10|chufa:inst7|DIV2:inst1|lpm_divide:LPM_DIVIDE_component|lpm_divide_c0q:auto_generated|sign_div_unsign_ulh:divider|alt_u_div_g7f:divider|op_11~17                             ; out0             ;
; |lab31119|ALU_LAB3:inst10|chufa:inst7|DIV2:inst1|lpm_divide:LPM_DIVIDE_component|lpm_divide_c0q:auto_generated|sign_div_unsign_ulh:divider|alt_u_div_g7f:divider|op_11~18                             ; |lab31119|ALU_LAB3:inst10|chufa:inst7|DIV2:inst1|lpm_divide:LPM_DIVIDE_component|lpm_divide_c0q:auto_generated|sign_div_unsign_ulh:divider|alt_u_div_g7f:divider|op_11~18                             ; out0             ;
; |lab31119|ALU_LAB3:inst10|chufa:inst7|DIV2:inst1|lpm_divide:LPM_DIVIDE_component|lpm_divide_c0q:auto_generated|sign_div_unsign_ulh:divider|alt_u_div_g7f:divider|op_11~19                             ; |lab31119|ALU_LAB3:inst10|chufa:inst7|DIV2:inst1|lpm_divide:LPM_DIVIDE_component|lpm_divide_c0q:auto_generated|sign_div_unsign_ulh:divider|alt_u_div_g7f:divider|op_11~19                             ; out0             ;
; |lab31119|ALU_LAB3:inst10|chufa:inst7|DIV2:inst1|lpm_divide:LPM_DIVIDE_component|lpm_divide_c0q:auto_generated|sign_div_unsign_ulh:divider|alt_u_div_g7f:divider|op_11~20                             ; |lab31119|ALU_LAB3:inst10|chufa:inst7|DIV2:inst1|lpm_divide:LPM_DIVIDE_component|lpm_divide_c0q:auto_generated|sign_div_unsign_ulh:divider|alt_u_div_g7f:divider|op_11~20                             ; out0             ;
; |lab31119|ALU_LAB3:inst10|chufa:inst7|DIV2:inst1|lpm_divide:LPM_DIVIDE_component|lpm_divide_c0q:auto_generated|sign_div_unsign_ulh:divider|alt_u_div_g7f:divider|op_11~21                             ; |lab31119|ALU_LAB3:inst10|chufa:inst7|DIV2:inst1|lpm_divide:LPM_DIVIDE_component|lpm_divide_c0q:auto_generated|sign_div_unsign_ulh:divider|alt_u_div_g7f:divider|op_11~21                             ; out0             ;
; |lab31119|ALU_LAB3:inst10|chufa:inst7|DIV2:inst1|lpm_divide:LPM_DIVIDE_component|lpm_divide_c0q:auto_generated|sign_div_unsign_ulh:divider|alt_u_div_g7f:divider|op_11~22                             ; |lab31119|ALU_LAB3:inst10|chufa:inst7|DIV2:inst1|lpm_divide:LPM_DIVIDE_component|lpm_divide_c0q:auto_generated|sign_div_unsign_ulh:divider|alt_u_div_g7f:divider|op_11~22                             ; out0             ;
; |lab31119|ALU_LAB3:inst10|chufa:inst7|DIV2:inst1|lpm_divide:LPM_DIVIDE_component|lpm_divide_c0q:auto_generated|sign_div_unsign_ulh:divider|alt_u_div_g7f:divider|op_11~23                             ; |lab31119|ALU_LAB3:inst10|chufa:inst7|DIV2:inst1|lpm_divide:LPM_DIVIDE_component|lpm_divide_c0q:auto_generated|sign_div_unsign_ulh:divider|alt_u_div_g7f:divider|op_11~23                             ; out0             ;
; |lab31119|ALU_LAB3:inst10|chufa:inst7|DIV2:inst1|lpm_divide:LPM_DIVIDE_component|lpm_divide_c0q:auto_generated|sign_div_unsign_ulh:divider|alt_u_div_g7f:divider|op_11~24                             ; |lab31119|ALU_LAB3:inst10|chufa:inst7|DIV2:inst1|lpm_divide:LPM_DIVIDE_component|lpm_divide_c0q:auto_generated|sign_div_unsign_ulh:divider|alt_u_div_g7f:divider|op_11~24                             ; out0             ;
; |lab31119|ALU_LAB3:inst10|chufa:inst7|DIV2:inst1|lpm_divide:LPM_DIVIDE_component|lpm_divide_c0q:auto_generated|sign_div_unsign_ulh:divider|alt_u_div_g7f:divider|op_11~25                             ; |lab31119|ALU_LAB3:inst10|chufa:inst7|DIV2:inst1|lpm_divide:LPM_DIVIDE_component|lpm_divide_c0q:auto_generated|sign_div_unsign_ulh:divider|alt_u_div_g7f:divider|op_11~25                             ; out0             ;
; |lab31119|ALU_LAB3:inst10|chufa:inst7|DIV2:inst1|lpm_divide:LPM_DIVIDE_component|lpm_divide_c0q:auto_generated|sign_div_unsign_ulh:divider|alt_u_div_g7f:divider|op_11~26                             ; |lab31119|ALU_LAB3:inst10|chufa:inst7|DIV2:inst1|lpm_divide:LPM_DIVIDE_component|lpm_divide_c0q:auto_generated|sign_div_unsign_ulh:divider|alt_u_div_g7f:divider|op_11~26                             ; out0             ;
; |lab31119|ALU_LAB3:inst10|chufa:inst7|DIV2:inst1|lpm_divide:LPM_DIVIDE_component|lpm_divide_c0q:auto_generated|sign_div_unsign_ulh:divider|alt_u_div_g7f:divider|op_11~27                             ; |lab31119|ALU_LAB3:inst10|chufa:inst7|DIV2:inst1|lpm_divide:LPM_DIVIDE_component|lpm_divide_c0q:auto_generated|sign_div_unsign_ulh:divider|alt_u_div_g7f:divider|op_11~27                             ; out0             ;
; |lab31119|ALU_LAB3:inst10|chufa:inst7|DIV2:inst1|lpm_divide:LPM_DIVIDE_component|lpm_divide_c0q:auto_generated|sign_div_unsign_ulh:divider|alt_u_div_g7f:divider|op_11~28                             ; |lab31119|ALU_LAB3:inst10|chufa:inst7|DIV2:inst1|lpm_divide:LPM_DIVIDE_component|lpm_divide_c0q:auto_generated|sign_div_unsign_ulh:divider|alt_u_div_g7f:divider|op_11~28                             ; out0             ;
; |lab31119|ALU_LAB3:inst10|chufa:inst7|DIV2:inst1|lpm_divide:LPM_DIVIDE_component|lpm_divide_c0q:auto_generated|sign_div_unsign_ulh:divider|alt_u_div_g7f:divider|op_11~29                             ; |lab31119|ALU_LAB3:inst10|chufa:inst7|DIV2:inst1|lpm_divide:LPM_DIVIDE_component|lpm_divide_c0q:auto_generated|sign_div_unsign_ulh:divider|alt_u_div_g7f:divider|op_11~29                             ; out0             ;
; |lab31119|ALU_LAB3:inst10|chufa:inst7|DIV2:inst1|lpm_divide:LPM_DIVIDE_component|lpm_divide_c0q:auto_generated|sign_div_unsign_ulh:divider|alt_u_div_g7f:divider|op_11~30                             ; |lab31119|ALU_LAB3:inst10|chufa:inst7|DIV2:inst1|lpm_divide:LPM_DIVIDE_component|lpm_divide_c0q:auto_generated|sign_div_unsign_ulh:divider|alt_u_div_g7f:divider|op_11~30                             ; out0             ;
; |lab31119|ALU_LAB3:inst10|chufa:inst7|DIV2:inst1|lpm_divide:LPM_DIVIDE_component|lpm_divide_c0q:auto_generated|sign_div_unsign_ulh:divider|alt_u_div_g7f:divider|op_11~31                             ; |lab31119|ALU_LAB3:inst10|chufa:inst7|DIV2:inst1|lpm_divide:LPM_DIVIDE_component|lpm_divide_c0q:auto_generated|sign_div_unsign_ulh:divider|alt_u_div_g7f:divider|op_11~31                             ; out0             ;
; |lab31119|ALU_LAB3:inst10|chufa:inst7|DIV2:inst1|lpm_divide:LPM_DIVIDE_component|lpm_divide_c0q:auto_generated|sign_div_unsign_ulh:divider|alt_u_div_g7f:divider|op_11~32                             ; |lab31119|ALU_LAB3:inst10|chufa:inst7|DIV2:inst1|lpm_divide:LPM_DIVIDE_component|lpm_divide_c0q:auto_generated|sign_div_unsign_ulh:divider|alt_u_div_g7f:divider|op_11~32                             ; out0             ;
; |lab31119|ALU_LAB3:inst10|chufa:inst7|DIV2:inst1|lpm_divide:LPM_DIVIDE_component|lpm_divide_c0q:auto_generated|sign_div_unsign_ulh:divider|alt_u_div_g7f:divider|op_12~0                              ; |lab31119|ALU_LAB3:inst10|chufa:inst7|DIV2:inst1|lpm_divide:LPM_DIVIDE_component|lpm_divide_c0q:auto_generated|sign_div_unsign_ulh:divider|alt_u_div_g7f:divider|op_12~0                              ; out0             ;
; |lab31119|ALU_LAB3:inst10|chufa:inst7|DIV2:inst1|lpm_divide:LPM_DIVIDE_component|lpm_divide_c0q:auto_generated|sign_div_unsign_ulh:divider|alt_u_div_g7f:divider|op_12~1                              ; |lab31119|ALU_LAB3:inst10|chufa:inst7|DIV2:inst1|lpm_divide:LPM_DIVIDE_component|lpm_divide_c0q:auto_generated|sign_div_unsign_ulh:divider|alt_u_div_g7f:divider|op_12~1                              ; out0             ;
; |lab31119|ALU_LAB3:inst10|chufa:inst7|DIV2:inst1|lpm_divide:LPM_DIVIDE_component|lpm_divide_c0q:auto_generated|sign_div_unsign_ulh:divider|alt_u_div_g7f:divider|op_12~2                              ; |lab31119|ALU_LAB3:inst10|chufa:inst7|DIV2:inst1|lpm_divide:LPM_DIVIDE_component|lpm_divide_c0q:auto_generated|sign_div_unsign_ulh:divider|alt_u_div_g7f:divider|op_12~2                              ; out0             ;
; |lab31119|ALU_LAB3:inst10|chufa:inst7|DIV2:inst1|lpm_divide:LPM_DIVIDE_component|lpm_divide_c0q:auto_generated|sign_div_unsign_ulh:divider|alt_u_div_g7f:divider|op_12~3                              ; |lab31119|ALU_LAB3:inst10|chufa:inst7|DIV2:inst1|lpm_divide:LPM_DIVIDE_component|lpm_divide_c0q:auto_generated|sign_div_unsign_ulh:divider|alt_u_div_g7f:divider|op_12~3                              ; out0             ;
; |lab31119|ALU_LAB3:inst10|chufa:inst7|DIV2:inst1|lpm_divide:LPM_DIVIDE_component|lpm_divide_c0q:auto_generated|sign_div_unsign_ulh:divider|alt_u_div_g7f:divider|op_12~4                              ; |lab31119|ALU_LAB3:inst10|chufa:inst7|DIV2:inst1|lpm_divide:LPM_DIVIDE_component|lpm_divide_c0q:auto_generated|sign_div_unsign_ulh:divider|alt_u_div_g7f:divider|op_12~4                              ; out0             ;
; |lab31119|ALU_LAB3:inst10|chufa:inst7|DIV2:inst1|lpm_divide:LPM_DIVIDE_component|lpm_divide_c0q:auto_generated|sign_div_unsign_ulh:divider|alt_u_div_g7f:divider|op_12~5                              ; |lab31119|ALU_LAB3:inst10|chufa:inst7|DIV2:inst1|lpm_divide:LPM_DIVIDE_component|lpm_divide_c0q:auto_generated|sign_div_unsign_ulh:divider|alt_u_div_g7f:divider|op_12~5                              ; out0             ;
; |lab31119|ALU_LAB3:inst10|chufa:inst7|DIV2:inst1|lpm_divide:LPM_DIVIDE_component|lpm_divide_c0q:auto_generated|sign_div_unsign_ulh:divider|alt_u_div_g7f:divider|op_12~6                              ; |lab31119|ALU_LAB3:inst10|chufa:inst7|DIV2:inst1|lpm_divide:LPM_DIVIDE_component|lpm_divide_c0q:auto_generated|sign_div_unsign_ulh:divider|alt_u_div_g7f:divider|op_12~6                              ; out0             ;
; |lab31119|ALU_LAB3:inst10|chufa:inst7|DIV2:inst1|lpm_divide:LPM_DIVIDE_component|lpm_divide_c0q:auto_generated|sign_div_unsign_ulh:divider|alt_u_div_g7f:divider|op_12~7                              ; |lab31119|ALU_LAB3:inst10|chufa:inst7|DIV2:inst1|lpm_divide:LPM_DIVIDE_component|lpm_divide_c0q:auto_generated|sign_div_unsign_ulh:divider|alt_u_div_g7f:divider|op_12~7                              ; out0             ;
; |lab31119|ALU_LAB3:inst10|chufa:inst7|DIV2:inst1|lpm_divide:LPM_DIVIDE_component|lpm_divide_c0q:auto_generated|sign_div_unsign_ulh:divider|alt_u_div_g7f:divider|op_12~8                              ; |lab31119|ALU_LAB3:inst10|chufa:inst7|DIV2:inst1|lpm_divide:LPM_DIVIDE_component|lpm_divide_c0q:auto_generated|sign_div_unsign_ulh:divider|alt_u_div_g7f:divider|op_12~8                              ; out0             ;
; |lab31119|ALU_LAB3:inst10|chufa:inst7|DIV2:inst1|lpm_divide:LPM_DIVIDE_component|lpm_divide_c0q:auto_generated|sign_div_unsign_ulh:divider|alt_u_div_g7f:divider|op_12~9                              ; |lab31119|ALU_LAB3:inst10|chufa:inst7|DIV2:inst1|lpm_divide:LPM_DIVIDE_component|lpm_divide_c0q:auto_generated|sign_div_unsign_ulh:divider|alt_u_div_g7f:divider|op_12~9                              ; out0             ;
; |lab31119|ALU_LAB3:inst10|chufa:inst7|DIV2:inst1|lpm_divide:LPM_DIVIDE_component|lpm_divide_c0q:auto_generated|sign_div_unsign_ulh:divider|alt_u_div_g7f:divider|op_12~10                             ; |lab31119|ALU_LAB3:inst10|chufa:inst7|DIV2:inst1|lpm_divide:LPM_DIVIDE_component|lpm_divide_c0q:auto_generated|sign_div_unsign_ulh:divider|alt_u_div_g7f:divider|op_12~10                             ; out0             ;
; |lab31119|ALU_LAB3:inst10|chufa:inst7|DIV2:inst1|lpm_divide:LPM_DIVIDE_component|lpm_divide_c0q:auto_generated|sign_div_unsign_ulh:divider|alt_u_div_g7f:divider|op_12~11                             ; |lab31119|ALU_LAB3:inst10|chufa:inst7|DIV2:inst1|lpm_divide:LPM_DIVIDE_component|lpm_divide_c0q:auto_generated|sign_div_unsign_ulh:divider|alt_u_div_g7f:divider|op_12~11                             ; out0             ;
; |lab31119|ALU_LAB3:inst10|chufa:inst7|DIV2:inst1|lpm_divide:LPM_DIVIDE_component|lpm_divide_c0q:auto_generated|sign_div_unsign_ulh:divider|alt_u_div_g7f:divider|op_12~12                             ; |lab31119|ALU_LAB3:inst10|chufa:inst7|DIV2:inst1|lpm_divide:LPM_DIVIDE_component|lpm_divide_c0q:auto_generated|sign_div_unsign_ulh:divider|alt_u_div_g7f:divider|op_12~12                             ; out0             ;
; |lab31119|ALU_LAB3:inst10|chufa:inst7|DIV2:inst1|lpm_divide:LPM_DIVIDE_component|lpm_divide_c0q:auto_generated|sign_div_unsign_ulh:divider|alt_u_div_g7f:divider|op_12~13                             ; |lab31119|ALU_LAB3:inst10|chufa:inst7|DIV2:inst1|lpm_divide:LPM_DIVIDE_component|lpm_divide_c0q:auto_generated|sign_div_unsign_ulh:divider|alt_u_div_g7f:divider|op_12~13                             ; out0             ;
; |lab31119|ALU_LAB3:inst10|chufa:inst7|DIV2:inst1|lpm_divide:LPM_DIVIDE_component|lpm_divide_c0q:auto_generated|sign_div_unsign_ulh:divider|alt_u_div_g7f:divider|op_12~14                             ; |lab31119|ALU_LAB3:inst10|chufa:inst7|DIV2:inst1|lpm_divide:LPM_DIVIDE_component|lpm_divide_c0q:auto_generated|sign_div_unsign_ulh:divider|alt_u_div_g7f:divider|op_12~14                             ; out0             ;
; |lab31119|ALU_LAB3:inst10|chufa:inst7|DIV2:inst1|lpm_divide:LPM_DIVIDE_component|lpm_divide_c0q:auto_generated|sign_div_unsign_ulh:divider|alt_u_div_g7f:divider|op_12~15                             ; |lab31119|ALU_LAB3:inst10|chufa:inst7|DIV2:inst1|lpm_divide:LPM_DIVIDE_component|lpm_divide_c0q:auto_generated|sign_div_unsign_ulh:divider|alt_u_div_g7f:divider|op_12~15                             ; out0             ;
; |lab31119|ALU_LAB3:inst10|chufa:inst7|DIV2:inst1|lpm_divide:LPM_DIVIDE_component|lpm_divide_c0q:auto_generated|sign_div_unsign_ulh:divider|alt_u_div_g7f:divider|op_12~16                             ; |lab31119|ALU_LAB3:inst10|chufa:inst7|DIV2:inst1|lpm_divide:LPM_DIVIDE_component|lpm_divide_c0q:auto_generated|sign_div_unsign_ulh:divider|alt_u_div_g7f:divider|op_12~16                             ; out0             ;
; |lab31119|ALU_LAB3:inst10|chufa:inst7|DIV2:inst1|lpm_divide:LPM_DIVIDE_component|lpm_divide_c0q:auto_generated|sign_div_unsign_ulh:divider|alt_u_div_g7f:divider|op_12~17                             ; |lab31119|ALU_LAB3:inst10|chufa:inst7|DIV2:inst1|lpm_divide:LPM_DIVIDE_component|lpm_divide_c0q:auto_generated|sign_div_unsign_ulh:divider|alt_u_div_g7f:divider|op_12~17                             ; out0             ;
; |lab31119|ALU_LAB3:inst10|chufa:inst7|DIV2:inst1|lpm_divide:LPM_DIVIDE_component|lpm_divide_c0q:auto_generated|sign_div_unsign_ulh:divider|alt_u_div_g7f:divider|op_12~18                             ; |lab31119|ALU_LAB3:inst10|chufa:inst7|DIV2:inst1|lpm_divide:LPM_DIVIDE_component|lpm_divide_c0q:auto_generated|sign_div_unsign_ulh:divider|alt_u_div_g7f:divider|op_12~18                             ; out0             ;
; |lab31119|ALU_LAB3:inst10|chufa:inst7|DIV2:inst1|lpm_divide:LPM_DIVIDE_component|lpm_divide_c0q:auto_generated|sign_div_unsign_ulh:divider|alt_u_div_g7f:divider|op_12~19                             ; |lab31119|ALU_LAB3:inst10|chufa:inst7|DIV2:inst1|lpm_divide:LPM_DIVIDE_component|lpm_divide_c0q:auto_generated|sign_div_unsign_ulh:divider|alt_u_div_g7f:divider|op_12~19                             ; out0             ;
; |lab31119|ALU_LAB3:inst10|chufa:inst7|DIV2:inst1|lpm_divide:LPM_DIVIDE_component|lpm_divide_c0q:auto_generated|sign_div_unsign_ulh:divider|alt_u_div_g7f:divider|op_12~20                             ; |lab31119|ALU_LAB3:inst10|chufa:inst7|DIV2:inst1|lpm_divide:LPM_DIVIDE_component|lpm_divide_c0q:auto_generated|sign_div_unsign_ulh:divider|alt_u_div_g7f:divider|op_12~20                             ; out0             ;
; |lab31119|ALU_LAB3:inst10|chufa:inst7|DIV2:inst1|lpm_divide:LPM_DIVIDE_component|lpm_divide_c0q:auto_generated|sign_div_unsign_ulh:divider|alt_u_div_g7f:divider|op_12~21                             ; |lab31119|ALU_LAB3:inst10|chufa:inst7|DIV2:inst1|lpm_divide:LPM_DIVIDE_component|lpm_divide_c0q:auto_generated|sign_div_unsign_ulh:divider|alt_u_div_g7f:divider|op_12~21                             ; out0             ;
; |lab31119|ALU_LAB3:inst10|chufa:inst7|DIV2:inst1|lpm_divide:LPM_DIVIDE_component|lpm_divide_c0q:auto_generated|sign_div_unsign_ulh:divider|alt_u_div_g7f:divider|op_12~22                             ; |lab31119|ALU_LAB3:inst10|chufa:inst7|DIV2:inst1|lpm_divide:LPM_DIVIDE_component|lpm_divide_c0q:auto_generated|sign_div_unsign_ulh:divider|alt_u_div_g7f:divider|op_12~22                             ; out0             ;
; |lab31119|ALU_LAB3:inst10|chufa:inst7|DIV2:inst1|lpm_divide:LPM_DIVIDE_component|lpm_divide_c0q:auto_generated|sign_div_unsign_ulh:divider|alt_u_div_g7f:divider|op_12~23                             ; |lab31119|ALU_LAB3:inst10|chufa:inst7|DIV2:inst1|lpm_divide:LPM_DIVIDE_component|lpm_divide_c0q:auto_generated|sign_div_unsign_ulh:divider|alt_u_div_g7f:divider|op_12~23                             ; out0             ;
; |lab31119|ALU_LAB3:inst10|chufa:inst7|DIV2:inst1|lpm_divide:LPM_DIVIDE_component|lpm_divide_c0q:auto_generated|sign_div_unsign_ulh:divider|alt_u_div_g7f:divider|op_12~24                             ; |lab31119|ALU_LAB3:inst10|chufa:inst7|DIV2:inst1|lpm_divide:LPM_DIVIDE_component|lpm_divide_c0q:auto_generated|sign_div_unsign_ulh:divider|alt_u_div_g7f:divider|op_12~24                             ; out0             ;
; |lab31119|ALU_LAB3:inst10|chufa:inst7|DIV2:inst1|lpm_divide:LPM_DIVIDE_component|lpm_divide_c0q:auto_generated|sign_div_unsign_ulh:divider|alt_u_div_g7f:divider|op_12~25                             ; |lab31119|ALU_LAB3:inst10|chufa:inst7|DIV2:inst1|lpm_divide:LPM_DIVIDE_component|lpm_divide_c0q:auto_generated|sign_div_unsign_ulh:divider|alt_u_div_g7f:divider|op_12~25                             ; out0             ;
; |lab31119|ALU_LAB3:inst10|chufa:inst7|DIV2:inst1|lpm_divide:LPM_DIVIDE_component|lpm_divide_c0q:auto_generated|sign_div_unsign_ulh:divider|alt_u_div_g7f:divider|op_12~26                             ; |lab31119|ALU_LAB3:inst10|chufa:inst7|DIV2:inst1|lpm_divide:LPM_DIVIDE_component|lpm_divide_c0q:auto_generated|sign_div_unsign_ulh:divider|alt_u_div_g7f:divider|op_12~26                             ; out0             ;
; |lab31119|ALU_LAB3:inst10|chufa:inst7|DIV2:inst1|lpm_divide:LPM_DIVIDE_component|lpm_divide_c0q:auto_generated|sign_div_unsign_ulh:divider|alt_u_div_g7f:divider|op_12~27                             ; |lab31119|ALU_LAB3:inst10|chufa:inst7|DIV2:inst1|lpm_divide:LPM_DIVIDE_component|lpm_divide_c0q:auto_generated|sign_div_unsign_ulh:divider|alt_u_div_g7f:divider|op_12~27                             ; out0             ;
; |lab31119|ALU_LAB3:inst10|chufa:inst7|DIV2:inst1|lpm_divide:LPM_DIVIDE_component|lpm_divide_c0q:auto_generated|sign_div_unsign_ulh:divider|alt_u_div_g7f:divider|op_12~28                             ; |lab31119|ALU_LAB3:inst10|chufa:inst7|DIV2:inst1|lpm_divide:LPM_DIVIDE_component|lpm_divide_c0q:auto_generated|sign_div_unsign_ulh:divider|alt_u_div_g7f:divider|op_12~28                             ; out0             ;
; |lab31119|ALU_LAB3:inst10|chufa:inst7|DIV2:inst1|lpm_divide:LPM_DIVIDE_component|lpm_divide_c0q:auto_generated|sign_div_unsign_ulh:divider|alt_u_div_g7f:divider|op_12~29                             ; |lab31119|ALU_LAB3:inst10|chufa:inst7|DIV2:inst1|lpm_divide:LPM_DIVIDE_component|lpm_divide_c0q:auto_generated|sign_div_unsign_ulh:divider|alt_u_div_g7f:divider|op_12~29                             ; out0             ;
; |lab31119|ALU_LAB3:inst10|chufa:inst7|DIV2:inst1|lpm_divide:LPM_DIVIDE_component|lpm_divide_c0q:auto_generated|sign_div_unsign_ulh:divider|alt_u_div_g7f:divider|op_12~30                             ; |lab31119|ALU_LAB3:inst10|chufa:inst7|DIV2:inst1|lpm_divide:LPM_DIVIDE_component|lpm_divide_c0q:auto_generated|sign_div_unsign_ulh:divider|alt_u_div_g7f:divider|op_12~30                             ; out0             ;
; |lab31119|ALU_LAB3:inst10|chufa:inst7|DIV2:inst1|lpm_divide:LPM_DIVIDE_component|lpm_divide_c0q:auto_generated|sign_div_unsign_ulh:divider|alt_u_div_g7f:divider|op_12~31                             ; |lab31119|ALU_LAB3:inst10|chufa:inst7|DIV2:inst1|lpm_divide:LPM_DIVIDE_component|lpm_divide_c0q:auto_generated|sign_div_unsign_ulh:divider|alt_u_div_g7f:divider|op_12~31                             ; out0             ;
; |lab31119|ALU_LAB3:inst10|chufa:inst7|DIV2:inst1|lpm_divide:LPM_DIVIDE_component|lpm_divide_c0q:auto_generated|sign_div_unsign_ulh:divider|alt_u_div_g7f:divider|op_12~32                             ; |lab31119|ALU_LAB3:inst10|chufa:inst7|DIV2:inst1|lpm_divide:LPM_DIVIDE_component|lpm_divide_c0q:auto_generated|sign_div_unsign_ulh:divider|alt_u_div_g7f:divider|op_12~32                             ; out0             ;
; |lab31119|ALU_LAB3:inst10|chufa:inst7|DIV2:inst1|lpm_divide:LPM_DIVIDE_component|lpm_divide_c0q:auto_generated|sign_div_unsign_ulh:divider|alt_u_div_g7f:divider|op_12~33                             ; |lab31119|ALU_LAB3:inst10|chufa:inst7|DIV2:inst1|lpm_divide:LPM_DIVIDE_component|lpm_divide_c0q:auto_generated|sign_div_unsign_ulh:divider|alt_u_div_g7f:divider|op_12~33                             ; out0             ;
; |lab31119|ALU_LAB3:inst10|chufa:inst7|DIV2:inst1|lpm_divide:LPM_DIVIDE_component|lpm_divide_c0q:auto_generated|sign_div_unsign_ulh:divider|alt_u_div_g7f:divider|op_12~34                             ; |lab31119|ALU_LAB3:inst10|chufa:inst7|DIV2:inst1|lpm_divide:LPM_DIVIDE_component|lpm_divide_c0q:auto_generated|sign_div_unsign_ulh:divider|alt_u_div_g7f:divider|op_12~34                             ; out0             ;
; |lab31119|ALU_LAB3:inst10|chufa:inst7|DIV2:inst1|lpm_divide:LPM_DIVIDE_component|lpm_divide_c0q:auto_generated|sign_div_unsign_ulh:divider|alt_u_div_g7f:divider|op_12~35                             ; |lab31119|ALU_LAB3:inst10|chufa:inst7|DIV2:inst1|lpm_divide:LPM_DIVIDE_component|lpm_divide_c0q:auto_generated|sign_div_unsign_ulh:divider|alt_u_div_g7f:divider|op_12~35                             ; out0             ;
; |lab31119|ALU_LAB3:inst10|chufa:inst7|DIV2:inst1|lpm_divide:LPM_DIVIDE_component|lpm_divide_c0q:auto_generated|sign_div_unsign_ulh:divider|alt_u_div_g7f:divider|op_12~36                             ; |lab31119|ALU_LAB3:inst10|chufa:inst7|DIV2:inst1|lpm_divide:LPM_DIVIDE_component|lpm_divide_c0q:auto_generated|sign_div_unsign_ulh:divider|alt_u_div_g7f:divider|op_12~36                             ; out0             ;
; |lab31119|ALU_LAB3:inst10|chufa:inst7|DIV2:inst1|lpm_divide:LPM_DIVIDE_component|lpm_divide_c0q:auto_generated|sign_div_unsign_ulh:divider|alt_u_div_g7f:divider|op_12~37                             ; |lab31119|ALU_LAB3:inst10|chufa:inst7|DIV2:inst1|lpm_divide:LPM_DIVIDE_component|lpm_divide_c0q:auto_generated|sign_div_unsign_ulh:divider|alt_u_div_g7f:divider|op_12~37                             ; out0             ;
; |lab31119|ALU_LAB3:inst10|chufa:inst7|DIV2:inst1|lpm_divide:LPM_DIVIDE_component|lpm_divide_c0q:auto_generated|sign_div_unsign_ulh:divider|alt_u_div_g7f:divider|op_13~0                              ; |lab31119|ALU_LAB3:inst10|chufa:inst7|DIV2:inst1|lpm_divide:LPM_DIVIDE_component|lpm_divide_c0q:auto_generated|sign_div_unsign_ulh:divider|alt_u_div_g7f:divider|op_13~0                              ; out0             ;
; |lab31119|ALU_LAB3:inst10|chufa:inst7|DIV2:inst1|lpm_divide:LPM_DIVIDE_component|lpm_divide_c0q:auto_generated|sign_div_unsign_ulh:divider|alt_u_div_g7f:divider|op_13~1                              ; |lab31119|ALU_LAB3:inst10|chufa:inst7|DIV2:inst1|lpm_divide:LPM_DIVIDE_component|lpm_divide_c0q:auto_generated|sign_div_unsign_ulh:divider|alt_u_div_g7f:divider|op_13~1                              ; out0             ;
; |lab31119|ALU_LAB3:inst10|chufa:inst7|DIV2:inst1|lpm_divide:LPM_DIVIDE_component|lpm_divide_c0q:auto_generated|sign_div_unsign_ulh:divider|alt_u_div_g7f:divider|op_13~2                              ; |lab31119|ALU_LAB3:inst10|chufa:inst7|DIV2:inst1|lpm_divide:LPM_DIVIDE_component|lpm_divide_c0q:auto_generated|sign_div_unsign_ulh:divider|alt_u_div_g7f:divider|op_13~2                              ; out0             ;
; |lab31119|ALU_LAB3:inst10|chufa:inst7|DIV2:inst1|lpm_divide:LPM_DIVIDE_component|lpm_divide_c0q:auto_generated|sign_div_unsign_ulh:divider|alt_u_div_g7f:divider|op_13~3                              ; |lab31119|ALU_LAB3:inst10|chufa:inst7|DIV2:inst1|lpm_divide:LPM_DIVIDE_component|lpm_divide_c0q:auto_generated|sign_div_unsign_ulh:divider|alt_u_div_g7f:divider|op_13~3                              ; out0             ;
; |lab31119|ALU_LAB3:inst10|chufa:inst7|DIV2:inst1|lpm_divide:LPM_DIVIDE_component|lpm_divide_c0q:auto_generated|sign_div_unsign_ulh:divider|alt_u_div_g7f:divider|op_13~4                              ; |lab31119|ALU_LAB3:inst10|chufa:inst7|DIV2:inst1|lpm_divide:LPM_DIVIDE_component|lpm_divide_c0q:auto_generated|sign_div_unsign_ulh:divider|alt_u_div_g7f:divider|op_13~4                              ; out0             ;
; |lab31119|ALU_LAB3:inst10|chufa:inst7|DIV2:inst1|lpm_divide:LPM_DIVIDE_component|lpm_divide_c0q:auto_generated|sign_div_unsign_ulh:divider|alt_u_div_g7f:divider|op_13~5                              ; |lab31119|ALU_LAB3:inst10|chufa:inst7|DIV2:inst1|lpm_divide:LPM_DIVIDE_component|lpm_divide_c0q:auto_generated|sign_div_unsign_ulh:divider|alt_u_div_g7f:divider|op_13~5                              ; out0             ;
; |lab31119|ALU_LAB3:inst10|chufa:inst7|DIV2:inst1|lpm_divide:LPM_DIVIDE_component|lpm_divide_c0q:auto_generated|sign_div_unsign_ulh:divider|alt_u_div_g7f:divider|op_13~6                              ; |lab31119|ALU_LAB3:inst10|chufa:inst7|DIV2:inst1|lpm_divide:LPM_DIVIDE_component|lpm_divide_c0q:auto_generated|sign_div_unsign_ulh:divider|alt_u_div_g7f:divider|op_13~6                              ; out0             ;
; |lab31119|ALU_LAB3:inst10|chufa:inst7|DIV2:inst1|lpm_divide:LPM_DIVIDE_component|lpm_divide_c0q:auto_generated|sign_div_unsign_ulh:divider|alt_u_div_g7f:divider|op_13~7                              ; |lab31119|ALU_LAB3:inst10|chufa:inst7|DIV2:inst1|lpm_divide:LPM_DIVIDE_component|lpm_divide_c0q:auto_generated|sign_div_unsign_ulh:divider|alt_u_div_g7f:divider|op_13~7                              ; out0             ;
; |lab31119|ALU_LAB3:inst10|chufa:inst7|DIV2:inst1|lpm_divide:LPM_DIVIDE_component|lpm_divide_c0q:auto_generated|sign_div_unsign_ulh:divider|alt_u_div_g7f:divider|op_13~8                              ; |lab31119|ALU_LAB3:inst10|chufa:inst7|DIV2:inst1|lpm_divide:LPM_DIVIDE_component|lpm_divide_c0q:auto_generated|sign_div_unsign_ulh:divider|alt_u_div_g7f:divider|op_13~8                              ; out0             ;
; |lab31119|ALU_LAB3:inst10|chufa:inst7|DIV2:inst1|lpm_divide:LPM_DIVIDE_component|lpm_divide_c0q:auto_generated|sign_div_unsign_ulh:divider|alt_u_div_g7f:divider|op_13~9                              ; |lab31119|ALU_LAB3:inst10|chufa:inst7|DIV2:inst1|lpm_divide:LPM_DIVIDE_component|lpm_divide_c0q:auto_generated|sign_div_unsign_ulh:divider|alt_u_div_g7f:divider|op_13~9                              ; out0             ;
; |lab31119|ALU_LAB3:inst10|chufa:inst7|DIV2:inst1|lpm_divide:LPM_DIVIDE_component|lpm_divide_c0q:auto_generated|sign_div_unsign_ulh:divider|alt_u_div_g7f:divider|op_13~10                             ; |lab31119|ALU_LAB3:inst10|chufa:inst7|DIV2:inst1|lpm_divide:LPM_DIVIDE_component|lpm_divide_c0q:auto_generated|sign_div_unsign_ulh:divider|alt_u_div_g7f:divider|op_13~10                             ; out0             ;
; |lab31119|ALU_LAB3:inst10|chufa:inst7|DIV2:inst1|lpm_divide:LPM_DIVIDE_component|lpm_divide_c0q:auto_generated|sign_div_unsign_ulh:divider|alt_u_div_g7f:divider|op_13~11                             ; |lab31119|ALU_LAB3:inst10|chufa:inst7|DIV2:inst1|lpm_divide:LPM_DIVIDE_component|lpm_divide_c0q:auto_generated|sign_div_unsign_ulh:divider|alt_u_div_g7f:divider|op_13~11                             ; out0             ;
; |lab31119|ALU_LAB3:inst10|chufa:inst7|DIV2:inst1|lpm_divide:LPM_DIVIDE_component|lpm_divide_c0q:auto_generated|sign_div_unsign_ulh:divider|alt_u_div_g7f:divider|op_13~12                             ; |lab31119|ALU_LAB3:inst10|chufa:inst7|DIV2:inst1|lpm_divide:LPM_DIVIDE_component|lpm_divide_c0q:auto_generated|sign_div_unsign_ulh:divider|alt_u_div_g7f:divider|op_13~12                             ; out0             ;
; |lab31119|ALU_LAB3:inst10|chufa:inst7|DIV2:inst1|lpm_divide:LPM_DIVIDE_component|lpm_divide_c0q:auto_generated|sign_div_unsign_ulh:divider|alt_u_div_g7f:divider|op_13~13                             ; |lab31119|ALU_LAB3:inst10|chufa:inst7|DIV2:inst1|lpm_divide:LPM_DIVIDE_component|lpm_divide_c0q:auto_generated|sign_div_unsign_ulh:divider|alt_u_div_g7f:divider|op_13~13                             ; out0             ;
; |lab31119|ALU_LAB3:inst10|chufa:inst7|DIV2:inst1|lpm_divide:LPM_DIVIDE_component|lpm_divide_c0q:auto_generated|sign_div_unsign_ulh:divider|alt_u_div_g7f:divider|op_13~14                             ; |lab31119|ALU_LAB3:inst10|chufa:inst7|DIV2:inst1|lpm_divide:LPM_DIVIDE_component|lpm_divide_c0q:auto_generated|sign_div_unsign_ulh:divider|alt_u_div_g7f:divider|op_13~14                             ; out0             ;
; |lab31119|ALU_LAB3:inst10|chufa:inst7|DIV2:inst1|lpm_divide:LPM_DIVIDE_component|lpm_divide_c0q:auto_generated|sign_div_unsign_ulh:divider|alt_u_div_g7f:divider|op_13~15                             ; |lab31119|ALU_LAB3:inst10|chufa:inst7|DIV2:inst1|lpm_divide:LPM_DIVIDE_component|lpm_divide_c0q:auto_generated|sign_div_unsign_ulh:divider|alt_u_div_g7f:divider|op_13~15                             ; out0             ;
; |lab31119|ALU_LAB3:inst10|chufa:inst7|DIV2:inst1|lpm_divide:LPM_DIVIDE_component|lpm_divide_c0q:auto_generated|sign_div_unsign_ulh:divider|alt_u_div_g7f:divider|op_13~16                             ; |lab31119|ALU_LAB3:inst10|chufa:inst7|DIV2:inst1|lpm_divide:LPM_DIVIDE_component|lpm_divide_c0q:auto_generated|sign_div_unsign_ulh:divider|alt_u_div_g7f:divider|op_13~16                             ; out0             ;
; |lab31119|ALU_LAB3:inst10|chufa:inst7|DIV2:inst1|lpm_divide:LPM_DIVIDE_component|lpm_divide_c0q:auto_generated|sign_div_unsign_ulh:divider|alt_u_div_g7f:divider|op_13~17                             ; |lab31119|ALU_LAB3:inst10|chufa:inst7|DIV2:inst1|lpm_divide:LPM_DIVIDE_component|lpm_divide_c0q:auto_generated|sign_div_unsign_ulh:divider|alt_u_div_g7f:divider|op_13~17                             ; out0             ;
; |lab31119|ALU_LAB3:inst10|chufa:inst7|DIV2:inst1|lpm_divide:LPM_DIVIDE_component|lpm_divide_c0q:auto_generated|sign_div_unsign_ulh:divider|alt_u_div_g7f:divider|op_13~18                             ; |lab31119|ALU_LAB3:inst10|chufa:inst7|DIV2:inst1|lpm_divide:LPM_DIVIDE_component|lpm_divide_c0q:auto_generated|sign_div_unsign_ulh:divider|alt_u_div_g7f:divider|op_13~18                             ; out0             ;
; |lab31119|ALU_LAB3:inst10|chufa:inst7|DIV2:inst1|lpm_divide:LPM_DIVIDE_component|lpm_divide_c0q:auto_generated|sign_div_unsign_ulh:divider|alt_u_div_g7f:divider|op_13~19                             ; |lab31119|ALU_LAB3:inst10|chufa:inst7|DIV2:inst1|lpm_divide:LPM_DIVIDE_component|lpm_divide_c0q:auto_generated|sign_div_unsign_ulh:divider|alt_u_div_g7f:divider|op_13~19                             ; out0             ;
; |lab31119|ALU_LAB3:inst10|chufa:inst7|DIV2:inst1|lpm_divide:LPM_DIVIDE_component|lpm_divide_c0q:auto_generated|sign_div_unsign_ulh:divider|alt_u_div_g7f:divider|op_13~20                             ; |lab31119|ALU_LAB3:inst10|chufa:inst7|DIV2:inst1|lpm_divide:LPM_DIVIDE_component|lpm_divide_c0q:auto_generated|sign_div_unsign_ulh:divider|alt_u_div_g7f:divider|op_13~20                             ; out0             ;
; |lab31119|ALU_LAB3:inst10|chufa:inst7|DIV2:inst1|lpm_divide:LPM_DIVIDE_component|lpm_divide_c0q:auto_generated|sign_div_unsign_ulh:divider|alt_u_div_g7f:divider|op_13~21                             ; |lab31119|ALU_LAB3:inst10|chufa:inst7|DIV2:inst1|lpm_divide:LPM_DIVIDE_component|lpm_divide_c0q:auto_generated|sign_div_unsign_ulh:divider|alt_u_div_g7f:divider|op_13~21                             ; out0             ;
; |lab31119|ALU_LAB3:inst10|chufa:inst7|DIV2:inst1|lpm_divide:LPM_DIVIDE_component|lpm_divide_c0q:auto_generated|sign_div_unsign_ulh:divider|alt_u_div_g7f:divider|op_13~22                             ; |lab31119|ALU_LAB3:inst10|chufa:inst7|DIV2:inst1|lpm_divide:LPM_DIVIDE_component|lpm_divide_c0q:auto_generated|sign_div_unsign_ulh:divider|alt_u_div_g7f:divider|op_13~22                             ; out0             ;
; |lab31119|ALU_LAB3:inst10|chufa:inst7|DIV2:inst1|lpm_divide:LPM_DIVIDE_component|lpm_divide_c0q:auto_generated|sign_div_unsign_ulh:divider|alt_u_div_g7f:divider|op_13~23                             ; |lab31119|ALU_LAB3:inst10|chufa:inst7|DIV2:inst1|lpm_divide:LPM_DIVIDE_component|lpm_divide_c0q:auto_generated|sign_div_unsign_ulh:divider|alt_u_div_g7f:divider|op_13~23                             ; out0             ;
; |lab31119|ALU_LAB3:inst10|chufa:inst7|DIV2:inst1|lpm_divide:LPM_DIVIDE_component|lpm_divide_c0q:auto_generated|sign_div_unsign_ulh:divider|alt_u_div_g7f:divider|op_13~24                             ; |lab31119|ALU_LAB3:inst10|chufa:inst7|DIV2:inst1|lpm_divide:LPM_DIVIDE_component|lpm_divide_c0q:auto_generated|sign_div_unsign_ulh:divider|alt_u_div_g7f:divider|op_13~24                             ; out0             ;
; |lab31119|ALU_LAB3:inst10|chufa:inst7|DIV2:inst1|lpm_divide:LPM_DIVIDE_component|lpm_divide_c0q:auto_generated|sign_div_unsign_ulh:divider|alt_u_div_g7f:divider|op_13~25                             ; |lab31119|ALU_LAB3:inst10|chufa:inst7|DIV2:inst1|lpm_divide:LPM_DIVIDE_component|lpm_divide_c0q:auto_generated|sign_div_unsign_ulh:divider|alt_u_div_g7f:divider|op_13~25                             ; out0             ;
; |lab31119|ALU_LAB3:inst10|chufa:inst7|DIV2:inst1|lpm_divide:LPM_DIVIDE_component|lpm_divide_c0q:auto_generated|sign_div_unsign_ulh:divider|alt_u_div_g7f:divider|op_13~26                             ; |lab31119|ALU_LAB3:inst10|chufa:inst7|DIV2:inst1|lpm_divide:LPM_DIVIDE_component|lpm_divide_c0q:auto_generated|sign_div_unsign_ulh:divider|alt_u_div_g7f:divider|op_13~26                             ; out0             ;
; |lab31119|ALU_LAB3:inst10|chufa:inst7|DIV2:inst1|lpm_divide:LPM_DIVIDE_component|lpm_divide_c0q:auto_generated|sign_div_unsign_ulh:divider|alt_u_div_g7f:divider|op_13~27                             ; |lab31119|ALU_LAB3:inst10|chufa:inst7|DIV2:inst1|lpm_divide:LPM_DIVIDE_component|lpm_divide_c0q:auto_generated|sign_div_unsign_ulh:divider|alt_u_div_g7f:divider|op_13~27                             ; out0             ;
; |lab31119|ALU_LAB3:inst10|chufa:inst7|DIV2:inst1|lpm_divide:LPM_DIVIDE_component|lpm_divide_c0q:auto_generated|sign_div_unsign_ulh:divider|alt_u_div_g7f:divider|op_13~28                             ; |lab31119|ALU_LAB3:inst10|chufa:inst7|DIV2:inst1|lpm_divide:LPM_DIVIDE_component|lpm_divide_c0q:auto_generated|sign_div_unsign_ulh:divider|alt_u_div_g7f:divider|op_13~28                             ; out0             ;
; |lab31119|ALU_LAB3:inst10|chufa:inst7|DIV2:inst1|lpm_divide:LPM_DIVIDE_component|lpm_divide_c0q:auto_generated|sign_div_unsign_ulh:divider|alt_u_div_g7f:divider|op_13~29                             ; |lab31119|ALU_LAB3:inst10|chufa:inst7|DIV2:inst1|lpm_divide:LPM_DIVIDE_component|lpm_divide_c0q:auto_generated|sign_div_unsign_ulh:divider|alt_u_div_g7f:divider|op_13~29                             ; out0             ;
; |lab31119|ALU_LAB3:inst10|chufa:inst7|DIV2:inst1|lpm_divide:LPM_DIVIDE_component|lpm_divide_c0q:auto_generated|sign_div_unsign_ulh:divider|alt_u_div_g7f:divider|op_13~30                             ; |lab31119|ALU_LAB3:inst10|chufa:inst7|DIV2:inst1|lpm_divide:LPM_DIVIDE_component|lpm_divide_c0q:auto_generated|sign_div_unsign_ulh:divider|alt_u_div_g7f:divider|op_13~30                             ; out0             ;
; |lab31119|ALU_LAB3:inst10|chufa:inst7|DIV2:inst1|lpm_divide:LPM_DIVIDE_component|lpm_divide_c0q:auto_generated|sign_div_unsign_ulh:divider|alt_u_div_g7f:divider|op_13~31                             ; |lab31119|ALU_LAB3:inst10|chufa:inst7|DIV2:inst1|lpm_divide:LPM_DIVIDE_component|lpm_divide_c0q:auto_generated|sign_div_unsign_ulh:divider|alt_u_div_g7f:divider|op_13~31                             ; out0             ;
; |lab31119|ALU_LAB3:inst10|chufa:inst7|DIV2:inst1|lpm_divide:LPM_DIVIDE_component|lpm_divide_c0q:auto_generated|sign_div_unsign_ulh:divider|alt_u_div_g7f:divider|op_13~32                             ; |lab31119|ALU_LAB3:inst10|chufa:inst7|DIV2:inst1|lpm_divide:LPM_DIVIDE_component|lpm_divide_c0q:auto_generated|sign_div_unsign_ulh:divider|alt_u_div_g7f:divider|op_13~32                             ; out0             ;
; |lab31119|ALU_LAB3:inst10|chufa:inst7|DIV2:inst1|lpm_divide:LPM_DIVIDE_component|lpm_divide_c0q:auto_generated|sign_div_unsign_ulh:divider|alt_u_div_g7f:divider|op_13~33                             ; |lab31119|ALU_LAB3:inst10|chufa:inst7|DIV2:inst1|lpm_divide:LPM_DIVIDE_component|lpm_divide_c0q:auto_generated|sign_div_unsign_ulh:divider|alt_u_div_g7f:divider|op_13~33                             ; out0             ;
; |lab31119|ALU_LAB3:inst10|chufa:inst7|DIV2:inst1|lpm_divide:LPM_DIVIDE_component|lpm_divide_c0q:auto_generated|sign_div_unsign_ulh:divider|alt_u_div_g7f:divider|op_13~34                             ; |lab31119|ALU_LAB3:inst10|chufa:inst7|DIV2:inst1|lpm_divide:LPM_DIVIDE_component|lpm_divide_c0q:auto_generated|sign_div_unsign_ulh:divider|alt_u_div_g7f:divider|op_13~34                             ; out0             ;
; |lab31119|ALU_LAB3:inst10|chufa:inst7|DIV2:inst1|lpm_divide:LPM_DIVIDE_component|lpm_divide_c0q:auto_generated|sign_div_unsign_ulh:divider|alt_u_div_g7f:divider|op_13~35                             ; |lab31119|ALU_LAB3:inst10|chufa:inst7|DIV2:inst1|lpm_divide:LPM_DIVIDE_component|lpm_divide_c0q:auto_generated|sign_div_unsign_ulh:divider|alt_u_div_g7f:divider|op_13~35                             ; out0             ;
; |lab31119|ALU_LAB3:inst10|chufa:inst7|DIV2:inst1|lpm_divide:LPM_DIVIDE_component|lpm_divide_c0q:auto_generated|sign_div_unsign_ulh:divider|alt_u_div_g7f:divider|op_13~36                             ; |lab31119|ALU_LAB3:inst10|chufa:inst7|DIV2:inst1|lpm_divide:LPM_DIVIDE_component|lpm_divide_c0q:auto_generated|sign_div_unsign_ulh:divider|alt_u_div_g7f:divider|op_13~36                             ; out0             ;
; |lab31119|ALU_LAB3:inst10|chufa:inst7|DIV2:inst1|lpm_divide:LPM_DIVIDE_component|lpm_divide_c0q:auto_generated|sign_div_unsign_ulh:divider|alt_u_div_g7f:divider|op_13~37                             ; |lab31119|ALU_LAB3:inst10|chufa:inst7|DIV2:inst1|lpm_divide:LPM_DIVIDE_component|lpm_divide_c0q:auto_generated|sign_div_unsign_ulh:divider|alt_u_div_g7f:divider|op_13~37                             ; out0             ;
; |lab31119|ALU_LAB3:inst10|chufa:inst7|DIV2:inst1|lpm_divide:LPM_DIVIDE_component|lpm_divide_c0q:auto_generated|sign_div_unsign_ulh:divider|alt_u_div_g7f:divider|op_13~38                             ; |lab31119|ALU_LAB3:inst10|chufa:inst7|DIV2:inst1|lpm_divide:LPM_DIVIDE_component|lpm_divide_c0q:auto_generated|sign_div_unsign_ulh:divider|alt_u_div_g7f:divider|op_13~38                             ; out0             ;
; |lab31119|ALU_LAB3:inst10|chufa:inst7|DIV2:inst1|lpm_divide:LPM_DIVIDE_component|lpm_divide_c0q:auto_generated|sign_div_unsign_ulh:divider|alt_u_div_g7f:divider|op_13~39                             ; |lab31119|ALU_LAB3:inst10|chufa:inst7|DIV2:inst1|lpm_divide:LPM_DIVIDE_component|lpm_divide_c0q:auto_generated|sign_div_unsign_ulh:divider|alt_u_div_g7f:divider|op_13~39                             ; out0             ;
; |lab31119|ALU_LAB3:inst10|chufa:inst7|DIV2:inst1|lpm_divide:LPM_DIVIDE_component|lpm_divide_c0q:auto_generated|sign_div_unsign_ulh:divider|alt_u_div_g7f:divider|op_14~0                              ; |lab31119|ALU_LAB3:inst10|chufa:inst7|DIV2:inst1|lpm_divide:LPM_DIVIDE_component|lpm_divide_c0q:auto_generated|sign_div_unsign_ulh:divider|alt_u_div_g7f:divider|op_14~0                              ; out0             ;
; |lab31119|ALU_LAB3:inst10|chufa:inst7|DIV2:inst1|lpm_divide:LPM_DIVIDE_component|lpm_divide_c0q:auto_generated|sign_div_unsign_ulh:divider|alt_u_div_g7f:divider|op_14~1                              ; |lab31119|ALU_LAB3:inst10|chufa:inst7|DIV2:inst1|lpm_divide:LPM_DIVIDE_component|lpm_divide_c0q:auto_generated|sign_div_unsign_ulh:divider|alt_u_div_g7f:divider|op_14~1                              ; out0             ;
; |lab31119|ALU_LAB3:inst10|chufa:inst7|DIV2:inst1|lpm_divide:LPM_DIVIDE_component|lpm_divide_c0q:auto_generated|sign_div_unsign_ulh:divider|alt_u_div_g7f:divider|op_14~2                              ; |lab31119|ALU_LAB3:inst10|chufa:inst7|DIV2:inst1|lpm_divide:LPM_DIVIDE_component|lpm_divide_c0q:auto_generated|sign_div_unsign_ulh:divider|alt_u_div_g7f:divider|op_14~2                              ; out0             ;
; |lab31119|ALU_LAB3:inst10|chufa:inst7|DIV2:inst1|lpm_divide:LPM_DIVIDE_component|lpm_divide_c0q:auto_generated|sign_div_unsign_ulh:divider|alt_u_div_g7f:divider|op_14~3                              ; |lab31119|ALU_LAB3:inst10|chufa:inst7|DIV2:inst1|lpm_divide:LPM_DIVIDE_component|lpm_divide_c0q:auto_generated|sign_div_unsign_ulh:divider|alt_u_div_g7f:divider|op_14~3                              ; out0             ;
; |lab31119|ALU_LAB3:inst10|chufa:inst7|DIV2:inst1|lpm_divide:LPM_DIVIDE_component|lpm_divide_c0q:auto_generated|sign_div_unsign_ulh:divider|alt_u_div_g7f:divider|op_14~4                              ; |lab31119|ALU_LAB3:inst10|chufa:inst7|DIV2:inst1|lpm_divide:LPM_DIVIDE_component|lpm_divide_c0q:auto_generated|sign_div_unsign_ulh:divider|alt_u_div_g7f:divider|op_14~4                              ; out0             ;
; |lab31119|ALU_LAB3:inst10|chufa:inst7|DIV2:inst1|lpm_divide:LPM_DIVIDE_component|lpm_divide_c0q:auto_generated|sign_div_unsign_ulh:divider|alt_u_div_g7f:divider|op_14~5                              ; |lab31119|ALU_LAB3:inst10|chufa:inst7|DIV2:inst1|lpm_divide:LPM_DIVIDE_component|lpm_divide_c0q:auto_generated|sign_div_unsign_ulh:divider|alt_u_div_g7f:divider|op_14~5                              ; out0             ;
; |lab31119|ALU_LAB3:inst10|chufa:inst7|DIV2:inst1|lpm_divide:LPM_DIVIDE_component|lpm_divide_c0q:auto_generated|sign_div_unsign_ulh:divider|alt_u_div_g7f:divider|op_14~6                              ; |lab31119|ALU_LAB3:inst10|chufa:inst7|DIV2:inst1|lpm_divide:LPM_DIVIDE_component|lpm_divide_c0q:auto_generated|sign_div_unsign_ulh:divider|alt_u_div_g7f:divider|op_14~6                              ; out0             ;
; |lab31119|ALU_LAB3:inst10|chufa:inst7|DIV2:inst1|lpm_divide:LPM_DIVIDE_component|lpm_divide_c0q:auto_generated|sign_div_unsign_ulh:divider|alt_u_div_g7f:divider|op_14~7                              ; |lab31119|ALU_LAB3:inst10|chufa:inst7|DIV2:inst1|lpm_divide:LPM_DIVIDE_component|lpm_divide_c0q:auto_generated|sign_div_unsign_ulh:divider|alt_u_div_g7f:divider|op_14~7                              ; out0             ;
; |lab31119|ALU_LAB3:inst10|chufa:inst7|DIV2:inst1|lpm_divide:LPM_DIVIDE_component|lpm_divide_c0q:auto_generated|sign_div_unsign_ulh:divider|alt_u_div_g7f:divider|op_14~8                              ; |lab31119|ALU_LAB3:inst10|chufa:inst7|DIV2:inst1|lpm_divide:LPM_DIVIDE_component|lpm_divide_c0q:auto_generated|sign_div_unsign_ulh:divider|alt_u_div_g7f:divider|op_14~8                              ; out0             ;
; |lab31119|ALU_LAB3:inst10|chufa:inst7|DIV2:inst1|lpm_divide:LPM_DIVIDE_component|lpm_divide_c0q:auto_generated|sign_div_unsign_ulh:divider|alt_u_div_g7f:divider|op_14~9                              ; |lab31119|ALU_LAB3:inst10|chufa:inst7|DIV2:inst1|lpm_divide:LPM_DIVIDE_component|lpm_divide_c0q:auto_generated|sign_div_unsign_ulh:divider|alt_u_div_g7f:divider|op_14~9                              ; out0             ;
; |lab31119|ALU_LAB3:inst10|chufa:inst7|DIV2:inst1|lpm_divide:LPM_DIVIDE_component|lpm_divide_c0q:auto_generated|sign_div_unsign_ulh:divider|alt_u_div_g7f:divider|op_14~10                             ; |lab31119|ALU_LAB3:inst10|chufa:inst7|DIV2:inst1|lpm_divide:LPM_DIVIDE_component|lpm_divide_c0q:auto_generated|sign_div_unsign_ulh:divider|alt_u_div_g7f:divider|op_14~10                             ; out0             ;
; |lab31119|ALU_LAB3:inst10|chufa:inst7|DIV2:inst1|lpm_divide:LPM_DIVIDE_component|lpm_divide_c0q:auto_generated|sign_div_unsign_ulh:divider|alt_u_div_g7f:divider|op_14~11                             ; |lab31119|ALU_LAB3:inst10|chufa:inst7|DIV2:inst1|lpm_divide:LPM_DIVIDE_component|lpm_divide_c0q:auto_generated|sign_div_unsign_ulh:divider|alt_u_div_g7f:divider|op_14~11                             ; out0             ;
; |lab31119|ALU_LAB3:inst10|chufa:inst7|DIV2:inst1|lpm_divide:LPM_DIVIDE_component|lpm_divide_c0q:auto_generated|sign_div_unsign_ulh:divider|alt_u_div_g7f:divider|op_14~12                             ; |lab31119|ALU_LAB3:inst10|chufa:inst7|DIV2:inst1|lpm_divide:LPM_DIVIDE_component|lpm_divide_c0q:auto_generated|sign_div_unsign_ulh:divider|alt_u_div_g7f:divider|op_14~12                             ; out0             ;
; |lab31119|ALU_LAB3:inst10|chufa:inst7|DIV2:inst1|lpm_divide:LPM_DIVIDE_component|lpm_divide_c0q:auto_generated|sign_div_unsign_ulh:divider|alt_u_div_g7f:divider|op_14~13                             ; |lab31119|ALU_LAB3:inst10|chufa:inst7|DIV2:inst1|lpm_divide:LPM_DIVIDE_component|lpm_divide_c0q:auto_generated|sign_div_unsign_ulh:divider|alt_u_div_g7f:divider|op_14~13                             ; out0             ;
; |lab31119|ALU_LAB3:inst10|chufa:inst7|DIV2:inst1|lpm_divide:LPM_DIVIDE_component|lpm_divide_c0q:auto_generated|sign_div_unsign_ulh:divider|alt_u_div_g7f:divider|op_14~14                             ; |lab31119|ALU_LAB3:inst10|chufa:inst7|DIV2:inst1|lpm_divide:LPM_DIVIDE_component|lpm_divide_c0q:auto_generated|sign_div_unsign_ulh:divider|alt_u_div_g7f:divider|op_14~14                             ; out0             ;
; |lab31119|ALU_LAB3:inst10|chufa:inst7|DIV2:inst1|lpm_divide:LPM_DIVIDE_component|lpm_divide_c0q:auto_generated|sign_div_unsign_ulh:divider|alt_u_div_g7f:divider|op_14~15                             ; |lab31119|ALU_LAB3:inst10|chufa:inst7|DIV2:inst1|lpm_divide:LPM_DIVIDE_component|lpm_divide_c0q:auto_generated|sign_div_unsign_ulh:divider|alt_u_div_g7f:divider|op_14~15                             ; out0             ;
; |lab31119|ALU_LAB3:inst10|chufa:inst7|DIV2:inst1|lpm_divide:LPM_DIVIDE_component|lpm_divide_c0q:auto_generated|sign_div_unsign_ulh:divider|alt_u_div_g7f:divider|op_14~16                             ; |lab31119|ALU_LAB3:inst10|chufa:inst7|DIV2:inst1|lpm_divide:LPM_DIVIDE_component|lpm_divide_c0q:auto_generated|sign_div_unsign_ulh:divider|alt_u_div_g7f:divider|op_14~16                             ; out0             ;
; |lab31119|ALU_LAB3:inst10|chufa:inst7|DIV2:inst1|lpm_divide:LPM_DIVIDE_component|lpm_divide_c0q:auto_generated|sign_div_unsign_ulh:divider|alt_u_div_g7f:divider|op_14~17                             ; |lab31119|ALU_LAB3:inst10|chufa:inst7|DIV2:inst1|lpm_divide:LPM_DIVIDE_component|lpm_divide_c0q:auto_generated|sign_div_unsign_ulh:divider|alt_u_div_g7f:divider|op_14~17                             ; out0             ;
; |lab31119|ALU_LAB3:inst10|chufa:inst7|DIV2:inst1|lpm_divide:LPM_DIVIDE_component|lpm_divide_c0q:auto_generated|sign_div_unsign_ulh:divider|alt_u_div_g7f:divider|op_14~18                             ; |lab31119|ALU_LAB3:inst10|chufa:inst7|DIV2:inst1|lpm_divide:LPM_DIVIDE_component|lpm_divide_c0q:auto_generated|sign_div_unsign_ulh:divider|alt_u_div_g7f:divider|op_14~18                             ; out0             ;
; |lab31119|ALU_LAB3:inst10|chufa:inst7|DIV2:inst1|lpm_divide:LPM_DIVIDE_component|lpm_divide_c0q:auto_generated|sign_div_unsign_ulh:divider|alt_u_div_g7f:divider|op_14~19                             ; |lab31119|ALU_LAB3:inst10|chufa:inst7|DIV2:inst1|lpm_divide:LPM_DIVIDE_component|lpm_divide_c0q:auto_generated|sign_div_unsign_ulh:divider|alt_u_div_g7f:divider|op_14~19                             ; out0             ;
; |lab31119|ALU_LAB3:inst10|chufa:inst7|DIV2:inst1|lpm_divide:LPM_DIVIDE_component|lpm_divide_c0q:auto_generated|sign_div_unsign_ulh:divider|alt_u_div_g7f:divider|op_14~20                             ; |lab31119|ALU_LAB3:inst10|chufa:inst7|DIV2:inst1|lpm_divide:LPM_DIVIDE_component|lpm_divide_c0q:auto_generated|sign_div_unsign_ulh:divider|alt_u_div_g7f:divider|op_14~20                             ; out0             ;
; |lab31119|ALU_LAB3:inst10|chufa:inst7|DIV2:inst1|lpm_divide:LPM_DIVIDE_component|lpm_divide_c0q:auto_generated|sign_div_unsign_ulh:divider|alt_u_div_g7f:divider|op_14~21                             ; |lab31119|ALU_LAB3:inst10|chufa:inst7|DIV2:inst1|lpm_divide:LPM_DIVIDE_component|lpm_divide_c0q:auto_generated|sign_div_unsign_ulh:divider|alt_u_div_g7f:divider|op_14~21                             ; out0             ;
; |lab31119|ALU_LAB3:inst10|chufa:inst7|DIV2:inst1|lpm_divide:LPM_DIVIDE_component|lpm_divide_c0q:auto_generated|sign_div_unsign_ulh:divider|alt_u_div_g7f:divider|op_14~22                             ; |lab31119|ALU_LAB3:inst10|chufa:inst7|DIV2:inst1|lpm_divide:LPM_DIVIDE_component|lpm_divide_c0q:auto_generated|sign_div_unsign_ulh:divider|alt_u_div_g7f:divider|op_14~22                             ; out0             ;
; |lab31119|ALU_LAB3:inst10|chufa:inst7|DIV2:inst1|lpm_divide:LPM_DIVIDE_component|lpm_divide_c0q:auto_generated|sign_div_unsign_ulh:divider|alt_u_div_g7f:divider|op_14~23                             ; |lab31119|ALU_LAB3:inst10|chufa:inst7|DIV2:inst1|lpm_divide:LPM_DIVIDE_component|lpm_divide_c0q:auto_generated|sign_div_unsign_ulh:divider|alt_u_div_g7f:divider|op_14~23                             ; out0             ;
; |lab31119|ALU_LAB3:inst10|chufa:inst7|DIV2:inst1|lpm_divide:LPM_DIVIDE_component|lpm_divide_c0q:auto_generated|sign_div_unsign_ulh:divider|alt_u_div_g7f:divider|op_14~24                             ; |lab31119|ALU_LAB3:inst10|chufa:inst7|DIV2:inst1|lpm_divide:LPM_DIVIDE_component|lpm_divide_c0q:auto_generated|sign_div_unsign_ulh:divider|alt_u_div_g7f:divider|op_14~24                             ; out0             ;
; |lab31119|ALU_LAB3:inst10|chufa:inst7|DIV2:inst1|lpm_divide:LPM_DIVIDE_component|lpm_divide_c0q:auto_generated|sign_div_unsign_ulh:divider|alt_u_div_g7f:divider|op_14~25                             ; |lab31119|ALU_LAB3:inst10|chufa:inst7|DIV2:inst1|lpm_divide:LPM_DIVIDE_component|lpm_divide_c0q:auto_generated|sign_div_unsign_ulh:divider|alt_u_div_g7f:divider|op_14~25                             ; out0             ;
; |lab31119|ALU_LAB3:inst10|chufa:inst7|DIV2:inst1|lpm_divide:LPM_DIVIDE_component|lpm_divide_c0q:auto_generated|sign_div_unsign_ulh:divider|alt_u_div_g7f:divider|op_14~26                             ; |lab31119|ALU_LAB3:inst10|chufa:inst7|DIV2:inst1|lpm_divide:LPM_DIVIDE_component|lpm_divide_c0q:auto_generated|sign_div_unsign_ulh:divider|alt_u_div_g7f:divider|op_14~26                             ; out0             ;
; |lab31119|ALU_LAB3:inst10|chufa:inst7|DIV2:inst1|lpm_divide:LPM_DIVIDE_component|lpm_divide_c0q:auto_generated|sign_div_unsign_ulh:divider|alt_u_div_g7f:divider|op_14~27                             ; |lab31119|ALU_LAB3:inst10|chufa:inst7|DIV2:inst1|lpm_divide:LPM_DIVIDE_component|lpm_divide_c0q:auto_generated|sign_div_unsign_ulh:divider|alt_u_div_g7f:divider|op_14~27                             ; out0             ;
; |lab31119|ALU_LAB3:inst10|chufa:inst7|DIV2:inst1|lpm_divide:LPM_DIVIDE_component|lpm_divide_c0q:auto_generated|sign_div_unsign_ulh:divider|alt_u_div_g7f:divider|op_14~28                             ; |lab31119|ALU_LAB3:inst10|chufa:inst7|DIV2:inst1|lpm_divide:LPM_DIVIDE_component|lpm_divide_c0q:auto_generated|sign_div_unsign_ulh:divider|alt_u_div_g7f:divider|op_14~28                             ; out0             ;
; |lab31119|ALU_LAB3:inst10|chufa:inst7|DIV2:inst1|lpm_divide:LPM_DIVIDE_component|lpm_divide_c0q:auto_generated|sign_div_unsign_ulh:divider|alt_u_div_g7f:divider|op_14~29                             ; |lab31119|ALU_LAB3:inst10|chufa:inst7|DIV2:inst1|lpm_divide:LPM_DIVIDE_component|lpm_divide_c0q:auto_generated|sign_div_unsign_ulh:divider|alt_u_div_g7f:divider|op_14~29                             ; out0             ;
; |lab31119|ALU_LAB3:inst10|chufa:inst7|DIV2:inst1|lpm_divide:LPM_DIVIDE_component|lpm_divide_c0q:auto_generated|sign_div_unsign_ulh:divider|alt_u_div_g7f:divider|op_14~30                             ; |lab31119|ALU_LAB3:inst10|chufa:inst7|DIV2:inst1|lpm_divide:LPM_DIVIDE_component|lpm_divide_c0q:auto_generated|sign_div_unsign_ulh:divider|alt_u_div_g7f:divider|op_14~30                             ; out0             ;
; |lab31119|ALU_LAB3:inst10|chufa:inst7|DIV2:inst1|lpm_divide:LPM_DIVIDE_component|lpm_divide_c0q:auto_generated|sign_div_unsign_ulh:divider|alt_u_div_g7f:divider|op_14~31                             ; |lab31119|ALU_LAB3:inst10|chufa:inst7|DIV2:inst1|lpm_divide:LPM_DIVIDE_component|lpm_divide_c0q:auto_generated|sign_div_unsign_ulh:divider|alt_u_div_g7f:divider|op_14~31                             ; out0             ;
; |lab31119|ALU_LAB3:inst10|chufa:inst7|DIV2:inst1|lpm_divide:LPM_DIVIDE_component|lpm_divide_c0q:auto_generated|sign_div_unsign_ulh:divider|alt_u_div_g7f:divider|op_14~32                             ; |lab31119|ALU_LAB3:inst10|chufa:inst7|DIV2:inst1|lpm_divide:LPM_DIVIDE_component|lpm_divide_c0q:auto_generated|sign_div_unsign_ulh:divider|alt_u_div_g7f:divider|op_14~32                             ; out0             ;
; |lab31119|ALU_LAB3:inst10|chufa:inst7|DIV2:inst1|lpm_divide:LPM_DIVIDE_component|lpm_divide_c0q:auto_generated|sign_div_unsign_ulh:divider|alt_u_div_g7f:divider|op_14~33                             ; |lab31119|ALU_LAB3:inst10|chufa:inst7|DIV2:inst1|lpm_divide:LPM_DIVIDE_component|lpm_divide_c0q:auto_generated|sign_div_unsign_ulh:divider|alt_u_div_g7f:divider|op_14~33                             ; out0             ;
; |lab31119|ALU_LAB3:inst10|chufa:inst7|DIV2:inst1|lpm_divide:LPM_DIVIDE_component|lpm_divide_c0q:auto_generated|sign_div_unsign_ulh:divider|alt_u_div_g7f:divider|op_14~34                             ; |lab31119|ALU_LAB3:inst10|chufa:inst7|DIV2:inst1|lpm_divide:LPM_DIVIDE_component|lpm_divide_c0q:auto_generated|sign_div_unsign_ulh:divider|alt_u_div_g7f:divider|op_14~34                             ; out0             ;
; |lab31119|ALU_LAB3:inst10|chufa:inst7|DIV2:inst1|lpm_divide:LPM_DIVIDE_component|lpm_divide_c0q:auto_generated|sign_div_unsign_ulh:divider|alt_u_div_g7f:divider|op_14~35                             ; |lab31119|ALU_LAB3:inst10|chufa:inst7|DIV2:inst1|lpm_divide:LPM_DIVIDE_component|lpm_divide_c0q:auto_generated|sign_div_unsign_ulh:divider|alt_u_div_g7f:divider|op_14~35                             ; out0             ;
; |lab31119|ALU_LAB3:inst10|chufa:inst7|DIV2:inst1|lpm_divide:LPM_DIVIDE_component|lpm_divide_c0q:auto_generated|sign_div_unsign_ulh:divider|alt_u_div_g7f:divider|op_14~36                             ; |lab31119|ALU_LAB3:inst10|chufa:inst7|DIV2:inst1|lpm_divide:LPM_DIVIDE_component|lpm_divide_c0q:auto_generated|sign_div_unsign_ulh:divider|alt_u_div_g7f:divider|op_14~36                             ; out0             ;
; |lab31119|ALU_LAB3:inst10|chufa:inst7|DIV2:inst1|lpm_divide:LPM_DIVIDE_component|lpm_divide_c0q:auto_generated|sign_div_unsign_ulh:divider|alt_u_div_g7f:divider|op_14~37                             ; |lab31119|ALU_LAB3:inst10|chufa:inst7|DIV2:inst1|lpm_divide:LPM_DIVIDE_component|lpm_divide_c0q:auto_generated|sign_div_unsign_ulh:divider|alt_u_div_g7f:divider|op_14~37                             ; out0             ;
; |lab31119|ALU_LAB3:inst10|chufa:inst7|DIV2:inst1|lpm_divide:LPM_DIVIDE_component|lpm_divide_c0q:auto_generated|sign_div_unsign_ulh:divider|alt_u_div_g7f:divider|op_14~38                             ; |lab31119|ALU_LAB3:inst10|chufa:inst7|DIV2:inst1|lpm_divide:LPM_DIVIDE_component|lpm_divide_c0q:auto_generated|sign_div_unsign_ulh:divider|alt_u_div_g7f:divider|op_14~38                             ; out0             ;
; |lab31119|ALU_LAB3:inst10|chufa:inst7|DIV2:inst1|lpm_divide:LPM_DIVIDE_component|lpm_divide_c0q:auto_generated|sign_div_unsign_ulh:divider|alt_u_div_g7f:divider|op_14~39                             ; |lab31119|ALU_LAB3:inst10|chufa:inst7|DIV2:inst1|lpm_divide:LPM_DIVIDE_component|lpm_divide_c0q:auto_generated|sign_div_unsign_ulh:divider|alt_u_div_g7f:divider|op_14~39                             ; out0             ;
+-------------------------------------------------------------------------------------------------------------------------------------------------------------------------------------------------------+-------------------------------------------------------------------------------------------------------------------------------------------------------------------------------------------------------+------------------+


The following table displays output ports that do not toggle to 1 during simulation.
+------------------------------------------------------------------------------------------------------------------------------------------------------------------------------------------------------------------------+
; Missing 1-Value Coverage                                                                                                                                                                                               ;
+--------------------------------------------------------------------------------------------------+--------------------------------------------------------------------------------------------------+------------------+
; Node Name                                                                                        ; Output Port Name                                                                                 ; Output Port Type ;
+--------------------------------------------------------------------------------------------------+--------------------------------------------------------------------------------------------------+------------------+
; |lab31119|inst13                                                                                 ; |lab31119|inst13                                                                                 ; out0             ;
; |lab31119|inst3                                                                                  ; |lab31119|inst3                                                                                  ; out0             ;
; |lab31119|inst38                                                                                 ; |lab31119|inst38                                                                                 ; out0             ;
; |lab31119|register:PC|74273:inst|12                                                              ; |lab31119|register:PC|74273:inst|12                                                              ; regout           ;
; |lab31119|3-8:inst26|inst                                                                        ; |lab31119|3-8:inst26|inst                                                                        ; out0             ;
; |lab31119|3-8:inst26|inst4                                                                       ; |lab31119|3-8:inst26|inst4                                                                       ; out0             ;
; |lab31119|3-8:inst26|inst5                                                                       ; |lab31119|3-8:inst26|inst5                                                                       ; out0             ;
; |lab31119|3-8:inst26|inst8                                                                       ; |lab31119|3-8:inst26|inst8                                                                       ; out0             ;
; |lab31119|register:R2|74273:inst1|18                                                             ; |lab31119|register:R2|74273:inst1|18                                                             ; regout           ;
; |lab31119|register:R2|74273:inst1|17                                                             ; |lab31119|register:R2|74273:inst1|17                                                             ; regout           ;
; |lab31119|register:R2|74273:inst1|15                                                             ; |lab31119|register:R2|74273:inst1|15                                                             ; regout           ;
; |lab31119|register:R2|74273:inst1|14                                                             ; |lab31119|register:R2|74273:inst1|14                                                             ; regout           ;
; |lab31119|register:R2|74273:inst1|13                                                             ; |lab31119|register:R2|74273:inst1|13                                                             ; regout           ;
; |lab31119|register:R2|74273:inst1|12                                                             ; |lab31119|register:R2|74273:inst1|12                                                             ; regout           ;
; |lab31119|CHOOSE_LAB3:inst14|choose24                                                            ; |lab31119|CHOOSE_LAB3:inst14|choose24                                                            ; out0             ;
; |lab31119|CHOOSE_LAB3:inst14|choose10                                                            ; |lab31119|CHOOSE_LAB3:inst14|choose10                                                            ; out0             ;
; |lab31119|CHOOSE_LAB3:inst14|c_or11                                                              ; |lab31119|CHOOSE_LAB3:inst14|c_or11                                                              ; out0             ;
; |lab31119|CHOOSE_LAB3:inst14|choose43                                                            ; |lab31119|CHOOSE_LAB3:inst14|choose43                                                            ; out0             ;
; |lab31119|CHOOSE_LAB3:inst14|choose11                                                            ; |lab31119|CHOOSE_LAB3:inst14|choose11                                                            ; out0             ;
; |lab31119|CHOOSE_LAB3:inst14|choose13                                                            ; |lab31119|CHOOSE_LAB3:inst14|choose13                                                            ; out0             ;
; |lab31119|CHOOSE_LAB3:inst14|choose14                                                            ; |lab31119|CHOOSE_LAB3:inst14|choose14                                                            ; out0             ;
; |lab31119|CHOOSE_LAB3:inst14|choose15                                                            ; |lab31119|CHOOSE_LAB3:inst14|choose15                                                            ; out0             ;
; |lab31119|CHOOSE_LAB3:inst14|choose16                                                            ; |lab31119|CHOOSE_LAB3:inst14|choose16                                                            ; out0             ;
; |lab31119|register:R1|74273:inst1|18                                                             ; |lab31119|register:R1|74273:inst1|18                                                             ; regout           ;
; |lab31119|register:R1|74273:inst1|17                                                             ; |lab31119|register:R1|74273:inst1|17                                                             ; regout           ;
; |lab31119|register:R1|74273:inst1|15                                                             ; |lab31119|register:R1|74273:inst1|15                                                             ; regout           ;
; |lab31119|register:R1|74273:inst1|14                                                             ; |lab31119|register:R1|74273:inst1|14                                                             ; regout           ;
; |lab31119|register:R1|74273:inst1|13                                                             ; |lab31119|register:R1|74273:inst1|13                                                             ; regout           ;
; |lab31119|register:R1|74273:inst1|12                                                             ; |lab31119|register:R1|74273:inst1|12                                                             ; regout           ;
; |lab31119|MEM:inst9|altsyncram:altsyncram_component|altsyncram_1aj1:auto_generated|ram_block1a10 ; |lab31119|MEM:inst9|altsyncram:altsyncram_component|altsyncram_1aj1:auto_generated|ram_block1a10 ; portadataout0    ;
; |lab31119|CHOOSE_LAB3:inst18|choose26                                                            ; |lab31119|CHOOSE_LAB3:inst18|choose26                                                            ; out0             ;
; |lab31119|CHOOSE_LAB3:inst18|choose27                                                            ; |lab31119|CHOOSE_LAB3:inst18|choose27                                                            ; out0             ;
; |lab31119|CHOOSE_LAB3:inst18|choose11                                                            ; |lab31119|CHOOSE_LAB3:inst18|choose11                                                            ; out0             ;
; |lab31119|CHOOSE_LAB3:inst18|choose29                                                            ; |lab31119|CHOOSE_LAB3:inst18|choose29                                                            ; out0             ;
; |lab31119|CHOOSE_LAB3:inst18|choose30                                                            ; |lab31119|CHOOSE_LAB3:inst18|choose30                                                            ; out0             ;
; |lab31119|CHOOSE_LAB3:inst18|choose31                                                            ; |lab31119|CHOOSE_LAB3:inst18|choose31                                                            ; out0             ;
; |lab31119|CHOOSE_LAB3:inst18|choose32                                                            ; |lab31119|CHOOSE_LAB3:inst18|choose32                                                            ; out0             ;
; |lab31119|ALU_LAB3:inst10|74198:inst1|120                                                        ; |lab31119|ALU_LAB3:inst10|74198:inst1|120                                                        ; regout           ;
; |lab31119|ALU_LAB3:inst10|74198:inst1|109                                                        ; |lab31119|ALU_LAB3:inst10|74198:inst1|109                                                        ; out0             ;
; |lab31119|ALU_LAB3:inst10|74198:inst1|110                                                        ; |lab31119|ALU_LAB3:inst10|74198:inst1|110                                                        ; out0             ;
; |lab31119|ALU_LAB3:inst10|74198:inst1|119                                                        ; |lab31119|ALU_LAB3:inst10|74198:inst1|119                                                        ; regout           ;
; |lab31119|ALU_LAB3:inst10|74198:inst1|105                                                        ; |lab31119|ALU_LAB3:inst10|74198:inst1|105                                                        ; out0             ;
; |lab31119|ALU_LAB3:inst10|74198:inst1|106                                                        ; |lab31119|ALU_LAB3:inst10|74198:inst1|106                                                        ; out0             ;
; |lab31119|ALU_LAB3:inst10|74198:inst1|118                                                        ; |lab31119|ALU_LAB3:inst10|74198:inst1|118                                                        ; regout           ;
; |lab31119|ALU_LAB3:inst10|74198:inst1|101                                                        ; |lab31119|ALU_LAB3:inst10|74198:inst1|101                                                        ; out0             ;
; |lab31119|ALU_LAB3:inst10|74198:inst1|102                                                        ; |lab31119|ALU_LAB3:inst10|74198:inst1|102                                                        ; out0             ;
; |lab31119|ALU_LAB3:inst10|74198:inst1|117                                                        ; |lab31119|ALU_LAB3:inst10|74198:inst1|117                                                        ; regout           ;
; |lab31119|ALU_LAB3:inst10|74198:inst1|97                                                         ; |lab31119|ALU_LAB3:inst10|74198:inst1|97                                                         ; out0             ;
; |lab31119|ALU_LAB3:inst10|74198:inst1|98                                                         ; |lab31119|ALU_LAB3:inst10|74198:inst1|98                                                         ; out0             ;
; |lab31119|ALU_LAB3:inst10|74198:inst1|116                                                        ; |lab31119|ALU_LAB3:inst10|74198:inst1|116                                                        ; regout           ;
; |lab31119|ALU_LAB3:inst10|74198:inst1|93                                                         ; |lab31119|ALU_LAB3:inst10|74198:inst1|93                                                         ; out0             ;
; |lab31119|ALU_LAB3:inst10|74198:inst1|94                                                         ; |lab31119|ALU_LAB3:inst10|74198:inst1|94                                                         ; out0             ;
; |lab31119|ALU_LAB3:inst10|74198:inst1|115                                                        ; |lab31119|ALU_LAB3:inst10|74198:inst1|115                                                        ; regout           ;
; |lab31119|ALU_LAB3:inst10|74198:inst1|89                                                         ; |lab31119|ALU_LAB3:inst10|74198:inst1|89                                                         ; out0             ;
; |lab31119|ALU_LAB3:inst10|74198:inst1|90                                                         ; |lab31119|ALU_LAB3:inst10|74198:inst1|90                                                         ; out0             ;
; |lab31119|ALU_LAB3:inst10|74198:inst1|114                                                        ; |lab31119|ALU_LAB3:inst10|74198:inst1|114                                                        ; regout           ;
; |lab31119|ALU_LAB3:inst10|74198:inst1|85                                                         ; |lab31119|ALU_LAB3:inst10|74198:inst1|85                                                         ; out0             ;
; |lab31119|ALU_LAB3:inst10|74198:inst1|86                                                         ; |lab31119|ALU_LAB3:inst10|74198:inst1|86                                                         ; out0             ;
; |lab31119|ALU_LAB3:inst10|74198:inst1|113                                                        ; |lab31119|ALU_LAB3:inst10|74198:inst1|113                                                        ; regout           ;
; |lab31119|ALU_LAB3:inst10|74198:inst1|81                                                         ; |lab31119|ALU_LAB3:inst10|74198:inst1|81                                                         ; out0             ;
; |lab31119|ALU_LAB3:inst10|74198:inst1|82                                                         ; |lab31119|ALU_LAB3:inst10|74198:inst1|82                                                         ; out0             ;
; |lab31119|ALU_LAB3:inst10|74198:inst1|83                                                         ; |lab31119|ALU_LAB3:inst10|74198:inst1|83                                                         ; out0             ;
; |lab31119|ALU_LAB3:inst10|74198:inst1|87                                                         ; |lab31119|ALU_LAB3:inst10|74198:inst1|87                                                         ; out0             ;
; |lab31119|ALU_LAB3:inst10|74198:inst1|91                                                         ; |lab31119|ALU_LAB3:inst10|74198:inst1|91                                                         ; out0             ;
; |lab31119|ALU_LAB3:inst10|74198:inst1|95                                                         ; |lab31119|ALU_LAB3:inst10|74198:inst1|95                                                         ; out0             ;
; |lab31119|ALU_LAB3:inst10|74198:inst1|99                                                         ; |lab31119|ALU_LAB3:inst10|74198:inst1|99                                                         ; out0             ;
; |lab31119|ALU_LAB3:inst10|74198:inst1|103                                                        ; |lab31119|ALU_LAB3:inst10|74198:inst1|103                                                        ; out0             ;
; |lab31119|ALU_LAB3:inst10|74198:inst1|107                                                        ; |lab31119|ALU_LAB3:inst10|74198:inst1|107                                                        ; out0             ;
; |lab31119|ALU_LAB3:inst10|METRIX:mul_lab3|cell:inst63|FA:inst|7482:inst|17                       ; |lab31119|ALU_LAB3:inst10|METRIX:mul_lab3|cell:inst63|FA:inst|7482:inst|17                       ; out0             ;
; |lab31119|ALU_LAB3:inst10|METRIX:mul_lab3|cell:inst63|FA:inst|7482:inst|20                       ; |lab31119|ALU_LAB3:inst10|METRIX:mul_lab3|cell:inst63|FA:inst|7482:inst|20                       ; out0             ;
; |lab31119|ALU_LAB3:inst10|METRIX:mul_lab3|cell:inst55|FA:inst|7482:inst|17                       ; |lab31119|ALU_LAB3:inst10|METRIX:mul_lab3|cell:inst55|FA:inst|7482:inst|17                       ; out0             ;
; |lab31119|ALU_LAB3:inst10|METRIX:mul_lab3|cell:inst55|FA:inst|7482:inst|20                       ; |lab31119|ALU_LAB3:inst10|METRIX:mul_lab3|cell:inst55|FA:inst|7482:inst|20                       ; out0             ;
; |lab31119|ALU_LAB3:inst10|METRIX:mul_lab3|cell:inst47|FA:inst|7482:inst|17                       ; |lab31119|ALU_LAB3:inst10|METRIX:mul_lab3|cell:inst47|FA:inst|7482:inst|17                       ; out0             ;
; |lab31119|ALU_LAB3:inst10|METRIX:mul_lab3|cell:inst47|FA:inst|7482:inst|20                       ; |lab31119|ALU_LAB3:inst10|METRIX:mul_lab3|cell:inst47|FA:inst|7482:inst|20                       ; out0             ;
; |lab31119|ALU_LAB3:inst10|METRIX:mul_lab3|cell:inst39|FA:inst|7482:inst|17                       ; |lab31119|ALU_LAB3:inst10|METRIX:mul_lab3|cell:inst39|FA:inst|7482:inst|17                       ; out0             ;
; |lab31119|ALU_LAB3:inst10|METRIX:mul_lab3|cell:inst39|FA:inst|7482:inst|20                       ; |lab31119|ALU_LAB3:inst10|METRIX:mul_lab3|cell:inst39|FA:inst|7482:inst|20                       ; out0             ;
; |lab31119|ALU_LAB3:inst10|METRIX:mul_lab3|cell:inst30|FA:inst|7482:inst|17                       ; |lab31119|ALU_LAB3:inst10|METRIX:mul_lab3|cell:inst30|FA:inst|7482:inst|17                       ; out0             ;
; |lab31119|ALU_LAB3:inst10|METRIX:mul_lab3|cell:inst30|FA:inst|7482:inst|20                       ; |lab31119|ALU_LAB3:inst10|METRIX:mul_lab3|cell:inst30|FA:inst|7482:inst|20                       ; out0             ;
; |lab31119|ALU_LAB3:inst10|METRIX:mul_lab3|cell:inst51|FA:inst|7482:inst|17                       ; |lab31119|ALU_LAB3:inst10|METRIX:mul_lab3|cell:inst51|FA:inst|7482:inst|17                       ; out0             ;
; |lab31119|ALU_LAB3:inst10|METRIX:mul_lab3|cell:inst58|FA:inst|7482:inst|17                       ; |lab31119|ALU_LAB3:inst10|METRIX:mul_lab3|cell:inst58|FA:inst|7482:inst|17                       ; out0             ;
; |lab31119|ALU_LAB3:inst10|METRIX:mul_lab3|cell:inst57|FA:inst|7482:inst|17                       ; |lab31119|ALU_LAB3:inst10|METRIX:mul_lab3|cell:inst57|FA:inst|7482:inst|17                       ; out0             ;
; |lab31119|ALU_LAB3:inst10|METRIX:mul_lab3|cell:inst42|FA:inst|7482:inst|17                       ; |lab31119|ALU_LAB3:inst10|METRIX:mul_lab3|cell:inst42|FA:inst|7482:inst|17                       ; out0             ;
; |lab31119|ALU_LAB3:inst10|METRIX:mul_lab3|cell:inst49|FA:inst|7482:inst|17                       ; |lab31119|ALU_LAB3:inst10|METRIX:mul_lab3|cell:inst49|FA:inst|7482:inst|17                       ; out0             ;
; |lab31119|ALU_LAB3:inst10|METRIX:mul_lab3|cell:inst32|FA:inst|7482:inst|17                       ; |lab31119|ALU_LAB3:inst10|METRIX:mul_lab3|cell:inst32|FA:inst|7482:inst|17                       ; out0             ;
; |lab31119|ALU_LAB3:inst10|METRIX:mul_lab3|cell:inst41|FA:inst|7482:inst|17                       ; |lab31119|ALU_LAB3:inst10|METRIX:mul_lab3|cell:inst41|FA:inst|7482:inst|17                       ; out0             ;
; |lab31119|ALU_LAB3:inst10|METRIX:mul_lab3|cell:inst25|FA:inst|7482:inst|17                       ; |lab31119|ALU_LAB3:inst10|METRIX:mul_lab3|cell:inst25|FA:inst|7482:inst|17                       ; out0             ;
; |lab31119|ALU_LAB3:inst10|METRIX:mul_lab3|cell:inst31|FA:inst|7482:inst|17                       ; |lab31119|ALU_LAB3:inst10|METRIX:mul_lab3|cell:inst31|FA:inst|7482:inst|17                       ; out0             ;
; |lab31119|ALU_LAB3:inst10|METRIX:mul_lab3|cell:inst24|FA:inst|7482:inst|17                       ; |lab31119|ALU_LAB3:inst10|METRIX:mul_lab3|cell:inst24|FA:inst|7482:inst|17                       ; out0             ;
; |lab31119|ALU_LAB3:inst10|METRIX:mul_lab3|cell:inst16|FA:inst|7482:inst|20                       ; |lab31119|ALU_LAB3:inst10|METRIX:mul_lab3|cell:inst16|FA:inst|7482:inst|20                       ; out0             ;
; |lab31119|ALU_LAB3:inst10|METRIX:mul_lab3|cell:inst8|FA:inst|7482:inst|17                        ; |lab31119|ALU_LAB3:inst10|METRIX:mul_lab3|cell:inst8|FA:inst|7482:inst|17                        ; out0             ;
; |lab31119|ALU_LAB3:inst10|METRIX:mul_lab3|cell:inst8|FA:inst|7482:inst|20                        ; |lab31119|ALU_LAB3:inst10|METRIX:mul_lab3|cell:inst8|FA:inst|7482:inst|20                        ; out0             ;
; |lab31119|ALU_LAB3:inst10|CHOOSE_LAB3:inst2|choose17                                             ; |lab31119|ALU_LAB3:inst10|CHOOSE_LAB3:inst2|choose17                                             ; out0             ;
; |lab31119|ALU_LAB3:inst10|CHOOSE_LAB3:inst2|choose33                                             ; |lab31119|ALU_LAB3:inst10|CHOOSE_LAB3:inst2|choose33                                             ; out0             ;
; |lab31119|ALU_LAB3:inst10|CHOOSE_LAB3:inst2|c_or2                                                ; |lab31119|ALU_LAB3:inst10|CHOOSE_LAB3:inst2|c_or2                                                ; out0             ;
; |lab31119|ALU_LAB3:inst10|CHOOSE_LAB3:inst2|choose18                                             ; |lab31119|ALU_LAB3:inst10|CHOOSE_LAB3:inst2|choose18                                             ; out0             ;
; |lab31119|ALU_LAB3:inst10|CHOOSE_LAB3:inst2|choose34                                             ; |lab31119|ALU_LAB3:inst10|CHOOSE_LAB3:inst2|choose34                                             ; out0             ;
; |lab31119|ALU_LAB3:inst10|CHOOSE_LAB3:inst2|choose2                                              ; |lab31119|ALU_LAB3:inst10|CHOOSE_LAB3:inst2|choose2                                              ; out0             ;
; |lab31119|ALU_LAB3:inst10|CHOOSE_LAB3:inst2|choose19                                             ; |lab31119|ALU_LAB3:inst10|CHOOSE_LAB3:inst2|choose19                                             ; out0             ;
; |lab31119|ALU_LAB3:inst10|CHOOSE_LAB3:inst2|choose35                                             ; |lab31119|ALU_LAB3:inst10|CHOOSE_LAB3:inst2|choose35                                             ; out0             ;
; |lab31119|ALU_LAB3:inst10|CHOOSE_LAB3:inst2|choose20                                             ; |lab31119|ALU_LAB3:inst10|CHOOSE_LAB3:inst2|choose20                                             ; out0             ;
; |lab31119|ALU_LAB3:inst10|CHOOSE_LAB3:inst2|choose36                                             ; |lab31119|ALU_LAB3:inst10|CHOOSE_LAB3:inst2|choose36                                             ; out0             ;
; |lab31119|ALU_LAB3:inst10|CHOOSE_LAB3:inst2|choose21                                             ; |lab31119|ALU_LAB3:inst10|CHOOSE_LAB3:inst2|choose21                                             ; out0             ;
; |lab31119|ALU_LAB3:inst10|CHOOSE_LAB3:inst2|choose37                                             ; |lab31119|ALU_LAB3:inst10|CHOOSE_LAB3:inst2|choose37                                             ; out0             ;
; |lab31119|ALU_LAB3:inst10|CHOOSE_LAB3:inst2|choose22                                             ; |lab31119|ALU_LAB3:inst10|CHOOSE_LAB3:inst2|choose22                                             ; out0             ;
; |lab31119|ALU_LAB3:inst10|CHOOSE_LAB3:inst2|choose38                                             ; |lab31119|ALU_LAB3:inst10|CHOOSE_LAB3:inst2|choose38                                             ; out0             ;
; |lab31119|ALU_LAB3:inst10|CHOOSE_LAB3:inst2|choose23                                             ; |lab31119|ALU_LAB3:inst10|CHOOSE_LAB3:inst2|choose23                                             ; out0             ;
; |lab31119|ALU_LAB3:inst10|CHOOSE_LAB3:inst2|choose39                                             ; |lab31119|ALU_LAB3:inst10|CHOOSE_LAB3:inst2|choose39                                             ; out0             ;
; |lab31119|ALU_LAB3:inst10|CHOOSE_LAB3:inst2|choose24                                             ; |lab31119|ALU_LAB3:inst10|CHOOSE_LAB3:inst2|choose24                                             ; out0             ;
; |lab31119|ALU_LAB3:inst10|CHOOSE_LAB3:inst2|choose40                                             ; |lab31119|ALU_LAB3:inst10|CHOOSE_LAB3:inst2|choose40                                             ; out0             ;
; |lab31119|ALU_LAB3:inst10|CHOOSE_LAB3:inst2|choose25                                             ; |lab31119|ALU_LAB3:inst10|CHOOSE_LAB3:inst2|choose25                                             ; out0             ;
; |lab31119|ALU_LAB3:inst10|CHOOSE_LAB3:inst2|choose26                                             ; |lab31119|ALU_LAB3:inst10|CHOOSE_LAB3:inst2|choose26                                             ; out0             ;
; |lab31119|ALU_LAB3:inst10|CHOOSE_LAB3:inst2|choose27                                             ; |lab31119|ALU_LAB3:inst10|CHOOSE_LAB3:inst2|choose27                                             ; out0             ;
; |lab31119|ALU_LAB3:inst10|CHOOSE_LAB3:inst2|c_or12                                               ; |lab31119|ALU_LAB3:inst10|CHOOSE_LAB3:inst2|c_or12                                               ; out0             ;
; |lab31119|ALU_LAB3:inst10|CHOOSE_LAB3:inst2|choose28                                             ; |lab31119|ALU_LAB3:inst10|CHOOSE_LAB3:inst2|choose28                                             ; out0             ;
; |lab31119|ALU_LAB3:inst10|CHOOSE_LAB3:inst2|choose12                                             ; |lab31119|ALU_LAB3:inst10|CHOOSE_LAB3:inst2|choose12                                             ; out0             ;
; |lab31119|ALU_LAB3:inst10|CHOOSE_LAB3:inst2|c_or13                                               ; |lab31119|ALU_LAB3:inst10|CHOOSE_LAB3:inst2|c_or13                                               ; out0             ;
; |lab31119|ALU_LAB3:inst10|CHOOSE_LAB3:inst2|choose29                                             ; |lab31119|ALU_LAB3:inst10|CHOOSE_LAB3:inst2|choose29                                             ; out0             ;
; |lab31119|ALU_LAB3:inst10|CHOOSE_LAB3:inst2|choose13                                             ; |lab31119|ALU_LAB3:inst10|CHOOSE_LAB3:inst2|choose13                                             ; out0             ;
; |lab31119|ALU_LAB3:inst10|CHOOSE_LAB3:inst2|c_or14                                               ; |lab31119|ALU_LAB3:inst10|CHOOSE_LAB3:inst2|c_or14                                               ; out0             ;
; |lab31119|ALU_LAB3:inst10|CHOOSE_LAB3:inst2|choose30                                             ; |lab31119|ALU_LAB3:inst10|CHOOSE_LAB3:inst2|choose30                                             ; out0             ;
; |lab31119|ALU_LAB3:inst10|CHOOSE_LAB3:inst2|choose14                                             ; |lab31119|ALU_LAB3:inst10|CHOOSE_LAB3:inst2|choose14                                             ; out0             ;
; |lab31119|ALU_LAB3:inst10|CHOOSE_LAB3:inst2|c_or15                                               ; |lab31119|ALU_LAB3:inst10|CHOOSE_LAB3:inst2|c_or15                                               ; out0             ;
; |lab31119|ALU_LAB3:inst10|CHOOSE_LAB3:inst2|choose31                                             ; |lab31119|ALU_LAB3:inst10|CHOOSE_LAB3:inst2|choose31                                             ; out0             ;
; |lab31119|ALU_LAB3:inst10|CHOOSE_LAB3:inst2|choose15                                             ; |lab31119|ALU_LAB3:inst10|CHOOSE_LAB3:inst2|choose15                                             ; out0             ;
; |lab31119|ALU_LAB3:inst10|CHOOSE_LAB3:inst2|c_or16                                               ; |lab31119|ALU_LAB3:inst10|CHOOSE_LAB3:inst2|c_or16                                               ; out0             ;
; |lab31119|ALU_LAB3:inst10|CHOOSE_LAB3:inst2|choose32                                             ; |lab31119|ALU_LAB3:inst10|CHOOSE_LAB3:inst2|choose32                                             ; out0             ;
; |lab31119|ALU_LAB3:inst10|CHOOSE_LAB3:inst2|choose16                                             ; |lab31119|ALU_LAB3:inst10|CHOOSE_LAB3:inst2|choose16                                             ; out0             ;
; |lab31119|ALU_LAB3:inst10|74181:alu2|48                                                          ; |lab31119|ALU_LAB3:inst10|74181:alu2|48                                                          ; out0             ;
; |lab31119|ALU_LAB3:inst10|74181:alu2|19                                                          ; |lab31119|ALU_LAB3:inst10|74181:alu2|19                                                          ; out0             ;
; |lab31119|ALU_LAB3:inst10|74181:alu2|18                                                          ; |lab31119|ALU_LAB3:inst10|74181:alu2|18                                                          ; out0             ;
; |lab31119|ALU_LAB3:inst10|74181:alu2|16                                                          ; |lab31119|ALU_LAB3:inst10|74181:alu2|16                                                          ; out0             ;
; |lab31119|ALU_LAB3:inst10|CHOOSE_LAB3:inst4|choose34                                             ; |lab31119|ALU_LAB3:inst10|CHOOSE_LAB3:inst4|choose34                                             ; out0             ;
; |lab31119|ALU_LAB3:inst10|CHOOSE_LAB3:inst4|choose44                                             ; |lab31119|ALU_LAB3:inst10|CHOOSE_LAB3:inst4|choose44                                             ; out0             ;
; |lab31119|ALU_LAB3:inst10|CHOOSE_LAB3:inst4|choose45                                             ; |lab31119|ALU_LAB3:inst10|CHOOSE_LAB3:inst4|choose45                                             ; out0             ;
; |lab31119|ALU_LAB3:inst10|CHOOSE_LAB3:inst4|choose46                                             ; |lab31119|ALU_LAB3:inst10|CHOOSE_LAB3:inst4|choose46                                             ; out0             ;
; |lab31119|ALU_LAB3:inst10|CHOOSE_LAB3:inst4|choose47                                             ; |lab31119|ALU_LAB3:inst10|CHOOSE_LAB3:inst4|choose47                                             ; out0             ;
; |lab31119|ALU_LAB3:inst10|CHOOSE_LAB3:inst4|choose48                                             ; |lab31119|ALU_LAB3:inst10|CHOOSE_LAB3:inst4|choose48                                             ; out0             ;
; |lab31119|register:IR|74273:inst1|17                                                             ; |lab31119|register:IR|74273:inst1|17                                                             ; regout           ;
; |lab31119|select6:inst33|CHOOSE_LAB3:inst34567890|choose21                                       ; |lab31119|select6:inst33|CHOOSE_LAB3:inst34567890|choose21                                       ; out0             ;
; |lab31119|select6:inst33|CHOOSE_LAB3:inst34567890|choose27                                       ; |lab31119|select6:inst33|CHOOSE_LAB3:inst34567890|choose27                                       ; out0             ;
; |lab31119|select6:inst33|CHOOSE_LAB3:inst1|choose37                                              ; |lab31119|select6:inst33|CHOOSE_LAB3:inst1|choose37                                              ; out0             ;
; |lab31119|upc:inst45|74161:inst2|f74161:sub|106                                                  ; |lab31119|upc:inst45|74161:inst2|f74161:sub|106                                                  ; out0             ;
; |lab31119|upc:inst45|74161:inst2|f74161:sub|94                                                   ; |lab31119|upc:inst45|74161:inst2|f74161:sub|94                                                   ; out0             ;
; |lab31119|upc:inst45|74161:inst2|f74161:sub|96                                                   ; |lab31119|upc:inst45|74161:inst2|f74161:sub|96                                                   ; out0             ;
; |lab31119|upc:inst45|74161:inst2|f74161:sub|84                                                   ; |lab31119|upc:inst45|74161:inst2|f74161:sub|84                                                   ; out0             ;
; |lab31119|upc:inst45|74161:inst2|f74161:sub|89                                                   ; |lab31119|upc:inst45|74161:inst2|f74161:sub|89                                                   ; out0             ;
; |lab31119|upc:inst45|74161:inst2|f74161:sub|80                                                   ; |lab31119|upc:inst45|74161:inst2|f74161:sub|80                                                   ; out0             ;
; |lab31119|upc:inst45|74161:inst2|f74161:sub|79                                                   ; |lab31119|upc:inst45|74161:inst2|f74161:sub|79                                                   ; out0             ;
; |lab31119|upc:inst45|74161:inst|f74161:sub|104                                                   ; |lab31119|upc:inst45|74161:inst|f74161:sub|104                                                   ; out0             ;
; |lab31119|upc:inst45|74161:inst|f74161:sub|106                                                   ; |lab31119|upc:inst45|74161:inst|f74161:sub|106                                                   ; out0             ;
; |lab31119|upc:inst45|74161:inst|f74161:sub|94                                                    ; |lab31119|upc:inst45|74161:inst|f74161:sub|94                                                    ; out0             ;
; |lab31119|upc:inst45|74161:inst|f74161:sub|96                                                    ; |lab31119|upc:inst45|74161:inst|f74161:sub|96                                                    ; out0             ;
; |lab31119|upc:inst45|74161:inst|f74161:sub|84                                                    ; |lab31119|upc:inst45|74161:inst|f74161:sub|84                                                    ; out0             ;
; |lab31119|upc:inst45|74161:inst|f74161:sub|89                                                    ; |lab31119|upc:inst45|74161:inst|f74161:sub|89                                                    ; out0             ;
; |lab31119|upc:inst45|74161:inst|f74161:sub|80                                                    ; |lab31119|upc:inst45|74161:inst|f74161:sub|80                                                    ; out0             ;
; |lab31119|upc:inst45|74161:inst|f74161:sub|9                                                     ; |lab31119|upc:inst45|74161:inst|f74161:sub|9                                                     ; regout           ;
; |lab31119|upc:inst45|74161:inst|f74161:sub|76                                                    ; |lab31119|upc:inst45|74161:inst|f74161:sub|76                                                    ; out0             ;
+--------------------------------------------------------------------------------------------------+--------------------------------------------------------------------------------------------------+------------------+


The following table displays output ports that do not toggle to 0 during simulation.
+------------------------------------------------------------------------------------------------------------------------------------------------------------------------------------------------------------------------+
; Missing 0-Value Coverage                                                                                                                                                                                               ;
+--------------------------------------------------------------------------------------------------+--------------------------------------------------------------------------------------------------+------------------+
; Node Name                                                                                        ; Output Port Name                                                                                 ; Output Port Type ;
+--------------------------------------------------------------------------------------------------+--------------------------------------------------------------------------------------------------+------------------+
; |lab31119|inst13                                                                                 ; |lab31119|inst13                                                                                 ; out0             ;
; |lab31119|inst3                                                                                  ; |lab31119|inst3                                                                                  ; out0             ;
; |lab31119|inst38                                                                                 ; |lab31119|inst38                                                                                 ; out0             ;
; |lab31119|register:PC|74273:inst|13                                                              ; |lab31119|register:PC|74273:inst|13                                                              ; regout           ;
; |lab31119|register:PC|74273:inst|12                                                              ; |lab31119|register:PC|74273:inst|12                                                              ; regout           ;
; |lab31119|3-8:inst26|inst                                                                        ; |lab31119|3-8:inst26|inst                                                                        ; out0             ;
; |lab31119|3-8:inst26|inst4                                                                       ; |lab31119|3-8:inst26|inst4                                                                       ; out0             ;
; |lab31119|3-8:inst26|inst5                                                                       ; |lab31119|3-8:inst26|inst5                                                                       ; out0             ;
; |lab31119|3-8:inst26|inst8                                                                       ; |lab31119|3-8:inst26|inst8                                                                       ; out0             ;
; |lab31119|register:R2|74273:inst1|18                                                             ; |lab31119|register:R2|74273:inst1|18                                                             ; regout           ;
; |lab31119|register:R2|74273:inst1|17                                                             ; |lab31119|register:R2|74273:inst1|17                                                             ; regout           ;
; |lab31119|register:R2|74273:inst1|15                                                             ; |lab31119|register:R2|74273:inst1|15                                                             ; regout           ;
; |lab31119|register:R2|74273:inst1|14                                                             ; |lab31119|register:R2|74273:inst1|14                                                             ; regout           ;
; |lab31119|register:R2|74273:inst1|13                                                             ; |lab31119|register:R2|74273:inst1|13                                                             ; regout           ;
; |lab31119|register:R2|74273:inst1|12                                                             ; |lab31119|register:R2|74273:inst1|12                                                             ; regout           ;
; |lab31119|CHOOSE_LAB3:inst14|choose24                                                            ; |lab31119|CHOOSE_LAB3:inst14|choose24                                                            ; out0             ;
; |lab31119|CHOOSE_LAB3:inst14|choose10                                                            ; |lab31119|CHOOSE_LAB3:inst14|choose10                                                            ; out0             ;
; |lab31119|CHOOSE_LAB3:inst14|c_or11                                                              ; |lab31119|CHOOSE_LAB3:inst14|c_or11                                                              ; out0             ;
; |lab31119|CHOOSE_LAB3:inst14|choose43                                                            ; |lab31119|CHOOSE_LAB3:inst14|choose43                                                            ; out0             ;
; |lab31119|CHOOSE_LAB3:inst14|choose11                                                            ; |lab31119|CHOOSE_LAB3:inst14|choose11                                                            ; out0             ;
; |lab31119|CHOOSE_LAB3:inst14|choose13                                                            ; |lab31119|CHOOSE_LAB3:inst14|choose13                                                            ; out0             ;
; |lab31119|CHOOSE_LAB3:inst14|choose14                                                            ; |lab31119|CHOOSE_LAB3:inst14|choose14                                                            ; out0             ;
; |lab31119|CHOOSE_LAB3:inst14|choose15                                                            ; |lab31119|CHOOSE_LAB3:inst14|choose15                                                            ; out0             ;
; |lab31119|CHOOSE_LAB3:inst14|choose16                                                            ; |lab31119|CHOOSE_LAB3:inst14|choose16                                                            ; out0             ;
; |lab31119|register:R1|74273:inst1|18                                                             ; |lab31119|register:R1|74273:inst1|18                                                             ; regout           ;
; |lab31119|register:R1|74273:inst1|17                                                             ; |lab31119|register:R1|74273:inst1|17                                                             ; regout           ;
; |lab31119|register:R1|74273:inst1|15                                                             ; |lab31119|register:R1|74273:inst1|15                                                             ; regout           ;
; |lab31119|register:R1|74273:inst1|14                                                             ; |lab31119|register:R1|74273:inst1|14                                                             ; regout           ;
; |lab31119|register:R1|74273:inst1|13                                                             ; |lab31119|register:R1|74273:inst1|13                                                             ; regout           ;
; |lab31119|register:R1|74273:inst1|12                                                             ; |lab31119|register:R1|74273:inst1|12                                                             ; regout           ;
; |lab31119|MEM:inst9|altsyncram:altsyncram_component|altsyncram_1aj1:auto_generated|ram_block1a10 ; |lab31119|MEM:inst9|altsyncram:altsyncram_component|altsyncram_1aj1:auto_generated|ram_block1a10 ; portadataout0    ;
; |lab31119|CHOOSE_LAB3:inst18|choose26                                                            ; |lab31119|CHOOSE_LAB3:inst18|choose26                                                            ; out0             ;
; |lab31119|CHOOSE_LAB3:inst18|choose27                                                            ; |lab31119|CHOOSE_LAB3:inst18|choose27                                                            ; out0             ;
; |lab31119|CHOOSE_LAB3:inst18|choose11                                                            ; |lab31119|CHOOSE_LAB3:inst18|choose11                                                            ; out0             ;
; |lab31119|CHOOSE_LAB3:inst18|choose29                                                            ; |lab31119|CHOOSE_LAB3:inst18|choose29                                                            ; out0             ;
; |lab31119|CHOOSE_LAB3:inst18|choose30                                                            ; |lab31119|CHOOSE_LAB3:inst18|choose30                                                            ; out0             ;
; |lab31119|CHOOSE_LAB3:inst18|choose31                                                            ; |lab31119|CHOOSE_LAB3:inst18|choose31                                                            ; out0             ;
; |lab31119|CHOOSE_LAB3:inst18|choose32                                                            ; |lab31119|CHOOSE_LAB3:inst18|choose32                                                            ; out0             ;
; |lab31119|ALU_LAB3:inst10|74198:inst1|120                                                        ; |lab31119|ALU_LAB3:inst10|74198:inst1|120                                                        ; regout           ;
; |lab31119|ALU_LAB3:inst10|74198:inst1|109                                                        ; |lab31119|ALU_LAB3:inst10|74198:inst1|109                                                        ; out0             ;
; |lab31119|ALU_LAB3:inst10|74198:inst1|110                                                        ; |lab31119|ALU_LAB3:inst10|74198:inst1|110                                                        ; out0             ;
; |lab31119|ALU_LAB3:inst10|74198:inst1|119                                                        ; |lab31119|ALU_LAB3:inst10|74198:inst1|119                                                        ; regout           ;
; |lab31119|ALU_LAB3:inst10|74198:inst1|105                                                        ; |lab31119|ALU_LAB3:inst10|74198:inst1|105                                                        ; out0             ;
; |lab31119|ALU_LAB3:inst10|74198:inst1|106                                                        ; |lab31119|ALU_LAB3:inst10|74198:inst1|106                                                        ; out0             ;
; |lab31119|ALU_LAB3:inst10|74198:inst1|118                                                        ; |lab31119|ALU_LAB3:inst10|74198:inst1|118                                                        ; regout           ;
; |lab31119|ALU_LAB3:inst10|74198:inst1|101                                                        ; |lab31119|ALU_LAB3:inst10|74198:inst1|101                                                        ; out0             ;
; |lab31119|ALU_LAB3:inst10|74198:inst1|102                                                        ; |lab31119|ALU_LAB3:inst10|74198:inst1|102                                                        ; out0             ;
; |lab31119|ALU_LAB3:inst10|74198:inst1|117                                                        ; |lab31119|ALU_LAB3:inst10|74198:inst1|117                                                        ; regout           ;
; |lab31119|ALU_LAB3:inst10|74198:inst1|97                                                         ; |lab31119|ALU_LAB3:inst10|74198:inst1|97                                                         ; out0             ;
; |lab31119|ALU_LAB3:inst10|74198:inst1|98                                                         ; |lab31119|ALU_LAB3:inst10|74198:inst1|98                                                         ; out0             ;
; |lab31119|ALU_LAB3:inst10|74198:inst1|116                                                        ; |lab31119|ALU_LAB3:inst10|74198:inst1|116                                                        ; regout           ;
; |lab31119|ALU_LAB3:inst10|74198:inst1|93                                                         ; |lab31119|ALU_LAB3:inst10|74198:inst1|93                                                         ; out0             ;
; |lab31119|ALU_LAB3:inst10|74198:inst1|94                                                         ; |lab31119|ALU_LAB3:inst10|74198:inst1|94                                                         ; out0             ;
; |lab31119|ALU_LAB3:inst10|74198:inst1|115                                                        ; |lab31119|ALU_LAB3:inst10|74198:inst1|115                                                        ; regout           ;
; |lab31119|ALU_LAB3:inst10|74198:inst1|89                                                         ; |lab31119|ALU_LAB3:inst10|74198:inst1|89                                                         ; out0             ;
; |lab31119|ALU_LAB3:inst10|74198:inst1|90                                                         ; |lab31119|ALU_LAB3:inst10|74198:inst1|90                                                         ; out0             ;
; |lab31119|ALU_LAB3:inst10|74198:inst1|114                                                        ; |lab31119|ALU_LAB3:inst10|74198:inst1|114                                                        ; regout           ;
; |lab31119|ALU_LAB3:inst10|74198:inst1|85                                                         ; |lab31119|ALU_LAB3:inst10|74198:inst1|85                                                         ; out0             ;
; |lab31119|ALU_LAB3:inst10|74198:inst1|86                                                         ; |lab31119|ALU_LAB3:inst10|74198:inst1|86                                                         ; out0             ;
; |lab31119|ALU_LAB3:inst10|74198:inst1|113                                                        ; |lab31119|ALU_LAB3:inst10|74198:inst1|113                                                        ; regout           ;
; |lab31119|ALU_LAB3:inst10|74198:inst1|81                                                         ; |lab31119|ALU_LAB3:inst10|74198:inst1|81                                                         ; out0             ;
; |lab31119|ALU_LAB3:inst10|74198:inst1|82                                                         ; |lab31119|ALU_LAB3:inst10|74198:inst1|82                                                         ; out0             ;
; |lab31119|ALU_LAB3:inst10|74198:inst1|83                                                         ; |lab31119|ALU_LAB3:inst10|74198:inst1|83                                                         ; out0             ;
; |lab31119|ALU_LAB3:inst10|74198:inst1|87                                                         ; |lab31119|ALU_LAB3:inst10|74198:inst1|87                                                         ; out0             ;
; |lab31119|ALU_LAB3:inst10|74198:inst1|91                                                         ; |lab31119|ALU_LAB3:inst10|74198:inst1|91                                                         ; out0             ;
; |lab31119|ALU_LAB3:inst10|74198:inst1|95                                                         ; |lab31119|ALU_LAB3:inst10|74198:inst1|95                                                         ; out0             ;
; |lab31119|ALU_LAB3:inst10|74198:inst1|99                                                         ; |lab31119|ALU_LAB3:inst10|74198:inst1|99                                                         ; out0             ;
; |lab31119|ALU_LAB3:inst10|74198:inst1|103                                                        ; |lab31119|ALU_LAB3:inst10|74198:inst1|103                                                        ; out0             ;
; |lab31119|ALU_LAB3:inst10|74198:inst1|107                                                        ; |lab31119|ALU_LAB3:inst10|74198:inst1|107                                                        ; out0             ;
; |lab31119|ALU_LAB3:inst10|METRIX:mul_lab3|cell:inst63|FA:inst|7482:inst|17                       ; |lab31119|ALU_LAB3:inst10|METRIX:mul_lab3|cell:inst63|FA:inst|7482:inst|17                       ; out0             ;
; |lab31119|ALU_LAB3:inst10|METRIX:mul_lab3|cell:inst63|FA:inst|7482:inst|20                       ; |lab31119|ALU_LAB3:inst10|METRIX:mul_lab3|cell:inst63|FA:inst|7482:inst|20                       ; out0             ;
; |lab31119|ALU_LAB3:inst10|METRIX:mul_lab3|cell:inst55|FA:inst|7482:inst|17                       ; |lab31119|ALU_LAB3:inst10|METRIX:mul_lab3|cell:inst55|FA:inst|7482:inst|17                       ; out0             ;
; |lab31119|ALU_LAB3:inst10|METRIX:mul_lab3|cell:inst55|FA:inst|7482:inst|20                       ; |lab31119|ALU_LAB3:inst10|METRIX:mul_lab3|cell:inst55|FA:inst|7482:inst|20                       ; out0             ;
; |lab31119|ALU_LAB3:inst10|METRIX:mul_lab3|cell:inst47|FA:inst|7482:inst|17                       ; |lab31119|ALU_LAB3:inst10|METRIX:mul_lab3|cell:inst47|FA:inst|7482:inst|17                       ; out0             ;
; |lab31119|ALU_LAB3:inst10|METRIX:mul_lab3|cell:inst47|FA:inst|7482:inst|20                       ; |lab31119|ALU_LAB3:inst10|METRIX:mul_lab3|cell:inst47|FA:inst|7482:inst|20                       ; out0             ;
; |lab31119|ALU_LAB3:inst10|METRIX:mul_lab3|cell:inst39|FA:inst|7482:inst|17                       ; |lab31119|ALU_LAB3:inst10|METRIX:mul_lab3|cell:inst39|FA:inst|7482:inst|17                       ; out0             ;
; |lab31119|ALU_LAB3:inst10|METRIX:mul_lab3|cell:inst39|FA:inst|7482:inst|20                       ; |lab31119|ALU_LAB3:inst10|METRIX:mul_lab3|cell:inst39|FA:inst|7482:inst|20                       ; out0             ;
; |lab31119|ALU_LAB3:inst10|METRIX:mul_lab3|cell:inst30|FA:inst|7482:inst|17                       ; |lab31119|ALU_LAB3:inst10|METRIX:mul_lab3|cell:inst30|FA:inst|7482:inst|17                       ; out0             ;
; |lab31119|ALU_LAB3:inst10|METRIX:mul_lab3|cell:inst30|FA:inst|7482:inst|20                       ; |lab31119|ALU_LAB3:inst10|METRIX:mul_lab3|cell:inst30|FA:inst|7482:inst|20                       ; out0             ;
; |lab31119|ALU_LAB3:inst10|METRIX:mul_lab3|cell:inst51|FA:inst|7482:inst|17                       ; |lab31119|ALU_LAB3:inst10|METRIX:mul_lab3|cell:inst51|FA:inst|7482:inst|17                       ; out0             ;
; |lab31119|ALU_LAB3:inst10|METRIX:mul_lab3|cell:inst58|FA:inst|7482:inst|17                       ; |lab31119|ALU_LAB3:inst10|METRIX:mul_lab3|cell:inst58|FA:inst|7482:inst|17                       ; out0             ;
; |lab31119|ALU_LAB3:inst10|METRIX:mul_lab3|cell:inst57|FA:inst|7482:inst|17                       ; |lab31119|ALU_LAB3:inst10|METRIX:mul_lab3|cell:inst57|FA:inst|7482:inst|17                       ; out0             ;
; |lab31119|ALU_LAB3:inst10|METRIX:mul_lab3|cell:inst42|FA:inst|7482:inst|17                       ; |lab31119|ALU_LAB3:inst10|METRIX:mul_lab3|cell:inst42|FA:inst|7482:inst|17                       ; out0             ;
; |lab31119|ALU_LAB3:inst10|METRIX:mul_lab3|cell:inst49|FA:inst|7482:inst|17                       ; |lab31119|ALU_LAB3:inst10|METRIX:mul_lab3|cell:inst49|FA:inst|7482:inst|17                       ; out0             ;
; |lab31119|ALU_LAB3:inst10|METRIX:mul_lab3|cell:inst32|FA:inst|7482:inst|17                       ; |lab31119|ALU_LAB3:inst10|METRIX:mul_lab3|cell:inst32|FA:inst|7482:inst|17                       ; out0             ;
; |lab31119|ALU_LAB3:inst10|METRIX:mul_lab3|cell:inst41|FA:inst|7482:inst|17                       ; |lab31119|ALU_LAB3:inst10|METRIX:mul_lab3|cell:inst41|FA:inst|7482:inst|17                       ; out0             ;
; |lab31119|ALU_LAB3:inst10|METRIX:mul_lab3|cell:inst25|FA:inst|7482:inst|17                       ; |lab31119|ALU_LAB3:inst10|METRIX:mul_lab3|cell:inst25|FA:inst|7482:inst|17                       ; out0             ;
; |lab31119|ALU_LAB3:inst10|METRIX:mul_lab3|cell:inst31|FA:inst|7482:inst|17                       ; |lab31119|ALU_LAB3:inst10|METRIX:mul_lab3|cell:inst31|FA:inst|7482:inst|17                       ; out0             ;
; |lab31119|ALU_LAB3:inst10|METRIX:mul_lab3|cell:inst24|FA:inst|7482:inst|17                       ; |lab31119|ALU_LAB3:inst10|METRIX:mul_lab3|cell:inst24|FA:inst|7482:inst|17                       ; out0             ;
; |lab31119|ALU_LAB3:inst10|METRIX:mul_lab3|cell:inst16|FA:inst|7482:inst|20                       ; |lab31119|ALU_LAB3:inst10|METRIX:mul_lab3|cell:inst16|FA:inst|7482:inst|20                       ; out0             ;
; |lab31119|ALU_LAB3:inst10|METRIX:mul_lab3|cell:inst8|FA:inst|7482:inst|17                        ; |lab31119|ALU_LAB3:inst10|METRIX:mul_lab3|cell:inst8|FA:inst|7482:inst|17                        ; out0             ;
; |lab31119|ALU_LAB3:inst10|METRIX:mul_lab3|cell:inst8|FA:inst|7482:inst|20                        ; |lab31119|ALU_LAB3:inst10|METRIX:mul_lab3|cell:inst8|FA:inst|7482:inst|20                        ; out0             ;
; |lab31119|ALU_LAB3:inst10|CHOOSE_LAB3:inst2|choose17                                             ; |lab31119|ALU_LAB3:inst10|CHOOSE_LAB3:inst2|choose17                                             ; out0             ;
; |lab31119|ALU_LAB3:inst10|CHOOSE_LAB3:inst2|choose33                                             ; |lab31119|ALU_LAB3:inst10|CHOOSE_LAB3:inst2|choose33                                             ; out0             ;
; |lab31119|ALU_LAB3:inst10|CHOOSE_LAB3:inst2|c_or2                                                ; |lab31119|ALU_LAB3:inst10|CHOOSE_LAB3:inst2|c_or2                                                ; out0             ;
; |lab31119|ALU_LAB3:inst10|CHOOSE_LAB3:inst2|choose18                                             ; |lab31119|ALU_LAB3:inst10|CHOOSE_LAB3:inst2|choose18                                             ; out0             ;
; |lab31119|ALU_LAB3:inst10|CHOOSE_LAB3:inst2|choose34                                             ; |lab31119|ALU_LAB3:inst10|CHOOSE_LAB3:inst2|choose34                                             ; out0             ;
; |lab31119|ALU_LAB3:inst10|CHOOSE_LAB3:inst2|choose2                                              ; |lab31119|ALU_LAB3:inst10|CHOOSE_LAB3:inst2|choose2                                              ; out0             ;
; |lab31119|ALU_LAB3:inst10|CHOOSE_LAB3:inst2|choose19                                             ; |lab31119|ALU_LAB3:inst10|CHOOSE_LAB3:inst2|choose19                                             ; out0             ;
; |lab31119|ALU_LAB3:inst10|CHOOSE_LAB3:inst2|choose35                                             ; |lab31119|ALU_LAB3:inst10|CHOOSE_LAB3:inst2|choose35                                             ; out0             ;
; |lab31119|ALU_LAB3:inst10|CHOOSE_LAB3:inst2|choose20                                             ; |lab31119|ALU_LAB3:inst10|CHOOSE_LAB3:inst2|choose20                                             ; out0             ;
; |lab31119|ALU_LAB3:inst10|CHOOSE_LAB3:inst2|choose36                                             ; |lab31119|ALU_LAB3:inst10|CHOOSE_LAB3:inst2|choose36                                             ; out0             ;
; |lab31119|ALU_LAB3:inst10|CHOOSE_LAB3:inst2|choose21                                             ; |lab31119|ALU_LAB3:inst10|CHOOSE_LAB3:inst2|choose21                                             ; out0             ;
; |lab31119|ALU_LAB3:inst10|CHOOSE_LAB3:inst2|choose37                                             ; |lab31119|ALU_LAB3:inst10|CHOOSE_LAB3:inst2|choose37                                             ; out0             ;
; |lab31119|ALU_LAB3:inst10|CHOOSE_LAB3:inst2|choose22                                             ; |lab31119|ALU_LAB3:inst10|CHOOSE_LAB3:inst2|choose22                                             ; out0             ;
; |lab31119|ALU_LAB3:inst10|CHOOSE_LAB3:inst2|choose38                                             ; |lab31119|ALU_LAB3:inst10|CHOOSE_LAB3:inst2|choose38                                             ; out0             ;
; |lab31119|ALU_LAB3:inst10|CHOOSE_LAB3:inst2|choose23                                             ; |lab31119|ALU_LAB3:inst10|CHOOSE_LAB3:inst2|choose23                                             ; out0             ;
; |lab31119|ALU_LAB3:inst10|CHOOSE_LAB3:inst2|choose39                                             ; |lab31119|ALU_LAB3:inst10|CHOOSE_LAB3:inst2|choose39                                             ; out0             ;
; |lab31119|ALU_LAB3:inst10|CHOOSE_LAB3:inst2|choose24                                             ; |lab31119|ALU_LAB3:inst10|CHOOSE_LAB3:inst2|choose24                                             ; out0             ;
; |lab31119|ALU_LAB3:inst10|CHOOSE_LAB3:inst2|choose40                                             ; |lab31119|ALU_LAB3:inst10|CHOOSE_LAB3:inst2|choose40                                             ; out0             ;
; |lab31119|ALU_LAB3:inst10|CHOOSE_LAB3:inst2|choose25                                             ; |lab31119|ALU_LAB3:inst10|CHOOSE_LAB3:inst2|choose25                                             ; out0             ;
; |lab31119|ALU_LAB3:inst10|CHOOSE_LAB3:inst2|choose26                                             ; |lab31119|ALU_LAB3:inst10|CHOOSE_LAB3:inst2|choose26                                             ; out0             ;
; |lab31119|ALU_LAB3:inst10|CHOOSE_LAB3:inst2|choose27                                             ; |lab31119|ALU_LAB3:inst10|CHOOSE_LAB3:inst2|choose27                                             ; out0             ;
; |lab31119|ALU_LAB3:inst10|CHOOSE_LAB3:inst2|c_or12                                               ; |lab31119|ALU_LAB3:inst10|CHOOSE_LAB3:inst2|c_or12                                               ; out0             ;
; |lab31119|ALU_LAB3:inst10|CHOOSE_LAB3:inst2|choose28                                             ; |lab31119|ALU_LAB3:inst10|CHOOSE_LAB3:inst2|choose28                                             ; out0             ;
; |lab31119|ALU_LAB3:inst10|CHOOSE_LAB3:inst2|choose12                                             ; |lab31119|ALU_LAB3:inst10|CHOOSE_LAB3:inst2|choose12                                             ; out0             ;
; |lab31119|ALU_LAB3:inst10|CHOOSE_LAB3:inst2|c_or13                                               ; |lab31119|ALU_LAB3:inst10|CHOOSE_LAB3:inst2|c_or13                                               ; out0             ;
; |lab31119|ALU_LAB3:inst10|CHOOSE_LAB3:inst2|choose29                                             ; |lab31119|ALU_LAB3:inst10|CHOOSE_LAB3:inst2|choose29                                             ; out0             ;
; |lab31119|ALU_LAB3:inst10|CHOOSE_LAB3:inst2|choose13                                             ; |lab31119|ALU_LAB3:inst10|CHOOSE_LAB3:inst2|choose13                                             ; out0             ;
; |lab31119|ALU_LAB3:inst10|CHOOSE_LAB3:inst2|c_or14                                               ; |lab31119|ALU_LAB3:inst10|CHOOSE_LAB3:inst2|c_or14                                               ; out0             ;
; |lab31119|ALU_LAB3:inst10|CHOOSE_LAB3:inst2|choose30                                             ; |lab31119|ALU_LAB3:inst10|CHOOSE_LAB3:inst2|choose30                                             ; out0             ;
; |lab31119|ALU_LAB3:inst10|CHOOSE_LAB3:inst2|choose14                                             ; |lab31119|ALU_LAB3:inst10|CHOOSE_LAB3:inst2|choose14                                             ; out0             ;
; |lab31119|ALU_LAB3:inst10|CHOOSE_LAB3:inst2|c_or15                                               ; |lab31119|ALU_LAB3:inst10|CHOOSE_LAB3:inst2|c_or15                                               ; out0             ;
; |lab31119|ALU_LAB3:inst10|CHOOSE_LAB3:inst2|choose31                                             ; |lab31119|ALU_LAB3:inst10|CHOOSE_LAB3:inst2|choose31                                             ; out0             ;
; |lab31119|ALU_LAB3:inst10|CHOOSE_LAB3:inst2|choose15                                             ; |lab31119|ALU_LAB3:inst10|CHOOSE_LAB3:inst2|choose15                                             ; out0             ;
; |lab31119|ALU_LAB3:inst10|CHOOSE_LAB3:inst2|c_or16                                               ; |lab31119|ALU_LAB3:inst10|CHOOSE_LAB3:inst2|c_or16                                               ; out0             ;
; |lab31119|ALU_LAB3:inst10|CHOOSE_LAB3:inst2|choose32                                             ; |lab31119|ALU_LAB3:inst10|CHOOSE_LAB3:inst2|choose32                                             ; out0             ;
; |lab31119|ALU_LAB3:inst10|CHOOSE_LAB3:inst2|choose16                                             ; |lab31119|ALU_LAB3:inst10|CHOOSE_LAB3:inst2|choose16                                             ; out0             ;
; |lab31119|ALU_LAB3:inst10|74181:alu2|48                                                          ; |lab31119|ALU_LAB3:inst10|74181:alu2|48                                                          ; out0             ;
; |lab31119|ALU_LAB3:inst10|74181:alu2|19                                                          ; |lab31119|ALU_LAB3:inst10|74181:alu2|19                                                          ; out0             ;
; |lab31119|ALU_LAB3:inst10|74181:alu2|18                                                          ; |lab31119|ALU_LAB3:inst10|74181:alu2|18                                                          ; out0             ;
; |lab31119|ALU_LAB3:inst10|74181:alu2|16                                                          ; |lab31119|ALU_LAB3:inst10|74181:alu2|16                                                          ; out0             ;
; |lab31119|ALU_LAB3:inst10|CHOOSE_LAB3:inst4|choose34                                             ; |lab31119|ALU_LAB3:inst10|CHOOSE_LAB3:inst4|choose34                                             ; out0             ;
; |lab31119|ALU_LAB3:inst10|CHOOSE_LAB3:inst4|choose44                                             ; |lab31119|ALU_LAB3:inst10|CHOOSE_LAB3:inst4|choose44                                             ; out0             ;
; |lab31119|ALU_LAB3:inst10|CHOOSE_LAB3:inst4|choose45                                             ; |lab31119|ALU_LAB3:inst10|CHOOSE_LAB3:inst4|choose45                                             ; out0             ;
; |lab31119|ALU_LAB3:inst10|CHOOSE_LAB3:inst4|choose46                                             ; |lab31119|ALU_LAB3:inst10|CHOOSE_LAB3:inst4|choose46                                             ; out0             ;
; |lab31119|ALU_LAB3:inst10|CHOOSE_LAB3:inst4|choose47                                             ; |lab31119|ALU_LAB3:inst10|CHOOSE_LAB3:inst4|choose47                                             ; out0             ;
; |lab31119|ALU_LAB3:inst10|CHOOSE_LAB3:inst4|choose48                                             ; |lab31119|ALU_LAB3:inst10|CHOOSE_LAB3:inst4|choose48                                             ; out0             ;
; |lab31119|register:IR|74273:inst1|17                                                             ; |lab31119|register:IR|74273:inst1|17                                                             ; regout           ;
; |lab31119|select6:inst33|CHOOSE_LAB3:inst34567890|choose21                                       ; |lab31119|select6:inst33|CHOOSE_LAB3:inst34567890|choose21                                       ; out0             ;
; |lab31119|select6:inst33|CHOOSE_LAB3:inst34567890|choose27                                       ; |lab31119|select6:inst33|CHOOSE_LAB3:inst34567890|choose27                                       ; out0             ;
; |lab31119|select6:inst33|CHOOSE_LAB3:inst1|choose37                                              ; |lab31119|select6:inst33|CHOOSE_LAB3:inst1|choose37                                              ; out0             ;
; |lab31119|upc:inst45|74161:inst2|f74161:sub|106                                                  ; |lab31119|upc:inst45|74161:inst2|f74161:sub|106                                                  ; out0             ;
; |lab31119|upc:inst45|74161:inst2|f74161:sub|94                                                   ; |lab31119|upc:inst45|74161:inst2|f74161:sub|94                                                   ; out0             ;
; |lab31119|upc:inst45|74161:inst2|f74161:sub|96                                                   ; |lab31119|upc:inst45|74161:inst2|f74161:sub|96                                                   ; out0             ;
; |lab31119|upc:inst45|74161:inst2|f74161:sub|84                                                   ; |lab31119|upc:inst45|74161:inst2|f74161:sub|84                                                   ; out0             ;
; |lab31119|upc:inst45|74161:inst2|f74161:sub|89                                                   ; |lab31119|upc:inst45|74161:inst2|f74161:sub|89                                                   ; out0             ;
; |lab31119|upc:inst45|74161:inst2|f74161:sub|80                                                   ; |lab31119|upc:inst45|74161:inst2|f74161:sub|80                                                   ; out0             ;
; |lab31119|upc:inst45|74161:inst2|f74161:sub|79                                                   ; |lab31119|upc:inst45|74161:inst2|f74161:sub|79                                                   ; out0             ;
; |lab31119|upc:inst45|74161:inst|f74161:sub|104                                                   ; |lab31119|upc:inst45|74161:inst|f74161:sub|104                                                   ; out0             ;
; |lab31119|upc:inst45|74161:inst|f74161:sub|106                                                   ; |lab31119|upc:inst45|74161:inst|f74161:sub|106                                                   ; out0             ;
; |lab31119|upc:inst45|74161:inst|f74161:sub|94                                                    ; |lab31119|upc:inst45|74161:inst|f74161:sub|94                                                    ; out0             ;
; |lab31119|upc:inst45|74161:inst|f74161:sub|96                                                    ; |lab31119|upc:inst45|74161:inst|f74161:sub|96                                                    ; out0             ;
; |lab31119|upc:inst45|74161:inst|f74161:sub|84                                                    ; |lab31119|upc:inst45|74161:inst|f74161:sub|84                                                    ; out0             ;
; |lab31119|upc:inst45|74161:inst|f74161:sub|89                                                    ; |lab31119|upc:inst45|74161:inst|f74161:sub|89                                                    ; out0             ;
; |lab31119|upc:inst45|74161:inst|f74161:sub|80                                                    ; |lab31119|upc:inst45|74161:inst|f74161:sub|80                                                    ; out0             ;
; |lab31119|upc:inst45|74161:inst|f74161:sub|9                                                     ; |lab31119|upc:inst45|74161:inst|f74161:sub|9                                                     ; regout           ;
; |lab31119|upc:inst45|74161:inst|f74161:sub|76                                                    ; |lab31119|upc:inst45|74161:inst|f74161:sub|76                                                    ; out0             ;
+--------------------------------------------------------------------------------------------------+--------------------------------------------------------------------------------------------------+------------------+


+---------------------+
; Simulator INI Usage ;
+--------+------------+
; Option ; Usage      ;
+--------+------------+


+--------------------+
; Simulator Messages ;
+--------------------+
Info: *******************************************************************
Info: Running Quartus II 64-Bit Simulator
    Info: Version 13.0.1 Build 232 06/12/2013 Service Pack 1 SJ Full Version
    Info: Processing started: Mon Nov 25 20:35:11 2024
Info: Command: quartus_sim --simulation_results_format=VWF lab31119 -c lab31119_qsim
Info (324025): Using vector source file "D:/altera/222_call_stack/1119/output_files/Waveform1.vwf"
Info (310003): Option to preserve fewer signal transitions to reduce memory requirements is enabled
    Info (310004): Simulation has been partitioned into sub-simulations according to the maximum transition count determined by the engine. Transitions from memory will be flushed out to disk at the end of each sub-simulation to reduce memory requirements.
Info (310002): Simulation partitioned into 1 sub-simulations
Info (328053): Simulation coverage is      91.93 %
Info (328052): Number of transitions in simulation is 1563803
Info (324045): Vector file lab31119_qsim.sim.vwf is saved in VWF text format. You can compress it into CVWF format in order to reduce file size. For more details please refer to the Quartus II Help.
Info: Quartus II 64-Bit Simulator was successful. 0 errors, 0 warnings
    Info: Peak virtual memory: 352 megabytes
    Info: Processing ended: Mon Nov 25 20:35:12 2024
    Info: Elapsed time: 00:00:01
    Info: Total CPU time (on all processors): 00:00:01


