Fitter report for ALU_LAB3
Sat Nov 23 23:54:06 2024
Quartus II 64-Bit Version 13.0.1 Build 232 06/12/2013 Service Pack 1 SJ Full Version


---------------------
; Table of Contents ;
---------------------
  1. Legal Notice
  2. Fitter Summary
  3. Fitter Settings
  4. Parallel Compilation
  5. I/O Assignment Warnings
  6. Incremental Compilation Preservation Summary
  7. Incremental Compilation Partition Settings
  8. Incremental Compilation Placement Preservation
  9. Pin-Out File
 10. Fitter Resource Usage Summary
 11. Fitter Partition Statistics
 12. Input Pins
 13. Output Pins
 14. Dual Purpose and Dedicated Pins
 15. I/O Bank Usage
 16. All Package Pins
 17. Fitter Resource Utilization by Entity
 18. Delay Chain Summary
 19. Pad To Core Delay Chain Fanout
 20. Control Signals
 21. Global & Other Fast Signals
 22. Non-Global High Fan-Out Signals
 23. Other Routing Usage Summary
 24. LAB Logic Elements
 25. LAB-wide Signals
 26. LAB Signals Sourced
 27. LAB Signals Sourced Out
 28. LAB Distinct Inputs
 29. I/O Rules Summary
 30. I/O Rules Details
 31. I/O Rules Matrix
 32. Fitter Device Options
 33. Operating Settings and Conditions
 34. Fitter Messages
 35. Fitter Suppressed Messages



----------------
; Legal Notice ;
----------------
Copyright (C) 1991-2013 Altera Corporation
Your use of Altera Corporation's design tools, logic functions 
and other software and tools, and its AMPP partner logic 
functions, and any output files from any of the foregoing 
(including device programming or simulation files), and any 
associated documentation or information are expressly subject 
to the terms and conditions of the Altera Program License 
Subscription Agreement, Altera MegaCore Function License 
Agreement, or other applicable license agreement, including, 
without limitation, that your use is for the sole purpose of 
programming logic devices manufactured by Altera and sold by 
Altera or its authorized distributors.  Please refer to the 
applicable agreement for further details.



+---------------------------------------------------------------------------------------+
; Fitter Summary                                                                        ;
+------------------------------------+--------------------------------------------------+
; Fitter Status                      ; Successful - Sat Nov 23 23:54:06 2024            ;
; Quartus II 64-Bit Version          ; 13.0.1 Build 232 06/12/2013 SP 1 SJ Full Version ;
; Revision Name                      ; ALU_LAB3                                         ;
; Top-level Entity Name              ; ALU_LAB3                                         ;
; Family                             ; Cyclone IV E                                     ;
; Device                             ; EP4CE6E22C7                                      ;
; Timing Models                      ; Final                                            ;
; Total logic elements               ; 506 / 6,272 ( 8 % )                              ;
;     Total combinational functions  ; 506 / 6,272 ( 8 % )                              ;
;     Dedicated logic registers      ; 8 / 6,272 ( < 1 % )                              ;
; Total registers                    ; 8                                                ;
; Total pins                         ; 64 / 92 ( 70 % )                                 ;
; Total virtual pins                 ; 0                                                ;
; Total memory bits                  ; 0 / 276,480 ( 0 % )                              ;
; Embedded Multiplier 9-bit elements ; 0 / 30 ( 0 % )                                   ;
; Total PLLs                         ; 0 / 2 ( 0 % )                                    ;
+------------------------------------+--------------------------------------------------+


+------------------------------------------------------------------------------------------------------------------------------------------------------------+
; Fitter Settings                                                                                                                                            ;
+----------------------------------------------------------------------------+---------------------------------------+---------------------------------------+
; Option                                                                     ; Setting                               ; Default Value                         ;
+----------------------------------------------------------------------------+---------------------------------------+---------------------------------------+
; Device                                                                     ; EP4CE6E22C7                           ;                                       ;
; Minimum Core Junction Temperature                                          ; 0                                     ;                                       ;
; Maximum Core Junction Temperature                                          ; 85                                    ;                                       ;
; Fit Attempts to Skip                                                       ; 0                                     ; 0.0                                   ;
; Device I/O Standard                                                        ; 2.5 V                                 ;                                       ;
; Use smart compilation                                                      ; Off                                   ; Off                                   ;
; Enable parallel Assembler and TimeQuest Timing Analyzer during compilation ; On                                    ; On                                    ;
; Enable compact report table                                                ; Off                                   ; Off                                   ;
; Auto Merge PLLs                                                            ; On                                    ; On                                    ;
; Router Timing Optimization Level                                           ; Normal                                ; Normal                                ;
; Perform Clocking Topology Analysis During Routing                          ; Off                                   ; Off                                   ;
; Placement Effort Multiplier                                                ; 1.0                                   ; 1.0                                   ;
; Router Effort Multiplier                                                   ; 1.0                                   ; 1.0                                   ;
; Optimize Hold Timing                                                       ; All Paths                             ; All Paths                             ;
; Optimize Multi-Corner Timing                                               ; On                                    ; On                                    ;
; PowerPlay Power Optimization                                               ; Normal compilation                    ; Normal compilation                    ;
; SSN Optimization                                                           ; Off                                   ; Off                                   ;
; Optimize Timing                                                            ; Normal compilation                    ; Normal compilation                    ;
; Optimize Timing for ECOs                                                   ; Off                                   ; Off                                   ;
; Regenerate full fit report during ECO compiles                             ; Off                                   ; Off                                   ;
; Optimize IOC Register Placement for Timing                                 ; Normal                                ; Normal                                ;
; Limit to One Fitting Attempt                                               ; Off                                   ; Off                                   ;
; Final Placement Optimizations                                              ; Automatically                         ; Automatically                         ;
; Fitter Aggressive Routability Optimizations                                ; Automatically                         ; Automatically                         ;
; Fitter Initial Placement Seed                                              ; 1                                     ; 1                                     ;
; PCI I/O                                                                    ; Off                                   ; Off                                   ;
; Weak Pull-Up Resistor                                                      ; Off                                   ; Off                                   ;
; Enable Bus-Hold Circuitry                                                  ; Off                                   ; Off                                   ;
; Auto Packed Registers                                                      ; Auto                                  ; Auto                                  ;
; Auto Delay Chains                                                          ; On                                    ; On                                    ;
; Auto Delay Chains for High Fanout Input Pins                               ; Off                                   ; Off                                   ;
; Allow Single-ended Buffer for Differential-XSTL Input                      ; Off                                   ; Off                                   ;
; Treat Bidirectional Pin as Output Pin                                      ; Off                                   ; Off                                   ;
; Perform Physical Synthesis for Combinational Logic for Fitting             ; Off                                   ; Off                                   ;
; Perform Physical Synthesis for Combinational Logic for Performance         ; Off                                   ; Off                                   ;
; Perform Register Duplication for Performance                               ; Off                                   ; Off                                   ;
; Perform Logic to Memory Mapping for Fitting                                ; Off                                   ; Off                                   ;
; Perform Register Retiming for Performance                                  ; Off                                   ; Off                                   ;
; Perform Asynchronous Signal Pipelining                                     ; Off                                   ; Off                                   ;
; Fitter Effort                                                              ; Auto Fit                              ; Auto Fit                              ;
; Physical Synthesis Effort Level                                            ; Normal                                ; Normal                                ;
; Logic Cell Insertion - Logic Duplication                                   ; Auto                                  ; Auto                                  ;
; Auto Register Duplication                                                  ; Auto                                  ; Auto                                  ;
; Auto Global Clock                                                          ; On                                    ; On                                    ;
; Auto Global Register Control Signals                                       ; On                                    ; On                                    ;
; Reserve all unused pins                                                    ; As input tri-stated with weak pull-up ; As input tri-stated with weak pull-up ;
; Synchronizer Identification                                                ; Off                                   ; Off                                   ;
; Enable Beneficial Skew Optimization                                        ; On                                    ; On                                    ;
; Optimize Design for Metastability                                          ; On                                    ; On                                    ;
; Force Fitter to Avoid Periphery Placement Warnings                         ; Off                                   ; Off                                   ;
; Enable input tri-state on active configuration pins in user mode           ; Off                                   ; Off                                   ;
+----------------------------------------------------------------------------+---------------------------------------+---------------------------------------+


+------------------------------------------+
; Parallel Compilation                     ;
+----------------------------+-------------+
; Processors                 ; Number      ;
+----------------------------+-------------+
; Number detected on machine ; 20          ;
; Maximum allowed            ; 14          ;
;                            ;             ;
; Average used               ; 2.00        ;
; Maximum used               ; 14          ;
;                            ;             ;
; Usage by Processor         ; % Time Used ;
;     Processor 1            ; 100.0%      ;
;     Processors 2-4         ;  33.3%      ;
;     Processors 5-14        ; < 0.1%      ;
;     Processors 15-20       ;   0.0%      ;
+----------------------------+-------------+


+-------------------------------------------------+
; I/O Assignment Warnings                         ;
+----------+--------------------------------------+
; Pin Name ; Reason                               ;
+----------+--------------------------------------+
; f0       ; Missing drive strength and slew rate ;
; f1       ; Missing drive strength and slew rate ;
; f2       ; Missing drive strength and slew rate ;
; f3       ; Missing drive strength and slew rate ;
; f4       ; Missing drive strength and slew rate ;
; f5       ; Missing drive strength and slew rate ;
; f6       ; Missing drive strength and slew rate ;
; f7       ; Missing drive strength and slew rate ;
; f8       ; Missing drive strength and slew rate ;
; f9       ; Missing drive strength and slew rate ;
; f10      ; Missing drive strength and slew rate ;
; f11      ; Missing drive strength and slew rate ;
; f12      ; Missing drive strength and slew rate ;
; f13      ; Missing drive strength and slew rate ;
; f14      ; Missing drive strength and slew rate ;
; f15      ; Missing drive strength and slew rate ;
+----------+--------------------------------------+


+----------------------------------------------+
; Incremental Compilation Preservation Summary ;
+---------------------+------------------------+
; Type                ; Value                  ;
+---------------------+------------------------+
; Placement (by node) ;                        ;
;     -- Requested    ; 0 / 654 ( 0.00 % )     ;
;     -- Achieved     ; 0 / 654 ( 0.00 % )     ;
;                     ;                        ;
; Routing (by net)    ;                        ;
;     -- Requested    ; 0 / 0 ( 0.00 % )       ;
;     -- Achieved     ; 0 / 0 ( 0.00 % )       ;
+---------------------+------------------------+


+----------------------------------------------------------------------------------------------------------------------------------------------------------------------------------------+
; Incremental Compilation Partition Settings                                                                                                                                             ;
+--------------------------------+----------------+-------------------+-------------------------+------------------------+------------------------------+--------------------------------+
; Partition Name                 ; Partition Type ; Netlist Type Used ; Preservation Level Used ; Netlist Type Requested ; Preservation Level Requested ; Contents                       ;
+--------------------------------+----------------+-------------------+-------------------------+------------------------+------------------------------+--------------------------------+
; Top                            ; User-created   ; Source File       ; N/A                     ; Source File            ; N/A                          ;                                ;
; hard_block:auto_generated_inst ; Auto-generated ; Source File       ; N/A                     ; Source File            ; N/A                          ; hard_block:auto_generated_inst ;
+--------------------------------+----------------+-------------------+-------------------------+------------------------+------------------------------+--------------------------------+


+------------------------------------------------------------------------------------------------------------+
; Incremental Compilation Placement Preservation                                                             ;
+--------------------------------+---------+-------------------+-------------------------+-------------------+
; Partition Name                 ; # Nodes ; # Preserved Nodes ; Preservation Level Used ; Netlist Type Used ;
+--------------------------------+---------+-------------------+-------------------------+-------------------+
; Top                            ; 644     ; 0                 ; N/A                     ; Source File       ;
; hard_block:auto_generated_inst ; 10      ; 0                 ; N/A                     ; Source File       ;
+--------------------------------+---------+-------------------+-------------------------+-------------------+


+--------------+
; Pin-Out File ;
+--------------+
The pin-out file can be found in D:/altera/222/alter/test31/ALULAB3/output_files/ALU_LAB3.pin.


+-------------------------------------------------------------------+
; Fitter Resource Usage Summary                                     ;
+---------------------------------------------+---------------------+
; Resource                                    ; Usage               ;
+---------------------------------------------+---------------------+
; Total logic elements                        ; 506 / 6,272 ( 8 % ) ;
;     -- Combinational with no register       ; 498                 ;
;     -- Register only                        ; 0                   ;
;     -- Combinational with a register        ; 8                   ;
;                                             ;                     ;
; Logic element usage by number of LUT inputs ;                     ;
;     -- 4 input functions                    ; 243                 ;
;     -- 3 input functions                    ; 194                 ;
;     -- <=2 input functions                  ; 69                  ;
;     -- Register only                        ; 0                   ;
;                                             ;                     ;
; Logic elements by mode                      ;                     ;
;     -- normal mode                          ; 401                 ;
;     -- arithmetic mode                      ; 105                 ;
;                                             ;                     ;
; Total registers*                            ; 8 / 6,684 ( < 1 % ) ;
;     -- Dedicated logic registers            ; 8 / 6,272 ( < 1 % ) ;
;     -- I/O registers                        ; 0 / 412 ( 0 % )     ;
;                                             ;                     ;
; Total LABs:  partially or completely used   ; 33 / 392 ( 8 % )    ;
; Virtual pins                                ; 0                   ;
; I/O pins                                    ; 64 / 92 ( 70 % )    ;
;     -- Clock pins                           ; 3 / 3 ( 100 % )     ;
;     -- Dedicated input pins                 ; 0 / 9 ( 0 % )       ;
;                                             ;                     ;
; Global signals                              ; 1                   ;
; M9Ks                                        ; 0 / 30 ( 0 % )      ;
; Total block memory bits                     ; 0 / 276,480 ( 0 % ) ;
; Total block memory implementation bits      ; 0 / 276,480 ( 0 % ) ;
; Embedded Multiplier 9-bit elements          ; 0 / 30 ( 0 % )      ;
; PLLs                                        ; 0 / 2 ( 0 % )       ;
; Global clocks                               ; 1 / 10 ( 10 % )     ;
; JTAGs                                       ; 0 / 1 ( 0 % )       ;
; CRC blocks                                  ; 0 / 1 ( 0 % )       ;
; ASMI blocks                                 ; 0 / 1 ( 0 % )       ;
; Impedance control blocks                    ; 0 / 4 ( 0 % )       ;
; Average interconnect usage (total/H/V)      ; 1% / 1% / 1%        ;
; Peak interconnect usage (total/H/V)         ; 4% / 3% / 5%        ;
; Maximum fan-out                             ; 35                  ;
; Highest non-global fan-out                  ; 35                  ;
; Total fan-out                               ; 1766                ;
; Average fan-out                             ; 2.70                ;
+---------------------------------------------+---------------------+
*  Register count does not include registers inside RAM blocks or DSP blocks.



+---------------------------------------------------------------------------------------------------+
; Fitter Partition Statistics                                                                       ;
+---------------------------------------------+--------------------+--------------------------------+
; Statistic                                   ; Top                ; hard_block:auto_generated_inst ;
+---------------------------------------------+--------------------+--------------------------------+
; Difficulty Clustering Region                ; Low                ; Low                            ;
;                                             ;                    ;                                ;
; Total logic elements                        ; 506 / 6272 ( 8 % ) ; 0 / 6272 ( 0 % )               ;
;     -- Combinational with no register       ; 498                ; 0                              ;
;     -- Register only                        ; 0                  ; 0                              ;
;     -- Combinational with a register        ; 8                  ; 0                              ;
;                                             ;                    ;                                ;
; Logic element usage by number of LUT inputs ;                    ;                                ;
;     -- 4 input functions                    ; 243                ; 0                              ;
;     -- 3 input functions                    ; 194                ; 0                              ;
;     -- <=2 input functions                  ; 69                 ; 0                              ;
;     -- Register only                        ; 0                  ; 0                              ;
;                                             ;                    ;                                ;
; Logic elements by mode                      ;                    ;                                ;
;     -- normal mode                          ; 401                ; 0                              ;
;     -- arithmetic mode                      ; 105                ; 0                              ;
;                                             ;                    ;                                ;
; Total registers                             ; 8                  ; 0                              ;
;     -- Dedicated logic registers            ; 8 / 6272 ( < 1 % ) ; 0 / 6272 ( 0 % )               ;
;                                             ;                    ;                                ;
; Total LABs:  partially or completely used   ; 33 / 392 ( 8 % )   ; 0 / 392 ( 0 % )                ;
;                                             ;                    ;                                ;
; Virtual pins                                ; 0                  ; 0                              ;
; I/O pins                                    ; 64                 ; 0                              ;
; Embedded Multiplier 9-bit elements          ; 0 / 30 ( 0 % )     ; 0 / 30 ( 0 % )                 ;
; Total memory bits                           ; 0                  ; 0                              ;
; Total RAM block bits                        ; 0                  ; 0                              ;
; Clock control block                         ; 1 / 12 ( 8 % )     ; 0 / 12 ( 0 % )                 ;
;                                             ;                    ;                                ;
; Connections                                 ;                    ;                                ;
;     -- Input Connections                    ; 0                  ; 0                              ;
;     -- Registered Input Connections         ; 0                  ; 0                              ;
;     -- Output Connections                   ; 0                  ; 0                              ;
;     -- Registered Output Connections        ; 0                  ; 0                              ;
;                                             ;                    ;                                ;
; Internal Connections                        ;                    ;                                ;
;     -- Total Connections                    ; 1761               ; 5                              ;
;     -- Registered Connections               ; 30                 ; 0                              ;
;                                             ;                    ;                                ;
; External Connections                        ;                    ;                                ;
;     -- Top                                  ; 0                  ; 0                              ;
;     -- hard_block:auto_generated_inst       ; 0                  ; 0                              ;
;                                             ;                    ;                                ;
; Partition Interface                         ;                    ;                                ;
;     -- Input Ports                          ; 48                 ; 0                              ;
;     -- Output Ports                         ; 16                 ; 0                              ;
;     -- Bidir Ports                          ; 0                  ; 0                              ;
;                                             ;                    ;                                ;
; Registered Ports                            ;                    ;                                ;
;     -- Registered Input Ports               ; 0                  ; 0                              ;
;     -- Registered Output Ports              ; 0                  ; 0                              ;
;                                             ;                    ;                                ;
; Port Connectivity                           ;                    ;                                ;
;     -- Input Ports driven by GND            ; 0                  ; 0                              ;
;     -- Output Ports driven by GND           ; 0                  ; 0                              ;
;     -- Input Ports driven by VCC            ; 0                  ; 0                              ;
;     -- Output Ports driven by VCC           ; 0                  ; 0                              ;
;     -- Input Ports with no Source           ; 0                  ; 0                              ;
;     -- Output Ports with no Source          ; 0                  ; 0                              ;
;     -- Input Ports with no Fanout           ; 0                  ; 0                              ;
;     -- Output Ports with no Fanout          ; 0                  ; 0                              ;
+---------------------------------------------+--------------------+--------------------------------+


+---------------------------------------------------------------------------------------------------------------------------------------------------------------------------------------------------------------------------------------------------------------------------------+
; Input Pins                                                                                                                                                                                                                                                                      ;
+------------+-------+----------+--------------+--------------+--------------+-----------------------+--------------------+--------+----------------+---------------+-----------------+----------+--------------+--------------+---------------------------+----------------------+
; Name       ; Pin # ; I/O Bank ; X coordinate ; Y coordinate ; Z coordinate ; Combinational Fan-Out ; Registered Fan-Out ; Global ; Input Register ; Power Up High ; PCI I/O Enabled ; Bus Hold ; Weak Pull Up ; I/O Standard ; Termination Control Block ; Location assigned by ;
+------------+-------+----------+--------------+--------------+--------------+-----------------------+--------------------+--------+----------------+---------------+-----------------+----------+--------------+--------------+---------------------------+----------------------+
; ADDCHOOSE1 ; 64    ; 4        ; 25           ; 0            ; 0            ; 17                    ; 0                  ; no     ; no             ; no            ; yes             ; no       ; Off          ; 2.5 V        ; --                        ; Fitter               ;
; CN         ; 54    ; 4        ; 18           ; 0            ; 21           ; 3                     ; 0                  ; no     ; no             ; no            ; yes             ; no       ; Off          ; 2.5 V        ; --                        ; Fitter               ;
; CXCHOSE1   ; 124   ; 7        ; 18           ; 24           ; 14           ; 9                     ; 0                  ; no     ; no             ; no            ; yes             ; no       ; Off          ; 2.5 V        ; --                        ; Fitter               ;
; DIVchoose1 ; 87    ; 5        ; 34           ; 10           ; 7            ; 17                    ; 0                  ; no     ; no             ; no            ; yes             ; no       ; Off          ; 2.5 V        ; --                        ; Fitter               ;
; M          ; 60    ; 4        ; 23           ; 0            ; 7            ; 16                    ; 0                  ; no     ; no             ; no            ; yes             ; no       ; Off          ; 2.5 V        ; --                        ; Fitter               ;
; MULchoose1 ; 84    ; 5        ; 34           ; 9            ; 14           ; 17                    ; 0                  ; no     ; no             ; no            ; yes             ; no       ; Off          ; 2.5 V        ; --                        ; Fitter               ;
; YWCHOOSE1  ; 55    ; 4        ; 18           ; 0            ; 14           ; 9                     ; 0                  ; no     ; no             ; no            ; yes             ; no       ; Off          ; 2.5 V        ; --                        ; Fitter               ;
; YWCLK      ; 23    ; 1        ; 0            ; 11           ; 7            ; 8                     ; 0                  ; yes    ; no             ; no            ; yes             ; no       ; Off          ; 2.5 V        ; --                        ; Fitter               ;
; YWFUHAO    ; 128   ; 8        ; 16           ; 24           ; 14           ; 1                     ; 0                  ; no     ; no             ; no            ; yes             ; no       ; Off          ; 2.5 V        ; --                        ; Fitter               ;
; YWS0       ; 126   ; 7        ; 16           ; 24           ; 0            ; 13                    ; 0                  ; no     ; no             ; no            ; yes             ; no       ; Off          ; 2.5 V        ; --                        ; Fitter               ;
; YWS1       ; 132   ; 8        ; 13           ; 24           ; 14           ; 11                    ; 0                  ; no     ; no             ; no            ; yes             ; no       ; Off          ; 2.5 V        ; --                        ; Fitter               ;
; a0         ; 114   ; 7        ; 28           ; 24           ; 14           ; 19                    ; 0                  ; no     ; no             ; no            ; yes             ; no       ; Off          ; 2.5 V        ; --                        ; Fitter               ;
; a1         ; 113   ; 7        ; 28           ; 24           ; 7            ; 15                    ; 0                  ; no     ; no             ; no            ; yes             ; no       ; Off          ; 2.5 V        ; --                        ; Fitter               ;
; a10        ; 88    ; 5        ; 34           ; 12           ; 21           ; 4                     ; 0                  ; no     ; no             ; no            ; yes             ; no       ; Off          ; 2.5 V        ; --                        ; Fitter               ;
; a11        ; 67    ; 4        ; 30           ; 0            ; 21           ; 4                     ; 0                  ; no     ; no             ; no            ; yes             ; no       ; Off          ; 2.5 V        ; --                        ; Fitter               ;
; a12        ; 85    ; 5        ; 34           ; 9            ; 7            ; 4                     ; 0                  ; no     ; no             ; no            ; yes             ; no       ; Off          ; 2.5 V        ; --                        ; Fitter               ;
; a13        ; 70    ; 4        ; 32           ; 0            ; 21           ; 4                     ; 0                  ; no     ; no             ; no            ; yes             ; no       ; Off          ; 2.5 V        ; --                        ; Fitter               ;
; a14        ; 112   ; 7        ; 28           ; 24           ; 0            ; 5                     ; 0                  ; no     ; no             ; no            ; yes             ; no       ; Off          ; 2.5 V        ; --                        ; Fitter               ;
; a15        ; 106   ; 6        ; 34           ; 20           ; 7            ; 5                     ; 0                  ; no     ; no             ; no            ; yes             ; no       ; Off          ; 2.5 V        ; --                        ; Fitter               ;
; a2         ; 119   ; 7        ; 23           ; 24           ; 0            ; 20                    ; 0                  ; no     ; no             ; no            ; yes             ; no       ; Off          ; 2.5 V        ; --                        ; Fitter               ;
; a3         ; 120   ; 7        ; 23           ; 24           ; 7            ; 20                    ; 0                  ; no     ; no             ; no            ; yes             ; no       ; Off          ; 2.5 V        ; --                        ; Fitter               ;
; a4         ; 129   ; 8        ; 16           ; 24           ; 21           ; 20                    ; 0                  ; no     ; no             ; no            ; yes             ; no       ; Off          ; 2.5 V        ; --                        ; Fitter               ;
; a5         ; 125   ; 7        ; 18           ; 24           ; 21           ; 20                    ; 0                  ; no     ; no             ; no            ; yes             ; no       ; Off          ; 2.5 V        ; --                        ; Fitter               ;
; a6         ; 111   ; 7        ; 30           ; 24           ; 21           ; 19                    ; 0                  ; no     ; no             ; no            ; yes             ; no       ; Off          ; 2.5 V        ; --                        ; Fitter               ;
; a7         ; 110   ; 7        ; 30           ; 24           ; 0            ; 21                    ; 0                  ; no     ; no             ; no            ; yes             ; no       ; Off          ; 2.5 V        ; --                        ; Fitter               ;
; a8         ; 28    ; 2        ; 0            ; 9            ; 7            ; 4                     ; 0                  ; no     ; no             ; no            ; yes             ; no       ; Off          ; 2.5 V        ; --                        ; Fitter               ;
; a9         ; 89    ; 5        ; 34           ; 12           ; 14           ; 4                     ; 0                  ; no     ; no             ; no            ; yes             ; no       ; Off          ; 2.5 V        ; --                        ; Fitter               ;
; b0         ; 99    ; 6        ; 34           ; 17           ; 14           ; 35                    ; 0                  ; no     ; no             ; no            ; yes             ; no       ; Off          ; 2.5 V        ; --                        ; Fitter               ;
; b1         ; 100   ; 6        ; 34           ; 17           ; 0            ; 35                    ; 0                  ; no     ; no             ; no            ; yes             ; no       ; Off          ; 2.5 V        ; --                        ; Fitter               ;
; b10        ; 24    ; 2        ; 0            ; 11           ; 14           ; 2                     ; 0                  ; no     ; no             ; no            ; yes             ; no       ; Off          ; 2.5 V        ; --                        ; Fitter               ;
; b11        ; 25    ; 2        ; 0            ; 11           ; 21           ; 2                     ; 0                  ; no     ; no             ; no            ; yes             ; no       ; Off          ; 2.5 V        ; --                        ; Fitter               ;
; b12        ; 49    ; 3        ; 13           ; 0            ; 14           ; 2                     ; 0                  ; no     ; no             ; no            ; yes             ; no       ; Off          ; 2.5 V        ; --                        ; Fitter               ;
; b13        ; 69    ; 4        ; 30           ; 0            ; 0            ; 2                     ; 0                  ; no     ; no             ; no            ; yes             ; no       ; Off          ; 2.5 V        ; --                        ; Fitter               ;
; b14        ; 75    ; 5        ; 34           ; 3            ; 21           ; 2                     ; 0                  ; no     ; no             ; no            ; yes             ; no       ; Off          ; 2.5 V        ; --                        ; Fitter               ;
; b15        ; 76    ; 5        ; 34           ; 4            ; 21           ; 2                     ; 0                  ; no     ; no             ; no            ; yes             ; no       ; Off          ; 2.5 V        ; --                        ; Fitter               ;
; b2         ; 104   ; 6        ; 34           ; 18           ; 0            ; 32                    ; 0                  ; no     ; no             ; no            ; yes             ; no       ; Off          ; 2.5 V        ; --                        ; Fitter               ;
; b3         ; 98    ; 6        ; 34           ; 17           ; 21           ; 34                    ; 0                  ; no     ; no             ; no            ; yes             ; no       ; Off          ; 2.5 V        ; --                        ; Fitter               ;
; b4         ; 105   ; 6        ; 34           ; 19           ; 14           ; 30                    ; 0                  ; no     ; no             ; no            ; yes             ; no       ; Off          ; 2.5 V        ; --                        ; Fitter               ;
; b5         ; 121   ; 7        ; 23           ; 24           ; 14           ; 31                    ; 0                  ; no     ; no             ; no            ; yes             ; no       ; Off          ; 2.5 V        ; --                        ; Fitter               ;
; b6         ; 115   ; 7        ; 28           ; 24           ; 21           ; 32                    ; 0                  ; no     ; no             ; no            ; yes             ; no       ; Off          ; 2.5 V        ; --                        ; Fitter               ;
; b7         ; 103   ; 6        ; 34           ; 18           ; 14           ; 35                    ; 0                  ; no     ; no             ; no            ; yes             ; no       ; Off          ; 2.5 V        ; --                        ; Fitter               ;
; b8         ; 73    ; 5        ; 34           ; 2            ; 21           ; 2                     ; 0                  ; no     ; no             ; no            ; yes             ; no       ; Off          ; 2.5 V        ; --                        ; Fitter               ;
; b9         ; 68    ; 4        ; 30           ; 0            ; 7            ; 2                     ; 0                  ; no     ; no             ; no            ; yes             ; no       ; Off          ; 2.5 V        ; --                        ; Fitter               ;
; s0ADD      ; 59    ; 4        ; 23           ; 0            ; 14           ; 16                    ; 0                  ; no     ; no             ; no            ; yes             ; no       ; Off          ; 2.5 V        ; --                        ; Fitter               ;
; s1ADD      ; 86    ; 5        ; 34           ; 9            ; 0            ; 16                    ; 0                  ; no     ; no             ; no            ; yes             ; no       ; Off          ; 2.5 V        ; --                        ; Fitter               ;
; s2ADD      ; 83    ; 5        ; 34           ; 9            ; 21           ; 16                    ; 0                  ; no     ; no             ; no            ; yes             ; no       ; Off          ; 2.5 V        ; --                        ; Fitter               ;
; s3ADD      ; 66    ; 4        ; 28           ; 0            ; 0            ; 16                    ; 0                  ; no     ; no             ; no            ; yes             ; no       ; Off          ; 2.5 V        ; --                        ; Fitter               ;
; sp_choose  ; 51    ; 3        ; 16           ; 0            ; 21           ; 7                     ; 0                  ; no     ; no             ; no            ; yes             ; no       ; Off          ; 2.5 V        ; --                        ; Fitter               ;
+------------+-------+----------+--------------+--------------+--------------+-----------------------+--------------------+--------+----------------+---------------+-----------------+----------+--------------+--------------+---------------------------+----------------------+


+-------------------------------------------------------------------------------------------------------------------------------------------------------------------------------------------------------------------------------------------------------------------------------------------------------------------------------------------------------------------------------------------------------------------------------------------------------+
; Output Pins                                                                                                                                                                                                                                                                                                                                                                                                                                           ;
+------+-------+----------+--------------+--------------+--------------+-----------------+------------------------+---------------+-----------+-----------------+------------+---------------+----------+--------------+--------------+------------------+-----------------------------------+---------------------------+----------------------------+-----------------------------+----------------------+----------------------+---------------------+
; Name ; Pin # ; I/O Bank ; X coordinate ; Y coordinate ; Z coordinate ; Output Register ; Output Enable Register ; Power Up High ; Slew Rate ; PCI I/O Enabled ; Open Drain ; TRI Primitive ; Bus Hold ; Weak Pull Up ; I/O Standard ; Current Strength ; Termination                       ; Termination Control Block ; Output Buffer Pre-emphasis ; Voltage Output Differential ; Location assigned by ; Output Enable Source ; Output Enable Group ;
+------+-------+----------+--------------+--------------+--------------+-----------------+------------------------+---------------+-----------+-----------------+------------+---------------+----------+--------------+--------------+------------------+-----------------------------------+---------------------------+----------------------------+-----------------------------+----------------------+----------------------+---------------------+
; f0   ; 136   ; 8        ; 9            ; 24           ; 7            ; no              ; no                     ; no            ; 2         ; no              ; no         ; no            ; no       ; Off          ; 2.5 V        ; Default          ; Series 50 Ohm without Calibration ; --                        ; no                         ; no                          ; Fitter               ; -                    ; -                   ;
; f1   ; 137   ; 8        ; 7            ; 24           ; 0            ; no              ; no                     ; no            ; 2         ; no              ; no         ; no            ; no       ; Off          ; 2.5 V        ; Default          ; Series 50 Ohm without Calibration ; --                        ; no                         ; no                          ; Fitter               ; -                    ; -                   ;
; f10  ; 80    ; 5        ; 34           ; 7            ; 7            ; no              ; no                     ; no            ; 2         ; no              ; no         ; no            ; no       ; Off          ; 2.5 V        ; Default          ; Series 50 Ohm without Calibration ; --                        ; no                         ; no                          ; Fitter               ; -                    ; -                   ;
; f11  ; 65    ; 4        ; 28           ; 0            ; 21           ; no              ; no                     ; no            ; 2         ; no              ; no         ; no            ; no       ; Off          ; 2.5 V        ; Default          ; Series 50 Ohm without Calibration ; --                        ; no                         ; no                          ; Fitter               ; -                    ; -                   ;
; f12  ; 52    ; 3        ; 16           ; 0            ; 7            ; no              ; no                     ; no            ; 2         ; no              ; no         ; no            ; no       ; Off          ; 2.5 V        ; Default          ; Series 50 Ohm without Calibration ; --                        ; no                         ; no                          ; Fitter               ; -                    ; -                   ;
; f13  ; 77    ; 5        ; 34           ; 4            ; 14           ; no              ; no                     ; no            ; 2         ; no              ; no         ; no            ; no       ; Off          ; 2.5 V        ; Default          ; Series 50 Ohm without Calibration ; --                        ; no                         ; no                          ; Fitter               ; -                    ; -                   ;
; f14  ; 138   ; 8        ; 7            ; 24           ; 7            ; no              ; no                     ; no            ; 2         ; no              ; no         ; no            ; no       ; Off          ; 2.5 V        ; Default          ; Series 50 Ohm without Calibration ; --                        ; no                         ; no                          ; Fitter               ; -                    ; -                   ;
; f15  ; 58    ; 4        ; 21           ; 0            ; 7            ; no              ; no                     ; no            ; 2         ; no              ; no         ; no            ; no       ; Off          ; 2.5 V        ; Default          ; Series 50 Ohm without Calibration ; --                        ; no                         ; no                          ; Fitter               ; -                    ; -                   ;
; f2   ; 71    ; 4        ; 32           ; 0            ; 14           ; no              ; no                     ; no            ; 2         ; no              ; no         ; no            ; no       ; Off          ; 2.5 V        ; Default          ; Series 50 Ohm without Calibration ; --                        ; no                         ; no                          ; Fitter               ; -                    ; -                   ;
; f3   ; 135   ; 8        ; 11           ; 24           ; 14           ; no              ; no                     ; no            ; 2         ; no              ; no         ; no            ; no       ; Off          ; 2.5 V        ; Default          ; Series 50 Ohm without Calibration ; --                        ; no                         ; no                          ; Fitter               ; -                    ; -                   ;
; f4   ; 127   ; 7        ; 16           ; 24           ; 7            ; no              ; no                     ; no            ; 2         ; no              ; no         ; no            ; no       ; Off          ; 2.5 V        ; Default          ; Series 50 Ohm without Calibration ; --                        ; no                         ; no                          ; Fitter               ; -                    ; -                   ;
; f5   ; 72    ; 4        ; 32           ; 0            ; 7            ; no              ; no                     ; no            ; 2         ; no              ; no         ; no            ; no       ; Off          ; 2.5 V        ; Default          ; Series 50 Ohm without Calibration ; --                        ; no                         ; no                          ; Fitter               ; -                    ; -                   ;
; f6   ; 133   ; 8        ; 13           ; 24           ; 21           ; no              ; no                     ; no            ; 2         ; no              ; no         ; no            ; no       ; Off          ; 2.5 V        ; Default          ; Series 50 Ohm without Calibration ; --                        ; no                         ; no                          ; Fitter               ; -                    ; -                   ;
; f7   ; 53    ; 3        ; 16           ; 0            ; 0            ; no              ; no                     ; no            ; 2         ; no              ; no         ; no            ; no       ; Off          ; 2.5 V        ; Default          ; Series 50 Ohm without Calibration ; --                        ; no                         ; no                          ; Fitter               ; -                    ; -                   ;
; f8   ; 50    ; 3        ; 13           ; 0            ; 0            ; no              ; no                     ; no            ; 2         ; no              ; no         ; no            ; no       ; Off          ; 2.5 V        ; Default          ; Series 50 Ohm without Calibration ; --                        ; no                         ; no                          ; Fitter               ; -                    ; -                   ;
; f9   ; 74    ; 5        ; 34           ; 2            ; 14           ; no              ; no                     ; no            ; 2         ; no              ; no         ; no            ; no       ; Off          ; 2.5 V        ; Default          ; Series 50 Ohm without Calibration ; --                        ; no                         ; no                          ; Fitter               ; -                    ; -                   ;
+------+-------+----------+--------------+--------------+--------------+-----------------+------------------------+---------------+-----------+-----------------+------------+---------------+----------+--------------+--------------+------------------+-----------------------------------+---------------------------+----------------------------+-----------------------------+----------------------+----------------------+---------------------+


+-------------------------------------------------------------------------------------------------------------------------+
; Dual Purpose and Dedicated Pins                                                                                         ;
+----------+-----------------------------+--------------------------+-------------------------+---------------------------+
; Location ; Pin Name                    ; Reserved As              ; User Signal Name        ; Pin Type                  ;
+----------+-----------------------------+--------------------------+-------------------------+---------------------------+
; 6        ; DIFFIO_L1n, DATA1, ASDO     ; As input tri-stated      ; ~ALTERA_ASDO_DATA1~     ; Dual Purpose Pin          ;
; 8        ; DIFFIO_L2p, FLASH_nCE, nCSO ; As input tri-stated      ; ~ALTERA_FLASH_nCE_nCSO~ ; Dual Purpose Pin          ;
; 9        ; nSTATUS                     ; -                        ; -                       ; Dedicated Programming Pin ;
; 12       ; DCLK                        ; As output driving ground ; ~ALTERA_DCLK~           ; Dual Purpose Pin          ;
; 13       ; DATA0                       ; As input tri-stated      ; ~ALTERA_DATA0~          ; Dual Purpose Pin          ;
; 14       ; nCONFIG                     ; -                        ; -                       ; Dedicated Programming Pin ;
; 21       ; nCE                         ; -                        ; -                       ; Dedicated Programming Pin ;
; 86       ; DIFFIO_R7n, DEV_OE          ; Use as regular IO        ; s1ADD                   ; Dual Purpose Pin          ;
; 87       ; DIFFIO_R7p, DEV_CLRn        ; Use as regular IO        ; DIVchoose1              ; Dual Purpose Pin          ;
; 92       ; CONF_DONE                   ; -                        ; -                       ; Dedicated Programming Pin ;
; 94       ; MSEL0                       ; -                        ; -                       ; Dedicated Programming Pin ;
; 96       ; MSEL1                       ; -                        ; -                       ; Dedicated Programming Pin ;
; 97       ; MSEL2                       ; -                        ; -                       ; Dedicated Programming Pin ;
; 97       ; MSEL3                       ; -                        ; -                       ; Dedicated Programming Pin ;
; 98       ; DIFFIO_R4n, INIT_DONE       ; Use as regular IO        ; b3                      ; Dual Purpose Pin          ;
; 99       ; DIFFIO_R4p, CRC_ERROR       ; Use as regular IO        ; b0                      ; Dual Purpose Pin          ;
; 101      ; DIFFIO_R3n, nCEO            ; Use as programming pin   ; ~ALTERA_nCEO~           ; Dual Purpose Pin          ;
; 103      ; DIFFIO_R3p, CLKUSR          ; Use as regular IO        ; b7                      ; Dual Purpose Pin          ;
; 132      ; DIFFIO_T10n, DATA2          ; Use as regular IO        ; YWS1                    ; Dual Purpose Pin          ;
; 133      ; DIFFIO_T10p, DATA3          ; Use as regular IO        ; f6                      ; Dual Purpose Pin          ;
; 137      ; DATA5                       ; Use as regular IO        ; f1                      ; Dual Purpose Pin          ;
; 138      ; DATA6                       ; Use as regular IO        ; f14                     ; Dual Purpose Pin          ;
+----------+-----------------------------+--------------------------+-------------------------+---------------------------+


+-------------------------------------------------------------+
; I/O Bank Usage                                              ;
+----------+-------------------+---------------+--------------+
; I/O Bank ; Usage             ; VCCIO Voltage ; VREF Voltage ;
+----------+-------------------+---------------+--------------+
; 1        ; 5 / 11 ( 45 % )   ; 2.5V          ; --           ;
; 2        ; 3 / 8 ( 38 % )    ; 2.5V          ; --           ;
; 3        ; 5 / 11 ( 45 % )   ; 2.5V          ; --           ;
; 4        ; 14 / 14 ( 100 % ) ; 2.5V          ; --           ;
; 5        ; 13 / 13 ( 100 % ) ; 2.5V          ; --           ;
; 6        ; 8 / 10 ( 80 % )   ; 2.5V          ; --           ;
; 7        ; 13 / 13 ( 100 % ) ; 2.5V          ; --           ;
; 8        ; 8 / 12 ( 67 % )   ; 2.5V          ; --           ;
+----------+-------------------+---------------+--------------+


+-----------------------------------------------------------------------------------------------------------------------------------------------------------------------------------------+
; All Package Pins                                                                                                                                                                        ;
+----------+------------+----------+-----------------------------------------------------------+--------+--------------+---------+------------+-----------------+----------+--------------+
; Location ; Pad Number ; I/O Bank ; Pin Name/Usage                                            ; Dir.   ; I/O Standard ; Voltage ; I/O Type   ; User Assignment ; Bus Hold ; Weak Pull Up ;
+----------+------------+----------+-----------------------------------------------------------+--------+--------------+---------+------------+-----------------+----------+--------------+
; 1        ; 0          ; 1        ; RESERVED_INPUT_WITH_WEAK_PULLUP                           ;        ;              ;         ; Row I/O    ;                 ; no       ; On           ;
; 2        ; 1          ; 1        ; RESERVED_INPUT_WITH_WEAK_PULLUP                           ;        ;              ;         ; Row I/O    ;                 ; no       ; On           ;
; 3        ; 2          ; 1        ; RESERVED_INPUT_WITH_WEAK_PULLUP                           ;        ;              ;         ; Row I/O    ;                 ; no       ; On           ;
; 4        ;            ;          ; GND                                                       ; gnd    ;              ;         ; --         ;                 ; --       ; --           ;
; 5        ;            ;          ; VCCINT                                                    ; power  ;              ; 1.2V    ; --         ;                 ; --       ; --           ;
; 6        ; 5          ; 1        ; ~ALTERA_ASDO_DATA1~ / RESERVED_INPUT_WITH_WEAK_PULLUP     ; input  ; 2.5 V        ;         ; Row I/O    ; N               ; no       ; On           ;
; 7        ; 6          ; 1        ; RESERVED_INPUT_WITH_WEAK_PULLUP                           ;        ;              ;         ; Row I/O    ;                 ; --       ; --           ;
; 8        ; 7          ; 1        ; ~ALTERA_FLASH_nCE_nCSO~ / RESERVED_INPUT_WITH_WEAK_PULLUP ; input  ; 2.5 V        ;         ; Row I/O    ; N               ; no       ; On           ;
; 9        ; 9          ; 1        ; ^nSTATUS                                                  ;        ;              ;         ; --         ;                 ; --       ; --           ;
; 10       ; 13         ; 1        ; RESERVED_INPUT_WITH_WEAK_PULLUP                           ;        ;              ;         ; Row I/O    ;                 ; no       ; On           ;
; 11       ; 14         ; 1        ; RESERVED_INPUT_WITH_WEAK_PULLUP                           ;        ;              ;         ; Row I/O    ;                 ; no       ; On           ;
; 12       ; 15         ; 1        ; ~ALTERA_DCLK~                                             ; output ; 2.5 V        ;         ; Row I/O    ; N               ; no       ; On           ;
; 13       ; 16         ; 1        ; ~ALTERA_DATA0~ / RESERVED_INPUT_WITH_WEAK_PULLUP          ; input  ; 2.5 V        ;         ; Row I/O    ; N               ; no       ; On           ;
; 14       ; 17         ; 1        ; ^nCONFIG                                                  ;        ;              ;         ; --         ;                 ; --       ; --           ;
; 15       ; 18         ; 1        ; #TDI                                                      ; input  ;              ;         ; --         ;                 ; --       ; --           ;
; 16       ; 19         ; 1        ; #TCK                                                      ; input  ;              ;         ; --         ;                 ; --       ; --           ;
; 17       ;            ; 1        ; VCCIO1                                                    ; power  ;              ; 2.5V    ; --         ;                 ; --       ; --           ;
; 18       ; 20         ; 1        ; #TMS                                                      ; input  ;              ;         ; --         ;                 ; --       ; --           ;
; 19       ;            ;          ; GND                                                       ; gnd    ;              ;         ; --         ;                 ; --       ; --           ;
; 20       ; 21         ; 1        ; #TDO                                                      ; output ;              ;         ; --         ;                 ; --       ; --           ;
; 21       ; 22         ; 1        ; ^nCE                                                      ;        ;              ;         ; --         ;                 ; --       ; --           ;
; 22       ;            ;          ; GND                                                       ; gnd    ;              ;         ; --         ;                 ; --       ; --           ;
; 23       ; 24         ; 1        ; YWCLK                                                     ; input  ; 2.5 V        ;         ; Row I/O    ; N               ; no       ; Off          ;
; 24       ; 25         ; 2        ; b10                                                       ; input  ; 2.5 V        ;         ; Row I/O    ; N               ; no       ; Off          ;
; 25       ; 26         ; 2        ; b11                                                       ; input  ; 2.5 V        ;         ; Row I/O    ; N               ; no       ; Off          ;
; 26       ;            ; 2        ; VCCIO2                                                    ; power  ;              ; 2.5V    ; --         ;                 ; --       ; --           ;
; 27       ;            ;          ; GND                                                       ; gnd    ;              ;         ; --         ;                 ; --       ; --           ;
; 28       ; 31         ; 2        ; a8                                                        ; input  ; 2.5 V        ;         ; Row I/O    ; N               ; no       ; Off          ;
; 29       ;            ;          ; VCCINT                                                    ; power  ;              ; 1.2V    ; --         ;                 ; --       ; --           ;
; 30       ; 34         ; 2        ; RESERVED_INPUT_WITH_WEAK_PULLUP                           ;        ;              ;         ; Row I/O    ;                 ; no       ; On           ;
; 31       ; 36         ; 2        ; RESERVED_INPUT_WITH_WEAK_PULLUP                           ;        ;              ;         ; Row I/O    ;                 ; --       ; --           ;
; 32       ; 39         ; 2        ; RESERVED_INPUT_WITH_WEAK_PULLUP                           ;        ;              ;         ; Row I/O    ;                 ; no       ; On           ;
; 33       ; 40         ; 2        ; RESERVED_INPUT_WITH_WEAK_PULLUP                           ;        ;              ;         ; Row I/O    ;                 ; no       ; On           ;
; 34       ; 41         ; 2        ; RESERVED_INPUT_WITH_WEAK_PULLUP                           ;        ;              ;         ; Row I/O    ;                 ; no       ; On           ;
; 35       ;            ; --       ; VCCA1                                                     ; power  ;              ; 2.5V    ; --         ;                 ; --       ; --           ;
; 36       ;            ;          ; GNDA1                                                     ; gnd    ;              ;         ; --         ;                 ; --       ; --           ;
; 37       ;            ;          ; VCCD_PLL1                                                 ; power  ;              ; 1.2V    ; --         ;                 ; --       ; --           ;
; 38       ; 45         ; 3        ; RESERVED_INPUT_WITH_WEAK_PULLUP                           ;        ;              ;         ; Column I/O ;                 ; no       ; On           ;
; 39       ; 46         ; 3        ; RESERVED_INPUT_WITH_WEAK_PULLUP                           ;        ;              ;         ; Column I/O ;                 ; no       ; On           ;
; 40       ;            ; 3        ; VCCIO3                                                    ; power  ;              ; 2.5V    ; --         ;                 ; --       ; --           ;
; 41       ;            ;          ; GND                                                       ; gnd    ;              ;         ; --         ;                 ; --       ; --           ;
; 42       ; 52         ; 3        ; RESERVED_INPUT_WITH_WEAK_PULLUP                           ;        ;              ;         ; Column I/O ;                 ; no       ; On           ;
; 43       ; 53         ; 3        ; RESERVED_INPUT_WITH_WEAK_PULLUP                           ;        ;              ;         ; Column I/O ;                 ; no       ; On           ;
; 44       ; 54         ; 3        ; RESERVED_INPUT_WITH_WEAK_PULLUP                           ;        ;              ;         ; Column I/O ;                 ; no       ; On           ;
; 45       ;            ;          ; VCCINT                                                    ; power  ;              ; 1.2V    ; --         ;                 ; --       ; --           ;
; 46       ; 58         ; 3        ; RESERVED_INPUT_WITH_WEAK_PULLUP                           ;        ;              ;         ; Column I/O ;                 ; --       ; --           ;
; 47       ;            ; 3        ; VCCIO3                                                    ; power  ;              ; 2.5V    ; --         ;                 ; --       ; --           ;
; 48       ;            ;          ; GND                                                       ; gnd    ;              ;         ; --         ;                 ; --       ; --           ;
; 49       ; 68         ; 3        ; b12                                                       ; input  ; 2.5 V        ;         ; Column I/O ; N               ; no       ; Off          ;
; 50       ; 69         ; 3        ; f8                                                        ; output ; 2.5 V        ;         ; Column I/O ; N               ; no       ; Off          ;
; 51       ; 70         ; 3        ; sp_choose                                                 ; input  ; 2.5 V        ;         ; Column I/O ; N               ; no       ; Off          ;
; 52       ; 72         ; 3        ; f12                                                       ; output ; 2.5 V        ;         ; Column I/O ; N               ; no       ; Off          ;
; 53       ; 73         ; 3        ; f7                                                        ; output ; 2.5 V        ;         ; Column I/O ; N               ; no       ; Off          ;
; 54       ; 74         ; 4        ; CN                                                        ; input  ; 2.5 V        ;         ; Column I/O ; N               ; no       ; Off          ;
; 55       ; 75         ; 4        ; YWCHOOSE1                                                 ; input  ; 2.5 V        ;         ; Column I/O ; N               ; no       ; Off          ;
; 56       ;            ; 4        ; VCCIO4                                                    ; power  ;              ; 2.5V    ; --         ;                 ; --       ; --           ;
; 57       ;            ;          ; GND                                                       ; gnd    ;              ;         ; --         ;                 ; --       ; --           ;
; 58       ; 80         ; 4        ; f15                                                       ; output ; 2.5 V        ;         ; Column I/O ; N               ; no       ; Off          ;
; 59       ; 83         ; 4        ; s0ADD                                                     ; input  ; 2.5 V        ;         ; Column I/O ; N               ; no       ; Off          ;
; 60       ; 84         ; 4        ; M                                                         ; input  ; 2.5 V        ;         ; Column I/O ; N               ; no       ; Off          ;
; 61       ;            ;          ; VCCINT                                                    ; power  ;              ; 1.2V    ; --         ;                 ; --       ; --           ;
; 62       ;            ; 4        ; VCCIO4                                                    ; power  ;              ; 2.5V    ; --         ;                 ; --       ; --           ;
; 63       ;            ;          ; GND                                                       ; gnd    ;              ;         ; --         ;                 ; --       ; --           ;
; 64       ; 89         ; 4        ; ADDCHOOSE1                                                ; input  ; 2.5 V        ;         ; Column I/O ; N               ; no       ; Off          ;
; 65       ; 90         ; 4        ; f11                                                       ; output ; 2.5 V        ;         ; Column I/O ; N               ; no       ; Off          ;
; 66       ; 93         ; 4        ; s3ADD                                                     ; input  ; 2.5 V        ;         ; Column I/O ; N               ; no       ; Off          ;
; 67       ; 94         ; 4        ; a11                                                       ; input  ; 2.5 V        ;         ; Column I/O ; N               ; no       ; Off          ;
; 68       ; 96         ; 4        ; b9                                                        ; input  ; 2.5 V        ;         ; Column I/O ; N               ; no       ; Off          ;
; 69       ; 97         ; 4        ; b13                                                       ; input  ; 2.5 V        ;         ; Column I/O ; N               ; no       ; Off          ;
; 70       ; 98         ; 4        ; a13                                                       ; input  ; 2.5 V        ;         ; Column I/O ; N               ; no       ; Off          ;
; 71       ; 99         ; 4        ; f2                                                        ; output ; 2.5 V        ;         ; Column I/O ; N               ; no       ; Off          ;
; 72       ; 100        ; 4        ; f5                                                        ; output ; 2.5 V        ;         ; Column I/O ; N               ; no       ; Off          ;
; 73       ; 102        ; 5        ; b8                                                        ; input  ; 2.5 V        ;         ; Row I/O    ; N               ; no       ; Off          ;
; 74       ; 103        ; 5        ; f9                                                        ; output ; 2.5 V        ;         ; Row I/O    ; N               ; no       ; Off          ;
; 75       ; 104        ; 5        ; b14                                                       ; input  ; 2.5 V        ;         ; Row I/O    ; N               ; no       ; Off          ;
; 76       ; 106        ; 5        ; b15                                                       ; input  ; 2.5 V        ;         ; Row I/O    ; N               ; no       ; Off          ;
; 77       ; 107        ; 5        ; f13                                                       ; output ; 2.5 V        ;         ; Row I/O    ; N               ; no       ; Off          ;
; 78       ;            ;          ; VCCINT                                                    ; power  ;              ; 1.2V    ; --         ;                 ; --       ; --           ;
; 79       ;            ;          ; GND                                                       ; gnd    ;              ;         ; --         ;                 ; --       ; --           ;
; 80       ; 113        ; 5        ; f10                                                       ; output ; 2.5 V        ;         ; Row I/O    ; N               ; no       ; Off          ;
; 81       ;            ; 5        ; VCCIO5                                                    ; power  ;              ; 2.5V    ; --         ;                 ; --       ; --           ;
; 82       ;            ;          ; GND                                                       ; gnd    ;              ;         ; --         ;                 ; --       ; --           ;
; 83       ; 117        ; 5        ; s2ADD                                                     ; input  ; 2.5 V        ;         ; Row I/O    ; N               ; no       ; Off          ;
; 84       ; 118        ; 5        ; MULchoose1                                                ; input  ; 2.5 V        ;         ; Row I/O    ; N               ; no       ; Off          ;
; 85       ; 119        ; 5        ; a12                                                       ; input  ; 2.5 V        ;         ; Row I/O    ; N               ; no       ; Off          ;
; 86       ; 120        ; 5        ; s1ADD                                                     ; input  ; 2.5 V        ;         ; Row I/O    ; N               ; no       ; Off          ;
; 87       ; 121        ; 5        ; DIVchoose1                                                ; input  ; 2.5 V        ;         ; Row I/O    ; N               ; no       ; Off          ;
; 88       ; 125        ; 5        ; a10                                                       ; input  ; 2.5 V        ;         ; Row I/O    ; N               ; no       ; Off          ;
; 89       ; 126        ; 5        ; a9                                                        ; input  ; 2.5 V        ;         ; Row I/O    ; N               ; no       ; Off          ;
; 90       ; 127        ; 6        ; GND+                                                      ;        ;              ;         ; Row I/O    ;                 ; --       ; --           ;
; 91       ; 128        ; 6        ; GND+                                                      ;        ;              ;         ; Row I/O    ;                 ; --       ; --           ;
; 92       ; 129        ; 6        ; ^CONF_DONE                                                ;        ;              ;         ; --         ;                 ; --       ; --           ;
; 93       ;            ; 6        ; VCCIO6                                                    ; power  ;              ; 2.5V    ; --         ;                 ; --       ; --           ;
; 94       ; 130        ; 6        ; ^MSEL0                                                    ;        ;              ;         ; --         ;                 ; --       ; --           ;
; 95       ;            ;          ; GND                                                       ; gnd    ;              ;         ; --         ;                 ; --       ; --           ;
; 96       ; 131        ; 6        ; ^MSEL1                                                    ;        ;              ;         ; --         ;                 ; --       ; --           ;
; 97       ; 132        ; 6        ; ^MSEL2                                                    ;        ;              ;         ; --         ;                 ; --       ; --           ;
; 97       ; 133        ; 6        ; ^MSEL3                                                    ;        ;              ;         ; --         ;                 ; --       ; --           ;
; 98       ; 136        ; 6        ; b3                                                        ; input  ; 2.5 V        ;         ; Row I/O    ; N               ; no       ; Off          ;
; 99       ; 137        ; 6        ; b0                                                        ; input  ; 2.5 V        ;         ; Row I/O    ; N               ; no       ; Off          ;
; 100      ; 138        ; 6        ; b1                                                        ; input  ; 2.5 V        ;         ; Row I/O    ; N               ; no       ; Off          ;
; 101      ; 139        ; 6        ; ~ALTERA_nCEO~ / RESERVED_OUTPUT_OPEN_DRAIN                ; output ; 2.5 V        ;         ; Row I/O    ; N               ; no       ; Off          ;
; 102      ;            ;          ; VCCINT                                                    ; power  ;              ; 1.2V    ; --         ;                 ; --       ; --           ;
; 103      ; 140        ; 6        ; b7                                                        ; input  ; 2.5 V        ;         ; Row I/O    ; N               ; no       ; Off          ;
; 104      ; 141        ; 6        ; b2                                                        ; input  ; 2.5 V        ;         ; Row I/O    ; N               ; no       ; Off          ;
; 105      ; 142        ; 6        ; b4                                                        ; input  ; 2.5 V        ;         ; Row I/O    ; N               ; no       ; Off          ;
; 106      ; 146        ; 6        ; a15                                                       ; input  ; 2.5 V        ;         ; Row I/O    ; N               ; no       ; Off          ;
; 107      ;            ; --       ; VCCA2                                                     ; power  ;              ; 2.5V    ; --         ;                 ; --       ; --           ;
; 108      ;            ;          ; GNDA2                                                     ; gnd    ;              ;         ; --         ;                 ; --       ; --           ;
; 109      ;            ;          ; VCCD_PLL2                                                 ; power  ;              ; 1.2V    ; --         ;                 ; --       ; --           ;
; 110      ; 152        ; 7        ; a7                                                        ; input  ; 2.5 V        ;         ; Column I/O ; N               ; no       ; Off          ;
; 111      ; 154        ; 7        ; a6                                                        ; input  ; 2.5 V        ;         ; Column I/O ; N               ; no       ; Off          ;
; 112      ; 155        ; 7        ; a14                                                       ; input  ; 2.5 V        ;         ; Column I/O ; N               ; no       ; Off          ;
; 113      ; 156        ; 7        ; a1                                                        ; input  ; 2.5 V        ;         ; Column I/O ; N               ; no       ; Off          ;
; 114      ; 157        ; 7        ; a0                                                        ; input  ; 2.5 V        ;         ; Column I/O ; N               ; no       ; Off          ;
; 115      ; 158        ; 7        ; b6                                                        ; input  ; 2.5 V        ;         ; Column I/O ; N               ; no       ; Off          ;
; 116      ;            ;          ; VCCINT                                                    ; power  ;              ; 1.2V    ; --         ;                 ; --       ; --           ;
; 117      ;            ; 7        ; VCCIO7                                                    ; power  ;              ; 2.5V    ; --         ;                 ; --       ; --           ;
; 118      ;            ;          ; GND                                                       ; gnd    ;              ;         ; --         ;                 ; --       ; --           ;
; 119      ; 163        ; 7        ; a2                                                        ; input  ; 2.5 V        ;         ; Column I/O ; N               ; no       ; Off          ;
; 120      ; 164        ; 7        ; a3                                                        ; input  ; 2.5 V        ;         ; Column I/O ; N               ; no       ; Off          ;
; 121      ; 165        ; 7        ; b5                                                        ; input  ; 2.5 V        ;         ; Column I/O ; N               ; no       ; Off          ;
; 122      ;            ; 7        ; VCCIO7                                                    ; power  ;              ; 2.5V    ; --         ;                 ; --       ; --           ;
; 123      ;            ;          ; GND                                                       ; gnd    ;              ;         ; --         ;                 ; --       ; --           ;
; 124      ; 173        ; 7        ; CXCHOSE1                                                  ; input  ; 2.5 V        ;         ; Column I/O ; N               ; no       ; Off          ;
; 125      ; 174        ; 7        ; a5                                                        ; input  ; 2.5 V        ;         ; Column I/O ; N               ; no       ; Off          ;
; 126      ; 175        ; 7        ; YWS0                                                      ; input  ; 2.5 V        ;         ; Column I/O ; N               ; no       ; Off          ;
; 127      ; 176        ; 7        ; f4                                                        ; output ; 2.5 V        ;         ; Column I/O ; N               ; no       ; Off          ;
; 128      ; 177        ; 8        ; YWFUHAO                                                   ; input  ; 2.5 V        ;         ; Column I/O ; N               ; no       ; Off          ;
; 129      ; 178        ; 8        ; a4                                                        ; input  ; 2.5 V        ;         ; Column I/O ; N               ; no       ; Off          ;
; 130      ;            ; 8        ; VCCIO8                                                    ; power  ;              ; 2.5V    ; --         ;                 ; --       ; --           ;
; 131      ;            ;          ; GND                                                       ; gnd    ;              ;         ; --         ;                 ; --       ; --           ;
; 132      ; 181        ; 8        ; YWS1                                                      ; input  ; 2.5 V        ;         ; Column I/O ; N               ; no       ; Off          ;
; 133      ; 182        ; 8        ; f6                                                        ; output ; 2.5 V        ;         ; Column I/O ; N               ; no       ; Off          ;
; 134      ;            ;          ; VCCINT                                                    ; power  ;              ; 1.2V    ; --         ;                 ; --       ; --           ;
; 135      ; 185        ; 8        ; f3                                                        ; output ; 2.5 V        ;         ; Column I/O ; N               ; no       ; Off          ;
; 136      ; 187        ; 8        ; f0                                                        ; output ; 2.5 V        ;         ; Column I/O ; N               ; no       ; Off          ;
; 137      ; 190        ; 8        ; f1                                                        ; output ; 2.5 V        ;         ; Column I/O ; N               ; no       ; Off          ;
; 138      ; 191        ; 8        ; f14                                                       ; output ; 2.5 V        ;         ; Column I/O ; N               ; no       ; Off          ;
; 139      ;            ; 8        ; VCCIO8                                                    ; power  ;              ; 2.5V    ; --         ;                 ; --       ; --           ;
; 140      ;            ;          ; GND                                                       ; gnd    ;              ;         ; --         ;                 ; --       ; --           ;
; 141      ; 195        ; 8        ; RESERVED_INPUT_WITH_WEAK_PULLUP                           ;        ;              ;         ; Column I/O ;                 ; no       ; On           ;
; 142      ; 201        ; 8        ; RESERVED_INPUT_WITH_WEAK_PULLUP                           ;        ;              ;         ; Column I/O ;                 ; no       ; On           ;
; 143      ; 202        ; 8        ; RESERVED_INPUT_WITH_WEAK_PULLUP                           ;        ;              ;         ; Column I/O ;                 ; no       ; On           ;
; 144      ; 203        ; 8        ; RESERVED_INPUT_WITH_WEAK_PULLUP                           ;        ;              ;         ; Column I/O ;                 ; no       ; On           ;
; EPAD     ;            ;          ; GND                                                       ;        ;              ;         ; --         ;                 ; --       ; --           ;
+----------+------------+----------+-----------------------------------------------------------+--------+--------------+---------+------------+-----------------+----------+--------------+
Note: Pin directions (input, output or bidir) are based on device operating in user mode.


+----------------------------------------------------------------------------------------------------------------------------------------------------------------------------------------------------------------------------------------------------------------------------------------------------------------------------------------------------------------------------------------------------------------+
; Fitter Resource Utilization by Entity                                                                                                                                                                                                                                                                                                                                                                          ;
+----------------------------------------------+-------------+---------------------------+---------------+-------------+------+--------------+---------+-----------+------+--------------+--------------+-------------------+------------------+--------------------------------------------------------------------------------------------------------------------------------------------------+--------------+
; Compilation Hierarchy Node                   ; Logic Cells ; Dedicated Logic Registers ; I/O Registers ; Memory Bits ; M9Ks ; DSP Elements ; DSP 9x9 ; DSP 18x18 ; Pins ; Virtual Pins ; LUT-Only LCs ; Register-Only LCs ; LUT/Register LCs ; Full Hierarchy Name                                                                                                                              ; Library Name ;
+----------------------------------------------+-------------+---------------------------+---------------+-------------+------+--------------+---------+-----------+------+--------------+--------------+-------------------+------------------+--------------------------------------------------------------------------------------------------------------------------------------------------+--------------+
; |ALU_LAB3                                    ; 506 (2)     ; 8 (0)                     ; 0 (0)         ; 0           ; 0    ; 0            ; 0       ; 0         ; 64   ; 0            ; 498 (2)      ; 0 (0)             ; 8 (0)            ; |ALU_LAB3                                                                                                                                        ; work         ;
;    |74181:alu1|                              ; 14 (14)     ; 0 (0)                     ; 0 (0)         ; 0           ; 0    ; 0            ; 0       ; 0         ; 0    ; 0            ; 14 (14)      ; 0 (0)             ; 0 (0)            ; |ALU_LAB3|74181:alu1                                                                                                                             ; work         ;
;    |74181:alu2|                              ; 16 (16)     ; 0 (0)                     ; 0 (0)         ; 0           ; 0    ; 0            ; 0       ; 0         ; 0    ; 0            ; 16 (16)      ; 0 (0)             ; 0 (0)            ; |ALU_LAB3|74181:alu2                                                                                                                             ; work         ;
;    |74181:alu3|                              ; 15 (15)     ; 0 (0)                     ; 0 (0)         ; 0           ; 0    ; 0            ; 0       ; 0         ; 0    ; 0            ; 15 (15)      ; 0 (0)             ; 0 (0)            ; |ALU_LAB3|74181:alu3                                                                                                                             ; work         ;
;    |74181:alu4|                              ; 15 (15)     ; 0 (0)                     ; 0 (0)         ; 0           ; 0    ; 0            ; 0       ; 0         ; 0    ; 0            ; 15 (15)      ; 0 (0)             ; 0 (0)            ; |ALU_LAB3|74181:alu4                                                                                                                             ; work         ;
;    |74198:inst1|                             ; 16 (16)     ; 8 (8)                     ; 0 (0)         ; 0           ; 0    ; 0            ; 0       ; 0         ; 0    ; 0            ; 8 (8)        ; 0 (0)             ; 8 (8)            ; |ALU_LAB3|74198:inst1                                                                                                                            ; work         ;
;    |CHOOSE_LAB3:inst10|                      ; 63 (63)     ; 0 (0)                     ; 0 (0)         ; 0           ; 0    ; 0            ; 0       ; 0         ; 0    ; 0            ; 63 (63)      ; 0 (0)             ; 0 (0)            ; |ALU_LAB3|CHOOSE_LAB3:inst10                                                                                                                     ; work         ;
;    |METRIX:mul_lab3|                         ; 148 (0)     ; 0 (0)                     ; 0 (0)         ; 0           ; 0    ; 0            ; 0       ; 0         ; 0    ; 0            ; 148 (0)      ; 0 (0)             ; 0 (0)            ; |ALU_LAB3|METRIX:mul_lab3                                                                                                                        ; work         ;
;       |cell:inst10|                          ; 3 (1)       ; 0 (0)                     ; 0 (0)         ; 0           ; 0    ; 0            ; 0       ; 0         ; 0    ; 0            ; 3 (1)        ; 0 (0)             ; 0 (0)            ; |ALU_LAB3|METRIX:mul_lab3|cell:inst10                                                                                                            ; work         ;
;          |FA:inst|                           ; 2 (0)       ; 0 (0)                     ; 0 (0)         ; 0           ; 0    ; 0            ; 0       ; 0         ; 0    ; 0            ; 2 (0)        ; 0 (0)             ; 0 (0)            ; |ALU_LAB3|METRIX:mul_lab3|cell:inst10|FA:inst                                                                                                    ; work         ;
;             |7482:inst|                      ; 2 (2)       ; 0 (0)                     ; 0 (0)         ; 0           ; 0    ; 0            ; 0       ; 0         ; 0    ; 0            ; 2 (2)        ; 0 (0)             ; 0 (0)            ; |ALU_LAB3|METRIX:mul_lab3|cell:inst10|FA:inst|7482:inst                                                                                          ; work         ;
;       |cell:inst11|                          ; 3 (1)       ; 0 (0)                     ; 0 (0)         ; 0           ; 0    ; 0            ; 0       ; 0         ; 0    ; 0            ; 3 (1)        ; 0 (0)             ; 0 (0)            ; |ALU_LAB3|METRIX:mul_lab3|cell:inst11                                                                                                            ; work         ;
;          |FA:inst|                           ; 2 (0)       ; 0 (0)                     ; 0 (0)         ; 0           ; 0    ; 0            ; 0       ; 0         ; 0    ; 0            ; 2 (0)        ; 0 (0)             ; 0 (0)            ; |ALU_LAB3|METRIX:mul_lab3|cell:inst11|FA:inst                                                                                                    ; work         ;
;             |7482:inst|                      ; 2 (2)       ; 0 (0)                     ; 0 (0)         ; 0           ; 0    ; 0            ; 0       ; 0         ; 0    ; 0            ; 2 (2)        ; 0 (0)             ; 0 (0)            ; |ALU_LAB3|METRIX:mul_lab3|cell:inst11|FA:inst|7482:inst                                                                                          ; work         ;
;       |cell:inst12|                          ; 3 (1)       ; 0 (0)                     ; 0 (0)         ; 0           ; 0    ; 0            ; 0       ; 0         ; 0    ; 0            ; 3 (1)        ; 0 (0)             ; 0 (0)            ; |ALU_LAB3|METRIX:mul_lab3|cell:inst12                                                                                                            ; work         ;
;          |FA:inst|                           ; 2 (0)       ; 0 (0)                     ; 0 (0)         ; 0           ; 0    ; 0            ; 0       ; 0         ; 0    ; 0            ; 2 (0)        ; 0 (0)             ; 0 (0)            ; |ALU_LAB3|METRIX:mul_lab3|cell:inst12|FA:inst                                                                                                    ; work         ;
;             |7482:inst|                      ; 2 (2)       ; 0 (0)                     ; 0 (0)         ; 0           ; 0    ; 0            ; 0       ; 0         ; 0    ; 0            ; 2 (2)        ; 0 (0)             ; 0 (0)            ; |ALU_LAB3|METRIX:mul_lab3|cell:inst12|FA:inst|7482:inst                                                                                          ; work         ;
;       |cell:inst13|                          ; 3 (1)       ; 0 (0)                     ; 0 (0)         ; 0           ; 0    ; 0            ; 0       ; 0         ; 0    ; 0            ; 3 (1)        ; 0 (0)             ; 0 (0)            ; |ALU_LAB3|METRIX:mul_lab3|cell:inst13                                                                                                            ; work         ;
;          |FA:inst|                           ; 2 (0)       ; 0 (0)                     ; 0 (0)         ; 0           ; 0    ; 0            ; 0       ; 0         ; 0    ; 0            ; 2 (0)        ; 0 (0)             ; 0 (0)            ; |ALU_LAB3|METRIX:mul_lab3|cell:inst13|FA:inst                                                                                                    ; work         ;
;             |7482:inst|                      ; 2 (2)       ; 0 (0)                     ; 0 (0)         ; 0           ; 0    ; 0            ; 0       ; 0         ; 0    ; 0            ; 2 (2)        ; 0 (0)             ; 0 (0)            ; |ALU_LAB3|METRIX:mul_lab3|cell:inst13|FA:inst|7482:inst                                                                                          ; work         ;
;       |cell:inst14|                          ; 3 (1)       ; 0 (0)                     ; 0 (0)         ; 0           ; 0    ; 0            ; 0       ; 0         ; 0    ; 0            ; 3 (1)        ; 0 (0)             ; 0 (0)            ; |ALU_LAB3|METRIX:mul_lab3|cell:inst14                                                                                                            ; work         ;
;          |FA:inst|                           ; 2 (0)       ; 0 (0)                     ; 0 (0)         ; 0           ; 0    ; 0            ; 0       ; 0         ; 0    ; 0            ; 2 (0)        ; 0 (0)             ; 0 (0)            ; |ALU_LAB3|METRIX:mul_lab3|cell:inst14|FA:inst                                                                                                    ; work         ;
;             |7482:inst|                      ; 2 (2)       ; 0 (0)                     ; 0 (0)         ; 0           ; 0    ; 0            ; 0       ; 0         ; 0    ; 0            ; 2 (2)        ; 0 (0)             ; 0 (0)            ; |ALU_LAB3|METRIX:mul_lab3|cell:inst14|FA:inst|7482:inst                                                                                          ; work         ;
;       |cell:inst15|                          ; 1 (1)       ; 0 (0)                     ; 0 (0)         ; 0           ; 0    ; 0            ; 0       ; 0         ; 0    ; 0            ; 1 (1)        ; 0 (0)             ; 0 (0)            ; |ALU_LAB3|METRIX:mul_lab3|cell:inst15                                                                                                            ; work         ;
;       |cell:inst16|                          ; 3 (1)       ; 0 (0)                     ; 0 (0)         ; 0           ; 0    ; 0            ; 0       ; 0         ; 0    ; 0            ; 3 (1)        ; 0 (0)             ; 0 (0)            ; |ALU_LAB3|METRIX:mul_lab3|cell:inst16                                                                                                            ; work         ;
;          |FA:inst|                           ; 2 (0)       ; 0 (0)                     ; 0 (0)         ; 0           ; 0    ; 0            ; 0       ; 0         ; 0    ; 0            ; 2 (0)        ; 0 (0)             ; 0 (0)            ; |ALU_LAB3|METRIX:mul_lab3|cell:inst16|FA:inst                                                                                                    ; work         ;
;             |7482:inst|                      ; 2 (2)       ; 0 (0)                     ; 0 (0)         ; 0           ; 0    ; 0            ; 0       ; 0         ; 0    ; 0            ; 2 (2)        ; 0 (0)             ; 0 (0)            ; |ALU_LAB3|METRIX:mul_lab3|cell:inst16|FA:inst|7482:inst                                                                                          ; work         ;
;       |cell:inst17|                          ; 3 (1)       ; 0 (0)                     ; 0 (0)         ; 0           ; 0    ; 0            ; 0       ; 0         ; 0    ; 0            ; 3 (1)        ; 0 (0)             ; 0 (0)            ; |ALU_LAB3|METRIX:mul_lab3|cell:inst17                                                                                                            ; work         ;
;          |FA:inst|                           ; 2 (0)       ; 0 (0)                     ; 0 (0)         ; 0           ; 0    ; 0            ; 0       ; 0         ; 0    ; 0            ; 2 (0)        ; 0 (0)             ; 0 (0)            ; |ALU_LAB3|METRIX:mul_lab3|cell:inst17|FA:inst                                                                                                    ; work         ;
;             |7482:inst|                      ; 2 (2)       ; 0 (0)                     ; 0 (0)         ; 0           ; 0    ; 0            ; 0       ; 0         ; 0    ; 0            ; 2 (2)        ; 0 (0)             ; 0 (0)            ; |ALU_LAB3|METRIX:mul_lab3|cell:inst17|FA:inst|7482:inst                                                                                          ; work         ;
;       |cell:inst18|                          ; 3 (1)       ; 0 (0)                     ; 0 (0)         ; 0           ; 0    ; 0            ; 0       ; 0         ; 0    ; 0            ; 3 (1)        ; 0 (0)             ; 0 (0)            ; |ALU_LAB3|METRIX:mul_lab3|cell:inst18                                                                                                            ; work         ;
;          |FA:inst|                           ; 2 (0)       ; 0 (0)                     ; 0 (0)         ; 0           ; 0    ; 0            ; 0       ; 0         ; 0    ; 0            ; 2 (0)        ; 0 (0)             ; 0 (0)            ; |ALU_LAB3|METRIX:mul_lab3|cell:inst18|FA:inst                                                                                                    ; work         ;
;             |7482:inst|                      ; 2 (2)       ; 0 (0)                     ; 0 (0)         ; 0           ; 0    ; 0            ; 0       ; 0         ; 0    ; 0            ; 2 (2)        ; 0 (0)             ; 0 (0)            ; |ALU_LAB3|METRIX:mul_lab3|cell:inst18|FA:inst|7482:inst                                                                                          ; work         ;
;       |cell:inst19|                          ; 3 (1)       ; 0 (0)                     ; 0 (0)         ; 0           ; 0    ; 0            ; 0       ; 0         ; 0    ; 0            ; 3 (1)        ; 0 (0)             ; 0 (0)            ; |ALU_LAB3|METRIX:mul_lab3|cell:inst19                                                                                                            ; work         ;
;          |FA:inst|                           ; 2 (0)       ; 0 (0)                     ; 0 (0)         ; 0           ; 0    ; 0            ; 0       ; 0         ; 0    ; 0            ; 2 (0)        ; 0 (0)             ; 0 (0)            ; |ALU_LAB3|METRIX:mul_lab3|cell:inst19|FA:inst                                                                                                    ; work         ;
;             |7482:inst|                      ; 2 (2)       ; 0 (0)                     ; 0 (0)         ; 0           ; 0    ; 0            ; 0       ; 0         ; 0    ; 0            ; 2 (2)        ; 0 (0)             ; 0 (0)            ; |ALU_LAB3|METRIX:mul_lab3|cell:inst19|FA:inst|7482:inst                                                                                          ; work         ;
;       |cell:inst20|                          ; 3 (1)       ; 0 (0)                     ; 0 (0)         ; 0           ; 0    ; 0            ; 0       ; 0         ; 0    ; 0            ; 3 (1)        ; 0 (0)             ; 0 (0)            ; |ALU_LAB3|METRIX:mul_lab3|cell:inst20                                                                                                            ; work         ;
;          |FA:inst|                           ; 2 (0)       ; 0 (0)                     ; 0 (0)         ; 0           ; 0    ; 0            ; 0       ; 0         ; 0    ; 0            ; 2 (0)        ; 0 (0)             ; 0 (0)            ; |ALU_LAB3|METRIX:mul_lab3|cell:inst20|FA:inst                                                                                                    ; work         ;
;             |7482:inst|                      ; 2 (2)       ; 0 (0)                     ; 0 (0)         ; 0           ; 0    ; 0            ; 0       ; 0         ; 0    ; 0            ; 2 (2)        ; 0 (0)             ; 0 (0)            ; |ALU_LAB3|METRIX:mul_lab3|cell:inst20|FA:inst|7482:inst                                                                                          ; work         ;
;       |cell:inst21|                          ; 3 (1)       ; 0 (0)                     ; 0 (0)         ; 0           ; 0    ; 0            ; 0       ; 0         ; 0    ; 0            ; 3 (1)        ; 0 (0)             ; 0 (0)            ; |ALU_LAB3|METRIX:mul_lab3|cell:inst21                                                                                                            ; work         ;
;          |FA:inst|                           ; 2 (0)       ; 0 (0)                     ; 0 (0)         ; 0           ; 0    ; 0            ; 0       ; 0         ; 0    ; 0            ; 2 (0)        ; 0 (0)             ; 0 (0)            ; |ALU_LAB3|METRIX:mul_lab3|cell:inst21|FA:inst                                                                                                    ; work         ;
;             |7482:inst|                      ; 2 (2)       ; 0 (0)                     ; 0 (0)         ; 0           ; 0    ; 0            ; 0       ; 0         ; 0    ; 0            ; 2 (2)        ; 0 (0)             ; 0 (0)            ; |ALU_LAB3|METRIX:mul_lab3|cell:inst21|FA:inst|7482:inst                                                                                          ; work         ;
;       |cell:inst22|                          ; 3 (1)       ; 0 (0)                     ; 0 (0)         ; 0           ; 0    ; 0            ; 0       ; 0         ; 0    ; 0            ; 3 (1)        ; 0 (0)             ; 0 (0)            ; |ALU_LAB3|METRIX:mul_lab3|cell:inst22                                                                                                            ; work         ;
;          |FA:inst|                           ; 2 (0)       ; 0 (0)                     ; 0 (0)         ; 0           ; 0    ; 0            ; 0       ; 0         ; 0    ; 0            ; 2 (0)        ; 0 (0)             ; 0 (0)            ; |ALU_LAB3|METRIX:mul_lab3|cell:inst22|FA:inst                                                                                                    ; work         ;
;             |7482:inst|                      ; 2 (2)       ; 0 (0)                     ; 0 (0)         ; 0           ; 0    ; 0            ; 0       ; 0         ; 0    ; 0            ; 2 (2)        ; 0 (0)             ; 0 (0)            ; |ALU_LAB3|METRIX:mul_lab3|cell:inst22|FA:inst|7482:inst                                                                                          ; work         ;
;       |cell:inst23|                          ; 1 (0)       ; 0 (0)                     ; 0 (0)         ; 0           ; 0    ; 0            ; 0       ; 0         ; 0    ; 0            ; 1 (0)        ; 0 (0)             ; 0 (0)            ; |ALU_LAB3|METRIX:mul_lab3|cell:inst23                                                                                                            ; work         ;
;          |FA:inst|                           ; 1 (0)       ; 0 (0)                     ; 0 (0)         ; 0           ; 0    ; 0            ; 0       ; 0         ; 0    ; 0            ; 1 (0)        ; 0 (0)             ; 0 (0)            ; |ALU_LAB3|METRIX:mul_lab3|cell:inst23|FA:inst                                                                                                    ; work         ;
;             |7482:inst|                      ; 1 (1)       ; 0 (0)                     ; 0 (0)         ; 0           ; 0    ; 0            ; 0       ; 0         ; 0    ; 0            ; 1 (1)        ; 0 (0)             ; 0 (0)            ; |ALU_LAB3|METRIX:mul_lab3|cell:inst23|FA:inst|7482:inst                                                                                          ; work         ;
;       |cell:inst24|                          ; 3 (1)       ; 0 (0)                     ; 0 (0)         ; 0           ; 0    ; 0            ; 0       ; 0         ; 0    ; 0            ; 3 (1)        ; 0 (0)             ; 0 (0)            ; |ALU_LAB3|METRIX:mul_lab3|cell:inst24                                                                                                            ; work         ;
;          |FA:inst|                           ; 2 (0)       ; 0 (0)                     ; 0 (0)         ; 0           ; 0    ; 0            ; 0       ; 0         ; 0    ; 0            ; 2 (0)        ; 0 (0)             ; 0 (0)            ; |ALU_LAB3|METRIX:mul_lab3|cell:inst24|FA:inst                                                                                                    ; work         ;
;             |7482:inst|                      ; 2 (2)       ; 0 (0)                     ; 0 (0)         ; 0           ; 0    ; 0            ; 0       ; 0         ; 0    ; 0            ; 2 (2)        ; 0 (0)             ; 0 (0)            ; |ALU_LAB3|METRIX:mul_lab3|cell:inst24|FA:inst|7482:inst                                                                                          ; work         ;
;       |cell:inst25|                          ; 3 (1)       ; 0 (0)                     ; 0 (0)         ; 0           ; 0    ; 0            ; 0       ; 0         ; 0    ; 0            ; 3 (1)        ; 0 (0)             ; 0 (0)            ; |ALU_LAB3|METRIX:mul_lab3|cell:inst25                                                                                                            ; work         ;
;          |FA:inst|                           ; 2 (0)       ; 0 (0)                     ; 0 (0)         ; 0           ; 0    ; 0            ; 0       ; 0         ; 0    ; 0            ; 2 (0)        ; 0 (0)             ; 0 (0)            ; |ALU_LAB3|METRIX:mul_lab3|cell:inst25|FA:inst                                                                                                    ; work         ;
;             |7482:inst|                      ; 2 (2)       ; 0 (0)                     ; 0 (0)         ; 0           ; 0    ; 0            ; 0       ; 0         ; 0    ; 0            ; 2 (2)        ; 0 (0)             ; 0 (0)            ; |ALU_LAB3|METRIX:mul_lab3|cell:inst25|FA:inst|7482:inst                                                                                          ; work         ;
;       |cell:inst26|                          ; 3 (1)       ; 0 (0)                     ; 0 (0)         ; 0           ; 0    ; 0            ; 0       ; 0         ; 0    ; 0            ; 3 (1)        ; 0 (0)             ; 0 (0)            ; |ALU_LAB3|METRIX:mul_lab3|cell:inst26                                                                                                            ; work         ;
;          |FA:inst|                           ; 2 (0)       ; 0 (0)                     ; 0 (0)         ; 0           ; 0    ; 0            ; 0       ; 0         ; 0    ; 0            ; 2 (0)        ; 0 (0)             ; 0 (0)            ; |ALU_LAB3|METRIX:mul_lab3|cell:inst26|FA:inst                                                                                                    ; work         ;
;             |7482:inst|                      ; 2 (2)       ; 0 (0)                     ; 0 (0)         ; 0           ; 0    ; 0            ; 0       ; 0         ; 0    ; 0            ; 2 (2)        ; 0 (0)             ; 0 (0)            ; |ALU_LAB3|METRIX:mul_lab3|cell:inst26|FA:inst|7482:inst                                                                                          ; work         ;
;       |cell:inst27|                          ; 3 (1)       ; 0 (0)                     ; 0 (0)         ; 0           ; 0    ; 0            ; 0       ; 0         ; 0    ; 0            ; 3 (1)        ; 0 (0)             ; 0 (0)            ; |ALU_LAB3|METRIX:mul_lab3|cell:inst27                                                                                                            ; work         ;
;          |FA:inst|                           ; 2 (0)       ; 0 (0)                     ; 0 (0)         ; 0           ; 0    ; 0            ; 0       ; 0         ; 0    ; 0            ; 2 (0)        ; 0 (0)             ; 0 (0)            ; |ALU_LAB3|METRIX:mul_lab3|cell:inst27|FA:inst                                                                                                    ; work         ;
;             |7482:inst|                      ; 2 (2)       ; 0 (0)                     ; 0 (0)         ; 0           ; 0    ; 0            ; 0       ; 0         ; 0    ; 0            ; 2 (2)        ; 0 (0)             ; 0 (0)            ; |ALU_LAB3|METRIX:mul_lab3|cell:inst27|FA:inst|7482:inst                                                                                          ; work         ;
;       |cell:inst28|                          ; 3 (1)       ; 0 (0)                     ; 0 (0)         ; 0           ; 0    ; 0            ; 0       ; 0         ; 0    ; 0            ; 3 (1)        ; 0 (0)             ; 0 (0)            ; |ALU_LAB3|METRIX:mul_lab3|cell:inst28                                                                                                            ; work         ;
;          |FA:inst|                           ; 2 (0)       ; 0 (0)                     ; 0 (0)         ; 0           ; 0    ; 0            ; 0       ; 0         ; 0    ; 0            ; 2 (0)        ; 0 (0)             ; 0 (0)            ; |ALU_LAB3|METRIX:mul_lab3|cell:inst28|FA:inst                                                                                                    ; work         ;
;             |7482:inst|                      ; 2 (2)       ; 0 (0)                     ; 0 (0)         ; 0           ; 0    ; 0            ; 0       ; 0         ; 0    ; 0            ; 2 (2)        ; 0 (0)             ; 0 (0)            ; |ALU_LAB3|METRIX:mul_lab3|cell:inst28|FA:inst|7482:inst                                                                                          ; work         ;
;       |cell:inst29|                          ; 3 (1)       ; 0 (0)                     ; 0 (0)         ; 0           ; 0    ; 0            ; 0       ; 0         ; 0    ; 0            ; 3 (1)        ; 0 (0)             ; 0 (0)            ; |ALU_LAB3|METRIX:mul_lab3|cell:inst29                                                                                                            ; work         ;
;          |FA:inst|                           ; 2 (0)       ; 0 (0)                     ; 0 (0)         ; 0           ; 0    ; 0            ; 0       ; 0         ; 0    ; 0            ; 2 (0)        ; 0 (0)             ; 0 (0)            ; |ALU_LAB3|METRIX:mul_lab3|cell:inst29|FA:inst                                                                                                    ; work         ;
;             |7482:inst|                      ; 2 (2)       ; 0 (0)                     ; 0 (0)         ; 0           ; 0    ; 0            ; 0       ; 0         ; 0    ; 0            ; 2 (2)        ; 0 (0)             ; 0 (0)            ; |ALU_LAB3|METRIX:mul_lab3|cell:inst29|FA:inst|7482:inst                                                                                          ; work         ;
;       |cell:inst30|                          ; 2 (0)       ; 0 (0)                     ; 0 (0)         ; 0           ; 0    ; 0            ; 0       ; 0         ; 0    ; 0            ; 2 (0)        ; 0 (0)             ; 0 (0)            ; |ALU_LAB3|METRIX:mul_lab3|cell:inst30                                                                                                            ; work         ;
;          |FA:inst|                           ; 2 (0)       ; 0 (0)                     ; 0 (0)         ; 0           ; 0    ; 0            ; 0       ; 0         ; 0    ; 0            ; 2 (0)        ; 0 (0)             ; 0 (0)            ; |ALU_LAB3|METRIX:mul_lab3|cell:inst30|FA:inst                                                                                                    ; work         ;
;             |7482:inst|                      ; 2 (2)       ; 0 (0)                     ; 0 (0)         ; 0           ; 0    ; 0            ; 0       ; 0         ; 0    ; 0            ; 2 (2)        ; 0 (0)             ; 0 (0)            ; |ALU_LAB3|METRIX:mul_lab3|cell:inst30|FA:inst|7482:inst                                                                                          ; work         ;
;       |cell:inst31|                          ; 3 (1)       ; 0 (0)                     ; 0 (0)         ; 0           ; 0    ; 0            ; 0       ; 0         ; 0    ; 0            ; 3 (1)        ; 0 (0)             ; 0 (0)            ; |ALU_LAB3|METRIX:mul_lab3|cell:inst31                                                                                                            ; work         ;
;          |FA:inst|                           ; 2 (0)       ; 0 (0)                     ; 0 (0)         ; 0           ; 0    ; 0            ; 0       ; 0         ; 0    ; 0            ; 2 (0)        ; 0 (0)             ; 0 (0)            ; |ALU_LAB3|METRIX:mul_lab3|cell:inst31|FA:inst                                                                                                    ; work         ;
;             |7482:inst|                      ; 2 (2)       ; 0 (0)                     ; 0 (0)         ; 0           ; 0    ; 0            ; 0       ; 0         ; 0    ; 0            ; 2 (2)        ; 0 (0)             ; 0 (0)            ; |ALU_LAB3|METRIX:mul_lab3|cell:inst31|FA:inst|7482:inst                                                                                          ; work         ;
;       |cell:inst32|                          ; 3 (1)       ; 0 (0)                     ; 0 (0)         ; 0           ; 0    ; 0            ; 0       ; 0         ; 0    ; 0            ; 3 (1)        ; 0 (0)             ; 0 (0)            ; |ALU_LAB3|METRIX:mul_lab3|cell:inst32                                                                                                            ; work         ;
;          |FA:inst|                           ; 2 (0)       ; 0 (0)                     ; 0 (0)         ; 0           ; 0    ; 0            ; 0       ; 0         ; 0    ; 0            ; 2 (0)        ; 0 (0)             ; 0 (0)            ; |ALU_LAB3|METRIX:mul_lab3|cell:inst32|FA:inst                                                                                                    ; work         ;
;             |7482:inst|                      ; 2 (2)       ; 0 (0)                     ; 0 (0)         ; 0           ; 0    ; 0            ; 0       ; 0         ; 0    ; 0            ; 2 (2)        ; 0 (0)             ; 0 (0)            ; |ALU_LAB3|METRIX:mul_lab3|cell:inst32|FA:inst|7482:inst                                                                                          ; work         ;
;       |cell:inst33|                          ; 1 (0)       ; 0 (0)                     ; 0 (0)         ; 0           ; 0    ; 0            ; 0       ; 0         ; 0    ; 0            ; 1 (0)        ; 0 (0)             ; 0 (0)            ; |ALU_LAB3|METRIX:mul_lab3|cell:inst33                                                                                                            ; work         ;
;          |FA:inst|                           ; 1 (0)       ; 0 (0)                     ; 0 (0)         ; 0           ; 0    ; 0            ; 0       ; 0         ; 0    ; 0            ; 1 (0)        ; 0 (0)             ; 0 (0)            ; |ALU_LAB3|METRIX:mul_lab3|cell:inst33|FA:inst                                                                                                    ; work         ;
;             |7482:inst|                      ; 1 (1)       ; 0 (0)                     ; 0 (0)         ; 0           ; 0    ; 0            ; 0       ; 0         ; 0    ; 0            ; 1 (1)        ; 0 (0)             ; 0 (0)            ; |ALU_LAB3|METRIX:mul_lab3|cell:inst33|FA:inst|7482:inst                                                                                          ; work         ;
;       |cell:inst34|                          ; 1 (0)       ; 0 (0)                     ; 0 (0)         ; 0           ; 0    ; 0            ; 0       ; 0         ; 0    ; 0            ; 1 (0)        ; 0 (0)             ; 0 (0)            ; |ALU_LAB3|METRIX:mul_lab3|cell:inst34                                                                                                            ; work         ;
;          |FA:inst|                           ; 1 (0)       ; 0 (0)                     ; 0 (0)         ; 0           ; 0    ; 0            ; 0       ; 0         ; 0    ; 0            ; 1 (0)        ; 0 (0)             ; 0 (0)            ; |ALU_LAB3|METRIX:mul_lab3|cell:inst34|FA:inst                                                                                                    ; work         ;
;             |7482:inst|                      ; 1 (1)       ; 0 (0)                     ; 0 (0)         ; 0           ; 0    ; 0            ; 0       ; 0         ; 0    ; 0            ; 1 (1)        ; 0 (0)             ; 0 (0)            ; |ALU_LAB3|METRIX:mul_lab3|cell:inst34|FA:inst|7482:inst                                                                                          ; work         ;
;       |cell:inst35|                          ; 3 (1)       ; 0 (0)                     ; 0 (0)         ; 0           ; 0    ; 0            ; 0       ; 0         ; 0    ; 0            ; 3 (1)        ; 0 (0)             ; 0 (0)            ; |ALU_LAB3|METRIX:mul_lab3|cell:inst35                                                                                                            ; work         ;
;          |FA:inst|                           ; 2 (0)       ; 0 (0)                     ; 0 (0)         ; 0           ; 0    ; 0            ; 0       ; 0         ; 0    ; 0            ; 2 (0)        ; 0 (0)             ; 0 (0)            ; |ALU_LAB3|METRIX:mul_lab3|cell:inst35|FA:inst                                                                                                    ; work         ;
;             |7482:inst|                      ; 2 (2)       ; 0 (0)                     ; 0 (0)         ; 0           ; 0    ; 0            ; 0       ; 0         ; 0    ; 0            ; 2 (2)        ; 0 (0)             ; 0 (0)            ; |ALU_LAB3|METRIX:mul_lab3|cell:inst35|FA:inst|7482:inst                                                                                          ; work         ;
;       |cell:inst36|                          ; 3 (1)       ; 0 (0)                     ; 0 (0)         ; 0           ; 0    ; 0            ; 0       ; 0         ; 0    ; 0            ; 3 (1)        ; 0 (0)             ; 0 (0)            ; |ALU_LAB3|METRIX:mul_lab3|cell:inst36                                                                                                            ; work         ;
;          |FA:inst|                           ; 2 (0)       ; 0 (0)                     ; 0 (0)         ; 0           ; 0    ; 0            ; 0       ; 0         ; 0    ; 0            ; 2 (0)        ; 0 (0)             ; 0 (0)            ; |ALU_LAB3|METRIX:mul_lab3|cell:inst36|FA:inst                                                                                                    ; work         ;
;             |7482:inst|                      ; 2 (2)       ; 0 (0)                     ; 0 (0)         ; 0           ; 0    ; 0            ; 0       ; 0         ; 0    ; 0            ; 2 (2)        ; 0 (0)             ; 0 (0)            ; |ALU_LAB3|METRIX:mul_lab3|cell:inst36|FA:inst|7482:inst                                                                                          ; work         ;
;       |cell:inst37|                          ; 3 (1)       ; 0 (0)                     ; 0 (0)         ; 0           ; 0    ; 0            ; 0       ; 0         ; 0    ; 0            ; 3 (1)        ; 0 (0)             ; 0 (0)            ; |ALU_LAB3|METRIX:mul_lab3|cell:inst37                                                                                                            ; work         ;
;          |FA:inst|                           ; 2 (0)       ; 0 (0)                     ; 0 (0)         ; 0           ; 0    ; 0            ; 0       ; 0         ; 0    ; 0            ; 2 (0)        ; 0 (0)             ; 0 (0)            ; |ALU_LAB3|METRIX:mul_lab3|cell:inst37|FA:inst                                                                                                    ; work         ;
;             |7482:inst|                      ; 2 (2)       ; 0 (0)                     ; 0 (0)         ; 0           ; 0    ; 0            ; 0       ; 0         ; 0    ; 0            ; 2 (2)        ; 0 (0)             ; 0 (0)            ; |ALU_LAB3|METRIX:mul_lab3|cell:inst37|FA:inst|7482:inst                                                                                          ; work         ;
;       |cell:inst38|                          ; 3 (1)       ; 0 (0)                     ; 0 (0)         ; 0           ; 0    ; 0            ; 0       ; 0         ; 0    ; 0            ; 3 (1)        ; 0 (0)             ; 0 (0)            ; |ALU_LAB3|METRIX:mul_lab3|cell:inst38                                                                                                            ; work         ;
;          |FA:inst|                           ; 2 (0)       ; 0 (0)                     ; 0 (0)         ; 0           ; 0    ; 0            ; 0       ; 0         ; 0    ; 0            ; 2 (0)        ; 0 (0)             ; 0 (0)            ; |ALU_LAB3|METRIX:mul_lab3|cell:inst38|FA:inst                                                                                                    ; work         ;
;             |7482:inst|                      ; 2 (2)       ; 0 (0)                     ; 0 (0)         ; 0           ; 0    ; 0            ; 0       ; 0         ; 0    ; 0            ; 2 (2)        ; 0 (0)             ; 0 (0)            ; |ALU_LAB3|METRIX:mul_lab3|cell:inst38|FA:inst|7482:inst                                                                                          ; work         ;
;       |cell:inst39|                          ; 2 (0)       ; 0 (0)                     ; 0 (0)         ; 0           ; 0    ; 0            ; 0       ; 0         ; 0    ; 0            ; 2 (0)        ; 0 (0)             ; 0 (0)            ; |ALU_LAB3|METRIX:mul_lab3|cell:inst39                                                                                                            ; work         ;
;          |FA:inst|                           ; 2 (0)       ; 0 (0)                     ; 0 (0)         ; 0           ; 0    ; 0            ; 0       ; 0         ; 0    ; 0            ; 2 (0)        ; 0 (0)             ; 0 (0)            ; |ALU_LAB3|METRIX:mul_lab3|cell:inst39|FA:inst                                                                                                    ; work         ;
;             |7482:inst|                      ; 2 (2)       ; 0 (0)                     ; 0 (0)         ; 0           ; 0    ; 0            ; 0       ; 0         ; 0    ; 0            ; 2 (2)        ; 0 (0)             ; 0 (0)            ; |ALU_LAB3|METRIX:mul_lab3|cell:inst39|FA:inst|7482:inst                                                                                          ; work         ;
;       |cell:inst40|                          ; 1 (0)       ; 0 (0)                     ; 0 (0)         ; 0           ; 0    ; 0            ; 0       ; 0         ; 0    ; 0            ; 1 (0)        ; 0 (0)             ; 0 (0)            ; |ALU_LAB3|METRIX:mul_lab3|cell:inst40                                                                                                            ; work         ;
;          |FA:inst|                           ; 1 (0)       ; 0 (0)                     ; 0 (0)         ; 0           ; 0    ; 0            ; 0       ; 0         ; 0    ; 0            ; 1 (0)        ; 0 (0)             ; 0 (0)            ; |ALU_LAB3|METRIX:mul_lab3|cell:inst40|FA:inst                                                                                                    ; work         ;
;             |7482:inst|                      ; 1 (1)       ; 0 (0)                     ; 0 (0)         ; 0           ; 0    ; 0            ; 0       ; 0         ; 0    ; 0            ; 1 (1)        ; 0 (0)             ; 0 (0)            ; |ALU_LAB3|METRIX:mul_lab3|cell:inst40|FA:inst|7482:inst                                                                                          ; work         ;
;       |cell:inst41|                          ; 3 (1)       ; 0 (0)                     ; 0 (0)         ; 0           ; 0    ; 0            ; 0       ; 0         ; 0    ; 0            ; 3 (1)        ; 0 (0)             ; 0 (0)            ; |ALU_LAB3|METRIX:mul_lab3|cell:inst41                                                                                                            ; work         ;
;          |FA:inst|                           ; 2 (0)       ; 0 (0)                     ; 0 (0)         ; 0           ; 0    ; 0            ; 0       ; 0         ; 0    ; 0            ; 2 (0)        ; 0 (0)             ; 0 (0)            ; |ALU_LAB3|METRIX:mul_lab3|cell:inst41|FA:inst                                                                                                    ; work         ;
;             |7482:inst|                      ; 2 (2)       ; 0 (0)                     ; 0 (0)         ; 0           ; 0    ; 0            ; 0       ; 0         ; 0    ; 0            ; 2 (2)        ; 0 (0)             ; 0 (0)            ; |ALU_LAB3|METRIX:mul_lab3|cell:inst41|FA:inst|7482:inst                                                                                          ; work         ;
;       |cell:inst42|                          ; 3 (1)       ; 0 (0)                     ; 0 (0)         ; 0           ; 0    ; 0            ; 0       ; 0         ; 0    ; 0            ; 3 (1)        ; 0 (0)             ; 0 (0)            ; |ALU_LAB3|METRIX:mul_lab3|cell:inst42                                                                                                            ; work         ;
;          |FA:inst|                           ; 2 (0)       ; 0 (0)                     ; 0 (0)         ; 0           ; 0    ; 0            ; 0       ; 0         ; 0    ; 0            ; 2 (0)        ; 0 (0)             ; 0 (0)            ; |ALU_LAB3|METRIX:mul_lab3|cell:inst42|FA:inst                                                                                                    ; work         ;
;             |7482:inst|                      ; 2 (2)       ; 0 (0)                     ; 0 (0)         ; 0           ; 0    ; 0            ; 0       ; 0         ; 0    ; 0            ; 2 (2)        ; 0 (0)             ; 0 (0)            ; |ALU_LAB3|METRIX:mul_lab3|cell:inst42|FA:inst|7482:inst                                                                                          ; work         ;
;       |cell:inst43|                          ; 3 (1)       ; 0 (0)                     ; 0 (0)         ; 0           ; 0    ; 0            ; 0       ; 0         ; 0    ; 0            ; 3 (1)        ; 0 (0)             ; 0 (0)            ; |ALU_LAB3|METRIX:mul_lab3|cell:inst43                                                                                                            ; work         ;
;          |FA:inst|                           ; 2 (0)       ; 0 (0)                     ; 0 (0)         ; 0           ; 0    ; 0            ; 0       ; 0         ; 0    ; 0            ; 2 (0)        ; 0 (0)             ; 0 (0)            ; |ALU_LAB3|METRIX:mul_lab3|cell:inst43|FA:inst                                                                                                    ; work         ;
;             |7482:inst|                      ; 2 (2)       ; 0 (0)                     ; 0 (0)         ; 0           ; 0    ; 0            ; 0       ; 0         ; 0    ; 0            ; 2 (2)        ; 0 (0)             ; 0 (0)            ; |ALU_LAB3|METRIX:mul_lab3|cell:inst43|FA:inst|7482:inst                                                                                          ; work         ;
;       |cell:inst44|                          ; 3 (1)       ; 0 (0)                     ; 0 (0)         ; 0           ; 0    ; 0            ; 0       ; 0         ; 0    ; 0            ; 3 (1)        ; 0 (0)             ; 0 (0)            ; |ALU_LAB3|METRIX:mul_lab3|cell:inst44                                                                                                            ; work         ;
;          |FA:inst|                           ; 2 (0)       ; 0 (0)                     ; 0 (0)         ; 0           ; 0    ; 0            ; 0       ; 0         ; 0    ; 0            ; 2 (0)        ; 0 (0)             ; 0 (0)            ; |ALU_LAB3|METRIX:mul_lab3|cell:inst44|FA:inst                                                                                                    ; work         ;
;             |7482:inst|                      ; 2 (2)       ; 0 (0)                     ; 0 (0)         ; 0           ; 0    ; 0            ; 0       ; 0         ; 0    ; 0            ; 2 (2)        ; 0 (0)             ; 0 (0)            ; |ALU_LAB3|METRIX:mul_lab3|cell:inst44|FA:inst|7482:inst                                                                                          ; work         ;
;       |cell:inst45|                          ; 3 (1)       ; 0 (0)                     ; 0 (0)         ; 0           ; 0    ; 0            ; 0       ; 0         ; 0    ; 0            ; 3 (1)        ; 0 (0)             ; 0 (0)            ; |ALU_LAB3|METRIX:mul_lab3|cell:inst45                                                                                                            ; work         ;
;          |FA:inst|                           ; 2 (0)       ; 0 (0)                     ; 0 (0)         ; 0           ; 0    ; 0            ; 0       ; 0         ; 0    ; 0            ; 2 (0)        ; 0 (0)             ; 0 (0)            ; |ALU_LAB3|METRIX:mul_lab3|cell:inst45|FA:inst                                                                                                    ; work         ;
;             |7482:inst|                      ; 2 (2)       ; 0 (0)                     ; 0 (0)         ; 0           ; 0    ; 0            ; 0       ; 0         ; 0    ; 0            ; 2 (2)        ; 0 (0)             ; 0 (0)            ; |ALU_LAB3|METRIX:mul_lab3|cell:inst45|FA:inst|7482:inst                                                                                          ; work         ;
;       |cell:inst46|                          ; 3 (1)       ; 0 (0)                     ; 0 (0)         ; 0           ; 0    ; 0            ; 0       ; 0         ; 0    ; 0            ; 3 (1)        ; 0 (0)             ; 0 (0)            ; |ALU_LAB3|METRIX:mul_lab3|cell:inst46                                                                                                            ; work         ;
;          |FA:inst|                           ; 2 (0)       ; 0 (0)                     ; 0 (0)         ; 0           ; 0    ; 0            ; 0       ; 0         ; 0    ; 0            ; 2 (0)        ; 0 (0)             ; 0 (0)            ; |ALU_LAB3|METRIX:mul_lab3|cell:inst46|FA:inst                                                                                                    ; work         ;
;             |7482:inst|                      ; 2 (2)       ; 0 (0)                     ; 0 (0)         ; 0           ; 0    ; 0            ; 0       ; 0         ; 0    ; 0            ; 2 (2)        ; 0 (0)             ; 0 (0)            ; |ALU_LAB3|METRIX:mul_lab3|cell:inst46|FA:inst|7482:inst                                                                                          ; work         ;
;       |cell:inst47|                          ; 2 (0)       ; 0 (0)                     ; 0 (0)         ; 0           ; 0    ; 0            ; 0       ; 0         ; 0    ; 0            ; 2 (0)        ; 0 (0)             ; 0 (0)            ; |ALU_LAB3|METRIX:mul_lab3|cell:inst47                                                                                                            ; work         ;
;          |FA:inst|                           ; 2 (0)       ; 0 (0)                     ; 0 (0)         ; 0           ; 0    ; 0            ; 0       ; 0         ; 0    ; 0            ; 2 (0)        ; 0 (0)             ; 0 (0)            ; |ALU_LAB3|METRIX:mul_lab3|cell:inst47|FA:inst                                                                                                    ; work         ;
;             |7482:inst|                      ; 2 (2)       ; 0 (0)                     ; 0 (0)         ; 0           ; 0    ; 0            ; 0       ; 0         ; 0    ; 0            ; 2 (2)        ; 0 (0)             ; 0 (0)            ; |ALU_LAB3|METRIX:mul_lab3|cell:inst47|FA:inst|7482:inst                                                                                          ; work         ;
;       |cell:inst48|                          ; 1 (0)       ; 0 (0)                     ; 0 (0)         ; 0           ; 0    ; 0            ; 0       ; 0         ; 0    ; 0            ; 1 (0)        ; 0 (0)             ; 0 (0)            ; |ALU_LAB3|METRIX:mul_lab3|cell:inst48                                                                                                            ; work         ;
;          |FA:inst|                           ; 1 (0)       ; 0 (0)                     ; 0 (0)         ; 0           ; 0    ; 0            ; 0       ; 0         ; 0    ; 0            ; 1 (0)        ; 0 (0)             ; 0 (0)            ; |ALU_LAB3|METRIX:mul_lab3|cell:inst48|FA:inst                                                                                                    ; work         ;
;             |7482:inst|                      ; 1 (1)       ; 0 (0)                     ; 0 (0)         ; 0           ; 0    ; 0            ; 0       ; 0         ; 0    ; 0            ; 1 (1)        ; 0 (0)             ; 0 (0)            ; |ALU_LAB3|METRIX:mul_lab3|cell:inst48|FA:inst|7482:inst                                                                                          ; work         ;
;       |cell:inst49|                          ; 3 (1)       ; 0 (0)                     ; 0 (0)         ; 0           ; 0    ; 0            ; 0       ; 0         ; 0    ; 0            ; 3 (1)        ; 0 (0)             ; 0 (0)            ; |ALU_LAB3|METRIX:mul_lab3|cell:inst49                                                                                                            ; work         ;
;          |FA:inst|                           ; 2 (0)       ; 0 (0)                     ; 0 (0)         ; 0           ; 0    ; 0            ; 0       ; 0         ; 0    ; 0            ; 2 (0)        ; 0 (0)             ; 0 (0)            ; |ALU_LAB3|METRIX:mul_lab3|cell:inst49|FA:inst                                                                                                    ; work         ;
;             |7482:inst|                      ; 2 (2)       ; 0 (0)                     ; 0 (0)         ; 0           ; 0    ; 0            ; 0       ; 0         ; 0    ; 0            ; 2 (2)        ; 0 (0)             ; 0 (0)            ; |ALU_LAB3|METRIX:mul_lab3|cell:inst49|FA:inst|7482:inst                                                                                          ; work         ;
;       |cell:inst50|                          ; 3 (1)       ; 0 (0)                     ; 0 (0)         ; 0           ; 0    ; 0            ; 0       ; 0         ; 0    ; 0            ; 3 (1)        ; 0 (0)             ; 0 (0)            ; |ALU_LAB3|METRIX:mul_lab3|cell:inst50                                                                                                            ; work         ;
;          |FA:inst|                           ; 2 (0)       ; 0 (0)                     ; 0 (0)         ; 0           ; 0    ; 0            ; 0       ; 0         ; 0    ; 0            ; 2 (0)        ; 0 (0)             ; 0 (0)            ; |ALU_LAB3|METRIX:mul_lab3|cell:inst50|FA:inst                                                                                                    ; work         ;
;             |7482:inst|                      ; 2 (2)       ; 0 (0)                     ; 0 (0)         ; 0           ; 0    ; 0            ; 0       ; 0         ; 0    ; 0            ; 2 (2)        ; 0 (0)             ; 0 (0)            ; |ALU_LAB3|METRIX:mul_lab3|cell:inst50|FA:inst|7482:inst                                                                                          ; work         ;
;       |cell:inst51|                          ; 3 (1)       ; 0 (0)                     ; 0 (0)         ; 0           ; 0    ; 0            ; 0       ; 0         ; 0    ; 0            ; 3 (1)        ; 0 (0)             ; 0 (0)            ; |ALU_LAB3|METRIX:mul_lab3|cell:inst51                                                                                                            ; work         ;
;          |FA:inst|                           ; 2 (0)       ; 0 (0)                     ; 0 (0)         ; 0           ; 0    ; 0            ; 0       ; 0         ; 0    ; 0            ; 2 (0)        ; 0 (0)             ; 0 (0)            ; |ALU_LAB3|METRIX:mul_lab3|cell:inst51|FA:inst                                                                                                    ; work         ;
;             |7482:inst|                      ; 2 (2)       ; 0 (0)                     ; 0 (0)         ; 0           ; 0    ; 0            ; 0       ; 0         ; 0    ; 0            ; 2 (2)        ; 0 (0)             ; 0 (0)            ; |ALU_LAB3|METRIX:mul_lab3|cell:inst51|FA:inst|7482:inst                                                                                          ; work         ;
;       |cell:inst52|                          ; 3 (1)       ; 0 (0)                     ; 0 (0)         ; 0           ; 0    ; 0            ; 0       ; 0         ; 0    ; 0            ; 3 (1)        ; 0 (0)             ; 0 (0)            ; |ALU_LAB3|METRIX:mul_lab3|cell:inst52                                                                                                            ; work         ;
;          |FA:inst|                           ; 2 (0)       ; 0 (0)                     ; 0 (0)         ; 0           ; 0    ; 0            ; 0       ; 0         ; 0    ; 0            ; 2 (0)        ; 0 (0)             ; 0 (0)            ; |ALU_LAB3|METRIX:mul_lab3|cell:inst52|FA:inst                                                                                                    ; work         ;
;             |7482:inst|                      ; 2 (2)       ; 0 (0)                     ; 0 (0)         ; 0           ; 0    ; 0            ; 0       ; 0         ; 0    ; 0            ; 2 (2)        ; 0 (0)             ; 0 (0)            ; |ALU_LAB3|METRIX:mul_lab3|cell:inst52|FA:inst|7482:inst                                                                                          ; work         ;
;       |cell:inst53|                          ; 3 (1)       ; 0 (0)                     ; 0 (0)         ; 0           ; 0    ; 0            ; 0       ; 0         ; 0    ; 0            ; 3 (1)        ; 0 (0)             ; 0 (0)            ; |ALU_LAB3|METRIX:mul_lab3|cell:inst53                                                                                                            ; work         ;
;          |FA:inst|                           ; 2 (0)       ; 0 (0)                     ; 0 (0)         ; 0           ; 0    ; 0            ; 0       ; 0         ; 0    ; 0            ; 2 (0)        ; 0 (0)             ; 0 (0)            ; |ALU_LAB3|METRIX:mul_lab3|cell:inst53|FA:inst                                                                                                    ; work         ;
;             |7482:inst|                      ; 2 (2)       ; 0 (0)                     ; 0 (0)         ; 0           ; 0    ; 0            ; 0       ; 0         ; 0    ; 0            ; 2 (2)        ; 0 (0)             ; 0 (0)            ; |ALU_LAB3|METRIX:mul_lab3|cell:inst53|FA:inst|7482:inst                                                                                          ; work         ;
;       |cell:inst54|                          ; 3 (1)       ; 0 (0)                     ; 0 (0)         ; 0           ; 0    ; 0            ; 0       ; 0         ; 0    ; 0            ; 3 (1)        ; 0 (0)             ; 0 (0)            ; |ALU_LAB3|METRIX:mul_lab3|cell:inst54                                                                                                            ; work         ;
;          |FA:inst|                           ; 2 (0)       ; 0 (0)                     ; 0 (0)         ; 0           ; 0    ; 0            ; 0       ; 0         ; 0    ; 0            ; 2 (0)        ; 0 (0)             ; 0 (0)            ; |ALU_LAB3|METRIX:mul_lab3|cell:inst54|FA:inst                                                                                                    ; work         ;
;             |7482:inst|                      ; 2 (2)       ; 0 (0)                     ; 0 (0)         ; 0           ; 0    ; 0            ; 0       ; 0         ; 0    ; 0            ; 2 (2)        ; 0 (0)             ; 0 (0)            ; |ALU_LAB3|METRIX:mul_lab3|cell:inst54|FA:inst|7482:inst                                                                                          ; work         ;
;       |cell:inst55|                          ; 2 (0)       ; 0 (0)                     ; 0 (0)         ; 0           ; 0    ; 0            ; 0       ; 0         ; 0    ; 0            ; 2 (0)        ; 0 (0)             ; 0 (0)            ; |ALU_LAB3|METRIX:mul_lab3|cell:inst55                                                                                                            ; work         ;
;          |FA:inst|                           ; 2 (0)       ; 0 (0)                     ; 0 (0)         ; 0           ; 0    ; 0            ; 0       ; 0         ; 0    ; 0            ; 2 (0)        ; 0 (0)             ; 0 (0)            ; |ALU_LAB3|METRIX:mul_lab3|cell:inst55|FA:inst                                                                                                    ; work         ;
;             |7482:inst|                      ; 2 (2)       ; 0 (0)                     ; 0 (0)         ; 0           ; 0    ; 0            ; 0       ; 0         ; 0    ; 0            ; 2 (2)        ; 0 (0)             ; 0 (0)            ; |ALU_LAB3|METRIX:mul_lab3|cell:inst55|FA:inst|7482:inst                                                                                          ; work         ;
;       |cell:inst56|                          ; 1 (0)       ; 0 (0)                     ; 0 (0)         ; 0           ; 0    ; 0            ; 0       ; 0         ; 0    ; 0            ; 1 (0)        ; 0 (0)             ; 0 (0)            ; |ALU_LAB3|METRIX:mul_lab3|cell:inst56                                                                                                            ; work         ;
;          |FA:inst|                           ; 1 (0)       ; 0 (0)                     ; 0 (0)         ; 0           ; 0    ; 0            ; 0       ; 0         ; 0    ; 0            ; 1 (0)        ; 0 (0)             ; 0 (0)            ; |ALU_LAB3|METRIX:mul_lab3|cell:inst56|FA:inst                                                                                                    ; work         ;
;             |7482:inst|                      ; 1 (1)       ; 0 (0)                     ; 0 (0)         ; 0           ; 0    ; 0            ; 0       ; 0         ; 0    ; 0            ; 1 (1)        ; 0 (0)             ; 0 (0)            ; |ALU_LAB3|METRIX:mul_lab3|cell:inst56|FA:inst|7482:inst                                                                                          ; work         ;
;       |cell:inst57|                          ; 3 (1)       ; 0 (0)                     ; 0 (0)         ; 0           ; 0    ; 0            ; 0       ; 0         ; 0    ; 0            ; 3 (1)        ; 0 (0)             ; 0 (0)            ; |ALU_LAB3|METRIX:mul_lab3|cell:inst57                                                                                                            ; work         ;
;          |FA:inst|                           ; 2 (0)       ; 0 (0)                     ; 0 (0)         ; 0           ; 0    ; 0            ; 0       ; 0         ; 0    ; 0            ; 2 (0)        ; 0 (0)             ; 0 (0)            ; |ALU_LAB3|METRIX:mul_lab3|cell:inst57|FA:inst                                                                                                    ; work         ;
;             |7482:inst|                      ; 2 (2)       ; 0 (0)                     ; 0 (0)         ; 0           ; 0    ; 0            ; 0       ; 0         ; 0    ; 0            ; 2 (2)        ; 0 (0)             ; 0 (0)            ; |ALU_LAB3|METRIX:mul_lab3|cell:inst57|FA:inst|7482:inst                                                                                          ; work         ;
;       |cell:inst58|                          ; 3 (1)       ; 0 (0)                     ; 0 (0)         ; 0           ; 0    ; 0            ; 0       ; 0         ; 0    ; 0            ; 3 (1)        ; 0 (0)             ; 0 (0)            ; |ALU_LAB3|METRIX:mul_lab3|cell:inst58                                                                                                            ; work         ;
;          |FA:inst|                           ; 2 (0)       ; 0 (0)                     ; 0 (0)         ; 0           ; 0    ; 0            ; 0       ; 0         ; 0    ; 0            ; 2 (0)        ; 0 (0)             ; 0 (0)            ; |ALU_LAB3|METRIX:mul_lab3|cell:inst58|FA:inst                                                                                                    ; work         ;
;             |7482:inst|                      ; 2 (2)       ; 0 (0)                     ; 0 (0)         ; 0           ; 0    ; 0            ; 0       ; 0         ; 0    ; 0            ; 2 (2)        ; 0 (0)             ; 0 (0)            ; |ALU_LAB3|METRIX:mul_lab3|cell:inst58|FA:inst|7482:inst                                                                                          ; work         ;
;       |cell:inst59|                          ; 3 (1)       ; 0 (0)                     ; 0 (0)         ; 0           ; 0    ; 0            ; 0       ; 0         ; 0    ; 0            ; 3 (1)        ; 0 (0)             ; 0 (0)            ; |ALU_LAB3|METRIX:mul_lab3|cell:inst59                                                                                                            ; work         ;
;          |FA:inst|                           ; 2 (0)       ; 0 (0)                     ; 0 (0)         ; 0           ; 0    ; 0            ; 0       ; 0         ; 0    ; 0            ; 2 (0)        ; 0 (0)             ; 0 (0)            ; |ALU_LAB3|METRIX:mul_lab3|cell:inst59|FA:inst                                                                                                    ; work         ;
;             |7482:inst|                      ; 2 (2)       ; 0 (0)                     ; 0 (0)         ; 0           ; 0    ; 0            ; 0       ; 0         ; 0    ; 0            ; 2 (2)        ; 0 (0)             ; 0 (0)            ; |ALU_LAB3|METRIX:mul_lab3|cell:inst59|FA:inst|7482:inst                                                                                          ; work         ;
;       |cell:inst60|                          ; 3 (1)       ; 0 (0)                     ; 0 (0)         ; 0           ; 0    ; 0            ; 0       ; 0         ; 0    ; 0            ; 3 (1)        ; 0 (0)             ; 0 (0)            ; |ALU_LAB3|METRIX:mul_lab3|cell:inst60                                                                                                            ; work         ;
;          |FA:inst|                           ; 2 (0)       ; 0 (0)                     ; 0 (0)         ; 0           ; 0    ; 0            ; 0       ; 0         ; 0    ; 0            ; 2 (0)        ; 0 (0)             ; 0 (0)            ; |ALU_LAB3|METRIX:mul_lab3|cell:inst60|FA:inst                                                                                                    ; work         ;
;             |7482:inst|                      ; 2 (2)       ; 0 (0)                     ; 0 (0)         ; 0           ; 0    ; 0            ; 0       ; 0         ; 0    ; 0            ; 2 (2)        ; 0 (0)             ; 0 (0)            ; |ALU_LAB3|METRIX:mul_lab3|cell:inst60|FA:inst|7482:inst                                                                                          ; work         ;
;       |cell:inst61|                          ; 3 (1)       ; 0 (0)                     ; 0 (0)         ; 0           ; 0    ; 0            ; 0       ; 0         ; 0    ; 0            ; 3 (1)        ; 0 (0)             ; 0 (0)            ; |ALU_LAB3|METRIX:mul_lab3|cell:inst61                                                                                                            ; work         ;
;          |FA:inst|                           ; 2 (0)       ; 0 (0)                     ; 0 (0)         ; 0           ; 0    ; 0            ; 0       ; 0         ; 0    ; 0            ; 2 (0)        ; 0 (0)             ; 0 (0)            ; |ALU_LAB3|METRIX:mul_lab3|cell:inst61|FA:inst                                                                                                    ; work         ;
;             |7482:inst|                      ; 2 (2)       ; 0 (0)                     ; 0 (0)         ; 0           ; 0    ; 0            ; 0       ; 0         ; 0    ; 0            ; 2 (2)        ; 0 (0)             ; 0 (0)            ; |ALU_LAB3|METRIX:mul_lab3|cell:inst61|FA:inst|7482:inst                                                                                          ; work         ;
;       |cell:inst62|                          ; 3 (1)       ; 0 (0)                     ; 0 (0)         ; 0           ; 0    ; 0            ; 0       ; 0         ; 0    ; 0            ; 3 (1)        ; 0 (0)             ; 0 (0)            ; |ALU_LAB3|METRIX:mul_lab3|cell:inst62                                                                                                            ; work         ;
;          |FA:inst|                           ; 2 (0)       ; 0 (0)                     ; 0 (0)         ; 0           ; 0    ; 0            ; 0       ; 0         ; 0    ; 0            ; 2 (0)        ; 0 (0)             ; 0 (0)            ; |ALU_LAB3|METRIX:mul_lab3|cell:inst62|FA:inst                                                                                                    ; work         ;
;             |7482:inst|                      ; 2 (2)       ; 0 (0)                     ; 0 (0)         ; 0           ; 0    ; 0            ; 0       ; 0         ; 0    ; 0            ; 2 (2)        ; 0 (0)             ; 0 (0)            ; |ALU_LAB3|METRIX:mul_lab3|cell:inst62|FA:inst|7482:inst                                                                                          ; work         ;
;       |cell:inst63|                          ; 2 (0)       ; 0 (0)                     ; 0 (0)         ; 0           ; 0    ; 0            ; 0       ; 0         ; 0    ; 0            ; 2 (0)        ; 0 (0)             ; 0 (0)            ; |ALU_LAB3|METRIX:mul_lab3|cell:inst63                                                                                                            ; work         ;
;          |FA:inst|                           ; 2 (0)       ; 0 (0)                     ; 0 (0)         ; 0           ; 0    ; 0            ; 0       ; 0         ; 0    ; 0            ; 2 (0)        ; 0 (0)             ; 0 (0)            ; |ALU_LAB3|METRIX:mul_lab3|cell:inst63|FA:inst                                                                                                    ; work         ;
;             |7482:inst|                      ; 2 (2)       ; 0 (0)                     ; 0 (0)         ; 0           ; 0    ; 0            ; 0       ; 0         ; 0    ; 0            ; 2 (2)        ; 0 (0)             ; 0 (0)            ; |ALU_LAB3|METRIX:mul_lab3|cell:inst63|FA:inst|7482:inst                                                                                          ; work         ;
;       |cell:inst8|                           ; 3 (1)       ; 0 (0)                     ; 0 (0)         ; 0           ; 0    ; 0            ; 0       ; 0         ; 0    ; 0            ; 3 (1)        ; 0 (0)             ; 0 (0)            ; |ALU_LAB3|METRIX:mul_lab3|cell:inst8                                                                                                             ; work         ;
;          |FA:inst|                           ; 2 (0)       ; 0 (0)                     ; 0 (0)         ; 0           ; 0    ; 0            ; 0       ; 0         ; 0    ; 0            ; 2 (0)        ; 0 (0)             ; 0 (0)            ; |ALU_LAB3|METRIX:mul_lab3|cell:inst8|FA:inst                                                                                                     ; work         ;
;             |7482:inst|                      ; 2 (2)       ; 0 (0)                     ; 0 (0)         ; 0           ; 0    ; 0            ; 0       ; 0         ; 0    ; 0            ; 2 (2)        ; 0 (0)             ; 0 (0)            ; |ALU_LAB3|METRIX:mul_lab3|cell:inst8|FA:inst|7482:inst                                                                                           ; work         ;
;       |cell:inst9|                           ; 2 (0)       ; 0 (0)                     ; 0 (0)         ; 0           ; 0    ; 0            ; 0       ; 0         ; 0    ; 0            ; 2 (0)        ; 0 (0)             ; 0 (0)            ; |ALU_LAB3|METRIX:mul_lab3|cell:inst9                                                                                                             ; work         ;
;          |FA:inst|                           ; 2 (0)       ; 0 (0)                     ; 0 (0)         ; 0           ; 0    ; 0            ; 0       ; 0         ; 0    ; 0            ; 2 (0)        ; 0 (0)             ; 0 (0)            ; |ALU_LAB3|METRIX:mul_lab3|cell:inst9|FA:inst                                                                                                     ; work         ;
;             |7482:inst|                      ; 2 (2)       ; 0 (0)                     ; 0 (0)         ; 0           ; 0    ; 0            ; 0       ; 0         ; 0    ; 0            ; 2 (2)        ; 0 (0)             ; 0 (0)            ; |ALU_LAB3|METRIX:mul_lab3|cell:inst9|FA:inst|7482:inst                                                                                           ; work         ;
;    |chufa:inst7|                             ; 217 (0)     ; 0 (0)                     ; 0 (0)         ; 0           ; 0    ; 0            ; 0       ; 0         ; 0    ; 0            ; 217 (0)      ; 0 (0)             ; 0 (0)            ; |ALU_LAB3|chufa:inst7                                                                                                                            ; work         ;
;       |DIV2:inst1|                           ; 217 (0)     ; 0 (0)                     ; 0 (0)         ; 0           ; 0    ; 0            ; 0       ; 0         ; 0    ; 0            ; 217 (0)      ; 0 (0)             ; 0 (0)            ; |ALU_LAB3|chufa:inst7|DIV2:inst1                                                                                                                 ; work         ;
;          |lpm_divide:LPM_DIVIDE_component|   ; 217 (0)     ; 0 (0)                     ; 0 (0)         ; 0           ; 0    ; 0            ; 0       ; 0         ; 0    ; 0            ; 217 (0)      ; 0 (0)             ; 0 (0)            ; |ALU_LAB3|chufa:inst7|DIV2:inst1|lpm_divide:LPM_DIVIDE_component                                                                                 ; work         ;
;             |lpm_divide_l1q:auto_generated|  ; 217 (0)     ; 0 (0)                     ; 0 (0)         ; 0           ; 0    ; 0            ; 0       ; 0         ; 0    ; 0            ; 217 (0)      ; 0 (0)             ; 0 (0)            ; |ALU_LAB3|chufa:inst7|DIV2:inst1|lpm_divide:LPM_DIVIDE_component|lpm_divide_l1q:auto_generated                                                   ; work         ;
;                |sign_div_unsign_ulh:divider| ; 217 (0)     ; 0 (0)                     ; 0 (0)         ; 0           ; 0    ; 0            ; 0       ; 0         ; 0    ; 0            ; 217 (0)      ; 0 (0)             ; 0 (0)            ; |ALU_LAB3|chufa:inst7|DIV2:inst1|lpm_divide:LPM_DIVIDE_component|lpm_divide_l1q:auto_generated|sign_div_unsign_ulh:divider                       ; work         ;
;                   |alt_u_div_g7f:divider|    ; 217 (217)   ; 0 (0)                     ; 0 (0)         ; 0           ; 0    ; 0            ; 0       ; 0         ; 0    ; 0            ; 217 (217)    ; 0 (0)             ; 0 (0)            ; |ALU_LAB3|chufa:inst7|DIV2:inst1|lpm_divide:LPM_DIVIDE_component|lpm_divide_l1q:auto_generated|sign_div_unsign_ulh:divider|alt_u_div_g7f:divider ; work         ;
+----------------------------------------------+-------------+---------------------------+---------------+-------------+------+--------------+---------+-----------+------+--------------+--------------+-------------------+------------------+--------------------------------------------------------------------------------------------------------------------------------------------------+--------------+
Note: For table entries with two numbers listed, the numbers in parentheses indicate the number of resources of the given type used by the specific entity alone. The numbers listed outside of parentheses indicate the total resources of the given type used by the specific entity and all of its sub-entities in the hierarchy.


+--------------------------------------------------------------------------------------------+
; Delay Chain Summary                                                                        ;
+------------+----------+---------------+---------------+-----------------------+-----+------+
; Name       ; Pin Type ; Pad to Core 0 ; Pad to Core 1 ; Pad to Input Register ; TCO ; TCOE ;
+------------+----------+---------------+---------------+-----------------------+-----+------+
; f0         ; Output   ; --            ; --            ; --                    ; --  ; --   ;
; f1         ; Output   ; --            ; --            ; --                    ; --  ; --   ;
; f2         ; Output   ; --            ; --            ; --                    ; --  ; --   ;
; f3         ; Output   ; --            ; --            ; --                    ; --  ; --   ;
; f4         ; Output   ; --            ; --            ; --                    ; --  ; --   ;
; f5         ; Output   ; --            ; --            ; --                    ; --  ; --   ;
; f6         ; Output   ; --            ; --            ; --                    ; --  ; --   ;
; f7         ; Output   ; --            ; --            ; --                    ; --  ; --   ;
; f8         ; Output   ; --            ; --            ; --                    ; --  ; --   ;
; f9         ; Output   ; --            ; --            ; --                    ; --  ; --   ;
; f10        ; Output   ; --            ; --            ; --                    ; --  ; --   ;
; f11        ; Output   ; --            ; --            ; --                    ; --  ; --   ;
; f12        ; Output   ; --            ; --            ; --                    ; --  ; --   ;
; f13        ; Output   ; --            ; --            ; --                    ; --  ; --   ;
; f14        ; Output   ; --            ; --            ; --                    ; --  ; --   ;
; f15        ; Output   ; --            ; --            ; --                    ; --  ; --   ;
; ADDCHOOSE1 ; Input    ; (6) 1314 ps   ; --            ; --                    ; --  ; --   ;
; a0         ; Input    ; (6) 1314 ps   ; --            ; --                    ; --  ; --   ;
; s3ADD      ; Input    ; (6) 1314 ps   ; --            ; --                    ; --  ; --   ;
; s2ADD      ; Input    ; --            ; (6) 1314 ps   ; --                    ; --  ; --   ;
; b0         ; Input    ; (6) 1314 ps   ; --            ; --                    ; --  ; --   ;
; CN         ; Input    ; --            ; (6) 1314 ps   ; --                    ; --  ; --   ;
; M          ; Input    ; --            ; (6) 1314 ps   ; --                    ; --  ; --   ;
; s0ADD      ; Input    ; (6) 1314 ps   ; --            ; --                    ; --  ; --   ;
; s1ADD      ; Input    ; --            ; (6) 1314 ps   ; --                    ; --  ; --   ;
; YWCHOOSE1  ; Input    ; (6) 1314 ps   ; --            ; --                    ; --  ; --   ;
; DIVchoose1 ; Input    ; --            ; (6) 1314 ps   ; --                    ; --  ; --   ;
; a8         ; Input    ; (6) 1314 ps   ; --            ; --                    ; --  ; --   ;
; a15        ; Input    ; --            ; (6) 1314 ps   ; --                    ; --  ; --   ;
; b1         ; Input    ; (6) 1314 ps   ; --            ; --                    ; --  ; --   ;
; a14        ; Input    ; (6) 1314 ps   ; --            ; --                    ; --  ; --   ;
; b7         ; Input    ; (6) 1314 ps   ; --            ; --                    ; --  ; --   ;
; b4         ; Input    ; (6) 1314 ps   ; --            ; --                    ; --  ; --   ;
; b5         ; Input    ; (6) 1314 ps   ; --            ; --                    ; --  ; --   ;
; b6         ; Input    ; (6) 1314 ps   ; --            ; --                    ; --  ; --   ;
; b2         ; Input    ; (6) 1314 ps   ; --            ; --                    ; --  ; --   ;
; b3         ; Input    ; (6) 1314 ps   ; --            ; --                    ; --  ; --   ;
; a13        ; Input    ; (6) 1314 ps   ; --            ; --                    ; --  ; --   ;
; a12        ; Input    ; --            ; (6) 1314 ps   ; --                    ; --  ; --   ;
; a11        ; Input    ; --            ; (6) 1314 ps   ; --                    ; --  ; --   ;
; a10        ; Input    ; (0) 0 ps      ; --            ; --                    ; --  ; --   ;
; a9         ; Input    ; (0) 0 ps      ; --            ; --                    ; --  ; --   ;
; a7         ; Input    ; (6) 1314 ps   ; --            ; --                    ; --  ; --   ;
; a6         ; Input    ; (6) 1314 ps   ; --            ; --                    ; --  ; --   ;
; a5         ; Input    ; --            ; (6) 1314 ps   ; --                    ; --  ; --   ;
; a4         ; Input    ; (6) 1314 ps   ; --            ; --                    ; --  ; --   ;
; a3         ; Input    ; --            ; (6) 1314 ps   ; --                    ; --  ; --   ;
; a2         ; Input    ; --            ; (6) 1314 ps   ; --                    ; --  ; --   ;
; a1         ; Input    ; (6) 1314 ps   ; --            ; --                    ; --  ; --   ;
; sp_choose  ; Input    ; --            ; (6) 1314 ps   ; --                    ; --  ; --   ;
; CXCHOSE1   ; Input    ; (6) 1314 ps   ; --            ; --                    ; --  ; --   ;
; MULchoose1 ; Input    ; (6) 1314 ps   ; --            ; --                    ; --  ; --   ;
; b8         ; Input    ; --            ; (6) 1314 ps   ; --                    ; --  ; --   ;
; b9         ; Input    ; (6) 1314 ps   ; --            ; --                    ; --  ; --   ;
; b10        ; Input    ; (0) 0 ps      ; --            ; --                    ; --  ; --   ;
; b11        ; Input    ; (0) 0 ps      ; --            ; --                    ; --  ; --   ;
; b12        ; Input    ; --            ; (6) 1314 ps   ; --                    ; --  ; --   ;
; b13        ; Input    ; (6) 1314 ps   ; --            ; --                    ; --  ; --   ;
; b14        ; Input    ; (6) 1314 ps   ; --            ; --                    ; --  ; --   ;
; b15        ; Input    ; --            ; (6) 1314 ps   ; --                    ; --  ; --   ;
; YWS1       ; Input    ; (6) 1314 ps   ; --            ; --                    ; --  ; --   ;
; YWS0       ; Input    ; --            ; (6) 1314 ps   ; --                    ; --  ; --   ;
; YWCLK      ; Input    ; (0) 0 ps      ; --            ; --                    ; --  ; --   ;
; YWFUHAO    ; Input    ; (6) 1314 ps   ; --            ; --                    ; --  ; --   ;
+------------+----------+---------------+---------------+-----------------------+-----+------+


+---------------------------------------------------------------------------------------------------------------------------------------------------------------------------------------------------------+
; Pad To Core Delay Chain Fanout                                                                                                                                                                          ;
+---------------------------------------------------------------------------------------------------------------------------------------------------------------------------+-------------------+---------+
; Source Pin / Fanout                                                                                                                                                       ; Pad To Core Index ; Setting ;
+---------------------------------------------------------------------------------------------------------------------------------------------------------------------------+-------------------+---------+
; ADDCHOOSE1                                                                                                                                                                ;                   ;         ;
;      - CHOOSE_LAB3:inst10|choose1~0                                                                                                                                       ; 0                 ; 6       ;
;      - inst                                                                                                                                                               ; 0                 ; 6       ;
;      - CHOOSE_LAB3:inst10|c_or2~0                                                                                                                                         ; 0                 ; 6       ;
;      - CHOOSE_LAB3:inst10|c_or3~0                                                                                                                                         ; 0                 ; 6       ;
;      - CHOOSE_LAB3:inst10|c_or4~0                                                                                                                                         ; 0                 ; 6       ;
;      - CHOOSE_LAB3:inst10|c_or5~0                                                                                                                                         ; 0                 ; 6       ;
;      - CHOOSE_LAB3:inst10|c_or6~0                                                                                                                                         ; 0                 ; 6       ;
;      - CHOOSE_LAB3:inst10|c_or7~0                                                                                                                                         ; 0                 ; 6       ;
;      - CHOOSE_LAB3:inst10|choose8~3                                                                                                                                       ; 0                 ; 6       ;
;      - CHOOSE_LAB3:inst10|choose9~2                                                                                                                                       ; 0                 ; 6       ;
;      - CHOOSE_LAB3:inst10|choose10~2                                                                                                                                      ; 0                 ; 6       ;
;      - CHOOSE_LAB3:inst10|choose11~2                                                                                                                                      ; 0                 ; 6       ;
;      - CHOOSE_LAB3:inst10|choose12~0                                                                                                                                      ; 0                 ; 6       ;
;      - CHOOSE_LAB3:inst10|choose13~2                                                                                                                                      ; 0                 ; 6       ;
;      - CHOOSE_LAB3:inst10|choose14~2                                                                                                                                      ; 0                 ; 6       ;
;      - CHOOSE_LAB3:inst10|choose16~2                                                                                                                                      ; 0                 ; 6       ;
;      - CHOOSE_LAB3:inst10|choose15~3                                                                                                                                      ; 0                 ; 6       ;
; a0                                                                                                                                                                        ;                   ;         ;
;      - chufa:inst7|DIV2:inst1|lpm_divide:LPM_DIVIDE_component|lpm_divide_l1q:auto_generated|sign_div_unsign_ulh:divider|alt_u_div_g7f:divider|add_sub_15_result_int[0]~1  ; 0                 ; 6       ;
;      - 74181:alu4|46~0                                                                                                                                                    ; 0                 ; 6       ;
;      - 74181:alu4|43~0                                                                                                                                                    ; 0                 ; 6       ;
;      - CHOOSE_LAB3:inst10|c_or1~1                                                                                                                                         ; 0                 ; 6       ;
;      - METRIX:mul_lab3|cell:inst9|FA:inst|7482:inst|3                                                                                                                     ; 0                 ; 6       ;
;      - METRIX:mul_lab3|cell:inst9|FA:inst|7482:inst|20                                                                                                                    ; 0                 ; 6       ;
;      - CHOOSE_LAB3:inst10|c_or3~1                                                                                                                                         ; 0                 ; 6       ;
;      - METRIX:mul_lab3|cell:inst33|FA:inst|7482:inst|20                                                                                                                   ; 0                 ; 6       ;
;      - CHOOSE_LAB3:inst10|c_or4~1                                                                                                                                         ; 0                 ; 6       ;
;      - METRIX:mul_lab3|cell:inst23|FA:inst|7482:inst|20                                                                                                                   ; 0                 ; 6       ;
;      - CHOOSE_LAB3:inst10|c_or5~1                                                                                                                                         ; 0                 ; 6       ;
;      - METRIX:mul_lab3|cell:inst34|FA:inst|7482:inst|20                                                                                                                   ; 0                 ; 6       ;
;      - CHOOSE_LAB3:inst10|c_or6~1                                                                                                                                         ; 0                 ; 6       ;
;      - METRIX:mul_lab3|cell:inst40|FA:inst|7482:inst|20                                                                                                                   ; 0                 ; 6       ;
;      - CHOOSE_LAB3:inst10|c_or7~1                                                                                                                                         ; 0                 ; 6       ;
;      - METRIX:mul_lab3|cell:inst48|FA:inst|7482:inst|20                                                                                                                   ; 0                 ; 6       ;
;      - CHOOSE_LAB3:inst10|choose8~1                                                                                                                                       ; 0                 ; 6       ;
;      - METRIX:mul_lab3|cell:inst56|FA:inst|7482:inst|20                                                                                                                   ; 0                 ; 6       ;
;      - 74198:inst1|128~0                                                                                                                                                  ; 0                 ; 6       ;
; s3ADD                                                                                                                                                                     ;                   ;         ;
;      - 74181:alu4|46~0                                                                                                                                                    ; 0                 ; 6       ;
;      - 74181:alu4|47~0                                                                                                                                                    ; 0                 ; 6       ;
;      - 74181:alu4|48~0                                                                                                                                                    ; 0                 ; 6       ;
;      - 74181:alu4|52~0                                                                                                                                                    ; 0                 ; 6       ;
;      - 74181:alu3|46~0                                                                                                                                                    ; 0                 ; 6       ;
;      - 74181:alu3|47~0                                                                                                                                                    ; 0                 ; 6       ;
;      - 74181:alu3|48~0                                                                                                                                                    ; 0                 ; 6       ;
;      - 74181:alu3|52~0                                                                                                                                                    ; 0                 ; 6       ;
;      - 74181:alu2|46~0                                                                                                                                                    ; 0                 ; 6       ;
;      - 74181:alu2|47~0                                                                                                                                                    ; 0                 ; 6       ;
;      - 74181:alu2|48~0                                                                                                                                                    ; 0                 ; 6       ;
;      - 74181:alu2|52~0                                                                                                                                                    ; 0                 ; 6       ;
;      - 74181:alu1|46~0                                                                                                                                                    ; 0                 ; 6       ;
;      - 74181:alu1|47~0                                                                                                                                                    ; 0                 ; 6       ;
;      - 74181:alu1|48~0                                                                                                                                                    ; 0                 ; 6       ;
;      - 74181:alu1|52~0                                                                                                                                                    ; 0                 ; 6       ;
; s2ADD                                                                                                                                                                     ;                   ;         ;
;      - 74181:alu4|46~0                                                                                                                                                    ; 1                 ; 6       ;
;      - 74181:alu4|47~0                                                                                                                                                    ; 1                 ; 6       ;
;      - 74181:alu4|48~0                                                                                                                                                    ; 1                 ; 6       ;
;      - 74181:alu4|52~0                                                                                                                                                    ; 1                 ; 6       ;
;      - 74181:alu3|46~0                                                                                                                                                    ; 1                 ; 6       ;
;      - 74181:alu3|47~0                                                                                                                                                    ; 1                 ; 6       ;
;      - 74181:alu3|48~0                                                                                                                                                    ; 1                 ; 6       ;
;      - 74181:alu3|52~0                                                                                                                                                    ; 1                 ; 6       ;
;      - 74181:alu2|46~0                                                                                                                                                    ; 1                 ; 6       ;
;      - 74181:alu2|47~0                                                                                                                                                    ; 1                 ; 6       ;
;      - 74181:alu2|48~0                                                                                                                                                    ; 1                 ; 6       ;
;      - 74181:alu2|52~0                                                                                                                                                    ; 1                 ; 6       ;
;      - 74181:alu1|46~0                                                                                                                                                    ; 1                 ; 6       ;
;      - 74181:alu1|47~0                                                                                                                                                    ; 1                 ; 6       ;
;      - 74181:alu1|48~0                                                                                                                                                    ; 1                 ; 6       ;
;      - 74181:alu1|52~0                                                                                                                                                    ; 1                 ; 6       ;
; b0                                                                                                                                                                        ;                   ;         ;
;      - chufa:inst7|DIV2:inst1|lpm_divide:LPM_DIVIDE_component|lpm_divide_l1q:auto_generated|sign_div_unsign_ulh:divider|alt_u_div_g7f:divider|add_sub_7_result_int[0]~0   ; 0                 ; 6       ;
;      - chufa:inst7|DIV2:inst1|lpm_divide:LPM_DIVIDE_component|lpm_divide_l1q:auto_generated|sign_div_unsign_ulh:divider|alt_u_div_g7f:divider|add_sub_6_result_int[0]~0   ; 0                 ; 6       ;
;      - chufa:inst7|DIV2:inst1|lpm_divide:LPM_DIVIDE_component|lpm_divide_l1q:auto_generated|sign_div_unsign_ulh:divider|alt_u_div_g7f:divider|add_sub_5_result_int[0]~0   ; 0                 ; 6       ;
;      - chufa:inst7|DIV2:inst1|lpm_divide:LPM_DIVIDE_component|lpm_divide_l1q:auto_generated|sign_div_unsign_ulh:divider|alt_u_div_g7f:divider|add_sub_4_result_int[0]~0   ; 0                 ; 6       ;
;      - chufa:inst7|DIV2:inst1|lpm_divide:LPM_DIVIDE_component|lpm_divide_l1q:auto_generated|sign_div_unsign_ulh:divider|alt_u_div_g7f:divider|add_sub_3_result_int[0]~0   ; 0                 ; 6       ;
;      - chufa:inst7|DIV2:inst1|lpm_divide:LPM_DIVIDE_component|lpm_divide_l1q:auto_generated|sign_div_unsign_ulh:divider|alt_u_div_g7f:divider|add_sub_2_result_int[0]~0   ; 0                 ; 6       ;
;      - chufa:inst7|DIV2:inst1|lpm_divide:LPM_DIVIDE_component|lpm_divide_l1q:auto_generated|sign_div_unsign_ulh:divider|alt_u_div_g7f:divider|add_sub_8_result_int[0]~0   ; 0                 ; 6       ;
;      - chufa:inst7|DIV2:inst1|lpm_divide:LPM_DIVIDE_component|lpm_divide_l1q:auto_generated|sign_div_unsign_ulh:divider|alt_u_div_g7f:divider|add_sub_9_result_int[0]~0   ; 0                 ; 6       ;
;      - chufa:inst7|DIV2:inst1|lpm_divide:LPM_DIVIDE_component|lpm_divide_l1q:auto_generated|sign_div_unsign_ulh:divider|alt_u_div_g7f:divider|add_sub_10_result_int[0]~0  ; 0                 ; 6       ;
;      - chufa:inst7|DIV2:inst1|lpm_divide:LPM_DIVIDE_component|lpm_divide_l1q:auto_generated|sign_div_unsign_ulh:divider|alt_u_div_g7f:divider|add_sub_11_result_int[0]~0  ; 0                 ; 6       ;
;      - chufa:inst7|DIV2:inst1|lpm_divide:LPM_DIVIDE_component|lpm_divide_l1q:auto_generated|sign_div_unsign_ulh:divider|alt_u_div_g7f:divider|add_sub_12_result_int[0]~0  ; 0                 ; 6       ;
;      - chufa:inst7|DIV2:inst1|lpm_divide:LPM_DIVIDE_component|lpm_divide_l1q:auto_generated|sign_div_unsign_ulh:divider|alt_u_div_g7f:divider|add_sub_13_result_int[0]~0  ; 0                 ; 6       ;
;      - chufa:inst7|DIV2:inst1|lpm_divide:LPM_DIVIDE_component|lpm_divide_l1q:auto_generated|sign_div_unsign_ulh:divider|alt_u_div_g7f:divider|add_sub_14_result_int[0]~0  ; 0                 ; 6       ;
;      - chufa:inst7|DIV2:inst1|lpm_divide:LPM_DIVIDE_component|lpm_divide_l1q:auto_generated|sign_div_unsign_ulh:divider|alt_u_div_g7f:divider|add_sub_15_result_int[0]~1  ; 0                 ; 6       ;
;      - 74181:alu4|46~0                                                                                                                                                    ; 0                 ; 6       ;
;      - 74181:alu4|43~0                                                                                                                                                    ; 0                 ; 6       ;
;      - chufa:inst7|DIV2:inst1|lpm_divide:LPM_DIVIDE_component|lpm_divide_l1q:auto_generated|sign_div_unsign_ulh:divider|alt_u_div_g7f:divider|StageOut[10]~0              ; 0                 ; 6       ;
;      - chufa:inst7|DIV2:inst1|lpm_divide:LPM_DIVIDE_component|lpm_divide_l1q:auto_generated|sign_div_unsign_ulh:divider|alt_u_div_g7f:divider|selnose[17]~1               ; 0                 ; 6       ;
;      - chufa:inst7|DIV2:inst1|lpm_divide:LPM_DIVIDE_component|lpm_divide_l1q:auto_generated|sign_div_unsign_ulh:divider|alt_u_div_g7f:divider|StageOut[9]~2               ; 0                 ; 6       ;
;      - CHOOSE_LAB3:inst10|c_or1~1                                                                                                                                         ; 0                 ; 6       ;
;      - METRIX:mul_lab3|cell:inst9|FA:inst|7482:inst|3                                                                                                                     ; 0                 ; 6       ;
;      - METRIX:mul_lab3|cell:inst9|FA:inst|7482:inst|20                                                                                                                    ; 0                 ; 6       ;
;      - METRIX:mul_lab3|cell:inst8|FA:inst|7482:inst|8                                                                                                                     ; 0                 ; 6       ;
;      - METRIX:mul_lab3|cell:inst8|FA:inst|7482:inst|27~0                                                                                                                  ; 0                 ; 6       ;
;      - METRIX:mul_lab3|cell:inst10|FA:inst|7482:inst|3                                                                                                                    ; 0                 ; 6       ;
;      - METRIX:mul_lab3|cell:inst11|FA:inst|7482:inst|3                                                                                                                    ; 0                 ; 6       ;
;      - METRIX:mul_lab3|cell:inst10|FA:inst|7482:inst|27~0                                                                                                                 ; 0                 ; 6       ;
;      - METRIX:mul_lab3|cell:inst12|FA:inst|7482:inst|3                                                                                                                    ; 0                 ; 6       ;
;      - METRIX:mul_lab3|cell:inst11|FA:inst|7482:inst|27~0                                                                                                                 ; 0                 ; 6       ;
;      - METRIX:mul_lab3|cell:inst13|FA:inst|7482:inst|3                                                                                                                    ; 0                 ; 6       ;
;      - METRIX:mul_lab3|cell:inst12|FA:inst|7482:inst|27~0                                                                                                                 ; 0                 ; 6       ;
;      - METRIX:mul_lab3|cell:inst14|FA:inst|7482:inst|3                                                                                                                    ; 0                 ; 6       ;
;      - METRIX:mul_lab3|cell:inst13|FA:inst|7482:inst|27~0                                                                                                                 ; 0                 ; 6       ;
;      - METRIX:mul_lab3|cell:inst14|FA:inst|7482:inst|27~0                                                                                                                 ; 0                 ; 6       ;
;      - CHOOSE_LAB3:inst10|choose16~3                                                                                                                                      ; 0                 ; 6       ;
; CN                                                                                                                                                                        ;                   ;         ;
;      - 74181:alu4|64                                                                                                                                                      ; 1                 ; 6       ;
;      - 74181:alu4|79~0                                                                                                                                                    ; 1                 ; 6       ;
;      - 74181:alu4|75~0                                                                                                                                                    ; 1                 ; 6       ;
; M                                                                                                                                                                         ;                   ;         ;
;      - 74181:alu4|64                                                                                                                                                      ; 1                 ; 6       ;
;      - 74181:alu4|79~0                                                                                                                                                    ; 1                 ; 6       ;
;      - 74181:alu4|75~1                                                                                                                                                    ; 1                 ; 6       ;
;      - 74181:alu4|74~1                                                                                                                                                    ; 1                 ; 6       ;
;      - 74181:alu3|80                                                                                                                                                      ; 1                 ; 6       ;
;      - 74181:alu3|79~0                                                                                                                                                    ; 1                 ; 6       ;
;      - 74181:alu3|75~1                                                                                                                                                    ; 1                 ; 6       ;
;      - 74181:alu3|77                                                                                                                                                      ; 1                 ; 6       ;
;      - 74181:alu2|80                                                                                                                                                      ; 1                 ; 6       ;
;      - 74181:alu2|81                                                                                                                                                      ; 1                 ; 6       ;
;      - 74181:alu2|82                                                                                                                                                      ; 1                 ; 6       ;
;      - 74181:alu2|74~0                                                                                                                                                    ; 1                 ; 6       ;
;      - 74181:alu1|80                                                                                                                                                      ; 1                 ; 6       ;
;      - 74181:alu1|81                                                                                                                                                      ; 1                 ; 6       ;
;      - 74181:alu1|82                                                                                                                                                      ; 1                 ; 6       ;
;      - 74181:alu1|74~0                                                                                                                                                    ; 1                 ; 6       ;
; s0ADD                                                                                                                                                                     ;                   ;         ;
;      - 74181:alu4|43~0                                                                                                                                                    ; 0                 ; 6       ;
;      - 74181:alu4|44~0                                                                                                                                                    ; 0                 ; 6       ;
;      - 74181:alu4|45~0                                                                                                                                                    ; 0                 ; 6       ;
;      - 74181:alu4|51~0                                                                                                                                                    ; 0                 ; 6       ;
;      - 74181:alu3|43~0                                                                                                                                                    ; 0                 ; 6       ;
;      - 74181:alu3|44~0                                                                                                                                                    ; 0                 ; 6       ;
;      - 74181:alu3|45~0                                                                                                                                                    ; 0                 ; 6       ;
;      - 74181:alu3|51~0                                                                                                                                                    ; 0                 ; 6       ;
;      - 74181:alu2|43~0                                                                                                                                                    ; 0                 ; 6       ;
;      - 74181:alu2|44~0                                                                                                                                                    ; 0                 ; 6       ;
;      - 74181:alu2|45~0                                                                                                                                                    ; 0                 ; 6       ;
;      - 74181:alu2|51~0                                                                                                                                                    ; 0                 ; 6       ;
;      - 74181:alu1|43~0                                                                                                                                                    ; 0                 ; 6       ;
;      - 74181:alu1|44~0                                                                                                                                                    ; 0                 ; 6       ;
;      - 74181:alu1|45~0                                                                                                                                                    ; 0                 ; 6       ;
;      - 74181:alu1|51~0                                                                                                                                                    ; 0                 ; 6       ;
; s1ADD                                                                                                                                                                     ;                   ;         ;
;      - 74181:alu4|43~0                                                                                                                                                    ; 1                 ; 6       ;
;      - 74181:alu4|44~0                                                                                                                                                    ; 1                 ; 6       ;
;      - 74181:alu4|45~0                                                                                                                                                    ; 1                 ; 6       ;
;      - 74181:alu4|51~0                                                                                                                                                    ; 1                 ; 6       ;
;      - 74181:alu3|43~0                                                                                                                                                    ; 1                 ; 6       ;
;      - 74181:alu3|44~0                                                                                                                                                    ; 1                 ; 6       ;
;      - 74181:alu3|45~0                                                                                                                                                    ; 1                 ; 6       ;
;      - 74181:alu3|51~0                                                                                                                                                    ; 1                 ; 6       ;
;      - 74181:alu2|43~0                                                                                                                                                    ; 1                 ; 6       ;
;      - 74181:alu2|44~0                                                                                                                                                    ; 1                 ; 6       ;
;      - 74181:alu2|45~0                                                                                                                                                    ; 1                 ; 6       ;
;      - 74181:alu2|51~0                                                                                                                                                    ; 1                 ; 6       ;
;      - 74181:alu1|43~0                                                                                                                                                    ; 1                 ; 6       ;
;      - 74181:alu1|44~0                                                                                                                                                    ; 1                 ; 6       ;
;      - 74181:alu1|45~0                                                                                                                                                    ; 1                 ; 6       ;
;      - 74181:alu1|51~0                                                                                                                                                    ; 1                 ; 6       ;
; YWCHOOSE1                                                                                                                                                                 ;                   ;         ;
;      - CHOOSE_LAB3:inst10|c_or1~0                                                                                                                                         ; 0                 ; 6       ;
;      - inst8~0                                                                                                                                                            ; 0                 ; 6       ;
;      - CHOOSE_LAB3:inst10|c_or2~1                                                                                                                                         ; 0                 ; 6       ;
;      - CHOOSE_LAB3:inst10|c_or3~2                                                                                                                                         ; 0                 ; 6       ;
;      - CHOOSE_LAB3:inst10|c_or4~2                                                                                                                                         ; 0                 ; 6       ;
;      - CHOOSE_LAB3:inst10|c_or5~2                                                                                                                                         ; 0                 ; 6       ;
;      - CHOOSE_LAB3:inst10|c_or6~2                                                                                                                                         ; 0                 ; 6       ;
;      - CHOOSE_LAB3:inst10|c_or7~2                                                                                                                                         ; 0                 ; 6       ;
;      - CHOOSE_LAB3:inst10|choose8~0                                                                                                                                       ; 0                 ; 6       ;
; DIVchoose1                                                                                                                                                                ;                   ;         ;
;      - CHOOSE_LAB3:inst10|c_or1~0                                                                                                                                         ; 1                 ; 6       ;
;      - inst8~0                                                                                                                                                            ; 1                 ; 6       ;
;      - CHOOSE_LAB3:inst10|c_or2~1                                                                                                                                         ; 1                 ; 6       ;
;      - CHOOSE_LAB3:inst10|c_or3~2                                                                                                                                         ; 1                 ; 6       ;
;      - CHOOSE_LAB3:inst10|c_or4~2                                                                                                                                         ; 1                 ; 6       ;
;      - CHOOSE_LAB3:inst10|c_or5~2                                                                                                                                         ; 1                 ; 6       ;
;      - CHOOSE_LAB3:inst10|c_or6~2                                                                                                                                         ; 1                 ; 6       ;
;      - CHOOSE_LAB3:inst10|c_or7~2                                                                                                                                         ; 1                 ; 6       ;
;      - CHOOSE_LAB3:inst10|choose8~0                                                                                                                                       ; 1                 ; 6       ;
;      - CHOOSE_LAB3:inst10|choose9~1                                                                                                                                       ; 1                 ; 6       ;
;      - CHOOSE_LAB3:inst10|choose10~0                                                                                                                                      ; 1                 ; 6       ;
;      - CHOOSE_LAB3:inst10|choose11~0                                                                                                                                      ; 1                 ; 6       ;
;      - CHOOSE_LAB3:inst10|choose12~1                                                                                                                                      ; 1                 ; 6       ;
;      - CHOOSE_LAB3:inst10|choose13~0                                                                                                                                      ; 1                 ; 6       ;
;      - CHOOSE_LAB3:inst10|choose14~0                                                                                                                                      ; 1                 ; 6       ;
;      - CHOOSE_LAB3:inst10|choose15~2                                                                                                                                      ; 1                 ; 6       ;
;      - CHOOSE_LAB3:inst10|choose16~3                                                                                                                                      ; 1                 ; 6       ;
; a8                                                                                                                                                                        ;                   ;         ;
;      - chufa:inst7|DIV2:inst1|lpm_divide:LPM_DIVIDE_component|lpm_divide_l1q:auto_generated|sign_div_unsign_ulh:divider|alt_u_div_g7f:divider|add_sub_7_result_int[0]~0   ; 0                 ; 6       ;
;      - chufa:inst7|DIV2:inst1|lpm_divide:LPM_DIVIDE_component|lpm_divide_l1q:auto_generated|sign_div_unsign_ulh:divider|alt_u_div_g7f:divider|StageOut[63]~28             ; 0                 ; 6       ;
;      - 74181:alu2|46~0                                                                                                                                                    ; 0                 ; 6       ;
;      - 74181:alu2|43~0                                                                                                                                                    ; 0                 ; 6       ;
; a15                                                                                                                                                                       ;                   ;         ;
;      - chufa:inst7|DIV2:inst1|lpm_divide:LPM_DIVIDE_component|lpm_divide_l1q:auto_generated|sign_div_unsign_ulh:divider|alt_u_div_g7f:divider|StageOut[10]~1              ; 1                 ; 6       ;
;      - chufa:inst7|DIV2:inst1|lpm_divide:LPM_DIVIDE_component|lpm_divide_l1q:auto_generated|sign_div_unsign_ulh:divider|alt_u_div_g7f:divider|selnose[17]~1               ; 1                 ; 6       ;
;      - 74181:alu1|52~0                                                                                                                                                    ; 1                 ; 6       ;
;      - 74181:alu1|51~0                                                                                                                                                    ; 1                 ; 6       ;
;      - CHOOSE_LAB3:inst10|choose16~3                                                                                                                                      ; 1                 ; 6       ;
; b1                                                                                                                                                                        ;                   ;         ;
;      - chufa:inst7|DIV2:inst1|lpm_divide:LPM_DIVIDE_component|lpm_divide_l1q:auto_generated|sign_div_unsign_ulh:divider|alt_u_div_g7f:divider|add_sub_8_result_int[1]~2   ; 0                 ; 6       ;
;      - chufa:inst7|DIV2:inst1|lpm_divide:LPM_DIVIDE_component|lpm_divide_l1q:auto_generated|sign_div_unsign_ulh:divider|alt_u_div_g7f:divider|add_sub_7_result_int[1]~2   ; 0                 ; 6       ;
;      - chufa:inst7|DIV2:inst1|lpm_divide:LPM_DIVIDE_component|lpm_divide_l1q:auto_generated|sign_div_unsign_ulh:divider|alt_u_div_g7f:divider|add_sub_6_result_int[1]~2   ; 0                 ; 6       ;
;      - chufa:inst7|DIV2:inst1|lpm_divide:LPM_DIVIDE_component|lpm_divide_l1q:auto_generated|sign_div_unsign_ulh:divider|alt_u_div_g7f:divider|add_sub_5_result_int[1]~2   ; 0                 ; 6       ;
;      - chufa:inst7|DIV2:inst1|lpm_divide:LPM_DIVIDE_component|lpm_divide_l1q:auto_generated|sign_div_unsign_ulh:divider|alt_u_div_g7f:divider|add_sub_4_result_int[1]~2   ; 0                 ; 6       ;
;      - chufa:inst7|DIV2:inst1|lpm_divide:LPM_DIVIDE_component|lpm_divide_l1q:auto_generated|sign_div_unsign_ulh:divider|alt_u_div_g7f:divider|add_sub_3_result_int[1]~2   ; 0                 ; 6       ;
;      - chufa:inst7|DIV2:inst1|lpm_divide:LPM_DIVIDE_component|lpm_divide_l1q:auto_generated|sign_div_unsign_ulh:divider|alt_u_div_g7f:divider|add_sub_2_result_int[1]~2   ; 0                 ; 6       ;
;      - chufa:inst7|DIV2:inst1|lpm_divide:LPM_DIVIDE_component|lpm_divide_l1q:auto_generated|sign_div_unsign_ulh:divider|alt_u_div_g7f:divider|add_sub_9_result_int[1]~2   ; 0                 ; 6       ;
;      - chufa:inst7|DIV2:inst1|lpm_divide:LPM_DIVIDE_component|lpm_divide_l1q:auto_generated|sign_div_unsign_ulh:divider|alt_u_div_g7f:divider|add_sub_10_result_int[1]~2  ; 0                 ; 6       ;
;      - chufa:inst7|DIV2:inst1|lpm_divide:LPM_DIVIDE_component|lpm_divide_l1q:auto_generated|sign_div_unsign_ulh:divider|alt_u_div_g7f:divider|add_sub_11_result_int[1]~2  ; 0                 ; 6       ;
;      - chufa:inst7|DIV2:inst1|lpm_divide:LPM_DIVIDE_component|lpm_divide_l1q:auto_generated|sign_div_unsign_ulh:divider|alt_u_div_g7f:divider|add_sub_12_result_int[1]~2  ; 0                 ; 6       ;
;      - chufa:inst7|DIV2:inst1|lpm_divide:LPM_DIVIDE_component|lpm_divide_l1q:auto_generated|sign_div_unsign_ulh:divider|alt_u_div_g7f:divider|add_sub_13_result_int[1]~2  ; 0                 ; 6       ;
;      - chufa:inst7|DIV2:inst1|lpm_divide:LPM_DIVIDE_component|lpm_divide_l1q:auto_generated|sign_div_unsign_ulh:divider|alt_u_div_g7f:divider|add_sub_14_result_int[1]~2  ; 0                 ; 6       ;
;      - chufa:inst7|DIV2:inst1|lpm_divide:LPM_DIVIDE_component|lpm_divide_l1q:auto_generated|sign_div_unsign_ulh:divider|alt_u_div_g7f:divider|add_sub_15_result_int[1]~3  ; 0                 ; 6       ;
;      - chufa:inst7|DIV2:inst1|lpm_divide:LPM_DIVIDE_component|lpm_divide_l1q:auto_generated|sign_div_unsign_ulh:divider|alt_u_div_g7f:divider|StageOut[10]~0              ; 0                 ; 6       ;
;      - chufa:inst7|DIV2:inst1|lpm_divide:LPM_DIVIDE_component|lpm_divide_l1q:auto_generated|sign_div_unsign_ulh:divider|alt_u_div_g7f:divider|selnose[17]~1               ; 0                 ; 6       ;
;      - 74181:alu4|47~0                                                                                                                                                    ; 0                 ; 6       ;
;      - 74181:alu4|44~0                                                                                                                                                    ; 0                 ; 6       ;
;      - METRIX:mul_lab3|cell:inst9|FA:inst|7482:inst|3                                                                                                                     ; 0                 ; 6       ;
;      - METRIX:mul_lab3|cell:inst9|FA:inst|7482:inst|20                                                                                                                    ; 0                 ; 6       ;
;      - METRIX:mul_lab3|cell:inst8|inst1                                                                                                                                   ; 0                 ; 6       ;
;      - METRIX:mul_lab3|cell:inst10|FA:inst|7482:inst|3                                                                                                                    ; 0                 ; 6       ;
;      - METRIX:mul_lab3|cell:inst11|FA:inst|7482:inst|3                                                                                                                    ; 0                 ; 6       ;
;      - METRIX:mul_lab3|cell:inst10|inst1                                                                                                                                  ; 0                 ; 6       ;
;      - METRIX:mul_lab3|cell:inst12|FA:inst|7482:inst|3                                                                                                                    ; 0                 ; 6       ;
;      - METRIX:mul_lab3|cell:inst11|inst1                                                                                                                                  ; 0                 ; 6       ;
;      - METRIX:mul_lab3|cell:inst13|FA:inst|7482:inst|3                                                                                                                    ; 0                 ; 6       ;
;      - METRIX:mul_lab3|cell:inst12|inst1                                                                                                                                  ; 0                 ; 6       ;
;      - METRIX:mul_lab3|cell:inst14|FA:inst|7482:inst|3                                                                                                                    ; 0                 ; 6       ;
;      - METRIX:mul_lab3|cell:inst13|inst1                                                                                                                                  ; 0                 ; 6       ;
;      - METRIX:mul_lab3|cell:inst14|inst1                                                                                                                                  ; 0                 ; 6       ;
;      - METRIX:mul_lab3|cell:inst21|FA:inst|7482:inst|3                                                                                                                    ; 0                 ; 6       ;
;      - METRIX:mul_lab3|cell:inst15|inst1                                                                                                                                  ; 0                 ; 6       ;
;      - CHOOSE_LAB3:inst10|choose16~3                                                                                                                                      ; 0                 ; 6       ;
;      - METRIX:mul_lab3|cell:inst22|FA:inst|7482:inst|3                                                                                                                    ; 0                 ; 6       ;
; a14                                                                                                                                                                       ;                   ;         ;
;      - chufa:inst7|DIV2:inst1|lpm_divide:LPM_DIVIDE_component|lpm_divide_l1q:auto_generated|sign_div_unsign_ulh:divider|alt_u_div_g7f:divider|StageOut[10]~0              ; 0                 ; 6       ;
;      - chufa:inst7|DIV2:inst1|lpm_divide:LPM_DIVIDE_component|lpm_divide_l1q:auto_generated|sign_div_unsign_ulh:divider|alt_u_div_g7f:divider|selnose[17]~1               ; 0                 ; 6       ;
;      - chufa:inst7|DIV2:inst1|lpm_divide:LPM_DIVIDE_component|lpm_divide_l1q:auto_generated|sign_div_unsign_ulh:divider|alt_u_div_g7f:divider|StageOut[9]~2               ; 0                 ; 6       ;
;      - 74181:alu1|48~0                                                                                                                                                    ; 0                 ; 6       ;
;      - 74181:alu1|45~0                                                                                                                                                    ; 0                 ; 6       ;
; b7                                                                                                                                                                        ;                   ;         ;
;      - chufa:inst7|DIV2:inst1|lpm_divide:LPM_DIVIDE_component|lpm_divide_l1q:auto_generated|sign_div_unsign_ulh:divider|alt_u_div_g7f:divider|add_sub_7_result_int[7]~14  ; 0                 ; 6       ;
;      - chufa:inst7|DIV2:inst1|lpm_divide:LPM_DIVIDE_component|lpm_divide_l1q:auto_generated|sign_div_unsign_ulh:divider|alt_u_div_g7f:divider|add_sub_14_result_int[7]~14 ; 0                 ; 6       ;
;      - chufa:inst7|DIV2:inst1|lpm_divide:LPM_DIVIDE_component|lpm_divide_l1q:auto_generated|sign_div_unsign_ulh:divider|alt_u_div_g7f:divider|add_sub_15_result_int[7]~15 ; 0                 ; 6       ;
;      - chufa:inst7|DIV2:inst1|lpm_divide:LPM_DIVIDE_component|lpm_divide_l1q:auto_generated|sign_div_unsign_ulh:divider|alt_u_div_g7f:divider|add_sub_13_result_int[7]~14 ; 0                 ; 6       ;
;      - chufa:inst7|DIV2:inst1|lpm_divide:LPM_DIVIDE_component|lpm_divide_l1q:auto_generated|sign_div_unsign_ulh:divider|alt_u_div_g7f:divider|add_sub_12_result_int[7]~14 ; 0                 ; 6       ;
;      - chufa:inst7|DIV2:inst1|lpm_divide:LPM_DIVIDE_component|lpm_divide_l1q:auto_generated|sign_div_unsign_ulh:divider|alt_u_div_g7f:divider|add_sub_11_result_int[7]~14 ; 0                 ; 6       ;
;      - chufa:inst7|DIV2:inst1|lpm_divide:LPM_DIVIDE_component|lpm_divide_l1q:auto_generated|sign_div_unsign_ulh:divider|alt_u_div_g7f:divider|add_sub_10_result_int[7]~14 ; 0                 ; 6       ;
;      - chufa:inst7|DIV2:inst1|lpm_divide:LPM_DIVIDE_component|lpm_divide_l1q:auto_generated|sign_div_unsign_ulh:divider|alt_u_div_g7f:divider|add_sub_9_result_int[7]~14  ; 0                 ; 6       ;
;      - chufa:inst7|DIV2:inst1|lpm_divide:LPM_DIVIDE_component|lpm_divide_l1q:auto_generated|sign_div_unsign_ulh:divider|alt_u_div_g7f:divider|add_sub_8_result_int[7]~14  ; 0                 ; 6       ;
;      - chufa:inst7|DIV2:inst1|lpm_divide:LPM_DIVIDE_component|lpm_divide_l1q:auto_generated|sign_div_unsign_ulh:divider|alt_u_div_g7f:divider|selnose[51]~0               ; 0                 ; 6       ;
;      - chufa:inst7|DIV2:inst1|lpm_divide:LPM_DIVIDE_component|lpm_divide_l1q:auto_generated|sign_div_unsign_ulh:divider|alt_u_div_g7f:divider|selnose[68]~2               ; 0                 ; 6       ;
;      - chufa:inst7|DIV2:inst1|lpm_divide:LPM_DIVIDE_component|lpm_divide_l1q:auto_generated|sign_div_unsign_ulh:divider|alt_u_div_g7f:divider|selnose[85]~3               ; 0                 ; 6       ;
;      - chufa:inst7|DIV2:inst1|lpm_divide:LPM_DIVIDE_component|lpm_divide_l1q:auto_generated|sign_div_unsign_ulh:divider|alt_u_div_g7f:divider|StageOut[60]~21             ; 0                 ; 6       ;
;      - chufa:inst7|DIV2:inst1|lpm_divide:LPM_DIVIDE_component|lpm_divide_l1q:auto_generated|sign_div_unsign_ulh:divider|alt_u_div_g7f:divider|StageOut[59]~22             ; 0                 ; 6       ;
;      - chufa:inst7|DIV2:inst1|lpm_divide:LPM_DIVIDE_component|lpm_divide_l1q:auto_generated|sign_div_unsign_ulh:divider|alt_u_div_g7f:divider|StageOut[58]~23             ; 0                 ; 6       ;
;      - chufa:inst7|DIV2:inst1|lpm_divide:LPM_DIVIDE_component|lpm_divide_l1q:auto_generated|sign_div_unsign_ulh:divider|alt_u_div_g7f:divider|StageOut[57]~24             ; 0                 ; 6       ;
;      - chufa:inst7|DIV2:inst1|lpm_divide:LPM_DIVIDE_component|lpm_divide_l1q:auto_generated|sign_div_unsign_ulh:divider|alt_u_div_g7f:divider|StageOut[56]~25             ; 0                 ; 6       ;
;      - chufa:inst7|DIV2:inst1|lpm_divide:LPM_DIVIDE_component|lpm_divide_l1q:auto_generated|sign_div_unsign_ulh:divider|alt_u_div_g7f:divider|StageOut[55]~26             ; 0                 ; 6       ;
;      - chufa:inst7|DIV2:inst1|lpm_divide:LPM_DIVIDE_component|lpm_divide_l1q:auto_generated|sign_div_unsign_ulh:divider|alt_u_div_g7f:divider|StageOut[54]~27             ; 0                 ; 6       ;
;      - 74181:alu3|52~0                                                                                                                                                    ; 0                 ; 6       ;
;      - 74181:alu3|51~0                                                                                                                                                    ; 0                 ; 6       ;
;      - CHOOSE_LAB3:inst10|choose8~1                                                                                                                                       ; 0                 ; 6       ;
;      - METRIX:mul_lab3|cell:inst56|FA:inst|7482:inst|20                                                                                                                   ; 0                 ; 6       ;
;      - METRIX:mul_lab3|cell:inst57|inst1                                                                                                                                  ; 0                 ; 6       ;
;      - CHOOSE_LAB3:inst10|choose10~0                                                                                                                                      ; 0                 ; 6       ;
;      - METRIX:mul_lab3|cell:inst58|inst1                                                                                                                                  ; 0                 ; 6       ;
;      - CHOOSE_LAB3:inst10|choose11~0                                                                                                                                      ; 0                 ; 6       ;
;      - METRIX:mul_lab3|cell:inst59|inst1                                                                                                                                  ; 0                 ; 6       ;
;      - METRIX:mul_lab3|cell:inst60|inst1                                                                                                                                  ; 0                 ; 6       ;
;      - chufa:inst7|DIV2:inst1|lpm_divide:LPM_DIVIDE_component|lpm_divide_l1q:auto_generated|sign_div_unsign_ulh:divider|alt_u_div_g7f:divider|selnose[68]                 ; 0                 ; 6       ;
;      - METRIX:mul_lab3|cell:inst61|inst1                                                                                                                                  ; 0                 ; 6       ;
;      - METRIX:mul_lab3|cell:inst62|inst1                                                                                                                                  ; 0                 ; 6       ;
;      - METRIX:mul_lab3|cell:inst63|FA:inst|7482:inst|8~0                                                                                                                  ; 0                 ; 6       ;
;      - METRIX:mul_lab3|cell:inst63|FA:inst|7482:inst|27~0                                                                                                                 ; 0                 ; 6       ;
;      - METRIX:mul_lab3|cell:inst57|FA:inst|7482:inst|8~2                                                                                                                  ; 0                 ; 6       ;
; b4                                                                                                                                                                        ;                   ;         ;
;      - chufa:inst7|DIV2:inst1|lpm_divide:LPM_DIVIDE_component|lpm_divide_l1q:auto_generated|sign_div_unsign_ulh:divider|alt_u_div_g7f:divider|add_sub_4_result_int[4]~8   ; 0                 ; 6       ;
;      - chufa:inst7|DIV2:inst1|lpm_divide:LPM_DIVIDE_component|lpm_divide_l1q:auto_generated|sign_div_unsign_ulh:divider|alt_u_div_g7f:divider|add_sub_11_result_int[4]~8  ; 0                 ; 6       ;
;      - chufa:inst7|DIV2:inst1|lpm_divide:LPM_DIVIDE_component|lpm_divide_l1q:auto_generated|sign_div_unsign_ulh:divider|alt_u_div_g7f:divider|add_sub_10_result_int[4]~8  ; 0                 ; 6       ;
;      - chufa:inst7|DIV2:inst1|lpm_divide:LPM_DIVIDE_component|lpm_divide_l1q:auto_generated|sign_div_unsign_ulh:divider|alt_u_div_g7f:divider|add_sub_9_result_int[4]~8   ; 0                 ; 6       ;
;      - chufa:inst7|DIV2:inst1|lpm_divide:LPM_DIVIDE_component|lpm_divide_l1q:auto_generated|sign_div_unsign_ulh:divider|alt_u_div_g7f:divider|add_sub_8_result_int[4]~8   ; 0                 ; 6       ;
;      - chufa:inst7|DIV2:inst1|lpm_divide:LPM_DIVIDE_component|lpm_divide_l1q:auto_generated|sign_div_unsign_ulh:divider|alt_u_div_g7f:divider|add_sub_7_result_int[4]~8   ; 0                 ; 6       ;
;      - chufa:inst7|DIV2:inst1|lpm_divide:LPM_DIVIDE_component|lpm_divide_l1q:auto_generated|sign_div_unsign_ulh:divider|alt_u_div_g7f:divider|add_sub_6_result_int[4]~8   ; 0                 ; 6       ;
;      - chufa:inst7|DIV2:inst1|lpm_divide:LPM_DIVIDE_component|lpm_divide_l1q:auto_generated|sign_div_unsign_ulh:divider|alt_u_div_g7f:divider|add_sub_5_result_int[4]~8   ; 0                 ; 6       ;
;      - chufa:inst7|DIV2:inst1|lpm_divide:LPM_DIVIDE_component|lpm_divide_l1q:auto_generated|sign_div_unsign_ulh:divider|alt_u_div_g7f:divider|add_sub_12_result_int[4]~8  ; 0                 ; 6       ;
;      - chufa:inst7|DIV2:inst1|lpm_divide:LPM_DIVIDE_component|lpm_divide_l1q:auto_generated|sign_div_unsign_ulh:divider|alt_u_div_g7f:divider|add_sub_13_result_int[4]~8  ; 0                 ; 6       ;
;      - chufa:inst7|DIV2:inst1|lpm_divide:LPM_DIVIDE_component|lpm_divide_l1q:auto_generated|sign_div_unsign_ulh:divider|alt_u_div_g7f:divider|add_sub_14_result_int[4]~8  ; 0                 ; 6       ;
;      - chufa:inst7|DIV2:inst1|lpm_divide:LPM_DIVIDE_component|lpm_divide_l1q:auto_generated|sign_div_unsign_ulh:divider|alt_u_div_g7f:divider|add_sub_15_result_int[4]~9  ; 0                 ; 6       ;
;      - chufa:inst7|DIV2:inst1|lpm_divide:LPM_DIVIDE_component|lpm_divide_l1q:auto_generated|sign_div_unsign_ulh:divider|alt_u_div_g7f:divider|selnose[51]~0               ; 0                 ; 6       ;
;      - 74181:alu3|46~0                                                                                                                                                    ; 0                 ; 6       ;
;      - 74181:alu3|43~0                                                                                                                                                    ; 0                 ; 6       ;
;      - CHOOSE_LAB3:inst10|c_or5~1                                                                                                                                         ; 0                 ; 6       ;
;      - METRIX:mul_lab3|cell:inst34|FA:inst|7482:inst|20                                                                                                                   ; 0                 ; 6       ;
;      - METRIX:mul_lab3|cell:inst31|inst1                                                                                                                                  ; 0                 ; 6       ;
;      - METRIX:mul_lab3|cell:inst32|FA:inst|7482:inst|3                                                                                                                    ; 0                 ; 6       ;
;      - METRIX:mul_lab3|cell:inst35|FA:inst|7482:inst|3                                                                                                                    ; 0                 ; 6       ;
;      - METRIX:mul_lab3|cell:inst32|inst1                                                                                                                                  ; 0                 ; 6       ;
;      - METRIX:mul_lab3|cell:inst36|FA:inst|7482:inst|3                                                                                                                    ; 0                 ; 6       ;
;      - METRIX:mul_lab3|cell:inst35|inst1                                                                                                                                  ; 0                 ; 6       ;
;      - METRIX:mul_lab3|cell:inst37|FA:inst|7482:inst|3                                                                                                                    ; 0                 ; 6       ;
;      - METRIX:mul_lab3|cell:inst36|inst1                                                                                                                                  ; 0                 ; 6       ;
;      - METRIX:mul_lab3|cell:inst38|FA:inst|7482:inst|3                                                                                                                    ; 0                 ; 6       ;
;      - METRIX:mul_lab3|cell:inst37|inst1                                                                                                                                  ; 0                 ; 6       ;
;      - METRIX:mul_lab3|cell:inst39|FA:inst|7482:inst|3                                                                                                                    ; 0                 ; 6       ;
;      - METRIX:mul_lab3|cell:inst38|inst1                                                                                                                                  ; 0                 ; 6       ;
;      - METRIX:mul_lab3|cell:inst39|FA:inst|7482:inst|27~0                                                                                                                 ; 0                 ; 6       ;
; b5                                                                                                                                                                        ;                   ;         ;
;      - chufa:inst7|DIV2:inst1|lpm_divide:LPM_DIVIDE_component|lpm_divide_l1q:auto_generated|sign_div_unsign_ulh:divider|alt_u_div_g7f:divider|add_sub_5_result_int[5]~10  ; 0                 ; 6       ;
;      - chufa:inst7|DIV2:inst1|lpm_divide:LPM_DIVIDE_component|lpm_divide_l1q:auto_generated|sign_div_unsign_ulh:divider|alt_u_div_g7f:divider|add_sub_12_result_int[5]~10 ; 0                 ; 6       ;
;      - chufa:inst7|DIV2:inst1|lpm_divide:LPM_DIVIDE_component|lpm_divide_l1q:auto_generated|sign_div_unsign_ulh:divider|alt_u_div_g7f:divider|add_sub_11_result_int[5]~10 ; 0                 ; 6       ;
;      - chufa:inst7|DIV2:inst1|lpm_divide:LPM_DIVIDE_component|lpm_divide_l1q:auto_generated|sign_div_unsign_ulh:divider|alt_u_div_g7f:divider|add_sub_10_result_int[5]~10 ; 0                 ; 6       ;
;      - chufa:inst7|DIV2:inst1|lpm_divide:LPM_DIVIDE_component|lpm_divide_l1q:auto_generated|sign_div_unsign_ulh:divider|alt_u_div_g7f:divider|add_sub_9_result_int[5]~10  ; 0                 ; 6       ;
;      - chufa:inst7|DIV2:inst1|lpm_divide:LPM_DIVIDE_component|lpm_divide_l1q:auto_generated|sign_div_unsign_ulh:divider|alt_u_div_g7f:divider|add_sub_8_result_int[5]~10  ; 0                 ; 6       ;
;      - chufa:inst7|DIV2:inst1|lpm_divide:LPM_DIVIDE_component|lpm_divide_l1q:auto_generated|sign_div_unsign_ulh:divider|alt_u_div_g7f:divider|add_sub_7_result_int[5]~10  ; 0                 ; 6       ;
;      - chufa:inst7|DIV2:inst1|lpm_divide:LPM_DIVIDE_component|lpm_divide_l1q:auto_generated|sign_div_unsign_ulh:divider|alt_u_div_g7f:divider|add_sub_6_result_int[5]~10  ; 0                 ; 6       ;
;      - chufa:inst7|DIV2:inst1|lpm_divide:LPM_DIVIDE_component|lpm_divide_l1q:auto_generated|sign_div_unsign_ulh:divider|alt_u_div_g7f:divider|add_sub_13_result_int[5]~10 ; 0                 ; 6       ;
;      - chufa:inst7|DIV2:inst1|lpm_divide:LPM_DIVIDE_component|lpm_divide_l1q:auto_generated|sign_div_unsign_ulh:divider|alt_u_div_g7f:divider|add_sub_14_result_int[5]~10 ; 0                 ; 6       ;
;      - chufa:inst7|DIV2:inst1|lpm_divide:LPM_DIVIDE_component|lpm_divide_l1q:auto_generated|sign_div_unsign_ulh:divider|alt_u_div_g7f:divider|add_sub_15_result_int[5]~11 ; 0                 ; 6       ;
;      - chufa:inst7|DIV2:inst1|lpm_divide:LPM_DIVIDE_component|lpm_divide_l1q:auto_generated|sign_div_unsign_ulh:divider|alt_u_div_g7f:divider|selnose[51]~0               ; 0                 ; 6       ;
;      - chufa:inst7|DIV2:inst1|lpm_divide:LPM_DIVIDE_component|lpm_divide_l1q:auto_generated|sign_div_unsign_ulh:divider|alt_u_div_g7f:divider|selnose[68]~2               ; 0                 ; 6       ;
;      - 74181:alu3|47~0                                                                                                                                                    ; 0                 ; 6       ;
;      - 74181:alu3|44~0                                                                                                                                                    ; 0                 ; 6       ;
;      - CHOOSE_LAB3:inst10|c_or6~1                                                                                                                                         ; 0                 ; 6       ;
;      - METRIX:mul_lab3|cell:inst40|FA:inst|7482:inst|20                                                                                                                   ; 0                 ; 6       ;
;      - METRIX:mul_lab3|cell:inst41|inst1                                                                                                                                  ; 0                 ; 6       ;
;      - METRIX:mul_lab3|cell:inst42|FA:inst|7482:inst|3                                                                                                                    ; 0                 ; 6       ;
;      - METRIX:mul_lab3|cell:inst43|FA:inst|7482:inst|3                                                                                                                    ; 0                 ; 6       ;
;      - METRIX:mul_lab3|cell:inst42|inst1                                                                                                                                  ; 0                 ; 6       ;
;      - METRIX:mul_lab3|cell:inst44|FA:inst|7482:inst|3                                                                                                                    ; 0                 ; 6       ;
;      - METRIX:mul_lab3|cell:inst43|inst1                                                                                                                                  ; 0                 ; 6       ;
;      - METRIX:mul_lab3|cell:inst45|FA:inst|7482:inst|3                                                                                                                    ; 0                 ; 6       ;
;      - METRIX:mul_lab3|cell:inst44|inst1                                                                                                                                  ; 0                 ; 6       ;
;      - METRIX:mul_lab3|cell:inst46|FA:inst|7482:inst|3                                                                                                                    ; 0                 ; 6       ;
;      - METRIX:mul_lab3|cell:inst45|inst1                                                                                                                                  ; 0                 ; 6       ;
;      - chufa:inst7|DIV2:inst1|lpm_divide:LPM_DIVIDE_component|lpm_divide_l1q:auto_generated|sign_div_unsign_ulh:divider|alt_u_div_g7f:divider|selnose[68]                 ; 0                 ; 6       ;
;      - METRIX:mul_lab3|cell:inst47|FA:inst|7482:inst|3                                                                                                                    ; 0                 ; 6       ;
;      - METRIX:mul_lab3|cell:inst46|inst1                                                                                                                                  ; 0                 ; 6       ;
;      - METRIX:mul_lab3|cell:inst47|FA:inst|7482:inst|27~0                                                                                                                 ; 0                 ; 6       ;
; b6                                                                                                                                                                        ;                   ;         ;
;      - chufa:inst7|DIV2:inst1|lpm_divide:LPM_DIVIDE_component|lpm_divide_l1q:auto_generated|sign_div_unsign_ulh:divider|alt_u_div_g7f:divider|add_sub_6_result_int[6]~12  ; 0                 ; 6       ;
;      - chufa:inst7|DIV2:inst1|lpm_divide:LPM_DIVIDE_component|lpm_divide_l1q:auto_generated|sign_div_unsign_ulh:divider|alt_u_div_g7f:divider|add_sub_13_result_int[6]~12 ; 0                 ; 6       ;
;      - chufa:inst7|DIV2:inst1|lpm_divide:LPM_DIVIDE_component|lpm_divide_l1q:auto_generated|sign_div_unsign_ulh:divider|alt_u_div_g7f:divider|add_sub_12_result_int[6]~12 ; 0                 ; 6       ;
;      - chufa:inst7|DIV2:inst1|lpm_divide:LPM_DIVIDE_component|lpm_divide_l1q:auto_generated|sign_div_unsign_ulh:divider|alt_u_div_g7f:divider|add_sub_11_result_int[6]~12 ; 0                 ; 6       ;
;      - chufa:inst7|DIV2:inst1|lpm_divide:LPM_DIVIDE_component|lpm_divide_l1q:auto_generated|sign_div_unsign_ulh:divider|alt_u_div_g7f:divider|add_sub_10_result_int[6]~12 ; 0                 ; 6       ;
;      - chufa:inst7|DIV2:inst1|lpm_divide:LPM_DIVIDE_component|lpm_divide_l1q:auto_generated|sign_div_unsign_ulh:divider|alt_u_div_g7f:divider|add_sub_9_result_int[6]~12  ; 0                 ; 6       ;
;      - chufa:inst7|DIV2:inst1|lpm_divide:LPM_DIVIDE_component|lpm_divide_l1q:auto_generated|sign_div_unsign_ulh:divider|alt_u_div_g7f:divider|add_sub_8_result_int[6]~12  ; 0                 ; 6       ;
;      - chufa:inst7|DIV2:inst1|lpm_divide:LPM_DIVIDE_component|lpm_divide_l1q:auto_generated|sign_div_unsign_ulh:divider|alt_u_div_g7f:divider|add_sub_7_result_int[6]~12  ; 0                 ; 6       ;
;      - chufa:inst7|DIV2:inst1|lpm_divide:LPM_DIVIDE_component|lpm_divide_l1q:auto_generated|sign_div_unsign_ulh:divider|alt_u_div_g7f:divider|add_sub_14_result_int[6]~12 ; 0                 ; 6       ;
;      - chufa:inst7|DIV2:inst1|lpm_divide:LPM_DIVIDE_component|lpm_divide_l1q:auto_generated|sign_div_unsign_ulh:divider|alt_u_div_g7f:divider|add_sub_15_result_int[6]~13 ; 0                 ; 6       ;
;      - chufa:inst7|DIV2:inst1|lpm_divide:LPM_DIVIDE_component|lpm_divide_l1q:auto_generated|sign_div_unsign_ulh:divider|alt_u_div_g7f:divider|selnose[51]~0               ; 0                 ; 6       ;
;      - chufa:inst7|DIV2:inst1|lpm_divide:LPM_DIVIDE_component|lpm_divide_l1q:auto_generated|sign_div_unsign_ulh:divider|alt_u_div_g7f:divider|selnose[68]~2               ; 0                 ; 6       ;
;      - chufa:inst7|DIV2:inst1|lpm_divide:LPM_DIVIDE_component|lpm_divide_l1q:auto_generated|sign_div_unsign_ulh:divider|alt_u_div_g7f:divider|selnose[85]~3               ; 0                 ; 6       ;
;      - 74181:alu3|48~0                                                                                                                                                    ; 0                 ; 6       ;
;      - 74181:alu3|45~0                                                                                                                                                    ; 0                 ; 6       ;
;      - CHOOSE_LAB3:inst10|c_or7~1                                                                                                                                         ; 0                 ; 6       ;
;      - METRIX:mul_lab3|cell:inst48|FA:inst|7482:inst|20                                                                                                                   ; 0                 ; 6       ;
;      - METRIX:mul_lab3|cell:inst49|inst1                                                                                                                                  ; 0                 ; 6       ;
;      - METRIX:mul_lab3|cell:inst50|FA:inst|7482:inst|3                                                                                                                    ; 0                 ; 6       ;
;      - METRIX:mul_lab3|cell:inst51|FA:inst|7482:inst|3                                                                                                                    ; 0                 ; 6       ;
;      - METRIX:mul_lab3|cell:inst50|inst1                                                                                                                                  ; 0                 ; 6       ;
;      - CHOOSE_LAB3:inst10|choose11~0                                                                                                                                      ; 0                 ; 6       ;
;      - METRIX:mul_lab3|cell:inst52|FA:inst|7482:inst|3                                                                                                                    ; 0                 ; 6       ;
;      - METRIX:mul_lab3|cell:inst51|inst1                                                                                                                                  ; 0                 ; 6       ;
;      - METRIX:mul_lab3|cell:inst53|FA:inst|7482:inst|3                                                                                                                    ; 0                 ; 6       ;
;      - METRIX:mul_lab3|cell:inst52|inst1                                                                                                                                  ; 0                 ; 6       ;
;      - chufa:inst7|DIV2:inst1|lpm_divide:LPM_DIVIDE_component|lpm_divide_l1q:auto_generated|sign_div_unsign_ulh:divider|alt_u_div_g7f:divider|selnose[68]                 ; 0                 ; 6       ;
;      - METRIX:mul_lab3|cell:inst54|FA:inst|7482:inst|3                                                                                                                    ; 0                 ; 6       ;
;      - METRIX:mul_lab3|cell:inst53|inst1                                                                                                                                  ; 0                 ; 6       ;
;      - METRIX:mul_lab3|cell:inst55|FA:inst|7482:inst|3                                                                                                                    ; 0                 ; 6       ;
;      - METRIX:mul_lab3|cell:inst54|inst1                                                                                                                                  ; 0                 ; 6       ;
;      - METRIX:mul_lab3|cell:inst55|FA:inst|7482:inst|27~0                                                                                                                 ; 0                 ; 6       ;
; b2                                                                                                                                                                        ;                   ;         ;
;      - chufa:inst7|DIV2:inst1|lpm_divide:LPM_DIVIDE_component|lpm_divide_l1q:auto_generated|sign_div_unsign_ulh:divider|alt_u_div_g7f:divider|add_sub_2_result_int[2]~4   ; 0                 ; 6       ;
;      - chufa:inst7|DIV2:inst1|lpm_divide:LPM_DIVIDE_component|lpm_divide_l1q:auto_generated|sign_div_unsign_ulh:divider|alt_u_div_g7f:divider|add_sub_9_result_int[2]~4   ; 0                 ; 6       ;
;      - chufa:inst7|DIV2:inst1|lpm_divide:LPM_DIVIDE_component|lpm_divide_l1q:auto_generated|sign_div_unsign_ulh:divider|alt_u_div_g7f:divider|add_sub_8_result_int[2]~4   ; 0                 ; 6       ;
;      - chufa:inst7|DIV2:inst1|lpm_divide:LPM_DIVIDE_component|lpm_divide_l1q:auto_generated|sign_div_unsign_ulh:divider|alt_u_div_g7f:divider|add_sub_7_result_int[2]~4   ; 0                 ; 6       ;
;      - chufa:inst7|DIV2:inst1|lpm_divide:LPM_DIVIDE_component|lpm_divide_l1q:auto_generated|sign_div_unsign_ulh:divider|alt_u_div_g7f:divider|add_sub_6_result_int[2]~4   ; 0                 ; 6       ;
;      - chufa:inst7|DIV2:inst1|lpm_divide:LPM_DIVIDE_component|lpm_divide_l1q:auto_generated|sign_div_unsign_ulh:divider|alt_u_div_g7f:divider|add_sub_5_result_int[2]~4   ; 0                 ; 6       ;
;      - chufa:inst7|DIV2:inst1|lpm_divide:LPM_DIVIDE_component|lpm_divide_l1q:auto_generated|sign_div_unsign_ulh:divider|alt_u_div_g7f:divider|add_sub_4_result_int[2]~4   ; 0                 ; 6       ;
;      - chufa:inst7|DIV2:inst1|lpm_divide:LPM_DIVIDE_component|lpm_divide_l1q:auto_generated|sign_div_unsign_ulh:divider|alt_u_div_g7f:divider|add_sub_3_result_int[2]~4   ; 0                 ; 6       ;
;      - chufa:inst7|DIV2:inst1|lpm_divide:LPM_DIVIDE_component|lpm_divide_l1q:auto_generated|sign_div_unsign_ulh:divider|alt_u_div_g7f:divider|add_sub_10_result_int[2]~4  ; 0                 ; 6       ;
;      - chufa:inst7|DIV2:inst1|lpm_divide:LPM_DIVIDE_component|lpm_divide_l1q:auto_generated|sign_div_unsign_ulh:divider|alt_u_div_g7f:divider|add_sub_11_result_int[2]~4  ; 0                 ; 6       ;
;      - chufa:inst7|DIV2:inst1|lpm_divide:LPM_DIVIDE_component|lpm_divide_l1q:auto_generated|sign_div_unsign_ulh:divider|alt_u_div_g7f:divider|add_sub_12_result_int[2]~4  ; 0                 ; 6       ;
;      - chufa:inst7|DIV2:inst1|lpm_divide:LPM_DIVIDE_component|lpm_divide_l1q:auto_generated|sign_div_unsign_ulh:divider|alt_u_div_g7f:divider|add_sub_13_result_int[2]~4  ; 0                 ; 6       ;
;      - chufa:inst7|DIV2:inst1|lpm_divide:LPM_DIVIDE_component|lpm_divide_l1q:auto_generated|sign_div_unsign_ulh:divider|alt_u_div_g7f:divider|add_sub_14_result_int[2]~4  ; 0                 ; 6       ;
;      - chufa:inst7|DIV2:inst1|lpm_divide:LPM_DIVIDE_component|lpm_divide_l1q:auto_generated|sign_div_unsign_ulh:divider|alt_u_div_g7f:divider|add_sub_15_result_int[2]~5  ; 0                 ; 6       ;
;      - CHOOSE_LAB3:inst10|choose16~0                                                                                                                                      ; 0                 ; 6       ;
;      - 74181:alu4|48~0                                                                                                                                                    ; 0                 ; 6       ;
;      - 74181:alu4|45~0                                                                                                                                                    ; 0                 ; 6       ;
;      - CHOOSE_LAB3:inst10|c_or3~1                                                                                                                                         ; 0                 ; 6       ;
;      - METRIX:mul_lab3|cell:inst16|inst1                                                                                                                                  ; 0                 ; 6       ;
;      - METRIX:mul_lab3|cell:inst33|FA:inst|7482:inst|20                                                                                                                   ; 0                 ; 6       ;
;      - METRIX:mul_lab3|cell:inst17|FA:inst|7482:inst|3                                                                                                                    ; 0                 ; 6       ;
;      - METRIX:mul_lab3|cell:inst18|FA:inst|7482:inst|3                                                                                                                    ; 0                 ; 6       ;
;      - METRIX:mul_lab3|cell:inst17|inst1                                                                                                                                  ; 0                 ; 6       ;
;      - METRIX:mul_lab3|cell:inst19|FA:inst|7482:inst|3                                                                                                                    ; 0                 ; 6       ;
;      - METRIX:mul_lab3|cell:inst18|inst1                                                                                                                                  ; 0                 ; 6       ;
;      - METRIX:mul_lab3|cell:inst20|FA:inst|7482:inst|3                                                                                                                    ; 0                 ; 6       ;
;      - METRIX:mul_lab3|cell:inst19|inst1                                                                                                                                  ; 0                 ; 6       ;
;      - METRIX:mul_lab3|cell:inst21|inst1                                                                                                                                  ; 0                 ; 6       ;
;      - METRIX:mul_lab3|cell:inst20|inst1                                                                                                                                  ; 0                 ; 6       ;
;      - METRIX:mul_lab3|cell:inst22|inst1                                                                                                                                  ; 0                 ; 6       ;
;      - chufa:inst7|DIV2:inst1|lpm_divide:LPM_DIVIDE_component|lpm_divide_l1q:auto_generated|sign_div_unsign_ulh:divider|alt_u_div_g7f:divider|selnose[17]~4               ; 0                 ; 6       ;
;      - METRIX:mul_lab3|cell:inst22|FA:inst|7482:inst|3                                                                                                                    ; 0                 ; 6       ;
; b3                                                                                                                                                                        ;                   ;         ;
;      - chufa:inst7|DIV2:inst1|lpm_divide:LPM_DIVIDE_component|lpm_divide_l1q:auto_generated|sign_div_unsign_ulh:divider|alt_u_div_g7f:divider|add_sub_3_result_int[3]~6   ; 0                 ; 6       ;
;      - chufa:inst7|DIV2:inst1|lpm_divide:LPM_DIVIDE_component|lpm_divide_l1q:auto_generated|sign_div_unsign_ulh:divider|alt_u_div_g7f:divider|add_sub_10_result_int[3]~6  ; 0                 ; 6       ;
;      - chufa:inst7|DIV2:inst1|lpm_divide:LPM_DIVIDE_component|lpm_divide_l1q:auto_generated|sign_div_unsign_ulh:divider|alt_u_div_g7f:divider|add_sub_9_result_int[3]~6   ; 0                 ; 6       ;
;      - chufa:inst7|DIV2:inst1|lpm_divide:LPM_DIVIDE_component|lpm_divide_l1q:auto_generated|sign_div_unsign_ulh:divider|alt_u_div_g7f:divider|add_sub_8_result_int[3]~6   ; 0                 ; 6       ;
;      - chufa:inst7|DIV2:inst1|lpm_divide:LPM_DIVIDE_component|lpm_divide_l1q:auto_generated|sign_div_unsign_ulh:divider|alt_u_div_g7f:divider|add_sub_7_result_int[3]~6   ; 0                 ; 6       ;
;      - chufa:inst7|DIV2:inst1|lpm_divide:LPM_DIVIDE_component|lpm_divide_l1q:auto_generated|sign_div_unsign_ulh:divider|alt_u_div_g7f:divider|add_sub_6_result_int[3]~6   ; 0                 ; 6       ;
;      - chufa:inst7|DIV2:inst1|lpm_divide:LPM_DIVIDE_component|lpm_divide_l1q:auto_generated|sign_div_unsign_ulh:divider|alt_u_div_g7f:divider|add_sub_5_result_int[3]~6   ; 0                 ; 6       ;
;      - chufa:inst7|DIV2:inst1|lpm_divide:LPM_DIVIDE_component|lpm_divide_l1q:auto_generated|sign_div_unsign_ulh:divider|alt_u_div_g7f:divider|add_sub_4_result_int[3]~6   ; 0                 ; 6       ;
;      - chufa:inst7|DIV2:inst1|lpm_divide:LPM_DIVIDE_component|lpm_divide_l1q:auto_generated|sign_div_unsign_ulh:divider|alt_u_div_g7f:divider|add_sub_11_result_int[3]~6  ; 0                 ; 6       ;
;      - chufa:inst7|DIV2:inst1|lpm_divide:LPM_DIVIDE_component|lpm_divide_l1q:auto_generated|sign_div_unsign_ulh:divider|alt_u_div_g7f:divider|add_sub_12_result_int[3]~6  ; 0                 ; 6       ;
;      - chufa:inst7|DIV2:inst1|lpm_divide:LPM_DIVIDE_component|lpm_divide_l1q:auto_generated|sign_div_unsign_ulh:divider|alt_u_div_g7f:divider|add_sub_13_result_int[3]~6  ; 0                 ; 6       ;
;      - chufa:inst7|DIV2:inst1|lpm_divide:LPM_DIVIDE_component|lpm_divide_l1q:auto_generated|sign_div_unsign_ulh:divider|alt_u_div_g7f:divider|add_sub_14_result_int[3]~6  ; 0                 ; 6       ;
;      - chufa:inst7|DIV2:inst1|lpm_divide:LPM_DIVIDE_component|lpm_divide_l1q:auto_generated|sign_div_unsign_ulh:divider|alt_u_div_g7f:divider|add_sub_15_result_int[3]~7  ; 0                 ; 6       ;
;      - CHOOSE_LAB3:inst10|choose16~0                                                                                                                                      ; 0                 ; 6       ;
;      - CHOOSE_LAB3:inst10|choose16~1                                                                                                                                      ; 0                 ; 6       ;
;      - 74181:alu4|52~0                                                                                                                                                    ; 0                 ; 6       ;
;      - 74181:alu4|51~0                                                                                                                                                    ; 0                 ; 6       ;
;      - CHOOSE_LAB3:inst10|c_or4~1                                                                                                                                         ; 0                 ; 6       ;
;      - METRIX:mul_lab3|cell:inst23|FA:inst|7482:inst|20                                                                                                                   ; 0                 ; 6       ;
;      - METRIX:mul_lab3|cell:inst24|inst1                                                                                                                                  ; 0                 ; 6       ;
;      - METRIX:mul_lab3|cell:inst25|FA:inst|7482:inst|3                                                                                                                    ; 0                 ; 6       ;
;      - METRIX:mul_lab3|cell:inst26|FA:inst|7482:inst|3                                                                                                                    ; 0                 ; 6       ;
;      - METRIX:mul_lab3|cell:inst25|inst1                                                                                                                                  ; 0                 ; 6       ;
;      - METRIX:mul_lab3|cell:inst27|FA:inst|7482:inst|3                                                                                                                    ; 0                 ; 6       ;
;      - METRIX:mul_lab3|cell:inst26|inst1                                                                                                                                  ; 0                 ; 6       ;
;      - METRIX:mul_lab3|cell:inst28|FA:inst|7482:inst|3                                                                                                                    ; 0                 ; 6       ;
;      - METRIX:mul_lab3|cell:inst27|inst1                                                                                                                                  ; 0                 ; 6       ;
;      - METRIX:mul_lab3|cell:inst29|FA:inst|7482:inst|3                                                                                                                    ; 0                 ; 6       ;
;      - METRIX:mul_lab3|cell:inst28|inst1                                                                                                                                  ; 0                 ; 6       ;
;      - METRIX:mul_lab3|cell:inst30|FA:inst|7482:inst|3                                                                                                                    ; 0                 ; 6       ;
;      - METRIX:mul_lab3|cell:inst29|inst1                                                                                                                                  ; 0                 ; 6       ;
;      - METRIX:mul_lab3|cell:inst30|FA:inst|7482:inst|27~0                                                                                                                 ; 0                 ; 6       ;
;      - CHOOSE_LAB3:inst10|choose14~0                                                                                                                                      ; 0                 ; 6       ;
;      - chufa:inst7|DIV2:inst1|lpm_divide:LPM_DIVIDE_component|lpm_divide_l1q:auto_generated|sign_div_unsign_ulh:divider|alt_u_div_g7f:divider|selnose[17]~4               ; 0                 ; 6       ;
; a13                                                                                                                                                                       ;                   ;         ;
;      - chufa:inst7|DIV2:inst1|lpm_divide:LPM_DIVIDE_component|lpm_divide_l1q:auto_generated|sign_div_unsign_ulh:divider|alt_u_div_g7f:divider|add_sub_2_result_int[0]~0   ; 0                 ; 6       ;
;      - chufa:inst7|DIV2:inst1|lpm_divide:LPM_DIVIDE_component|lpm_divide_l1q:auto_generated|sign_div_unsign_ulh:divider|alt_u_div_g7f:divider|StageOut[18]~5              ; 0                 ; 6       ;
;      - 74181:alu1|47~0                                                                                                                                                    ; 0                 ; 6       ;
;      - 74181:alu1|44~0                                                                                                                                                    ; 0                 ; 6       ;
; a12                                                                                                                                                                       ;                   ;         ;
;      - chufa:inst7|DIV2:inst1|lpm_divide:LPM_DIVIDE_component|lpm_divide_l1q:auto_generated|sign_div_unsign_ulh:divider|alt_u_div_g7f:divider|add_sub_3_result_int[0]~0   ; 1                 ; 6       ;
;      - chufa:inst7|DIV2:inst1|lpm_divide:LPM_DIVIDE_component|lpm_divide_l1q:auto_generated|sign_div_unsign_ulh:divider|alt_u_div_g7f:divider|StageOut[27]~9              ; 1                 ; 6       ;
;      - 74181:alu1|46~0                                                                                                                                                    ; 1                 ; 6       ;
;      - 74181:alu1|43~0                                                                                                                                                    ; 1                 ; 6       ;
; a11                                                                                                                                                                       ;                   ;         ;
;      - chufa:inst7|DIV2:inst1|lpm_divide:LPM_DIVIDE_component|lpm_divide_l1q:auto_generated|sign_div_unsign_ulh:divider|alt_u_div_g7f:divider|add_sub_4_result_int[0]~0   ; 1                 ; 6       ;
;      - chufa:inst7|DIV2:inst1|lpm_divide:LPM_DIVIDE_component|lpm_divide_l1q:auto_generated|sign_div_unsign_ulh:divider|alt_u_div_g7f:divider|StageOut[36]~14             ; 1                 ; 6       ;
;      - 74181:alu2|52~0                                                                                                                                                    ; 1                 ; 6       ;
;      - 74181:alu2|51~0                                                                                                                                                    ; 1                 ; 6       ;
; a10                                                                                                                                                                       ;                   ;         ;
; a9                                                                                                                                                                        ;                   ;         ;
; a7                                                                                                                                                                        ;                   ;         ;
;      - chufa:inst7|DIV2:inst1|lpm_divide:LPM_DIVIDE_component|lpm_divide_l1q:auto_generated|sign_div_unsign_ulh:divider|alt_u_div_g7f:divider|add_sub_8_result_int[0]~0   ; 0                 ; 6       ;
;      - chufa:inst7|DIV2:inst1|lpm_divide:LPM_DIVIDE_component|lpm_divide_l1q:auto_generated|sign_div_unsign_ulh:divider|alt_u_div_g7f:divider|StageOut[72]~37             ; 0                 ; 6       ;
;      - 74181:alu3|52~0                                                                                                                                                    ; 0                 ; 6       ;
;      - 74181:alu3|51~0                                                                                                                                                    ; 0                 ; 6       ;
;      - METRIX:mul_lab3|cell:inst14|FA:inst|7482:inst|3                                                                                                                    ; 0                 ; 6       ;
;      - METRIX:mul_lab3|cell:inst14|FA:inst|7482:inst|27~0                                                                                                                 ; 0                 ; 6       ;
;      - METRIX:mul_lab3|cell:inst21|FA:inst|7482:inst|3                                                                                                                    ; 0                 ; 6       ;
;      - METRIX:mul_lab3|cell:inst15|inst1                                                                                                                                  ; 0                 ; 6       ;
;      - METRIX:mul_lab3|cell:inst22|inst1                                                                                                                                  ; 0                 ; 6       ;
;      - METRIX:mul_lab3|cell:inst30|FA:inst|7482:inst|3                                                                                                                    ; 0                 ; 6       ;
;      - METRIX:mul_lab3|cell:inst30|FA:inst|7482:inst|27~0                                                                                                                 ; 0                 ; 6       ;
;      - METRIX:mul_lab3|cell:inst39|FA:inst|7482:inst|3                                                                                                                    ; 0                 ; 6       ;
;      - METRIX:mul_lab3|cell:inst39|FA:inst|7482:inst|27~0                                                                                                                 ; 0                 ; 6       ;
;      - METRIX:mul_lab3|cell:inst47|FA:inst|7482:inst|3                                                                                                                    ; 0                 ; 6       ;
;      - METRIX:mul_lab3|cell:inst47|FA:inst|7482:inst|27~0                                                                                                                 ; 0                 ; 6       ;
;      - METRIX:mul_lab3|cell:inst55|FA:inst|7482:inst|3                                                                                                                    ; 0                 ; 6       ;
;      - METRIX:mul_lab3|cell:inst55|FA:inst|7482:inst|27~0                                                                                                                 ; 0                 ; 6       ;
;      - METRIX:mul_lab3|cell:inst63|FA:inst|7482:inst|8~0                                                                                                                  ; 0                 ; 6       ;
;      - METRIX:mul_lab3|cell:inst63|FA:inst|7482:inst|27~0                                                                                                                 ; 0                 ; 6       ;
;      - 74198:inst1|121~0                                                                                                                                                  ; 0                 ; 6       ;
;      - METRIX:mul_lab3|cell:inst22|FA:inst|7482:inst|3                                                                                                                    ; 0                 ; 6       ;
; a6                                                                                                                                                                        ;                   ;         ;
;      - chufa:inst7|DIV2:inst1|lpm_divide:LPM_DIVIDE_component|lpm_divide_l1q:auto_generated|sign_div_unsign_ulh:divider|alt_u_div_g7f:divider|add_sub_9_result_int[0]~0   ; 0                 ; 6       ;
;      - chufa:inst7|DIV2:inst1|lpm_divide:LPM_DIVIDE_component|lpm_divide_l1q:auto_generated|sign_div_unsign_ulh:divider|alt_u_div_g7f:divider|StageOut[81]~46             ; 0                 ; 6       ;
;      - 74181:alu3|48~0                                                                                                                                                    ; 0                 ; 6       ;
;      - 74181:alu3|45~0                                                                                                                                                    ; 0                 ; 6       ;
;      - METRIX:mul_lab3|cell:inst13|FA:inst|7482:inst|3                                                                                                                    ; 0                 ; 6       ;
;      - METRIX:mul_lab3|cell:inst14|FA:inst|7482:inst|3                                                                                                                    ; 0                 ; 6       ;
;      - METRIX:mul_lab3|cell:inst13|FA:inst|7482:inst|27~0                                                                                                                 ; 0                 ; 6       ;
;      - METRIX:mul_lab3|cell:inst14|inst1                                                                                                                                  ; 0                 ; 6       ;
;      - METRIX:mul_lab3|cell:inst21|inst1                                                                                                                                  ; 0                 ; 6       ;
;      - METRIX:mul_lab3|cell:inst29|FA:inst|7482:inst|3                                                                                                                    ; 0                 ; 6       ;
;      - METRIX:mul_lab3|cell:inst29|inst1                                                                                                                                  ; 0                 ; 6       ;
;      - METRIX:mul_lab3|cell:inst38|FA:inst|7482:inst|3                                                                                                                    ; 0                 ; 6       ;
;      - METRIX:mul_lab3|cell:inst38|inst1                                                                                                                                  ; 0                 ; 6       ;
;      - METRIX:mul_lab3|cell:inst46|FA:inst|7482:inst|3                                                                                                                    ; 0                 ; 6       ;
;      - METRIX:mul_lab3|cell:inst46|inst1                                                                                                                                  ; 0                 ; 6       ;
;      - METRIX:mul_lab3|cell:inst54|FA:inst|7482:inst|3                                                                                                                    ; 0                 ; 6       ;
;      - METRIX:mul_lab3|cell:inst54|inst1                                                                                                                                  ; 0                 ; 6       ;
;      - METRIX:mul_lab3|cell:inst62|inst1                                                                                                                                  ; 0                 ; 6       ;
;      - 74198:inst1|122~1                                                                                                                                                  ; 0                 ; 6       ;
; a5                                                                                                                                                                        ;                   ;         ;
;      - chufa:inst7|DIV2:inst1|lpm_divide:LPM_DIVIDE_component|lpm_divide_l1q:auto_generated|sign_div_unsign_ulh:divider|alt_u_div_g7f:divider|add_sub_10_result_int[0]~0  ; 1                 ; 6       ;
;      - chufa:inst7|DIV2:inst1|lpm_divide:LPM_DIVIDE_component|lpm_divide_l1q:auto_generated|sign_div_unsign_ulh:divider|alt_u_div_g7f:divider|StageOut[90]~55             ; 1                 ; 6       ;
;      - 74181:alu3|47~0                                                                                                                                                    ; 1                 ; 6       ;
;      - 74181:alu3|44~0                                                                                                                                                    ; 1                 ; 6       ;
;      - METRIX:mul_lab3|cell:inst12|FA:inst|7482:inst|3                                                                                                                    ; 1                 ; 6       ;
;      - METRIX:mul_lab3|cell:inst13|FA:inst|7482:inst|3                                                                                                                    ; 1                 ; 6       ;
;      - METRIX:mul_lab3|cell:inst12|FA:inst|7482:inst|27~0                                                                                                                 ; 1                 ; 6       ;
;      - METRIX:mul_lab3|cell:inst13|inst1                                                                                                                                  ; 1                 ; 6       ;
;      - METRIX:mul_lab3|cell:inst20|FA:inst|7482:inst|3                                                                                                                    ; 1                 ; 6       ;
;      - METRIX:mul_lab3|cell:inst20|inst1                                                                                                                                  ; 1                 ; 6       ;
;      - METRIX:mul_lab3|cell:inst28|FA:inst|7482:inst|3                                                                                                                    ; 1                 ; 6       ;
;      - METRIX:mul_lab3|cell:inst28|inst1                                                                                                                                  ; 1                 ; 6       ;
;      - METRIX:mul_lab3|cell:inst37|FA:inst|7482:inst|3                                                                                                                    ; 1                 ; 6       ;
;      - METRIX:mul_lab3|cell:inst37|inst1                                                                                                                                  ; 1                 ; 6       ;
;      - METRIX:mul_lab3|cell:inst45|FA:inst|7482:inst|3                                                                                                                    ; 1                 ; 6       ;
;      - METRIX:mul_lab3|cell:inst45|inst1                                                                                                                                  ; 1                 ; 6       ;
;      - METRIX:mul_lab3|cell:inst53|FA:inst|7482:inst|3                                                                                                                    ; 1                 ; 6       ;
;      - METRIX:mul_lab3|cell:inst61|inst1                                                                                                                                  ; 1                 ; 6       ;
;      - METRIX:mul_lab3|cell:inst53|inst1                                                                                                                                  ; 1                 ; 6       ;
;      - 74198:inst1|123~1                                                                                                                                                  ; 1                 ; 6       ;
; a4                                                                                                                                                                        ;                   ;         ;
;      - chufa:inst7|DIV2:inst1|lpm_divide:LPM_DIVIDE_component|lpm_divide_l1q:auto_generated|sign_div_unsign_ulh:divider|alt_u_div_g7f:divider|add_sub_11_result_int[0]~0  ; 0                 ; 6       ;
;      - chufa:inst7|DIV2:inst1|lpm_divide:LPM_DIVIDE_component|lpm_divide_l1q:auto_generated|sign_div_unsign_ulh:divider|alt_u_div_g7f:divider|StageOut[99]~64             ; 0                 ; 6       ;
;      - 74181:alu3|46~0                                                                                                                                                    ; 0                 ; 6       ;
;      - 74181:alu3|43~0                                                                                                                                                    ; 0                 ; 6       ;
;      - METRIX:mul_lab3|cell:inst11|FA:inst|7482:inst|3                                                                                                                    ; 0                 ; 6       ;
;      - METRIX:mul_lab3|cell:inst12|FA:inst|7482:inst|3                                                                                                                    ; 0                 ; 6       ;
;      - METRIX:mul_lab3|cell:inst11|FA:inst|7482:inst|27~0                                                                                                                 ; 0                 ; 6       ;
;      - METRIX:mul_lab3|cell:inst12|inst1                                                                                                                                  ; 0                 ; 6       ;
;      - METRIX:mul_lab3|cell:inst19|FA:inst|7482:inst|3                                                                                                                    ; 0                 ; 6       ;
;      - METRIX:mul_lab3|cell:inst19|inst1                                                                                                                                  ; 0                 ; 6       ;
;      - METRIX:mul_lab3|cell:inst27|FA:inst|7482:inst|3                                                                                                                    ; 0                 ; 6       ;
;      - METRIX:mul_lab3|cell:inst27|inst1                                                                                                                                  ; 0                 ; 6       ;
;      - METRIX:mul_lab3|cell:inst36|FA:inst|7482:inst|3                                                                                                                    ; 0                 ; 6       ;
;      - METRIX:mul_lab3|cell:inst36|inst1                                                                                                                                  ; 0                 ; 6       ;
;      - METRIX:mul_lab3|cell:inst44|FA:inst|7482:inst|3                                                                                                                    ; 0                 ; 6       ;
;      - METRIX:mul_lab3|cell:inst44|inst1                                                                                                                                  ; 0                 ; 6       ;
;      - METRIX:mul_lab3|cell:inst52|FA:inst|7482:inst|3                                                                                                                    ; 0                 ; 6       ;
;      - METRIX:mul_lab3|cell:inst60|inst1                                                                                                                                  ; 0                 ; 6       ;
;      - METRIX:mul_lab3|cell:inst52|inst1                                                                                                                                  ; 0                 ; 6       ;
;      - 74198:inst1|124~1                                                                                                                                                  ; 0                 ; 6       ;
; a3                                                                                                                                                                        ;                   ;         ;
;      - chufa:inst7|DIV2:inst1|lpm_divide:LPM_DIVIDE_component|lpm_divide_l1q:auto_generated|sign_div_unsign_ulh:divider|alt_u_div_g7f:divider|add_sub_12_result_int[0]~0  ; 1                 ; 6       ;
;      - chufa:inst7|DIV2:inst1|lpm_divide:LPM_DIVIDE_component|lpm_divide_l1q:auto_generated|sign_div_unsign_ulh:divider|alt_u_div_g7f:divider|StageOut[108]~73            ; 1                 ; 6       ;
;      - 74181:alu4|52~0                                                                                                                                                    ; 1                 ; 6       ;
;      - 74181:alu4|51~0                                                                                                                                                    ; 1                 ; 6       ;
;      - METRIX:mul_lab3|cell:inst10|FA:inst|7482:inst|3                                                                                                                    ; 1                 ; 6       ;
;      - METRIX:mul_lab3|cell:inst11|FA:inst|7482:inst|3                                                                                                                    ; 1                 ; 6       ;
;      - METRIX:mul_lab3|cell:inst10|FA:inst|7482:inst|27~0                                                                                                                 ; 1                 ; 6       ;
;      - METRIX:mul_lab3|cell:inst11|inst1                                                                                                                                  ; 1                 ; 6       ;
;      - METRIX:mul_lab3|cell:inst18|FA:inst|7482:inst|3                                                                                                                    ; 1                 ; 6       ;
;      - METRIX:mul_lab3|cell:inst18|inst1                                                                                                                                  ; 1                 ; 6       ;
;      - METRIX:mul_lab3|cell:inst26|FA:inst|7482:inst|3                                                                                                                    ; 1                 ; 6       ;
;      - METRIX:mul_lab3|cell:inst26|inst1                                                                                                                                  ; 1                 ; 6       ;
;      - METRIX:mul_lab3|cell:inst35|FA:inst|7482:inst|3                                                                                                                    ; 1                 ; 6       ;
;      - METRIX:mul_lab3|cell:inst35|inst1                                                                                                                                  ; 1                 ; 6       ;
;      - METRIX:mul_lab3|cell:inst43|FA:inst|7482:inst|3                                                                                                                    ; 1                 ; 6       ;
;      - METRIX:mul_lab3|cell:inst43|inst1                                                                                                                                  ; 1                 ; 6       ;
;      - METRIX:mul_lab3|cell:inst51|FA:inst|7482:inst|3                                                                                                                    ; 1                 ; 6       ;
;      - METRIX:mul_lab3|cell:inst59|inst1                                                                                                                                  ; 1                 ; 6       ;
;      - METRIX:mul_lab3|cell:inst51|inst1                                                                                                                                  ; 1                 ; 6       ;
;      - 74198:inst1|125~1                                                                                                                                                  ; 1                 ; 6       ;
; a2                                                                                                                                                                        ;                   ;         ;
;      - chufa:inst7|DIV2:inst1|lpm_divide:LPM_DIVIDE_component|lpm_divide_l1q:auto_generated|sign_div_unsign_ulh:divider|alt_u_div_g7f:divider|add_sub_13_result_int[0]~0  ; 1                 ; 6       ;
;      - chufa:inst7|DIV2:inst1|lpm_divide:LPM_DIVIDE_component|lpm_divide_l1q:auto_generated|sign_div_unsign_ulh:divider|alt_u_div_g7f:divider|StageOut[117]~82            ; 1                 ; 6       ;
;      - 74181:alu4|48~0                                                                                                                                                    ; 1                 ; 6       ;
;      - 74181:alu4|45~0                                                                                                                                                    ; 1                 ; 6       ;
;      - METRIX:mul_lab3|cell:inst8|FA:inst|7482:inst|8                                                                                                                     ; 1                 ; 6       ;
;      - METRIX:mul_lab3|cell:inst8|FA:inst|7482:inst|27~0                                                                                                                  ; 1                 ; 6       ;
;      - METRIX:mul_lab3|cell:inst10|FA:inst|7482:inst|3                                                                                                                    ; 1                 ; 6       ;
;      - METRIX:mul_lab3|cell:inst10|inst1                                                                                                                                  ; 1                 ; 6       ;
;      - METRIX:mul_lab3|cell:inst17|FA:inst|7482:inst|3                                                                                                                    ; 1                 ; 6       ;
;      - METRIX:mul_lab3|cell:inst17|inst1                                                                                                                                  ; 1                 ; 6       ;
;      - METRIX:mul_lab3|cell:inst25|FA:inst|7482:inst|3                                                                                                                    ; 1                 ; 6       ;
;      - METRIX:mul_lab3|cell:inst25|inst1                                                                                                                                  ; 1                 ; 6       ;
;      - METRIX:mul_lab3|cell:inst32|FA:inst|7482:inst|3                                                                                                                    ; 1                 ; 6       ;
;      - METRIX:mul_lab3|cell:inst32|inst1                                                                                                                                  ; 1                 ; 6       ;
;      - METRIX:mul_lab3|cell:inst42|FA:inst|7482:inst|3                                                                                                                    ; 1                 ; 6       ;
;      - METRIX:mul_lab3|cell:inst42|inst1                                                                                                                                  ; 1                 ; 6       ;
;      - METRIX:mul_lab3|cell:inst50|FA:inst|7482:inst|3                                                                                                                    ; 1                 ; 6       ;
;      - METRIX:mul_lab3|cell:inst58|inst1                                                                                                                                  ; 1                 ; 6       ;
;      - METRIX:mul_lab3|cell:inst50|inst1                                                                                                                                  ; 1                 ; 6       ;
;      - 74198:inst1|126~1                                                                                                                                                  ; 1                 ; 6       ;
; a1                                                                                                                                                                        ;                   ;         ;
;      - chufa:inst7|DIV2:inst1|lpm_divide:LPM_DIVIDE_component|lpm_divide_l1q:auto_generated|sign_div_unsign_ulh:divider|alt_u_div_g7f:divider|add_sub_14_result_int[0]~0  ; 0                 ; 6       ;
;      - chufa:inst7|DIV2:inst1|lpm_divide:LPM_DIVIDE_component|lpm_divide_l1q:auto_generated|sign_div_unsign_ulh:divider|alt_u_div_g7f:divider|StageOut[126]~91            ; 0                 ; 6       ;
;      - 74181:alu4|47~0                                                                                                                                                    ; 0                 ; 6       ;
;      - 74181:alu4|44~0                                                                                                                                                    ; 0                 ; 6       ;
;      - METRIX:mul_lab3|cell:inst9|FA:inst|7482:inst|3                                                                                                                     ; 0                 ; 6       ;
;      - METRIX:mul_lab3|cell:inst9|FA:inst|7482:inst|20                                                                                                                    ; 0                 ; 6       ;
;      - METRIX:mul_lab3|cell:inst8|inst1                                                                                                                                   ; 0                 ; 6       ;
;      - METRIX:mul_lab3|cell:inst16|inst1                                                                                                                                  ; 0                 ; 6       ;
;      - METRIX:mul_lab3|cell:inst24|inst1                                                                                                                                  ; 0                 ; 6       ;
;      - METRIX:mul_lab3|cell:inst31|inst1                                                                                                                                  ; 0                 ; 6       ;
;      - METRIX:mul_lab3|cell:inst41|inst1                                                                                                                                  ; 0                 ; 6       ;
;      - METRIX:mul_lab3|cell:inst49|inst1                                                                                                                                  ; 0                 ; 6       ;
;      - METRIX:mul_lab3|cell:inst57|inst1                                                                                                                                  ; 0                 ; 6       ;
;      - 74198:inst1|127~1                                                                                                                                                  ; 0                 ; 6       ;
;      - METRIX:mul_lab3|cell:inst57|FA:inst|7482:inst|8~2                                                                                                                  ; 0                 ; 6       ;
; sp_choose                                                                                                                                                                 ;                   ;         ;
;      - CHOOSE_LAB3:inst10|c_or1                                                                                                                                           ; 1                 ; 6       ;
;      - CHOOSE_LAB3:inst10|c_or2~3                                                                                                                                         ; 1                 ; 6       ;
;      - CHOOSE_LAB3:inst10|c_or3~4                                                                                                                                         ; 1                 ; 6       ;
;      - CHOOSE_LAB3:inst10|c_or4~4                                                                                                                                         ; 1                 ; 6       ;
;      - CHOOSE_LAB3:inst10|c_or5~4                                                                                                                                         ; 1                 ; 6       ;
;      - CHOOSE_LAB3:inst10|c_or6~4                                                                                                                                         ; 1                 ; 6       ;
;      - CHOOSE_LAB3:inst10|c_or7~4                                                                                                                                         ; 1                 ; 6       ;
; CXCHOSE1                                                                                                                                                                  ;                   ;         ;
;      - CHOOSE_LAB3:inst10|c_or1~1                                                                                                                                         ; 0                 ; 6       ;
;      - inst                                                                                                                                                               ; 0                 ; 6       ;
;      - CHOOSE_LAB3:inst10|c_or2~2                                                                                                                                         ; 0                 ; 6       ;
;      - CHOOSE_LAB3:inst10|c_or3~3                                                                                                                                         ; 0                 ; 6       ;
;      - CHOOSE_LAB3:inst10|c_or4~3                                                                                                                                         ; 0                 ; 6       ;
;      - CHOOSE_LAB3:inst10|c_or5~0                                                                                                                                         ; 0                 ; 6       ;
;      - CHOOSE_LAB3:inst10|c_or6~3                                                                                                                                         ; 0                 ; 6       ;
;      - CHOOSE_LAB3:inst10|c_or7~3                                                                                                                                         ; 0                 ; 6       ;
;      - CHOOSE_LAB3:inst10|choose8~2                                                                                                                                       ; 0                 ; 6       ;
; MULchoose1                                                                                                                                                                ;                   ;         ;
;      - CHOOSE_LAB3:inst10|c_or1~1                                                                                                                                         ; 0                 ; 6       ;
;      - inst8~0                                                                                                                                                            ; 0                 ; 6       ;
;      - CHOOSE_LAB3:inst10|c_or2~2                                                                                                                                         ; 0                 ; 6       ;
;      - CHOOSE_LAB3:inst10|c_or3~1                                                                                                                                         ; 0                 ; 6       ;
;      - CHOOSE_LAB3:inst10|c_or4~1                                                                                                                                         ; 0                 ; 6       ;
;      - CHOOSE_LAB3:inst10|c_or5~1                                                                                                                                         ; 0                 ; 6       ;
;      - CHOOSE_LAB3:inst10|c_or6~1                                                                                                                                         ; 0                 ; 6       ;
;      - CHOOSE_LAB3:inst10|c_or7~1                                                                                                                                         ; 0                 ; 6       ;
;      - CHOOSE_LAB3:inst10|choose8~1                                                                                                                                       ; 0                 ; 6       ;
;      - CHOOSE_LAB3:inst10|choose9~0                                                                                                                                       ; 0                 ; 6       ;
;      - CHOOSE_LAB3:inst10|choose10~1                                                                                                                                      ; 0                 ; 6       ;
;      - CHOOSE_LAB3:inst10|choose11~1                                                                                                                                      ; 0                 ; 6       ;
;      - CHOOSE_LAB3:inst10|choose12~1                                                                                                                                      ; 0                 ; 6       ;
;      - CHOOSE_LAB3:inst10|choose13~1                                                                                                                                      ; 0                 ; 6       ;
;      - CHOOSE_LAB3:inst10|choose14~1                                                                                                                                      ; 0                 ; 6       ;
;      - CHOOSE_LAB3:inst10|choose15~2                                                                                                                                      ; 0                 ; 6       ;
;      - CHOOSE_LAB3:inst10|choose16~4                                                                                                                                      ; 0                 ; 6       ;
; b8                                                                                                                                                                        ;                   ;         ;
;      - 74181:alu2|46~0                                                                                                                                                    ; 1                 ; 6       ;
;      - 74181:alu2|43~0                                                                                                                                                    ; 1                 ; 6       ;
; b9                                                                                                                                                                        ;                   ;         ;
;      - 74181:alu2|47~0                                                                                                                                                    ; 0                 ; 6       ;
;      - 74181:alu2|44~0                                                                                                                                                    ; 0                 ; 6       ;
; b10                                                                                                                                                                       ;                   ;         ;
; b11                                                                                                                                                                       ;                   ;         ;
; b12                                                                                                                                                                       ;                   ;         ;
;      - 74181:alu1|46~0                                                                                                                                                    ; 1                 ; 6       ;
;      - 74181:alu1|43~0                                                                                                                                                    ; 1                 ; 6       ;
; b13                                                                                                                                                                       ;                   ;         ;
;      - 74181:alu1|47~0                                                                                                                                                    ; 0                 ; 6       ;
;      - 74181:alu1|44~0                                                                                                                                                    ; 0                 ; 6       ;
; b14                                                                                                                                                                       ;                   ;         ;
;      - 74181:alu1|48~0                                                                                                                                                    ; 0                 ; 6       ;
;      - 74181:alu1|45~0                                                                                                                                                    ; 0                 ; 6       ;
; b15                                                                                                                                                                       ;                   ;         ;
;      - 74181:alu1|52~0                                                                                                                                                    ; 1                 ; 6       ;
;      - 74181:alu1|51~0                                                                                                                                                    ; 1                 ; 6       ;
; YWS1                                                                                                                                                                      ;                   ;         ;
;      - 74198:inst1|128~0                                                                                                                                                  ; 0                 ; 6       ;
;      - 74198:inst1|128~1                                                                                                                                                  ; 0                 ; 6       ;
;      - 74198:inst1|127~0                                                                                                                                                  ; 0                 ; 6       ;
;      - 74198:inst1|126~0                                                                                                                                                  ; 0                 ; 6       ;
;      - 74198:inst1|125~0                                                                                                                                                  ; 0                 ; 6       ;
;      - 74198:inst1|125~1                                                                                                                                                  ; 0                 ; 6       ;
;      - 74198:inst1|124~0                                                                                                                                                  ; 0                 ; 6       ;
;      - 74198:inst1|123~0                                                                                                                                                  ; 0                 ; 6       ;
;      - 74198:inst1|123~1                                                                                                                                                  ; 0                 ; 6       ;
;      - 74198:inst1|122~0                                                                                                                                                  ; 0                 ; 6       ;
;      - 74198:inst1|121~0                                                                                                                                                  ; 0                 ; 6       ;
; YWS0                                                                                                                                                                      ;                   ;         ;
;      - 74198:inst1|128~0                                                                                                                                                  ; 1                 ; 6       ;
;      - 74198:inst1|127~0                                                                                                                                                  ; 1                 ; 6       ;
;      - 74198:inst1|127~1                                                                                                                                                  ; 1                 ; 6       ;
;      - 74198:inst1|126~0                                                                                                                                                  ; 1                 ; 6       ;
;      - 74198:inst1|126~1                                                                                                                                                  ; 1                 ; 6       ;
;      - 74198:inst1|125~0                                                                                                                                                  ; 1                 ; 6       ;
;      - 74198:inst1|124~0                                                                                                                                                  ; 1                 ; 6       ;
;      - 74198:inst1|124~1                                                                                                                                                  ; 1                 ; 6       ;
;      - 74198:inst1|123~0                                                                                                                                                  ; 1                 ; 6       ;
;      - 74198:inst1|122~0                                                                                                                                                  ; 1                 ; 6       ;
;      - 74198:inst1|122~1                                                                                                                                                  ; 1                 ; 6       ;
;      - 74198:inst1|121~0                                                                                                                                                  ; 1                 ; 6       ;
;      - 74198:inst1|121~1                                                                                                                                                  ; 1                 ; 6       ;
; YWCLK                                                                                                                                                                     ;                   ;         ;
; YWFUHAO                                                                                                                                                                   ;                   ;         ;
;      - 74198:inst1|121~0                                                                                                                                                  ; 0                 ; 6       ;
+---------------------------------------------------------------------------------------------------------------------------------------------------------------------------+-------------------+---------+


+-------------------------------------------------------------------------------------------------------------------+
; Control Signals                                                                                                   ;
+-------+----------+---------+-------+--------+----------------------+------------------+---------------------------+
; Name  ; Location ; Fan-Out ; Usage ; Global ; Global Resource Used ; Global Line Name ; Enable Signal Source Name ;
+-------+----------+---------+-------+--------+----------------------+------------------+---------------------------+
; YWCLK ; PIN_23   ; 8       ; Clock ; yes    ; Global Clock         ; GCLK2            ; --                        ;
+-------+----------+---------+-------+--------+----------------------+------------------+---------------------------+


+-----------------------------------------------------------------------------------------------------------------------------------------+
; Global & Other Fast Signals                                                                                                             ;
+-------+----------+---------+--------------------------------------+----------------------+------------------+---------------------------+
; Name  ; Location ; Fan-Out ; Fan-Out Using Intentional Clock Skew ; Global Resource Used ; Global Line Name ; Enable Signal Source Name ;
+-------+----------+---------+--------------------------------------+----------------------+------------------+---------------------------+
; YWCLK ; PIN_23   ; 8       ; 0                                    ; Global Clock         ; GCLK2            ; --                        ;
+-------+----------+---------+--------------------------------------+----------------------+------------------+---------------------------+


+------------------------------------------------------------------------------------------------------------------------------------------------------------------------------+
; Non-Global High Fan-Out Signals                                                                                                                                              ;
+--------------------------------------------------------------------------------------------------------------------------------------------------------------------+---------+
; Name                                                                                                                                                               ; Fan-Out ;
+--------------------------------------------------------------------------------------------------------------------------------------------------------------------+---------+
; b7~input                                                                                                                                                           ; 35      ;
; b1~input                                                                                                                                                           ; 35      ;
; b0~input                                                                                                                                                           ; 35      ;
; b3~input                                                                                                                                                           ; 34      ;
; b2~input                                                                                                                                                           ; 32      ;
; b6~input                                                                                                                                                           ; 32      ;
; b5~input                                                                                                                                                           ; 31      ;
; b4~input                                                                                                                                                           ; 30      ;
; a7~input                                                                                                                                                           ; 21      ;
; a2~input                                                                                                                                                           ; 20      ;
; a3~input                                                                                                                                                           ; 20      ;
; a4~input                                                                                                                                                           ; 20      ;
; a5~input                                                                                                                                                           ; 20      ;
; a6~input                                                                                                                                                           ; 19      ;
; a0~input                                                                                                                                                           ; 19      ;
; MULchoose1~input                                                                                                                                                   ; 17      ;
; DIVchoose1~input                                                                                                                                                   ; 17      ;
; ADDCHOOSE1~input                                                                                                                                                   ; 17      ;
; s1ADD~input                                                                                                                                                        ; 16      ;
; s0ADD~input                                                                                                                                                        ; 16      ;
; M~input                                                                                                                                                            ; 16      ;
; s2ADD~input                                                                                                                                                        ; 16      ;
; s3ADD~input                                                                                                                                                        ; 16      ;
; a1~input                                                                                                                                                           ; 15      ;
; inst                                                                                                                                                               ; 14      ;
; inst8~0                                                                                                                                                            ; 14      ;
; YWS0~input                                                                                                                                                         ; 13      ;
; YWS1~input                                                                                                                                                         ; 11      ;
; CXCHOSE1~input                                                                                                                                                     ; 9       ;
; YWCHOOSE1~input                                                                                                                                                    ; 9       ;
; chufa:inst7|DIV2:inst1|lpm_divide:LPM_DIVIDE_component|lpm_divide_l1q:auto_generated|sign_div_unsign_ulh:divider|alt_u_div_g7f:divider|selnose[51]~0               ; 9       ;
; chufa:inst7|DIV2:inst1|lpm_divide:LPM_DIVIDE_component|lpm_divide_l1q:auto_generated|sign_div_unsign_ulh:divider|alt_u_div_g7f:divider|add_sub_14_result_int[9]~18 ; 9       ;
; chufa:inst7|DIV2:inst1|lpm_divide:LPM_DIVIDE_component|lpm_divide_l1q:auto_generated|sign_div_unsign_ulh:divider|alt_u_div_g7f:divider|add_sub_13_result_int[9]~18 ; 9       ;
; chufa:inst7|DIV2:inst1|lpm_divide:LPM_DIVIDE_component|lpm_divide_l1q:auto_generated|sign_div_unsign_ulh:divider|alt_u_div_g7f:divider|add_sub_12_result_int[9]~18 ; 9       ;
; chufa:inst7|DIV2:inst1|lpm_divide:LPM_DIVIDE_component|lpm_divide_l1q:auto_generated|sign_div_unsign_ulh:divider|alt_u_div_g7f:divider|add_sub_11_result_int[9]~18 ; 9       ;
; chufa:inst7|DIV2:inst1|lpm_divide:LPM_DIVIDE_component|lpm_divide_l1q:auto_generated|sign_div_unsign_ulh:divider|alt_u_div_g7f:divider|add_sub_10_result_int[9]~18 ; 9       ;
; chufa:inst7|DIV2:inst1|lpm_divide:LPM_DIVIDE_component|lpm_divide_l1q:auto_generated|sign_div_unsign_ulh:divider|alt_u_div_g7f:divider|add_sub_9_result_int[9]~18  ; 9       ;
; chufa:inst7|DIV2:inst1|lpm_divide:LPM_DIVIDE_component|lpm_divide_l1q:auto_generated|sign_div_unsign_ulh:divider|alt_u_div_g7f:divider|add_sub_8_result_int[9]~18  ; 9       ;
; chufa:inst7|DIV2:inst1|lpm_divide:LPM_DIVIDE_component|lpm_divide_l1q:auto_generated|sign_div_unsign_ulh:divider|alt_u_div_g7f:divider|add_sub_7_result_int[8]~16  ; 9       ;
; chufa:inst7|DIV2:inst1|lpm_divide:LPM_DIVIDE_component|lpm_divide_l1q:auto_generated|sign_div_unsign_ulh:divider|alt_u_div_g7f:divider|add_sub_6_result_int[7]~14  ; 8       ;
; sp_choose~input                                                                                                                                                    ; 7       ;
; chufa:inst7|DIV2:inst1|lpm_divide:LPM_DIVIDE_component|lpm_divide_l1q:auto_generated|sign_div_unsign_ulh:divider|alt_u_div_g7f:divider|add_sub_5_result_int[6]~12  ; 7       ;
; chufa:inst7|DIV2:inst1|lpm_divide:LPM_DIVIDE_component|lpm_divide_l1q:auto_generated|sign_div_unsign_ulh:divider|alt_u_div_g7f:divider|selnose[85]~3               ; 6       ;
; chufa:inst7|DIV2:inst1|lpm_divide:LPM_DIVIDE_component|lpm_divide_l1q:auto_generated|sign_div_unsign_ulh:divider|alt_u_div_g7f:divider|add_sub_4_result_int[5]~10  ; 6       ;
; a14~input                                                                                                                                                          ; 5       ;
; a15~input                                                                                                                                                          ; 5       ;
; chufa:inst7|DIV2:inst1|lpm_divide:LPM_DIVIDE_component|lpm_divide_l1q:auto_generated|sign_div_unsign_ulh:divider|alt_u_div_g7f:divider|selnose[68]~2               ; 5       ;
; chufa:inst7|DIV2:inst1|lpm_divide:LPM_DIVIDE_component|lpm_divide_l1q:auto_generated|sign_div_unsign_ulh:divider|alt_u_div_g7f:divider|add_sub_3_result_int[4]~8   ; 5       ;
; a9~input                                                                                                                                                           ; 4       ;
; a10~input                                                                                                                                                          ; 4       ;
; a11~input                                                                                                                                                          ; 4       ;
; a12~input                                                                                                                                                          ; 4       ;
; a13~input                                                                                                                                                          ; 4       ;
; a8~input                                                                                                                                                           ; 4       ;
; METRIX:mul_lab3|cell:inst14|FA:inst|7482:inst|27~0                                                                                                                 ; 4       ;
; 74198:inst1|114                                                                                                                                                    ; 4       ;
; 74198:inst1|115                                                                                                                                                    ; 4       ;
; 74198:inst1|116                                                                                                                                                    ; 4       ;
; 74198:inst1|117                                                                                                                                                    ; 4       ;
; 74198:inst1|118                                                                                                                                                    ; 4       ;
; 74198:inst1|119                                                                                                                                                    ; 4       ;
; chufa:inst7|DIV2:inst1|lpm_divide:LPM_DIVIDE_component|lpm_divide_l1q:auto_generated|sign_div_unsign_ulh:divider|alt_u_div_g7f:divider|add_sub_2_result_int[3]~6   ; 4       ;
; CN~input                                                                                                                                                           ; 3       ;
; METRIX:mul_lab3|cell:inst54|FA:inst|7482:inst|27~0                                                                                                                 ; 3       ;
; METRIX:mul_lab3|cell:inst53|FA:inst|7482:inst|27~0                                                                                                                 ; 3       ;
; METRIX:mul_lab3|cell:inst46|FA:inst|7482:inst|27~0                                                                                                                 ; 3       ;
; METRIX:mul_lab3|cell:inst52|FA:inst|7482:inst|27~0                                                                                                                 ; 3       ;
; METRIX:mul_lab3|cell:inst45|FA:inst|7482:inst|27~0                                                                                                                 ; 3       ;
; METRIX:mul_lab3|cell:inst38|FA:inst|7482:inst|27~0                                                                                                                 ; 3       ;
; 74181:alu2|45~0                                                                                                                                                    ; 3       ;
; 74181:alu2|48~0                                                                                                                                                    ; 3       ;
; 74181:alu2|75~1                                                                                                                                                    ; 3       ;
; METRIX:mul_lab3|cell:inst51|FA:inst|7482:inst|27~0                                                                                                                 ; 3       ;
; METRIX:mul_lab3|cell:inst44|FA:inst|7482:inst|27~0                                                                                                                 ; 3       ;
; METRIX:mul_lab3|cell:inst37|FA:inst|7482:inst|27~0                                                                                                                 ; 3       ;
; METRIX:mul_lab3|cell:inst29|FA:inst|7482:inst|27~0                                                                                                                 ; 3       ;
; METRIX:mul_lab3|cell:inst50|FA:inst|7482:inst|27~0                                                                                                                 ; 3       ;
; METRIX:mul_lab3|cell:inst43|FA:inst|7482:inst|27~0                                                                                                                 ; 3       ;
; METRIX:mul_lab3|cell:inst36|FA:inst|7482:inst|27~0                                                                                                                 ; 3       ;
; METRIX:mul_lab3|cell:inst28|FA:inst|7482:inst|27~0                                                                                                                 ; 3       ;
; METRIX:mul_lab3|cell:inst21|FA:inst|7482:inst|27~0                                                                                                                 ; 3       ;
; METRIX:mul_lab3|cell:inst49|FA:inst|7482:inst|27~0                                                                                                                 ; 3       ;
; METRIX:mul_lab3|cell:inst42|FA:inst|7482:inst|27~0                                                                                                                 ; 3       ;
; METRIX:mul_lab3|cell:inst35|FA:inst|7482:inst|27~0                                                                                                                 ; 3       ;
; METRIX:mul_lab3|cell:inst27|FA:inst|7482:inst|27~0                                                                                                                 ; 3       ;
; METRIX:mul_lab3|cell:inst20|FA:inst|7482:inst|27~0                                                                                                                 ; 3       ;
; METRIX:mul_lab3|cell:inst41|FA:inst|7482:inst|27~0                                                                                                                 ; 3       ;
; METRIX:mul_lab3|cell:inst32|FA:inst|7482:inst|27~0                                                                                                                 ; 3       ;
; METRIX:mul_lab3|cell:inst26|FA:inst|7482:inst|27~0                                                                                                                 ; 3       ;
; METRIX:mul_lab3|cell:inst19|FA:inst|7482:inst|27~0                                                                                                                 ; 3       ;
; METRIX:mul_lab3|cell:inst13|FA:inst|7482:inst|27~0                                                                                                                 ; 3       ;
; 74198:inst1|113                                                                                                                                                    ; 3       ;
; METRIX:mul_lab3|cell:inst31|FA:inst|7482:inst|27~0                                                                                                                 ; 3       ;
; METRIX:mul_lab3|cell:inst25|FA:inst|7482:inst|27~0                                                                                                                 ; 3       ;
; METRIX:mul_lab3|cell:inst18|FA:inst|7482:inst|27~0                                                                                                                 ; 3       ;
; METRIX:mul_lab3|cell:inst12|FA:inst|7482:inst|27~0                                                                                                                 ; 3       ;
; METRIX:mul_lab3|cell:inst24|FA:inst|7482:inst|27~0                                                                                                                 ; 3       ;
; METRIX:mul_lab3|cell:inst17|FA:inst|7482:inst|27~0                                                                                                                 ; 3       ;
; METRIX:mul_lab3|cell:inst11|FA:inst|7482:inst|27~0                                                                                                                 ; 3       ;
; 74181:alu3|44~0                                                                                                                                                    ; 3       ;
; METRIX:mul_lab3|cell:inst16|FA:inst|7482:inst|27~0                                                                                                                 ; 3       ;
; METRIX:mul_lab3|cell:inst10|FA:inst|7482:inst|27~0                                                                                                                 ; 3       ;
; 74181:alu4|78~0                                                                                                                                                    ; 3       ;
; 74181:alu3|43~0                                                                                                                                                    ; 3       ;
; 74181:alu3|46~0                                                                                                                                                    ; 3       ;
; METRIX:mul_lab3|cell:inst8|FA:inst|7482:inst|27~0                                                                                                                  ; 3       ;
; 74181:alu4|45~0                                                                                                                                                    ; 3       ;
; 74181:alu4|44~0                                                                                                                                                    ; 3       ;
; 74181:alu4|47~0                                                                                                                                                    ; 3       ;
; CHOOSE_LAB3:inst10|choose16~1                                                                                                                                      ; 3       ;
; CHOOSE_LAB3:inst10|choose16~0                                                                                                                                      ; 3       ;
; 74198:inst1|120                                                                                                                                                    ; 3       ;
; 74181:alu4|43~0                                                                                                                                                    ; 3       ;
; 74181:alu4|46~0                                                                                                                                                    ; 3       ;
; b15~input                                                                                                                                                          ; 2       ;
; b14~input                                                                                                                                                          ; 2       ;
; b13~input                                                                                                                                                          ; 2       ;
; b12~input                                                                                                                                                          ; 2       ;
; b11~input                                                                                                                                                          ; 2       ;
; b10~input                                                                                                                                                          ; 2       ;
; b9~input                                                                                                                                                           ; 2       ;
; b8~input                                                                                                                                                           ; 2       ;
; METRIX:mul_lab3|cell:inst22|FA:inst|7482:inst|3                                                                                                                    ; 2       ;
; 74181:alu1|45~0                                                                                                                                                    ; 2       ;
; 74181:alu1|48~0                                                                                                                                                    ; 2       ;
; 74181:alu1|75~1                                                                                                                                                    ; 2       ;
; METRIX:mul_lab3|cell:inst62|FA:inst|7482:inst|27~0                                                                                                                 ; 2       ;
; METRIX:mul_lab3|cell:inst55|FA:inst|7482:inst|27~0                                                                                                                 ; 2       ;
; 74181:alu1|44~0                                                                                                                                                    ; 2       ;
; 74181:alu1|47~0                                                                                                                                                    ; 2       ;
; 74181:alu1|75~0                                                                                                                                                    ; 2       ;
; METRIX:mul_lab3|cell:inst61|FA:inst|7482:inst|27~0                                                                                                                 ; 2       ;
; METRIX:mul_lab3|cell:inst62|inst1                                                                                                                                  ; 2       ;
; METRIX:mul_lab3|cell:inst55|FA:inst|7482:inst|3                                                                                                                    ; 2       ;
; METRIX:mul_lab3|cell:inst47|FA:inst|7482:inst|27~0                                                                                                                 ; 2       ;
; 74181:alu2|78~1                                                                                                                                                    ; 2       ;
; 74181:alu1|43~0                                                                                                                                                    ; 2       ;
; 74181:alu1|46~0                                                                                                                                                    ; 2       ;
; METRIX:mul_lab3|cell:inst60|FA:inst|7482:inst|27~0                                                                                                                 ; 2       ;
; METRIX:mul_lab3|cell:inst61|inst1                                                                                                                                  ; 2       ;
; METRIX:mul_lab3|cell:inst54|FA:inst|7482:inst|3                                                                                                                    ; 2       ;
; METRIX:mul_lab3|cell:inst47|FA:inst|7482:inst|3                                                                                                                    ; 2       ;
; METRIX:mul_lab3|cell:inst39|FA:inst|7482:inst|27~0                                                                                                                 ; 2       ;
; METRIX:mul_lab3|cell:inst59|FA:inst|7482:inst|27~0                                                                                                                 ; 2       ;
; METRIX:mul_lab3|cell:inst60|inst1                                                                                                                                  ; 2       ;
; METRIX:mul_lab3|cell:inst53|FA:inst|7482:inst|3                                                                                                                    ; 2       ;
; METRIX:mul_lab3|cell:inst46|FA:inst|7482:inst|3                                                                                                                    ; 2       ;
; METRIX:mul_lab3|cell:inst39|FA:inst|7482:inst|3                                                                                                                    ; 2       ;
; METRIX:mul_lab3|cell:inst30|FA:inst|7482:inst|27~0                                                                                                                 ; 2       ;
; 74181:alu2|51~0                                                                                                                                                    ; 2       ;
; 74181:alu2|52~0                                                                                                                                                    ; 2       ;
; METRIX:mul_lab3|cell:inst58|FA:inst|7482:inst|27~0                                                                                                                 ; 2       ;
; METRIX:mul_lab3|cell:inst59|inst1                                                                                                                                  ; 2       ;
; METRIX:mul_lab3|cell:inst52|FA:inst|7482:inst|3                                                                                                                    ; 2       ;
; METRIX:mul_lab3|cell:inst45|FA:inst|7482:inst|3                                                                                                                    ; 2       ;
; METRIX:mul_lab3|cell:inst38|FA:inst|7482:inst|3                                                                                                                    ; 2       ;
; METRIX:mul_lab3|cell:inst30|FA:inst|7482:inst|3                                                                                                                    ; 2       ;
; METRIX:mul_lab3|cell:inst22|FA:inst|7482:inst|27~0                                                                                                                 ; 2       ;
; 74181:alu2|44~0                                                                                                                                                    ; 2       ;
; 74181:alu2|47~0                                                                                                                                                    ; 2       ;
; 74181:alu2|75~0                                                                                                                                                    ; 2       ;
; METRIX:mul_lab3|cell:inst57|FA:inst|7482:inst|27~0                                                                                                                 ; 2       ;
; METRIX:mul_lab3|cell:inst58|inst1                                                                                                                                  ; 2       ;
; METRIX:mul_lab3|cell:inst51|FA:inst|7482:inst|3                                                                                                                    ; 2       ;
; METRIX:mul_lab3|cell:inst44|FA:inst|7482:inst|3                                                                                                                    ; 2       ;
; METRIX:mul_lab3|cell:inst37|FA:inst|7482:inst|3                                                                                                                    ; 2       ;
; METRIX:mul_lab3|cell:inst29|FA:inst|7482:inst|3                                                                                                                    ; 2       ;
; METRIX:mul_lab3|cell:inst15|inst1                                                                                                                                  ; 2       ;
; 74181:alu3|78~1                                                                                                                                                    ; 2       ;
; 74181:alu2|43~0                                                                                                                                                    ; 2       ;
; 74181:alu2|46~0                                                                                                                                                    ; 2       ;
; METRIX:mul_lab3|cell:inst50|FA:inst|7482:inst|3                                                                                                                    ; 2       ;
; METRIX:mul_lab3|cell:inst43|FA:inst|7482:inst|3                                                                                                                    ; 2       ;
; METRIX:mul_lab3|cell:inst36|FA:inst|7482:inst|3                                                                                                                    ; 2       ;
; METRIX:mul_lab3|cell:inst28|FA:inst|7482:inst|3                                                                                                                    ; 2       ;
; METRIX:mul_lab3|cell:inst21|FA:inst|7482:inst|3                                                                                                                    ; 2       ;
; METRIX:mul_lab3|cell:inst21|inst1                                                                                                                                  ; 2       ;
; METRIX:mul_lab3|cell:inst56|FA:inst|7482:inst|20                                                                                                                   ; 2       ;
; METRIX:mul_lab3|cell:inst49|FA:inst|7482:inst|8                                                                                                                    ; 2       ;
; METRIX:mul_lab3|cell:inst49|inst1                                                                                                                                  ; 2       ;
; METRIX:mul_lab3|cell:inst42|FA:inst|7482:inst|3                                                                                                                    ; 2       ;
; METRIX:mul_lab3|cell:inst35|FA:inst|7482:inst|3                                                                                                                    ; 2       ;
; METRIX:mul_lab3|cell:inst27|FA:inst|7482:inst|3                                                                                                                    ; 2       ;
; METRIX:mul_lab3|cell:inst20|FA:inst|7482:inst|3                                                                                                                    ; 2       ;
; METRIX:mul_lab3|cell:inst14|FA:inst|7482:inst|3                                                                                                                    ; 2       ;
; METRIX:mul_lab3|cell:inst48|FA:inst|7482:inst|20                                                                                                                   ; 2       ;
; 74181:alu3|51~0                                                                                                                                                    ; 2       ;
; 74181:alu3|52~0                                                                                                                                                    ; 2       ;
; 74181:alu3|78~0                                                                                                                                                    ; 2       ;
; METRIX:mul_lab3|cell:inst41|FA:inst|7482:inst|8                                                                                                                    ; 2       ;
; METRIX:mul_lab3|cell:inst41|inst1                                                                                                                                  ; 2       ;
; METRIX:mul_lab3|cell:inst32|FA:inst|7482:inst|3                                                                                                                    ; 2       ;
; METRIX:mul_lab3|cell:inst26|FA:inst|7482:inst|3                                                                                                                    ; 2       ;
; METRIX:mul_lab3|cell:inst19|FA:inst|7482:inst|3                                                                                                                    ; 2       ;
; METRIX:mul_lab3|cell:inst13|FA:inst|7482:inst|3                                                                                                                    ; 2       ;
; METRIX:mul_lab3|cell:inst40|FA:inst|7482:inst|20                                                                                                                   ; 2       ;
; 74181:alu3|45~0                                                                                                                                                    ; 2       ;
; 74181:alu3|48~0                                                                                                                                                    ; 2       ;
; 74181:alu3|75~0                                                                                                                                                    ; 2       ;
; METRIX:mul_lab3|cell:inst31|FA:inst|7482:inst|8                                                                                                                    ; 2       ;
; METRIX:mul_lab3|cell:inst31|inst1                                                                                                                                  ; 2       ;
; METRIX:mul_lab3|cell:inst25|FA:inst|7482:inst|3                                                                                                                    ; 2       ;
; METRIX:mul_lab3|cell:inst18|FA:inst|7482:inst|3                                                                                                                    ; 2       ;
; METRIX:mul_lab3|cell:inst12|FA:inst|7482:inst|3                                                                                                                    ; 2       ;
; METRIX:mul_lab3|cell:inst34|FA:inst|7482:inst|20                                                                                                                   ; 2       ;
; 74181:alu3|47~0                                                                                                                                                    ; 2       ;
; METRIX:mul_lab3|cell:inst24|FA:inst|7482:inst|8                                                                                                                    ; 2       ;
; METRIX:mul_lab3|cell:inst24|inst1                                                                                                                                  ; 2       ;
; METRIX:mul_lab3|cell:inst17|FA:inst|7482:inst|3                                                                                                                    ; 2       ;
; METRIX:mul_lab3|cell:inst11|FA:inst|7482:inst|3                                                                                                                    ; 2       ;
; METRIX:mul_lab3|cell:inst23|FA:inst|7482:inst|20                                                                                                                   ; 2       ;
; METRIX:mul_lab3|cell:inst16|FA:inst|7482:inst|8                                                                                                                    ; 2       ;
; METRIX:mul_lab3|cell:inst10|FA:inst|7482:inst|3                                                                                                                    ; 2       ;
; METRIX:mul_lab3|cell:inst33|FA:inst|7482:inst|20                                                                                                                   ; 2       ;
; METRIX:mul_lab3|cell:inst16|inst1                                                                                                                                  ; 2       ;
; 74181:alu4|51~0                                                                                                                                                    ; 2       ;
; 74181:alu4|52~0                                                                                                                                                    ; 2       ;
; 74181:alu4|74~0                                                                                                                                                    ; 2       ;
; METRIX:mul_lab3|cell:inst8|FA:inst|7482:inst|8                                                                                                                     ; 2       ;
; METRIX:mul_lab3|cell:inst8|inst1                                                                                                                                   ; 2       ;
; METRIX:mul_lab3|cell:inst9|FA:inst|7482:inst|20                                                                                                                    ; 2       ;
; 74181:alu4|48~0                                                                                                                                                    ; 2       ;
; 74181:alu4|75~0                                                                                                                                                    ; 2       ;
; chufa:inst7|DIV2:inst1|lpm_divide:LPM_DIVIDE_component|lpm_divide_l1q:auto_generated|sign_div_unsign_ulh:divider|alt_u_div_g7f:divider|StageOut[117]~82            ; 2       ;
; chufa:inst7|DIV2:inst1|lpm_divide:LPM_DIVIDE_component|lpm_divide_l1q:auto_generated|sign_div_unsign_ulh:divider|alt_u_div_g7f:divider|StageOut[118]~81            ; 2       ;
; chufa:inst7|DIV2:inst1|lpm_divide:LPM_DIVIDE_component|lpm_divide_l1q:auto_generated|sign_div_unsign_ulh:divider|alt_u_div_g7f:divider|StageOut[119]~80            ; 2       ;
; chufa:inst7|DIV2:inst1|lpm_divide:LPM_DIVIDE_component|lpm_divide_l1q:auto_generated|sign_div_unsign_ulh:divider|alt_u_div_g7f:divider|StageOut[120]~79            ; 2       ;
; chufa:inst7|DIV2:inst1|lpm_divide:LPM_DIVIDE_component|lpm_divide_l1q:auto_generated|sign_div_unsign_ulh:divider|alt_u_div_g7f:divider|StageOut[121]~78            ; 2       ;
; chufa:inst7|DIV2:inst1|lpm_divide:LPM_DIVIDE_component|lpm_divide_l1q:auto_generated|sign_div_unsign_ulh:divider|alt_u_div_g7f:divider|StageOut[122]~77            ; 2       ;
; chufa:inst7|DIV2:inst1|lpm_divide:LPM_DIVIDE_component|lpm_divide_l1q:auto_generated|sign_div_unsign_ulh:divider|alt_u_div_g7f:divider|StageOut[123]~76            ; 2       ;
; chufa:inst7|DIV2:inst1|lpm_divide:LPM_DIVIDE_component|lpm_divide_l1q:auto_generated|sign_div_unsign_ulh:divider|alt_u_div_g7f:divider|StageOut[114]~75            ; 2       ;
; chufa:inst7|DIV2:inst1|lpm_divide:LPM_DIVIDE_component|lpm_divide_l1q:auto_generated|sign_div_unsign_ulh:divider|alt_u_div_g7f:divider|StageOut[108]~73            ; 2       ;
; chufa:inst7|DIV2:inst1|lpm_divide:LPM_DIVIDE_component|lpm_divide_l1q:auto_generated|sign_div_unsign_ulh:divider|alt_u_div_g7f:divider|StageOut[109]~72            ; 2       ;
; chufa:inst7|DIV2:inst1|lpm_divide:LPM_DIVIDE_component|lpm_divide_l1q:auto_generated|sign_div_unsign_ulh:divider|alt_u_div_g7f:divider|StageOut[110]~71            ; 2       ;
; chufa:inst7|DIV2:inst1|lpm_divide:LPM_DIVIDE_component|lpm_divide_l1q:auto_generated|sign_div_unsign_ulh:divider|alt_u_div_g7f:divider|StageOut[111]~70            ; 2       ;
; chufa:inst7|DIV2:inst1|lpm_divide:LPM_DIVIDE_component|lpm_divide_l1q:auto_generated|sign_div_unsign_ulh:divider|alt_u_div_g7f:divider|StageOut[112]~69            ; 2       ;
; chufa:inst7|DIV2:inst1|lpm_divide:LPM_DIVIDE_component|lpm_divide_l1q:auto_generated|sign_div_unsign_ulh:divider|alt_u_div_g7f:divider|StageOut[113]~68            ; 2       ;
; chufa:inst7|DIV2:inst1|lpm_divide:LPM_DIVIDE_component|lpm_divide_l1q:auto_generated|sign_div_unsign_ulh:divider|alt_u_div_g7f:divider|StageOut[104]~67            ; 2       ;
; chufa:inst7|DIV2:inst1|lpm_divide:LPM_DIVIDE_component|lpm_divide_l1q:auto_generated|sign_div_unsign_ulh:divider|alt_u_div_g7f:divider|StageOut[105]~66            ; 2       ;
; chufa:inst7|DIV2:inst1|lpm_divide:LPM_DIVIDE_component|lpm_divide_l1q:auto_generated|sign_div_unsign_ulh:divider|alt_u_div_g7f:divider|StageOut[99]~64             ; 2       ;
; chufa:inst7|DIV2:inst1|lpm_divide:LPM_DIVIDE_component|lpm_divide_l1q:auto_generated|sign_div_unsign_ulh:divider|alt_u_div_g7f:divider|StageOut[100]~63            ; 2       ;
; chufa:inst7|DIV2:inst1|lpm_divide:LPM_DIVIDE_component|lpm_divide_l1q:auto_generated|sign_div_unsign_ulh:divider|alt_u_div_g7f:divider|StageOut[101]~62            ; 2       ;
; chufa:inst7|DIV2:inst1|lpm_divide:LPM_DIVIDE_component|lpm_divide_l1q:auto_generated|sign_div_unsign_ulh:divider|alt_u_div_g7f:divider|StageOut[102]~61            ; 2       ;
; chufa:inst7|DIV2:inst1|lpm_divide:LPM_DIVIDE_component|lpm_divide_l1q:auto_generated|sign_div_unsign_ulh:divider|alt_u_div_g7f:divider|StageOut[103]~60            ; 2       ;
; chufa:inst7|DIV2:inst1|lpm_divide:LPM_DIVIDE_component|lpm_divide_l1q:auto_generated|sign_div_unsign_ulh:divider|alt_u_div_g7f:divider|StageOut[94]~59             ; 2       ;
; chufa:inst7|DIV2:inst1|lpm_divide:LPM_DIVIDE_component|lpm_divide_l1q:auto_generated|sign_div_unsign_ulh:divider|alt_u_div_g7f:divider|StageOut[95]~58             ; 2       ;
; chufa:inst7|DIV2:inst1|lpm_divide:LPM_DIVIDE_component|lpm_divide_l1q:auto_generated|sign_div_unsign_ulh:divider|alt_u_div_g7f:divider|StageOut[96]~57             ; 2       ;
; chufa:inst7|DIV2:inst1|lpm_divide:LPM_DIVIDE_component|lpm_divide_l1q:auto_generated|sign_div_unsign_ulh:divider|alt_u_div_g7f:divider|StageOut[90]~55             ; 2       ;
; chufa:inst7|DIV2:inst1|lpm_divide:LPM_DIVIDE_component|lpm_divide_l1q:auto_generated|sign_div_unsign_ulh:divider|alt_u_div_g7f:divider|StageOut[91]~54             ; 2       ;
; chufa:inst7|DIV2:inst1|lpm_divide:LPM_DIVIDE_component|lpm_divide_l1q:auto_generated|sign_div_unsign_ulh:divider|alt_u_div_g7f:divider|StageOut[92]~53             ; 2       ;
; chufa:inst7|DIV2:inst1|lpm_divide:LPM_DIVIDE_component|lpm_divide_l1q:auto_generated|sign_div_unsign_ulh:divider|alt_u_div_g7f:divider|StageOut[93]~52             ; 2       ;
; chufa:inst7|DIV2:inst1|lpm_divide:LPM_DIVIDE_component|lpm_divide_l1q:auto_generated|sign_div_unsign_ulh:divider|alt_u_div_g7f:divider|StageOut[84]~51             ; 2       ;
; chufa:inst7|DIV2:inst1|lpm_divide:LPM_DIVIDE_component|lpm_divide_l1q:auto_generated|sign_div_unsign_ulh:divider|alt_u_div_g7f:divider|StageOut[85]~50             ; 2       ;
; chufa:inst7|DIV2:inst1|lpm_divide:LPM_DIVIDE_component|lpm_divide_l1q:auto_generated|sign_div_unsign_ulh:divider|alt_u_div_g7f:divider|StageOut[86]~49             ; 2       ;
; chufa:inst7|DIV2:inst1|lpm_divide:LPM_DIVIDE_component|lpm_divide_l1q:auto_generated|sign_div_unsign_ulh:divider|alt_u_div_g7f:divider|StageOut[87]~48             ; 2       ;
; chufa:inst7|DIV2:inst1|lpm_divide:LPM_DIVIDE_component|lpm_divide_l1q:auto_generated|sign_div_unsign_ulh:divider|alt_u_div_g7f:divider|StageOut[81]~46             ; 2       ;
; chufa:inst7|DIV2:inst1|lpm_divide:LPM_DIVIDE_component|lpm_divide_l1q:auto_generated|sign_div_unsign_ulh:divider|alt_u_div_g7f:divider|StageOut[82]~45             ; 2       ;
; chufa:inst7|DIV2:inst1|lpm_divide:LPM_DIVIDE_component|lpm_divide_l1q:auto_generated|sign_div_unsign_ulh:divider|alt_u_div_g7f:divider|StageOut[83]~44             ; 2       ;
; chufa:inst7|DIV2:inst1|lpm_divide:LPM_DIVIDE_component|lpm_divide_l1q:auto_generated|sign_div_unsign_ulh:divider|alt_u_div_g7f:divider|StageOut[74]~43             ; 2       ;
; chufa:inst7|DIV2:inst1|lpm_divide:LPM_DIVIDE_component|lpm_divide_l1q:auto_generated|sign_div_unsign_ulh:divider|alt_u_div_g7f:divider|StageOut[75]~42             ; 2       ;
; chufa:inst7|DIV2:inst1|lpm_divide:LPM_DIVIDE_component|lpm_divide_l1q:auto_generated|sign_div_unsign_ulh:divider|alt_u_div_g7f:divider|StageOut[76]~41             ; 2       ;
; chufa:inst7|DIV2:inst1|lpm_divide:LPM_DIVIDE_component|lpm_divide_l1q:auto_generated|sign_div_unsign_ulh:divider|alt_u_div_g7f:divider|StageOut[77]~40             ; 2       ;
; chufa:inst7|DIV2:inst1|lpm_divide:LPM_DIVIDE_component|lpm_divide_l1q:auto_generated|sign_div_unsign_ulh:divider|alt_u_div_g7f:divider|StageOut[78]~39             ; 2       ;
; chufa:inst7|DIV2:inst1|lpm_divide:LPM_DIVIDE_component|lpm_divide_l1q:auto_generated|sign_div_unsign_ulh:divider|alt_u_div_g7f:divider|StageOut[72]~37             ; 2       ;
; chufa:inst7|DIV2:inst1|lpm_divide:LPM_DIVIDE_component|lpm_divide_l1q:auto_generated|sign_div_unsign_ulh:divider|alt_u_div_g7f:divider|StageOut[73]~36             ; 2       ;
; chufa:inst7|DIV2:inst1|lpm_divide:LPM_DIVIDE_component|lpm_divide_l1q:auto_generated|sign_div_unsign_ulh:divider|alt_u_div_g7f:divider|StageOut[64]~35             ; 2       ;
; chufa:inst7|DIV2:inst1|lpm_divide:LPM_DIVIDE_component|lpm_divide_l1q:auto_generated|sign_div_unsign_ulh:divider|alt_u_div_g7f:divider|StageOut[65]~34             ; 2       ;
; chufa:inst7|DIV2:inst1|lpm_divide:LPM_DIVIDE_component|lpm_divide_l1q:auto_generated|sign_div_unsign_ulh:divider|alt_u_div_g7f:divider|StageOut[66]~33             ; 2       ;
; chufa:inst7|DIV2:inst1|lpm_divide:LPM_DIVIDE_component|lpm_divide_l1q:auto_generated|sign_div_unsign_ulh:divider|alt_u_div_g7f:divider|StageOut[67]~32             ; 2       ;
; chufa:inst7|DIV2:inst1|lpm_divide:LPM_DIVIDE_component|lpm_divide_l1q:auto_generated|sign_div_unsign_ulh:divider|alt_u_div_g7f:divider|StageOut[68]~31             ; 2       ;
; chufa:inst7|DIV2:inst1|lpm_divide:LPM_DIVIDE_component|lpm_divide_l1q:auto_generated|sign_div_unsign_ulh:divider|alt_u_div_g7f:divider|StageOut[69]~30             ; 2       ;
; chufa:inst7|DIV2:inst1|lpm_divide:LPM_DIVIDE_component|lpm_divide_l1q:auto_generated|sign_div_unsign_ulh:divider|alt_u_div_g7f:divider|StageOut[63]~28             ; 2       ;
; chufa:inst7|DIV2:inst1|lpm_divide:LPM_DIVIDE_component|lpm_divide_l1q:auto_generated|sign_div_unsign_ulh:divider|alt_u_div_g7f:divider|StageOut[54]~27             ; 2       ;
; chufa:inst7|DIV2:inst1|lpm_divide:LPM_DIVIDE_component|lpm_divide_l1q:auto_generated|sign_div_unsign_ulh:divider|alt_u_div_g7f:divider|StageOut[55]~26             ; 2       ;
; chufa:inst7|DIV2:inst1|lpm_divide:LPM_DIVIDE_component|lpm_divide_l1q:auto_generated|sign_div_unsign_ulh:divider|alt_u_div_g7f:divider|StageOut[56]~25             ; 2       ;
; chufa:inst7|DIV2:inst1|lpm_divide:LPM_DIVIDE_component|lpm_divide_l1q:auto_generated|sign_div_unsign_ulh:divider|alt_u_div_g7f:divider|StageOut[57]~24             ; 2       ;
; chufa:inst7|DIV2:inst1|lpm_divide:LPM_DIVIDE_component|lpm_divide_l1q:auto_generated|sign_div_unsign_ulh:divider|alt_u_div_g7f:divider|StageOut[58]~23             ; 2       ;
; chufa:inst7|DIV2:inst1|lpm_divide:LPM_DIVIDE_component|lpm_divide_l1q:auto_generated|sign_div_unsign_ulh:divider|alt_u_div_g7f:divider|StageOut[59]~22             ; 2       ;
; chufa:inst7|DIV2:inst1|lpm_divide:LPM_DIVIDE_component|lpm_divide_l1q:auto_generated|sign_div_unsign_ulh:divider|alt_u_div_g7f:divider|StageOut[60]~21             ; 2       ;
; chufa:inst7|DIV2:inst1|lpm_divide:LPM_DIVIDE_component|lpm_divide_l1q:auto_generated|sign_div_unsign_ulh:divider|alt_u_div_g7f:divider|StageOut[45]~20             ; 2       ;
; chufa:inst7|DIV2:inst1|lpm_divide:LPM_DIVIDE_component|lpm_divide_l1q:auto_generated|sign_div_unsign_ulh:divider|alt_u_div_g7f:divider|StageOut[46]~19             ; 2       ;
; chufa:inst7|DIV2:inst1|lpm_divide:LPM_DIVIDE_component|lpm_divide_l1q:auto_generated|sign_div_unsign_ulh:divider|alt_u_div_g7f:divider|StageOut[47]~18             ; 2       ;
; chufa:inst7|DIV2:inst1|lpm_divide:LPM_DIVIDE_component|lpm_divide_l1q:auto_generated|sign_div_unsign_ulh:divider|alt_u_div_g7f:divider|StageOut[48]~17             ; 2       ;
; chufa:inst7|DIV2:inst1|lpm_divide:LPM_DIVIDE_component|lpm_divide_l1q:auto_generated|sign_div_unsign_ulh:divider|alt_u_div_g7f:divider|StageOut[49]~16             ; 2       ;
; chufa:inst7|DIV2:inst1|lpm_divide:LPM_DIVIDE_component|lpm_divide_l1q:auto_generated|sign_div_unsign_ulh:divider|alt_u_div_g7f:divider|StageOut[50]~15             ; 2       ;
; chufa:inst7|DIV2:inst1|lpm_divide:LPM_DIVIDE_component|lpm_divide_l1q:auto_generated|sign_div_unsign_ulh:divider|alt_u_div_g7f:divider|StageOut[36]~14             ; 2       ;
; chufa:inst7|DIV2:inst1|lpm_divide:LPM_DIVIDE_component|lpm_divide_l1q:auto_generated|sign_div_unsign_ulh:divider|alt_u_div_g7f:divider|StageOut[37]~13             ; 2       ;
; chufa:inst7|DIV2:inst1|lpm_divide:LPM_DIVIDE_component|lpm_divide_l1q:auto_generated|sign_div_unsign_ulh:divider|alt_u_div_g7f:divider|StageOut[38]~12             ; 2       ;
; chufa:inst7|DIV2:inst1|lpm_divide:LPM_DIVIDE_component|lpm_divide_l1q:auto_generated|sign_div_unsign_ulh:divider|alt_u_div_g7f:divider|StageOut[39]~11             ; 2       ;
; chufa:inst7|DIV2:inst1|lpm_divide:LPM_DIVIDE_component|lpm_divide_l1q:auto_generated|sign_div_unsign_ulh:divider|alt_u_div_g7f:divider|StageOut[40]~10             ; 2       ;
; chufa:inst7|DIV2:inst1|lpm_divide:LPM_DIVIDE_component|lpm_divide_l1q:auto_generated|sign_div_unsign_ulh:divider|alt_u_div_g7f:divider|StageOut[27]~9              ; 2       ;
; chufa:inst7|DIV2:inst1|lpm_divide:LPM_DIVIDE_component|lpm_divide_l1q:auto_generated|sign_div_unsign_ulh:divider|alt_u_div_g7f:divider|StageOut[28]~8              ; 2       ;
; chufa:inst7|DIV2:inst1|lpm_divide:LPM_DIVIDE_component|lpm_divide_l1q:auto_generated|sign_div_unsign_ulh:divider|alt_u_div_g7f:divider|StageOut[29]~7              ; 2       ;
; chufa:inst7|DIV2:inst1|lpm_divide:LPM_DIVIDE_component|lpm_divide_l1q:auto_generated|sign_div_unsign_ulh:divider|alt_u_div_g7f:divider|StageOut[30]~6              ; 2       ;
; chufa:inst7|DIV2:inst1|lpm_divide:LPM_DIVIDE_component|lpm_divide_l1q:auto_generated|sign_div_unsign_ulh:divider|alt_u_div_g7f:divider|StageOut[18]~5              ; 2       ;
; chufa:inst7|DIV2:inst1|lpm_divide:LPM_DIVIDE_component|lpm_divide_l1q:auto_generated|sign_div_unsign_ulh:divider|alt_u_div_g7f:divider|StageOut[19]~4              ; 2       ;
; chufa:inst7|DIV2:inst1|lpm_divide:LPM_DIVIDE_component|lpm_divide_l1q:auto_generated|sign_div_unsign_ulh:divider|alt_u_div_g7f:divider|StageOut[20]~3              ; 2       ;
; chufa:inst7|DIV2:inst1|lpm_divide:LPM_DIVIDE_component|lpm_divide_l1q:auto_generated|sign_div_unsign_ulh:divider|alt_u_div_g7f:divider|StageOut[9]~2               ; 2       ;
; chufa:inst7|DIV2:inst1|lpm_divide:LPM_DIVIDE_component|lpm_divide_l1q:auto_generated|sign_div_unsign_ulh:divider|alt_u_div_g7f:divider|selnose[17]~1               ; 2       ;
; chufa:inst7|DIV2:inst1|lpm_divide:LPM_DIVIDE_component|lpm_divide_l1q:auto_generated|sign_div_unsign_ulh:divider|alt_u_div_g7f:divider|StageOut[10]~1              ; 2       ;
; YWFUHAO~input                                                                                                                                                      ; 1       ;
; CHOOSE_LAB3:inst10|choose15~3                                                                                                                                      ; 1       ;
; METRIX:mul_lab3|cell:inst57|FA:inst|7482:inst|8~2                                                                                                                  ; 1       ;
; 74198:inst1|121~1                                                                                                                                                  ; 1       ;
; 74198:inst1|121~0                                                                                                                                                  ; 1       ;
; 74198:inst1|122~1                                                                                                                                                  ; 1       ;
; 74198:inst1|122~0                                                                                                                                                  ; 1       ;
; 74198:inst1|123~1                                                                                                                                                  ; 1       ;
; 74198:inst1|123~0                                                                                                                                                  ; 1       ;
; 74198:inst1|124~1                                                                                                                                                  ; 1       ;
; 74198:inst1|124~0                                                                                                                                                  ; 1       ;
; 74198:inst1|125~1                                                                                                                                                  ; 1       ;
; 74198:inst1|125~0                                                                                                                                                  ; 1       ;
; 74198:inst1|126~1                                                                                                                                                  ; 1       ;
; 74198:inst1|126~0                                                                                                                                                  ; 1       ;
; 74198:inst1|127~1                                                                                                                                                  ; 1       ;
; 74198:inst1|127~0                                                                                                                                                  ; 1       ;
; 74198:inst1|128~1                                                                                                                                                  ; 1       ;
; 74198:inst1|128~0                                                                                                                                                  ; 1       ;
; CHOOSE_LAB3:inst10|choose16~5                                                                                                                                      ; 1       ;
; CHOOSE_LAB3:inst10|choose16~4                                                                                                                                      ; 1       ;
; CHOOSE_LAB3:inst10|choose16~3                                                                                                                                      ; 1       ;
; METRIX:mul_lab3|cell:inst63|FA:inst|7482:inst|27~0                                                                                                                 ; 1       ;
; CHOOSE_LAB3:inst10|choose16~2                                                                                                                                      ; 1       ;
; 74181:alu1|51~0                                                                                                                                                    ; 1       ;
; 74181:alu1|52~0                                                                                                                                                    ; 1       ;
; 74181:alu1|74~0                                                                                                                                                    ; 1       ;
; 74181:alu1|82                                                                                                                                                      ; 1       ;
; CHOOSE_LAB3:inst10|choose15~2                                                                                                                                      ; 1       ;
; chufa:inst7|DIV2:inst1|lpm_divide:LPM_DIVIDE_component|lpm_divide_l1q:auto_generated|sign_div_unsign_ulh:divider|alt_u_div_g7f:divider|selnose[17]~4               ; 1       ;
; METRIX:mul_lab3|cell:inst63|FA:inst|7482:inst|8~0                                                                                                                  ; 1       ;
; CHOOSE_LAB3:inst10|choose14~2                                                                                                                                      ; 1       ;
; 74181:alu1|81                                                                                                                                                      ; 1       ;
; CHOOSE_LAB3:inst10|choose14~1                                                                                                                                      ; 1       ;
; METRIX:mul_lab3|cell:inst62|FA:inst|7482:inst|8                                                                                                                    ; 1       ;
; METRIX:mul_lab3|cell:inst54|inst1                                                                                                                                  ; 1       ;
; CHOOSE_LAB3:inst10|choose14~0                                                                                                                                      ; 1       ;
; CHOOSE_LAB3:inst10|choose13~2                                                                                                                                      ; 1       ;
; 74181:alu1|80                                                                                                                                                      ; 1       ;
; 74181:alu2|78~0                                                                                                                                                    ; 1       ;
; CHOOSE_LAB3:inst10|choose13~1                                                                                                                                      ; 1       ;
; METRIX:mul_lab3|cell:inst61|FA:inst|7482:inst|8                                                                                                                    ; 1       ;
; METRIX:mul_lab3|cell:inst53|inst1                                                                                                                                  ; 1       ;
; METRIX:mul_lab3|cell:inst46|inst1                                                                                                                                  ; 1       ;
; CHOOSE_LAB3:inst10|choose13~0                                                                                                                                      ; 1       ;
; CHOOSE_LAB3:inst10|choose12~2                                                                                                                                      ; 1       ;
; CHOOSE_LAB3:inst10|choose12~1                                                                                                                                      ; 1       ;
; chufa:inst7|DIV2:inst1|lpm_divide:LPM_DIVIDE_component|lpm_divide_l1q:auto_generated|sign_div_unsign_ulh:divider|alt_u_div_g7f:divider|selnose[68]                 ; 1       ;
; METRIX:mul_lab3|cell:inst60|FA:inst|7482:inst|8                                                                                                                    ; 1       ;
; METRIX:mul_lab3|cell:inst52|inst1                                                                                                                                  ; 1       ;
; METRIX:mul_lab3|cell:inst45|inst1                                                                                                                                  ; 1       ;
; METRIX:mul_lab3|cell:inst38|inst1                                                                                                                                  ; 1       ;
; CHOOSE_LAB3:inst10|choose12~0                                                                                                                                      ; 1       ;
; 74181:alu2|74~0                                                                                                                                                    ; 1       ;
; CHOOSE_LAB3:inst10|choose11~2                                                                                                                                      ; 1       ;
; 74181:alu2|82                                                                                                                                                      ; 1       ;
; CHOOSE_LAB3:inst10|choose11~1                                                                                                                                      ; 1       ;
; METRIX:mul_lab3|cell:inst59|FA:inst|7482:inst|8                                                                                                                    ; 1       ;
; METRIX:mul_lab3|cell:inst51|inst1                                                                                                                                  ; 1       ;
; METRIX:mul_lab3|cell:inst44|inst1                                                                                                                                  ; 1       ;
; METRIX:mul_lab3|cell:inst37|inst1                                                                                                                                  ; 1       ;
; METRIX:mul_lab3|cell:inst29|inst1                                                                                                                                  ; 1       ;
; METRIX:mul_lab3|cell:inst22|inst1                                                                                                                                  ; 1       ;
; CHOOSE_LAB3:inst10|choose11~0                                                                                                                                      ; 1       ;
; CHOOSE_LAB3:inst10|choose10~2                                                                                                                                      ; 1       ;
; 74181:alu2|81                                                                                                                                                      ; 1       ;
; CHOOSE_LAB3:inst10|choose10~1                                                                                                                                      ; 1       ;
; METRIX:mul_lab3|cell:inst58|FA:inst|7482:inst|8                                                                                                                    ; 1       ;
; METRIX:mul_lab3|cell:inst50|inst1                                                                                                                                  ; 1       ;
; METRIX:mul_lab3|cell:inst43|inst1                                                                                                                                  ; 1       ;
; METRIX:mul_lab3|cell:inst36|inst1                                                                                                                                  ; 1       ;
; METRIX:mul_lab3|cell:inst28|inst1                                                                                                                                  ; 1       ;
; CHOOSE_LAB3:inst10|choose10~0                                                                                                                                      ; 1       ;
; CHOOSE_LAB3:inst10|choose9~2                                                                                                                                       ; 1       ;
; 74181:alu2|80                                                                                                                                                      ; 1       ;
; CHOOSE_LAB3:inst10|choose9~1                                                                                                                                       ; 1       ;
; CHOOSE_LAB3:inst10|choose9~0                                                                                                                                       ; 1       ;
; METRIX:mul_lab3|cell:inst57|inst1                                                                                                                                  ; 1       ;
; METRIX:mul_lab3|cell:inst42|inst1                                                                                                                                  ; 1       ;
; METRIX:mul_lab3|cell:inst35|inst1                                                                                                                                  ; 1       ;
; METRIX:mul_lab3|cell:inst27|inst1                                                                                                                                  ; 1       ;
; METRIX:mul_lab3|cell:inst20|inst1                                                                                                                                  ; 1       ;
; METRIX:mul_lab3|cell:inst14|inst1                                                                                                                                  ; 1       ;
; CHOOSE_LAB3:inst10|choose8~3                                                                                                                                       ; 1       ;
; CHOOSE_LAB3:inst10|choose8~2                                                                                                                                       ; 1       ;
; CHOOSE_LAB3:inst10|choose8~1                                                                                                                                       ; 1       ;
; METRIX:mul_lab3|cell:inst32|inst1                                                                                                                                  ; 1       ;
; METRIX:mul_lab3|cell:inst26|inst1                                                                                                                                  ; 1       ;
; METRIX:mul_lab3|cell:inst19|inst1                                                                                                                                  ; 1       ;
; METRIX:mul_lab3|cell:inst13|inst1                                                                                                                                  ; 1       ;
; CHOOSE_LAB3:inst10|choose8~0                                                                                                                                       ; 1       ;
; 74181:alu3|77                                                                                                                                                      ; 1       ;
; CHOOSE_LAB3:inst10|c_or7~4                                                                                                                                         ; 1       ;
; CHOOSE_LAB3:inst10|c_or7~3                                                                                                                                         ; 1       ;
; CHOOSE_LAB3:inst10|c_or7~2                                                                                                                                         ; 1       ;
; CHOOSE_LAB3:inst10|c_or7~1                                                                                                                                         ; 1       ;
; METRIX:mul_lab3|cell:inst25|inst1                                                                                                                                  ; 1       ;
; METRIX:mul_lab3|cell:inst18|inst1                                                                                                                                  ; 1       ;
; METRIX:mul_lab3|cell:inst12|inst1                                                                                                                                  ; 1       ;
; CHOOSE_LAB3:inst10|c_or7~0                                                                                                                                         ; 1       ;
; 74181:alu3|75~1                                                                                                                                                    ; 1       ;
; CHOOSE_LAB3:inst10|c_or6~4                                                                                                                                         ; 1       ;
; CHOOSE_LAB3:inst10|c_or6~3                                                                                                                                         ; 1       ;
; CHOOSE_LAB3:inst10|c_or6~2                                                                                                                                         ; 1       ;
; CHOOSE_LAB3:inst10|c_or6~1                                                                                                                                         ; 1       ;
; METRIX:mul_lab3|cell:inst17|inst1                                                                                                                                  ; 1       ;
; METRIX:mul_lab3|cell:inst11|inst1                                                                                                                                  ; 1       ;
; CHOOSE_LAB3:inst10|c_or6~0                                                                                                                                         ; 1       ;
; 74181:alu3|79~0                                                                                                                                                    ; 1       ;
; CHOOSE_LAB3:inst10|c_or5~4                                                                                                                                         ; 1       ;
; CHOOSE_LAB3:inst10|c_or5~3                                                                                                                                         ; 1       ;
; CHOOSE_LAB3:inst10|c_or5~2                                                                                                                                         ; 1       ;
; CHOOSE_LAB3:inst10|c_or5~1                                                                                                                                         ; 1       ;
; METRIX:mul_lab3|cell:inst10|inst1                                                                                                                                  ; 1       ;
; CHOOSE_LAB3:inst10|c_or5~0                                                                                                                                         ; 1       ;
; 74181:alu3|80                                                                                                                                                      ; 1       ;
; CHOOSE_LAB3:inst10|c_or4~4                                                                                                                                         ; 1       ;
; CHOOSE_LAB3:inst10|c_or4~3                                                                                                                                         ; 1       ;
; CHOOSE_LAB3:inst10|c_or4~2                                                                                                                                         ; 1       ;
; CHOOSE_LAB3:inst10|c_or4~1                                                                                                                                         ; 1       ;
; CHOOSE_LAB3:inst10|c_or4~0                                                                                                                                         ; 1       ;
; 74181:alu4|74~1                                                                                                                                                    ; 1       ;
; CHOOSE_LAB3:inst10|c_or3~4                                                                                                                                         ; 1       ;
; CHOOSE_LAB3:inst10|c_or3~3                                                                                                                                         ; 1       ;
; CHOOSE_LAB3:inst10|c_or3~2                                                                                                                                         ; 1       ;
; CHOOSE_LAB3:inst10|c_or3~1                                                                                                                                         ; 1       ;
; CHOOSE_LAB3:inst10|c_or3~0                                                                                                                                         ; 1       ;
; 74181:alu4|75~1                                                                                                                                                    ; 1       ;
; CHOOSE_LAB3:inst10|c_or2~3                                                                                                                                         ; 1       ;
; CHOOSE_LAB3:inst10|c_or2~2                                                                                                                                         ; 1       ;
; METRIX:mul_lab3|cell:inst9|FA:inst|7482:inst|3                                                                                                                     ; 1       ;
; CHOOSE_LAB3:inst10|c_or2~1                                                                                                                                         ; 1       ;
; CHOOSE_LAB3:inst10|c_or2~0                                                                                                                                         ; 1       ;
; 74181:alu4|79~0                                                                                                                                                    ; 1       ;
; CHOOSE_LAB3:inst10|c_or1                                                                                                                                           ; 1       ;
; CHOOSE_LAB3:inst10|c_or1~1                                                                                                                                         ; 1       ;
; CHOOSE_LAB3:inst10|c_or1~0                                                                                                                                         ; 1       ;
; chufa:inst7|DIV2:inst1|lpm_divide:LPM_DIVIDE_component|lpm_divide_l1q:auto_generated|sign_div_unsign_ulh:divider|alt_u_div_g7f:divider|StageOut[126]~91            ; 1       ;
; chufa:inst7|DIV2:inst1|lpm_divide:LPM_DIVIDE_component|lpm_divide_l1q:auto_generated|sign_div_unsign_ulh:divider|alt_u_div_g7f:divider|StageOut[127]~90            ; 1       ;
; chufa:inst7|DIV2:inst1|lpm_divide:LPM_DIVIDE_component|lpm_divide_l1q:auto_generated|sign_div_unsign_ulh:divider|alt_u_div_g7f:divider|StageOut[128]~89            ; 1       ;
; chufa:inst7|DIV2:inst1|lpm_divide:LPM_DIVIDE_component|lpm_divide_l1q:auto_generated|sign_div_unsign_ulh:divider|alt_u_div_g7f:divider|StageOut[129]~88            ; 1       ;
; chufa:inst7|DIV2:inst1|lpm_divide:LPM_DIVIDE_component|lpm_divide_l1q:auto_generated|sign_div_unsign_ulh:divider|alt_u_div_g7f:divider|StageOut[130]~87            ; 1       ;
; chufa:inst7|DIV2:inst1|lpm_divide:LPM_DIVIDE_component|lpm_divide_l1q:auto_generated|sign_div_unsign_ulh:divider|alt_u_div_g7f:divider|StageOut[131]~86            ; 1       ;
; chufa:inst7|DIV2:inst1|lpm_divide:LPM_DIVIDE_component|lpm_divide_l1q:auto_generated|sign_div_unsign_ulh:divider|alt_u_div_g7f:divider|StageOut[132]~85            ; 1       ;
; chufa:inst7|DIV2:inst1|lpm_divide:LPM_DIVIDE_component|lpm_divide_l1q:auto_generated|sign_div_unsign_ulh:divider|alt_u_div_g7f:divider|StageOut[133]~84            ; 1       ;
; chufa:inst7|DIV2:inst1|lpm_divide:LPM_DIVIDE_component|lpm_divide_l1q:auto_generated|sign_div_unsign_ulh:divider|alt_u_div_g7f:divider|StageOut[124]~83            ; 1       ;
; chufa:inst7|DIV2:inst1|lpm_divide:LPM_DIVIDE_component|lpm_divide_l1q:auto_generated|sign_div_unsign_ulh:divider|alt_u_div_g7f:divider|StageOut[115]~74            ; 1       ;
; chufa:inst7|DIV2:inst1|lpm_divide:LPM_DIVIDE_component|lpm_divide_l1q:auto_generated|sign_div_unsign_ulh:divider|alt_u_div_g7f:divider|StageOut[106]~65            ; 1       ;
; chufa:inst7|DIV2:inst1|lpm_divide:LPM_DIVIDE_component|lpm_divide_l1q:auto_generated|sign_div_unsign_ulh:divider|alt_u_div_g7f:divider|StageOut[97]~56             ; 1       ;
; chufa:inst7|DIV2:inst1|lpm_divide:LPM_DIVIDE_component|lpm_divide_l1q:auto_generated|sign_div_unsign_ulh:divider|alt_u_div_g7f:divider|StageOut[88]~47             ; 1       ;
; chufa:inst7|DIV2:inst1|lpm_divide:LPM_DIVIDE_component|lpm_divide_l1q:auto_generated|sign_div_unsign_ulh:divider|alt_u_div_g7f:divider|StageOut[79]~38             ; 1       ;
; chufa:inst7|DIV2:inst1|lpm_divide:LPM_DIVIDE_component|lpm_divide_l1q:auto_generated|sign_div_unsign_ulh:divider|alt_u_div_g7f:divider|StageOut[70]~29             ; 1       ;
; chufa:inst7|DIV2:inst1|lpm_divide:LPM_DIVIDE_component|lpm_divide_l1q:auto_generated|sign_div_unsign_ulh:divider|alt_u_div_g7f:divider|StageOut[10]~0              ; 1       ;
; CHOOSE_LAB3:inst10|choose1~0                                                                                                                                       ; 1       ;
; 74181:alu4|64                                                                                                                                                      ; 1       ;
; chufa:inst7|DIV2:inst1|lpm_divide:LPM_DIVIDE_component|lpm_divide_l1q:auto_generated|sign_div_unsign_ulh:divider|alt_u_div_g7f:divider|add_sub_15_result_int[9]~18 ; 1       ;
; chufa:inst7|DIV2:inst1|lpm_divide:LPM_DIVIDE_component|lpm_divide_l1q:auto_generated|sign_div_unsign_ulh:divider|alt_u_div_g7f:divider|add_sub_15_result_int[8]~17 ; 1       ;
; chufa:inst7|DIV2:inst1|lpm_divide:LPM_DIVIDE_component|lpm_divide_l1q:auto_generated|sign_div_unsign_ulh:divider|alt_u_div_g7f:divider|add_sub_15_result_int[7]~15 ; 1       ;
; chufa:inst7|DIV2:inst1|lpm_divide:LPM_DIVIDE_component|lpm_divide_l1q:auto_generated|sign_div_unsign_ulh:divider|alt_u_div_g7f:divider|add_sub_15_result_int[6]~13 ; 1       ;
; chufa:inst7|DIV2:inst1|lpm_divide:LPM_DIVIDE_component|lpm_divide_l1q:auto_generated|sign_div_unsign_ulh:divider|alt_u_div_g7f:divider|add_sub_15_result_int[5]~11 ; 1       ;
; chufa:inst7|DIV2:inst1|lpm_divide:LPM_DIVIDE_component|lpm_divide_l1q:auto_generated|sign_div_unsign_ulh:divider|alt_u_div_g7f:divider|add_sub_15_result_int[4]~9  ; 1       ;
; chufa:inst7|DIV2:inst1|lpm_divide:LPM_DIVIDE_component|lpm_divide_l1q:auto_generated|sign_div_unsign_ulh:divider|alt_u_div_g7f:divider|add_sub_15_result_int[3]~7  ; 1       ;
; chufa:inst7|DIV2:inst1|lpm_divide:LPM_DIVIDE_component|lpm_divide_l1q:auto_generated|sign_div_unsign_ulh:divider|alt_u_div_g7f:divider|add_sub_15_result_int[2]~5  ; 1       ;
; chufa:inst7|DIV2:inst1|lpm_divide:LPM_DIVIDE_component|lpm_divide_l1q:auto_generated|sign_div_unsign_ulh:divider|alt_u_div_g7f:divider|add_sub_15_result_int[1]~3  ; 1       ;
; chufa:inst7|DIV2:inst1|lpm_divide:LPM_DIVIDE_component|lpm_divide_l1q:auto_generated|sign_div_unsign_ulh:divider|alt_u_div_g7f:divider|add_sub_15_result_int[0]~1  ; 1       ;
; chufa:inst7|DIV2:inst1|lpm_divide:LPM_DIVIDE_component|lpm_divide_l1q:auto_generated|sign_div_unsign_ulh:divider|alt_u_div_g7f:divider|add_sub_14_result_int[8]~17 ; 1       ;
; chufa:inst7|DIV2:inst1|lpm_divide:LPM_DIVIDE_component|lpm_divide_l1q:auto_generated|sign_div_unsign_ulh:divider|alt_u_div_g7f:divider|add_sub_14_result_int[7]~15 ; 1       ;
; chufa:inst7|DIV2:inst1|lpm_divide:LPM_DIVIDE_component|lpm_divide_l1q:auto_generated|sign_div_unsign_ulh:divider|alt_u_div_g7f:divider|add_sub_14_result_int[7]~14 ; 1       ;
; chufa:inst7|DIV2:inst1|lpm_divide:LPM_DIVIDE_component|lpm_divide_l1q:auto_generated|sign_div_unsign_ulh:divider|alt_u_div_g7f:divider|add_sub_14_result_int[6]~13 ; 1       ;
; chufa:inst7|DIV2:inst1|lpm_divide:LPM_DIVIDE_component|lpm_divide_l1q:auto_generated|sign_div_unsign_ulh:divider|alt_u_div_g7f:divider|add_sub_14_result_int[6]~12 ; 1       ;
; chufa:inst7|DIV2:inst1|lpm_divide:LPM_DIVIDE_component|lpm_divide_l1q:auto_generated|sign_div_unsign_ulh:divider|alt_u_div_g7f:divider|add_sub_14_result_int[5]~11 ; 1       ;
; chufa:inst7|DIV2:inst1|lpm_divide:LPM_DIVIDE_component|lpm_divide_l1q:auto_generated|sign_div_unsign_ulh:divider|alt_u_div_g7f:divider|add_sub_14_result_int[5]~10 ; 1       ;
; chufa:inst7|DIV2:inst1|lpm_divide:LPM_DIVIDE_component|lpm_divide_l1q:auto_generated|sign_div_unsign_ulh:divider|alt_u_div_g7f:divider|add_sub_14_result_int[4]~9  ; 1       ;
; chufa:inst7|DIV2:inst1|lpm_divide:LPM_DIVIDE_component|lpm_divide_l1q:auto_generated|sign_div_unsign_ulh:divider|alt_u_div_g7f:divider|add_sub_14_result_int[4]~8  ; 1       ;
; chufa:inst7|DIV2:inst1|lpm_divide:LPM_DIVIDE_component|lpm_divide_l1q:auto_generated|sign_div_unsign_ulh:divider|alt_u_div_g7f:divider|add_sub_14_result_int[3]~7  ; 1       ;
; chufa:inst7|DIV2:inst1|lpm_divide:LPM_DIVIDE_component|lpm_divide_l1q:auto_generated|sign_div_unsign_ulh:divider|alt_u_div_g7f:divider|add_sub_14_result_int[3]~6  ; 1       ;
; chufa:inst7|DIV2:inst1|lpm_divide:LPM_DIVIDE_component|lpm_divide_l1q:auto_generated|sign_div_unsign_ulh:divider|alt_u_div_g7f:divider|add_sub_14_result_int[2]~5  ; 1       ;
; chufa:inst7|DIV2:inst1|lpm_divide:LPM_DIVIDE_component|lpm_divide_l1q:auto_generated|sign_div_unsign_ulh:divider|alt_u_div_g7f:divider|add_sub_14_result_int[2]~4  ; 1       ;
; chufa:inst7|DIV2:inst1|lpm_divide:LPM_DIVIDE_component|lpm_divide_l1q:auto_generated|sign_div_unsign_ulh:divider|alt_u_div_g7f:divider|add_sub_14_result_int[1]~3  ; 1       ;
; chufa:inst7|DIV2:inst1|lpm_divide:LPM_DIVIDE_component|lpm_divide_l1q:auto_generated|sign_div_unsign_ulh:divider|alt_u_div_g7f:divider|add_sub_14_result_int[1]~2  ; 1       ;
; chufa:inst7|DIV2:inst1|lpm_divide:LPM_DIVIDE_component|lpm_divide_l1q:auto_generated|sign_div_unsign_ulh:divider|alt_u_div_g7f:divider|add_sub_14_result_int[0]~1  ; 1       ;
; chufa:inst7|DIV2:inst1|lpm_divide:LPM_DIVIDE_component|lpm_divide_l1q:auto_generated|sign_div_unsign_ulh:divider|alt_u_div_g7f:divider|add_sub_14_result_int[0]~0  ; 1       ;
; chufa:inst7|DIV2:inst1|lpm_divide:LPM_DIVIDE_component|lpm_divide_l1q:auto_generated|sign_div_unsign_ulh:divider|alt_u_div_g7f:divider|add_sub_13_result_int[8]~17 ; 1       ;
; chufa:inst7|DIV2:inst1|lpm_divide:LPM_DIVIDE_component|lpm_divide_l1q:auto_generated|sign_div_unsign_ulh:divider|alt_u_div_g7f:divider|add_sub_13_result_int[7]~15 ; 1       ;
; chufa:inst7|DIV2:inst1|lpm_divide:LPM_DIVIDE_component|lpm_divide_l1q:auto_generated|sign_div_unsign_ulh:divider|alt_u_div_g7f:divider|add_sub_13_result_int[7]~14 ; 1       ;
; chufa:inst7|DIV2:inst1|lpm_divide:LPM_DIVIDE_component|lpm_divide_l1q:auto_generated|sign_div_unsign_ulh:divider|alt_u_div_g7f:divider|add_sub_13_result_int[6]~13 ; 1       ;
; chufa:inst7|DIV2:inst1|lpm_divide:LPM_DIVIDE_component|lpm_divide_l1q:auto_generated|sign_div_unsign_ulh:divider|alt_u_div_g7f:divider|add_sub_13_result_int[6]~12 ; 1       ;
; chufa:inst7|DIV2:inst1|lpm_divide:LPM_DIVIDE_component|lpm_divide_l1q:auto_generated|sign_div_unsign_ulh:divider|alt_u_div_g7f:divider|add_sub_13_result_int[5]~11 ; 1       ;
; chufa:inst7|DIV2:inst1|lpm_divide:LPM_DIVIDE_component|lpm_divide_l1q:auto_generated|sign_div_unsign_ulh:divider|alt_u_div_g7f:divider|add_sub_13_result_int[5]~10 ; 1       ;
; chufa:inst7|DIV2:inst1|lpm_divide:LPM_DIVIDE_component|lpm_divide_l1q:auto_generated|sign_div_unsign_ulh:divider|alt_u_div_g7f:divider|add_sub_13_result_int[4]~9  ; 1       ;
; chufa:inst7|DIV2:inst1|lpm_divide:LPM_DIVIDE_component|lpm_divide_l1q:auto_generated|sign_div_unsign_ulh:divider|alt_u_div_g7f:divider|add_sub_13_result_int[4]~8  ; 1       ;
; chufa:inst7|DIV2:inst1|lpm_divide:LPM_DIVIDE_component|lpm_divide_l1q:auto_generated|sign_div_unsign_ulh:divider|alt_u_div_g7f:divider|add_sub_13_result_int[3]~7  ; 1       ;
; chufa:inst7|DIV2:inst1|lpm_divide:LPM_DIVIDE_component|lpm_divide_l1q:auto_generated|sign_div_unsign_ulh:divider|alt_u_div_g7f:divider|add_sub_13_result_int[3]~6  ; 1       ;
; chufa:inst7|DIV2:inst1|lpm_divide:LPM_DIVIDE_component|lpm_divide_l1q:auto_generated|sign_div_unsign_ulh:divider|alt_u_div_g7f:divider|add_sub_13_result_int[2]~5  ; 1       ;
; chufa:inst7|DIV2:inst1|lpm_divide:LPM_DIVIDE_component|lpm_divide_l1q:auto_generated|sign_div_unsign_ulh:divider|alt_u_div_g7f:divider|add_sub_13_result_int[2]~4  ; 1       ;
; chufa:inst7|DIV2:inst1|lpm_divide:LPM_DIVIDE_component|lpm_divide_l1q:auto_generated|sign_div_unsign_ulh:divider|alt_u_div_g7f:divider|add_sub_13_result_int[1]~3  ; 1       ;
; chufa:inst7|DIV2:inst1|lpm_divide:LPM_DIVIDE_component|lpm_divide_l1q:auto_generated|sign_div_unsign_ulh:divider|alt_u_div_g7f:divider|add_sub_13_result_int[1]~2  ; 1       ;
; chufa:inst7|DIV2:inst1|lpm_divide:LPM_DIVIDE_component|lpm_divide_l1q:auto_generated|sign_div_unsign_ulh:divider|alt_u_div_g7f:divider|add_sub_13_result_int[0]~1  ; 1       ;
; chufa:inst7|DIV2:inst1|lpm_divide:LPM_DIVIDE_component|lpm_divide_l1q:auto_generated|sign_div_unsign_ulh:divider|alt_u_div_g7f:divider|add_sub_13_result_int[0]~0  ; 1       ;
; chufa:inst7|DIV2:inst1|lpm_divide:LPM_DIVIDE_component|lpm_divide_l1q:auto_generated|sign_div_unsign_ulh:divider|alt_u_div_g7f:divider|add_sub_12_result_int[8]~17 ; 1       ;
; chufa:inst7|DIV2:inst1|lpm_divide:LPM_DIVIDE_component|lpm_divide_l1q:auto_generated|sign_div_unsign_ulh:divider|alt_u_div_g7f:divider|add_sub_12_result_int[7]~15 ; 1       ;
; chufa:inst7|DIV2:inst1|lpm_divide:LPM_DIVIDE_component|lpm_divide_l1q:auto_generated|sign_div_unsign_ulh:divider|alt_u_div_g7f:divider|add_sub_12_result_int[7]~14 ; 1       ;
; chufa:inst7|DIV2:inst1|lpm_divide:LPM_DIVIDE_component|lpm_divide_l1q:auto_generated|sign_div_unsign_ulh:divider|alt_u_div_g7f:divider|add_sub_12_result_int[6]~13 ; 1       ;
; chufa:inst7|DIV2:inst1|lpm_divide:LPM_DIVIDE_component|lpm_divide_l1q:auto_generated|sign_div_unsign_ulh:divider|alt_u_div_g7f:divider|add_sub_12_result_int[6]~12 ; 1       ;
; chufa:inst7|DIV2:inst1|lpm_divide:LPM_DIVIDE_component|lpm_divide_l1q:auto_generated|sign_div_unsign_ulh:divider|alt_u_div_g7f:divider|add_sub_12_result_int[5]~11 ; 1       ;
; chufa:inst7|DIV2:inst1|lpm_divide:LPM_DIVIDE_component|lpm_divide_l1q:auto_generated|sign_div_unsign_ulh:divider|alt_u_div_g7f:divider|add_sub_12_result_int[5]~10 ; 1       ;
; chufa:inst7|DIV2:inst1|lpm_divide:LPM_DIVIDE_component|lpm_divide_l1q:auto_generated|sign_div_unsign_ulh:divider|alt_u_div_g7f:divider|add_sub_12_result_int[4]~9  ; 1       ;
; chufa:inst7|DIV2:inst1|lpm_divide:LPM_DIVIDE_component|lpm_divide_l1q:auto_generated|sign_div_unsign_ulh:divider|alt_u_div_g7f:divider|add_sub_12_result_int[4]~8  ; 1       ;
; chufa:inst7|DIV2:inst1|lpm_divide:LPM_DIVIDE_component|lpm_divide_l1q:auto_generated|sign_div_unsign_ulh:divider|alt_u_div_g7f:divider|add_sub_12_result_int[3]~7  ; 1       ;
; chufa:inst7|DIV2:inst1|lpm_divide:LPM_DIVIDE_component|lpm_divide_l1q:auto_generated|sign_div_unsign_ulh:divider|alt_u_div_g7f:divider|add_sub_12_result_int[3]~6  ; 1       ;
; chufa:inst7|DIV2:inst1|lpm_divide:LPM_DIVIDE_component|lpm_divide_l1q:auto_generated|sign_div_unsign_ulh:divider|alt_u_div_g7f:divider|add_sub_12_result_int[2]~5  ; 1       ;
; chufa:inst7|DIV2:inst1|lpm_divide:LPM_DIVIDE_component|lpm_divide_l1q:auto_generated|sign_div_unsign_ulh:divider|alt_u_div_g7f:divider|add_sub_12_result_int[2]~4  ; 1       ;
; chufa:inst7|DIV2:inst1|lpm_divide:LPM_DIVIDE_component|lpm_divide_l1q:auto_generated|sign_div_unsign_ulh:divider|alt_u_div_g7f:divider|add_sub_12_result_int[1]~3  ; 1       ;
; chufa:inst7|DIV2:inst1|lpm_divide:LPM_DIVIDE_component|lpm_divide_l1q:auto_generated|sign_div_unsign_ulh:divider|alt_u_div_g7f:divider|add_sub_12_result_int[1]~2  ; 1       ;
; chufa:inst7|DIV2:inst1|lpm_divide:LPM_DIVIDE_component|lpm_divide_l1q:auto_generated|sign_div_unsign_ulh:divider|alt_u_div_g7f:divider|add_sub_12_result_int[0]~1  ; 1       ;
; chufa:inst7|DIV2:inst1|lpm_divide:LPM_DIVIDE_component|lpm_divide_l1q:auto_generated|sign_div_unsign_ulh:divider|alt_u_div_g7f:divider|add_sub_12_result_int[0]~0  ; 1       ;
; chufa:inst7|DIV2:inst1|lpm_divide:LPM_DIVIDE_component|lpm_divide_l1q:auto_generated|sign_div_unsign_ulh:divider|alt_u_div_g7f:divider|add_sub_11_result_int[8]~17 ; 1       ;
; chufa:inst7|DIV2:inst1|lpm_divide:LPM_DIVIDE_component|lpm_divide_l1q:auto_generated|sign_div_unsign_ulh:divider|alt_u_div_g7f:divider|add_sub_11_result_int[7]~15 ; 1       ;
; chufa:inst7|DIV2:inst1|lpm_divide:LPM_DIVIDE_component|lpm_divide_l1q:auto_generated|sign_div_unsign_ulh:divider|alt_u_div_g7f:divider|add_sub_11_result_int[7]~14 ; 1       ;
; chufa:inst7|DIV2:inst1|lpm_divide:LPM_DIVIDE_component|lpm_divide_l1q:auto_generated|sign_div_unsign_ulh:divider|alt_u_div_g7f:divider|add_sub_11_result_int[6]~13 ; 1       ;
; chufa:inst7|DIV2:inst1|lpm_divide:LPM_DIVIDE_component|lpm_divide_l1q:auto_generated|sign_div_unsign_ulh:divider|alt_u_div_g7f:divider|add_sub_11_result_int[6]~12 ; 1       ;
; chufa:inst7|DIV2:inst1|lpm_divide:LPM_DIVIDE_component|lpm_divide_l1q:auto_generated|sign_div_unsign_ulh:divider|alt_u_div_g7f:divider|add_sub_11_result_int[5]~11 ; 1       ;
; chufa:inst7|DIV2:inst1|lpm_divide:LPM_DIVIDE_component|lpm_divide_l1q:auto_generated|sign_div_unsign_ulh:divider|alt_u_div_g7f:divider|add_sub_11_result_int[5]~10 ; 1       ;
; chufa:inst7|DIV2:inst1|lpm_divide:LPM_DIVIDE_component|lpm_divide_l1q:auto_generated|sign_div_unsign_ulh:divider|alt_u_div_g7f:divider|add_sub_11_result_int[4]~9  ; 1       ;
; chufa:inst7|DIV2:inst1|lpm_divide:LPM_DIVIDE_component|lpm_divide_l1q:auto_generated|sign_div_unsign_ulh:divider|alt_u_div_g7f:divider|add_sub_11_result_int[4]~8  ; 1       ;
; chufa:inst7|DIV2:inst1|lpm_divide:LPM_DIVIDE_component|lpm_divide_l1q:auto_generated|sign_div_unsign_ulh:divider|alt_u_div_g7f:divider|add_sub_11_result_int[3]~7  ; 1       ;
; chufa:inst7|DIV2:inst1|lpm_divide:LPM_DIVIDE_component|lpm_divide_l1q:auto_generated|sign_div_unsign_ulh:divider|alt_u_div_g7f:divider|add_sub_11_result_int[3]~6  ; 1       ;
; chufa:inst7|DIV2:inst1|lpm_divide:LPM_DIVIDE_component|lpm_divide_l1q:auto_generated|sign_div_unsign_ulh:divider|alt_u_div_g7f:divider|add_sub_11_result_int[2]~5  ; 1       ;
; chufa:inst7|DIV2:inst1|lpm_divide:LPM_DIVIDE_component|lpm_divide_l1q:auto_generated|sign_div_unsign_ulh:divider|alt_u_div_g7f:divider|add_sub_11_result_int[2]~4  ; 1       ;
; chufa:inst7|DIV2:inst1|lpm_divide:LPM_DIVIDE_component|lpm_divide_l1q:auto_generated|sign_div_unsign_ulh:divider|alt_u_div_g7f:divider|add_sub_11_result_int[1]~3  ; 1       ;
; chufa:inst7|DIV2:inst1|lpm_divide:LPM_DIVIDE_component|lpm_divide_l1q:auto_generated|sign_div_unsign_ulh:divider|alt_u_div_g7f:divider|add_sub_11_result_int[1]~2  ; 1       ;
; chufa:inst7|DIV2:inst1|lpm_divide:LPM_DIVIDE_component|lpm_divide_l1q:auto_generated|sign_div_unsign_ulh:divider|alt_u_div_g7f:divider|add_sub_11_result_int[0]~1  ; 1       ;
; chufa:inst7|DIV2:inst1|lpm_divide:LPM_DIVIDE_component|lpm_divide_l1q:auto_generated|sign_div_unsign_ulh:divider|alt_u_div_g7f:divider|add_sub_11_result_int[0]~0  ; 1       ;
; chufa:inst7|DIV2:inst1|lpm_divide:LPM_DIVIDE_component|lpm_divide_l1q:auto_generated|sign_div_unsign_ulh:divider|alt_u_div_g7f:divider|add_sub_10_result_int[8]~17 ; 1       ;
; chufa:inst7|DIV2:inst1|lpm_divide:LPM_DIVIDE_component|lpm_divide_l1q:auto_generated|sign_div_unsign_ulh:divider|alt_u_div_g7f:divider|add_sub_10_result_int[7]~15 ; 1       ;
; chufa:inst7|DIV2:inst1|lpm_divide:LPM_DIVIDE_component|lpm_divide_l1q:auto_generated|sign_div_unsign_ulh:divider|alt_u_div_g7f:divider|add_sub_10_result_int[7]~14 ; 1       ;
; chufa:inst7|DIV2:inst1|lpm_divide:LPM_DIVIDE_component|lpm_divide_l1q:auto_generated|sign_div_unsign_ulh:divider|alt_u_div_g7f:divider|add_sub_10_result_int[6]~13 ; 1       ;
; chufa:inst7|DIV2:inst1|lpm_divide:LPM_DIVIDE_component|lpm_divide_l1q:auto_generated|sign_div_unsign_ulh:divider|alt_u_div_g7f:divider|add_sub_10_result_int[6]~12 ; 1       ;
; chufa:inst7|DIV2:inst1|lpm_divide:LPM_DIVIDE_component|lpm_divide_l1q:auto_generated|sign_div_unsign_ulh:divider|alt_u_div_g7f:divider|add_sub_10_result_int[5]~11 ; 1       ;
; chufa:inst7|DIV2:inst1|lpm_divide:LPM_DIVIDE_component|lpm_divide_l1q:auto_generated|sign_div_unsign_ulh:divider|alt_u_div_g7f:divider|add_sub_10_result_int[5]~10 ; 1       ;
; chufa:inst7|DIV2:inst1|lpm_divide:LPM_DIVIDE_component|lpm_divide_l1q:auto_generated|sign_div_unsign_ulh:divider|alt_u_div_g7f:divider|add_sub_10_result_int[4]~9  ; 1       ;
; chufa:inst7|DIV2:inst1|lpm_divide:LPM_DIVIDE_component|lpm_divide_l1q:auto_generated|sign_div_unsign_ulh:divider|alt_u_div_g7f:divider|add_sub_10_result_int[4]~8  ; 1       ;
; chufa:inst7|DIV2:inst1|lpm_divide:LPM_DIVIDE_component|lpm_divide_l1q:auto_generated|sign_div_unsign_ulh:divider|alt_u_div_g7f:divider|add_sub_10_result_int[3]~7  ; 1       ;
; chufa:inst7|DIV2:inst1|lpm_divide:LPM_DIVIDE_component|lpm_divide_l1q:auto_generated|sign_div_unsign_ulh:divider|alt_u_div_g7f:divider|add_sub_10_result_int[3]~6  ; 1       ;
; chufa:inst7|DIV2:inst1|lpm_divide:LPM_DIVIDE_component|lpm_divide_l1q:auto_generated|sign_div_unsign_ulh:divider|alt_u_div_g7f:divider|add_sub_10_result_int[2]~5  ; 1       ;
; chufa:inst7|DIV2:inst1|lpm_divide:LPM_DIVIDE_component|lpm_divide_l1q:auto_generated|sign_div_unsign_ulh:divider|alt_u_div_g7f:divider|add_sub_10_result_int[2]~4  ; 1       ;
; chufa:inst7|DIV2:inst1|lpm_divide:LPM_DIVIDE_component|lpm_divide_l1q:auto_generated|sign_div_unsign_ulh:divider|alt_u_div_g7f:divider|add_sub_10_result_int[1]~3  ; 1       ;
; chufa:inst7|DIV2:inst1|lpm_divide:LPM_DIVIDE_component|lpm_divide_l1q:auto_generated|sign_div_unsign_ulh:divider|alt_u_div_g7f:divider|add_sub_10_result_int[1]~2  ; 1       ;
; chufa:inst7|DIV2:inst1|lpm_divide:LPM_DIVIDE_component|lpm_divide_l1q:auto_generated|sign_div_unsign_ulh:divider|alt_u_div_g7f:divider|add_sub_10_result_int[0]~1  ; 1       ;
; chufa:inst7|DIV2:inst1|lpm_divide:LPM_DIVIDE_component|lpm_divide_l1q:auto_generated|sign_div_unsign_ulh:divider|alt_u_div_g7f:divider|add_sub_10_result_int[0]~0  ; 1       ;
; chufa:inst7|DIV2:inst1|lpm_divide:LPM_DIVIDE_component|lpm_divide_l1q:auto_generated|sign_div_unsign_ulh:divider|alt_u_div_g7f:divider|add_sub_9_result_int[8]~17  ; 1       ;
; chufa:inst7|DIV2:inst1|lpm_divide:LPM_DIVIDE_component|lpm_divide_l1q:auto_generated|sign_div_unsign_ulh:divider|alt_u_div_g7f:divider|add_sub_9_result_int[7]~15  ; 1       ;
; chufa:inst7|DIV2:inst1|lpm_divide:LPM_DIVIDE_component|lpm_divide_l1q:auto_generated|sign_div_unsign_ulh:divider|alt_u_div_g7f:divider|add_sub_9_result_int[7]~14  ; 1       ;
; chufa:inst7|DIV2:inst1|lpm_divide:LPM_DIVIDE_component|lpm_divide_l1q:auto_generated|sign_div_unsign_ulh:divider|alt_u_div_g7f:divider|add_sub_9_result_int[6]~13  ; 1       ;
; chufa:inst7|DIV2:inst1|lpm_divide:LPM_DIVIDE_component|lpm_divide_l1q:auto_generated|sign_div_unsign_ulh:divider|alt_u_div_g7f:divider|add_sub_9_result_int[6]~12  ; 1       ;
; chufa:inst7|DIV2:inst1|lpm_divide:LPM_DIVIDE_component|lpm_divide_l1q:auto_generated|sign_div_unsign_ulh:divider|alt_u_div_g7f:divider|add_sub_9_result_int[5]~11  ; 1       ;
; chufa:inst7|DIV2:inst1|lpm_divide:LPM_DIVIDE_component|lpm_divide_l1q:auto_generated|sign_div_unsign_ulh:divider|alt_u_div_g7f:divider|add_sub_9_result_int[5]~10  ; 1       ;
; chufa:inst7|DIV2:inst1|lpm_divide:LPM_DIVIDE_component|lpm_divide_l1q:auto_generated|sign_div_unsign_ulh:divider|alt_u_div_g7f:divider|add_sub_9_result_int[4]~9   ; 1       ;
; chufa:inst7|DIV2:inst1|lpm_divide:LPM_DIVIDE_component|lpm_divide_l1q:auto_generated|sign_div_unsign_ulh:divider|alt_u_div_g7f:divider|add_sub_9_result_int[4]~8   ; 1       ;
; chufa:inst7|DIV2:inst1|lpm_divide:LPM_DIVIDE_component|lpm_divide_l1q:auto_generated|sign_div_unsign_ulh:divider|alt_u_div_g7f:divider|add_sub_9_result_int[3]~7   ; 1       ;
; chufa:inst7|DIV2:inst1|lpm_divide:LPM_DIVIDE_component|lpm_divide_l1q:auto_generated|sign_div_unsign_ulh:divider|alt_u_div_g7f:divider|add_sub_9_result_int[3]~6   ; 1       ;
; chufa:inst7|DIV2:inst1|lpm_divide:LPM_DIVIDE_component|lpm_divide_l1q:auto_generated|sign_div_unsign_ulh:divider|alt_u_div_g7f:divider|add_sub_9_result_int[2]~5   ; 1       ;
; chufa:inst7|DIV2:inst1|lpm_divide:LPM_DIVIDE_component|lpm_divide_l1q:auto_generated|sign_div_unsign_ulh:divider|alt_u_div_g7f:divider|add_sub_9_result_int[2]~4   ; 1       ;
; chufa:inst7|DIV2:inst1|lpm_divide:LPM_DIVIDE_component|lpm_divide_l1q:auto_generated|sign_div_unsign_ulh:divider|alt_u_div_g7f:divider|add_sub_9_result_int[1]~3   ; 1       ;
; chufa:inst7|DIV2:inst1|lpm_divide:LPM_DIVIDE_component|lpm_divide_l1q:auto_generated|sign_div_unsign_ulh:divider|alt_u_div_g7f:divider|add_sub_9_result_int[1]~2   ; 1       ;
; chufa:inst7|DIV2:inst1|lpm_divide:LPM_DIVIDE_component|lpm_divide_l1q:auto_generated|sign_div_unsign_ulh:divider|alt_u_div_g7f:divider|add_sub_9_result_int[0]~1   ; 1       ;
; chufa:inst7|DIV2:inst1|lpm_divide:LPM_DIVIDE_component|lpm_divide_l1q:auto_generated|sign_div_unsign_ulh:divider|alt_u_div_g7f:divider|add_sub_9_result_int[0]~0   ; 1       ;
; chufa:inst7|DIV2:inst1|lpm_divide:LPM_DIVIDE_component|lpm_divide_l1q:auto_generated|sign_div_unsign_ulh:divider|alt_u_div_g7f:divider|add_sub_8_result_int[8]~17  ; 1       ;
; chufa:inst7|DIV2:inst1|lpm_divide:LPM_DIVIDE_component|lpm_divide_l1q:auto_generated|sign_div_unsign_ulh:divider|alt_u_div_g7f:divider|add_sub_8_result_int[7]~15  ; 1       ;
; chufa:inst7|DIV2:inst1|lpm_divide:LPM_DIVIDE_component|lpm_divide_l1q:auto_generated|sign_div_unsign_ulh:divider|alt_u_div_g7f:divider|add_sub_8_result_int[7]~14  ; 1       ;
; chufa:inst7|DIV2:inst1|lpm_divide:LPM_DIVIDE_component|lpm_divide_l1q:auto_generated|sign_div_unsign_ulh:divider|alt_u_div_g7f:divider|add_sub_8_result_int[6]~13  ; 1       ;
; chufa:inst7|DIV2:inst1|lpm_divide:LPM_DIVIDE_component|lpm_divide_l1q:auto_generated|sign_div_unsign_ulh:divider|alt_u_div_g7f:divider|add_sub_8_result_int[6]~12  ; 1       ;
; chufa:inst7|DIV2:inst1|lpm_divide:LPM_DIVIDE_component|lpm_divide_l1q:auto_generated|sign_div_unsign_ulh:divider|alt_u_div_g7f:divider|add_sub_8_result_int[5]~11  ; 1       ;
; chufa:inst7|DIV2:inst1|lpm_divide:LPM_DIVIDE_component|lpm_divide_l1q:auto_generated|sign_div_unsign_ulh:divider|alt_u_div_g7f:divider|add_sub_8_result_int[5]~10  ; 1       ;
; chufa:inst7|DIV2:inst1|lpm_divide:LPM_DIVIDE_component|lpm_divide_l1q:auto_generated|sign_div_unsign_ulh:divider|alt_u_div_g7f:divider|add_sub_8_result_int[4]~9   ; 1       ;
; chufa:inst7|DIV2:inst1|lpm_divide:LPM_DIVIDE_component|lpm_divide_l1q:auto_generated|sign_div_unsign_ulh:divider|alt_u_div_g7f:divider|add_sub_8_result_int[4]~8   ; 1       ;
; chufa:inst7|DIV2:inst1|lpm_divide:LPM_DIVIDE_component|lpm_divide_l1q:auto_generated|sign_div_unsign_ulh:divider|alt_u_div_g7f:divider|add_sub_8_result_int[3]~7   ; 1       ;
; chufa:inst7|DIV2:inst1|lpm_divide:LPM_DIVIDE_component|lpm_divide_l1q:auto_generated|sign_div_unsign_ulh:divider|alt_u_div_g7f:divider|add_sub_8_result_int[3]~6   ; 1       ;
; chufa:inst7|DIV2:inst1|lpm_divide:LPM_DIVIDE_component|lpm_divide_l1q:auto_generated|sign_div_unsign_ulh:divider|alt_u_div_g7f:divider|add_sub_8_result_int[2]~5   ; 1       ;
; chufa:inst7|DIV2:inst1|lpm_divide:LPM_DIVIDE_component|lpm_divide_l1q:auto_generated|sign_div_unsign_ulh:divider|alt_u_div_g7f:divider|add_sub_8_result_int[2]~4   ; 1       ;
; chufa:inst7|DIV2:inst1|lpm_divide:LPM_DIVIDE_component|lpm_divide_l1q:auto_generated|sign_div_unsign_ulh:divider|alt_u_div_g7f:divider|add_sub_8_result_int[1]~3   ; 1       ;
; chufa:inst7|DIV2:inst1|lpm_divide:LPM_DIVIDE_component|lpm_divide_l1q:auto_generated|sign_div_unsign_ulh:divider|alt_u_div_g7f:divider|add_sub_8_result_int[1]~2   ; 1       ;
; chufa:inst7|DIV2:inst1|lpm_divide:LPM_DIVIDE_component|lpm_divide_l1q:auto_generated|sign_div_unsign_ulh:divider|alt_u_div_g7f:divider|add_sub_8_result_int[0]~1   ; 1       ;
; chufa:inst7|DIV2:inst1|lpm_divide:LPM_DIVIDE_component|lpm_divide_l1q:auto_generated|sign_div_unsign_ulh:divider|alt_u_div_g7f:divider|add_sub_8_result_int[0]~0   ; 1       ;
; chufa:inst7|DIV2:inst1|lpm_divide:LPM_DIVIDE_component|lpm_divide_l1q:auto_generated|sign_div_unsign_ulh:divider|alt_u_div_g7f:divider|add_sub_7_result_int[7]~15  ; 1       ;
; chufa:inst7|DIV2:inst1|lpm_divide:LPM_DIVIDE_component|lpm_divide_l1q:auto_generated|sign_div_unsign_ulh:divider|alt_u_div_g7f:divider|add_sub_7_result_int[7]~14  ; 1       ;
; chufa:inst7|DIV2:inst1|lpm_divide:LPM_DIVIDE_component|lpm_divide_l1q:auto_generated|sign_div_unsign_ulh:divider|alt_u_div_g7f:divider|add_sub_7_result_int[6]~13  ; 1       ;
; chufa:inst7|DIV2:inst1|lpm_divide:LPM_DIVIDE_component|lpm_divide_l1q:auto_generated|sign_div_unsign_ulh:divider|alt_u_div_g7f:divider|add_sub_7_result_int[6]~12  ; 1       ;
; chufa:inst7|DIV2:inst1|lpm_divide:LPM_DIVIDE_component|lpm_divide_l1q:auto_generated|sign_div_unsign_ulh:divider|alt_u_div_g7f:divider|add_sub_7_result_int[5]~11  ; 1       ;
; chufa:inst7|DIV2:inst1|lpm_divide:LPM_DIVIDE_component|lpm_divide_l1q:auto_generated|sign_div_unsign_ulh:divider|alt_u_div_g7f:divider|add_sub_7_result_int[5]~10  ; 1       ;
; chufa:inst7|DIV2:inst1|lpm_divide:LPM_DIVIDE_component|lpm_divide_l1q:auto_generated|sign_div_unsign_ulh:divider|alt_u_div_g7f:divider|add_sub_7_result_int[4]~9   ; 1       ;
; chufa:inst7|DIV2:inst1|lpm_divide:LPM_DIVIDE_component|lpm_divide_l1q:auto_generated|sign_div_unsign_ulh:divider|alt_u_div_g7f:divider|add_sub_7_result_int[4]~8   ; 1       ;
; chufa:inst7|DIV2:inst1|lpm_divide:LPM_DIVIDE_component|lpm_divide_l1q:auto_generated|sign_div_unsign_ulh:divider|alt_u_div_g7f:divider|add_sub_7_result_int[3]~7   ; 1       ;
; chufa:inst7|DIV2:inst1|lpm_divide:LPM_DIVIDE_component|lpm_divide_l1q:auto_generated|sign_div_unsign_ulh:divider|alt_u_div_g7f:divider|add_sub_7_result_int[3]~6   ; 1       ;
; chufa:inst7|DIV2:inst1|lpm_divide:LPM_DIVIDE_component|lpm_divide_l1q:auto_generated|sign_div_unsign_ulh:divider|alt_u_div_g7f:divider|add_sub_7_result_int[2]~5   ; 1       ;
; chufa:inst7|DIV2:inst1|lpm_divide:LPM_DIVIDE_component|lpm_divide_l1q:auto_generated|sign_div_unsign_ulh:divider|alt_u_div_g7f:divider|add_sub_7_result_int[2]~4   ; 1       ;
; chufa:inst7|DIV2:inst1|lpm_divide:LPM_DIVIDE_component|lpm_divide_l1q:auto_generated|sign_div_unsign_ulh:divider|alt_u_div_g7f:divider|add_sub_7_result_int[1]~3   ; 1       ;
; chufa:inst7|DIV2:inst1|lpm_divide:LPM_DIVIDE_component|lpm_divide_l1q:auto_generated|sign_div_unsign_ulh:divider|alt_u_div_g7f:divider|add_sub_7_result_int[1]~2   ; 1       ;
; chufa:inst7|DIV2:inst1|lpm_divide:LPM_DIVIDE_component|lpm_divide_l1q:auto_generated|sign_div_unsign_ulh:divider|alt_u_div_g7f:divider|add_sub_6_result_int[6]~13  ; 1       ;
; chufa:inst7|DIV2:inst1|lpm_divide:LPM_DIVIDE_component|lpm_divide_l1q:auto_generated|sign_div_unsign_ulh:divider|alt_u_div_g7f:divider|add_sub_6_result_int[6]~12  ; 1       ;
; chufa:inst7|DIV2:inst1|lpm_divide:LPM_DIVIDE_component|lpm_divide_l1q:auto_generated|sign_div_unsign_ulh:divider|alt_u_div_g7f:divider|add_sub_6_result_int[5]~11  ; 1       ;
; chufa:inst7|DIV2:inst1|lpm_divide:LPM_DIVIDE_component|lpm_divide_l1q:auto_generated|sign_div_unsign_ulh:divider|alt_u_div_g7f:divider|add_sub_6_result_int[5]~10  ; 1       ;
; chufa:inst7|DIV2:inst1|lpm_divide:LPM_DIVIDE_component|lpm_divide_l1q:auto_generated|sign_div_unsign_ulh:divider|alt_u_div_g7f:divider|add_sub_6_result_int[4]~9   ; 1       ;
; chufa:inst7|DIV2:inst1|lpm_divide:LPM_DIVIDE_component|lpm_divide_l1q:auto_generated|sign_div_unsign_ulh:divider|alt_u_div_g7f:divider|add_sub_6_result_int[4]~8   ; 1       ;
; chufa:inst7|DIV2:inst1|lpm_divide:LPM_DIVIDE_component|lpm_divide_l1q:auto_generated|sign_div_unsign_ulh:divider|alt_u_div_g7f:divider|add_sub_6_result_int[3]~7   ; 1       ;
; chufa:inst7|DIV2:inst1|lpm_divide:LPM_DIVIDE_component|lpm_divide_l1q:auto_generated|sign_div_unsign_ulh:divider|alt_u_div_g7f:divider|add_sub_6_result_int[3]~6   ; 1       ;
; chufa:inst7|DIV2:inst1|lpm_divide:LPM_DIVIDE_component|lpm_divide_l1q:auto_generated|sign_div_unsign_ulh:divider|alt_u_div_g7f:divider|add_sub_6_result_int[2]~5   ; 1       ;
; chufa:inst7|DIV2:inst1|lpm_divide:LPM_DIVIDE_component|lpm_divide_l1q:auto_generated|sign_div_unsign_ulh:divider|alt_u_div_g7f:divider|add_sub_6_result_int[2]~4   ; 1       ;
; chufa:inst7|DIV2:inst1|lpm_divide:LPM_DIVIDE_component|lpm_divide_l1q:auto_generated|sign_div_unsign_ulh:divider|alt_u_div_g7f:divider|add_sub_6_result_int[1]~3   ; 1       ;
; chufa:inst7|DIV2:inst1|lpm_divide:LPM_DIVIDE_component|lpm_divide_l1q:auto_generated|sign_div_unsign_ulh:divider|alt_u_div_g7f:divider|add_sub_6_result_int[1]~2   ; 1       ;
; chufa:inst7|DIV2:inst1|lpm_divide:LPM_DIVIDE_component|lpm_divide_l1q:auto_generated|sign_div_unsign_ulh:divider|alt_u_div_g7f:divider|add_sub_6_result_int[0]~1   ; 1       ;
; chufa:inst7|DIV2:inst1|lpm_divide:LPM_DIVIDE_component|lpm_divide_l1q:auto_generated|sign_div_unsign_ulh:divider|alt_u_div_g7f:divider|add_sub_6_result_int[0]~0   ; 1       ;
; chufa:inst7|DIV2:inst1|lpm_divide:LPM_DIVIDE_component|lpm_divide_l1q:auto_generated|sign_div_unsign_ulh:divider|alt_u_div_g7f:divider|add_sub_5_result_int[5]~11  ; 1       ;
; chufa:inst7|DIV2:inst1|lpm_divide:LPM_DIVIDE_component|lpm_divide_l1q:auto_generated|sign_div_unsign_ulh:divider|alt_u_div_g7f:divider|add_sub_5_result_int[5]~10  ; 1       ;
; chufa:inst7|DIV2:inst1|lpm_divide:LPM_DIVIDE_component|lpm_divide_l1q:auto_generated|sign_div_unsign_ulh:divider|alt_u_div_g7f:divider|add_sub_5_result_int[4]~9   ; 1       ;
; chufa:inst7|DIV2:inst1|lpm_divide:LPM_DIVIDE_component|lpm_divide_l1q:auto_generated|sign_div_unsign_ulh:divider|alt_u_div_g7f:divider|add_sub_5_result_int[4]~8   ; 1       ;
; chufa:inst7|DIV2:inst1|lpm_divide:LPM_DIVIDE_component|lpm_divide_l1q:auto_generated|sign_div_unsign_ulh:divider|alt_u_div_g7f:divider|add_sub_5_result_int[3]~7   ; 1       ;
; chufa:inst7|DIV2:inst1|lpm_divide:LPM_DIVIDE_component|lpm_divide_l1q:auto_generated|sign_div_unsign_ulh:divider|alt_u_div_g7f:divider|add_sub_5_result_int[3]~6   ; 1       ;
; chufa:inst7|DIV2:inst1|lpm_divide:LPM_DIVIDE_component|lpm_divide_l1q:auto_generated|sign_div_unsign_ulh:divider|alt_u_div_g7f:divider|add_sub_5_result_int[2]~5   ; 1       ;
; chufa:inst7|DIV2:inst1|lpm_divide:LPM_DIVIDE_component|lpm_divide_l1q:auto_generated|sign_div_unsign_ulh:divider|alt_u_div_g7f:divider|add_sub_5_result_int[2]~4   ; 1       ;
; chufa:inst7|DIV2:inst1|lpm_divide:LPM_DIVIDE_component|lpm_divide_l1q:auto_generated|sign_div_unsign_ulh:divider|alt_u_div_g7f:divider|add_sub_5_result_int[1]~3   ; 1       ;
; chufa:inst7|DIV2:inst1|lpm_divide:LPM_DIVIDE_component|lpm_divide_l1q:auto_generated|sign_div_unsign_ulh:divider|alt_u_div_g7f:divider|add_sub_5_result_int[1]~2   ; 1       ;
; chufa:inst7|DIV2:inst1|lpm_divide:LPM_DIVIDE_component|lpm_divide_l1q:auto_generated|sign_div_unsign_ulh:divider|alt_u_div_g7f:divider|add_sub_5_result_int[0]~1   ; 1       ;
; chufa:inst7|DIV2:inst1|lpm_divide:LPM_DIVIDE_component|lpm_divide_l1q:auto_generated|sign_div_unsign_ulh:divider|alt_u_div_g7f:divider|add_sub_5_result_int[0]~0   ; 1       ;
; chufa:inst7|DIV2:inst1|lpm_divide:LPM_DIVIDE_component|lpm_divide_l1q:auto_generated|sign_div_unsign_ulh:divider|alt_u_div_g7f:divider|add_sub_4_result_int[4]~9   ; 1       ;
; chufa:inst7|DIV2:inst1|lpm_divide:LPM_DIVIDE_component|lpm_divide_l1q:auto_generated|sign_div_unsign_ulh:divider|alt_u_div_g7f:divider|add_sub_4_result_int[4]~8   ; 1       ;
; chufa:inst7|DIV2:inst1|lpm_divide:LPM_DIVIDE_component|lpm_divide_l1q:auto_generated|sign_div_unsign_ulh:divider|alt_u_div_g7f:divider|add_sub_4_result_int[3]~7   ; 1       ;
; chufa:inst7|DIV2:inst1|lpm_divide:LPM_DIVIDE_component|lpm_divide_l1q:auto_generated|sign_div_unsign_ulh:divider|alt_u_div_g7f:divider|add_sub_4_result_int[3]~6   ; 1       ;
; chufa:inst7|DIV2:inst1|lpm_divide:LPM_DIVIDE_component|lpm_divide_l1q:auto_generated|sign_div_unsign_ulh:divider|alt_u_div_g7f:divider|add_sub_4_result_int[2]~5   ; 1       ;
; chufa:inst7|DIV2:inst1|lpm_divide:LPM_DIVIDE_component|lpm_divide_l1q:auto_generated|sign_div_unsign_ulh:divider|alt_u_div_g7f:divider|add_sub_4_result_int[2]~4   ; 1       ;
; chufa:inst7|DIV2:inst1|lpm_divide:LPM_DIVIDE_component|lpm_divide_l1q:auto_generated|sign_div_unsign_ulh:divider|alt_u_div_g7f:divider|add_sub_4_result_int[1]~3   ; 1       ;
; chufa:inst7|DIV2:inst1|lpm_divide:LPM_DIVIDE_component|lpm_divide_l1q:auto_generated|sign_div_unsign_ulh:divider|alt_u_div_g7f:divider|add_sub_4_result_int[1]~2   ; 1       ;
; chufa:inst7|DIV2:inst1|lpm_divide:LPM_DIVIDE_component|lpm_divide_l1q:auto_generated|sign_div_unsign_ulh:divider|alt_u_div_g7f:divider|add_sub_4_result_int[0]~1   ; 1       ;
; chufa:inst7|DIV2:inst1|lpm_divide:LPM_DIVIDE_component|lpm_divide_l1q:auto_generated|sign_div_unsign_ulh:divider|alt_u_div_g7f:divider|add_sub_4_result_int[0]~0   ; 1       ;
; chufa:inst7|DIV2:inst1|lpm_divide:LPM_DIVIDE_component|lpm_divide_l1q:auto_generated|sign_div_unsign_ulh:divider|alt_u_div_g7f:divider|add_sub_3_result_int[3]~7   ; 1       ;
; chufa:inst7|DIV2:inst1|lpm_divide:LPM_DIVIDE_component|lpm_divide_l1q:auto_generated|sign_div_unsign_ulh:divider|alt_u_div_g7f:divider|add_sub_3_result_int[3]~6   ; 1       ;
; chufa:inst7|DIV2:inst1|lpm_divide:LPM_DIVIDE_component|lpm_divide_l1q:auto_generated|sign_div_unsign_ulh:divider|alt_u_div_g7f:divider|add_sub_3_result_int[2]~5   ; 1       ;
; chufa:inst7|DIV2:inst1|lpm_divide:LPM_DIVIDE_component|lpm_divide_l1q:auto_generated|sign_div_unsign_ulh:divider|alt_u_div_g7f:divider|add_sub_3_result_int[2]~4   ; 1       ;
; chufa:inst7|DIV2:inst1|lpm_divide:LPM_DIVIDE_component|lpm_divide_l1q:auto_generated|sign_div_unsign_ulh:divider|alt_u_div_g7f:divider|add_sub_3_result_int[1]~3   ; 1       ;
; chufa:inst7|DIV2:inst1|lpm_divide:LPM_DIVIDE_component|lpm_divide_l1q:auto_generated|sign_div_unsign_ulh:divider|alt_u_div_g7f:divider|add_sub_3_result_int[1]~2   ; 1       ;
; chufa:inst7|DIV2:inst1|lpm_divide:LPM_DIVIDE_component|lpm_divide_l1q:auto_generated|sign_div_unsign_ulh:divider|alt_u_div_g7f:divider|add_sub_3_result_int[0]~1   ; 1       ;
; chufa:inst7|DIV2:inst1|lpm_divide:LPM_DIVIDE_component|lpm_divide_l1q:auto_generated|sign_div_unsign_ulh:divider|alt_u_div_g7f:divider|add_sub_3_result_int[0]~0   ; 1       ;
; chufa:inst7|DIV2:inst1|lpm_divide:LPM_DIVIDE_component|lpm_divide_l1q:auto_generated|sign_div_unsign_ulh:divider|alt_u_div_g7f:divider|add_sub_2_result_int[2]~5   ; 1       ;
; chufa:inst7|DIV2:inst1|lpm_divide:LPM_DIVIDE_component|lpm_divide_l1q:auto_generated|sign_div_unsign_ulh:divider|alt_u_div_g7f:divider|add_sub_2_result_int[2]~4   ; 1       ;
; chufa:inst7|DIV2:inst1|lpm_divide:LPM_DIVIDE_component|lpm_divide_l1q:auto_generated|sign_div_unsign_ulh:divider|alt_u_div_g7f:divider|add_sub_2_result_int[1]~3   ; 1       ;
; chufa:inst7|DIV2:inst1|lpm_divide:LPM_DIVIDE_component|lpm_divide_l1q:auto_generated|sign_div_unsign_ulh:divider|alt_u_div_g7f:divider|add_sub_2_result_int[1]~2   ; 1       ;
; chufa:inst7|DIV2:inst1|lpm_divide:LPM_DIVIDE_component|lpm_divide_l1q:auto_generated|sign_div_unsign_ulh:divider|alt_u_div_g7f:divider|add_sub_2_result_int[0]~1   ; 1       ;
; chufa:inst7|DIV2:inst1|lpm_divide:LPM_DIVIDE_component|lpm_divide_l1q:auto_generated|sign_div_unsign_ulh:divider|alt_u_div_g7f:divider|add_sub_2_result_int[0]~0   ; 1       ;
; chufa:inst7|DIV2:inst1|lpm_divide:LPM_DIVIDE_component|lpm_divide_l1q:auto_generated|sign_div_unsign_ulh:divider|alt_u_div_g7f:divider|add_sub_7_result_int[0]~1   ; 1       ;
; chufa:inst7|DIV2:inst1|lpm_divide:LPM_DIVIDE_component|lpm_divide_l1q:auto_generated|sign_div_unsign_ulh:divider|alt_u_div_g7f:divider|add_sub_7_result_int[0]~0   ; 1       ;
+--------------------------------------------------------------------------------------------------------------------------------------------------------------------+---------+


+------------------------------------------------------+
; Other Routing Usage Summary                          ;
+-----------------------------+------------------------+
; Other Routing Resource Type ; Usage                  ;
+-----------------------------+------------------------+
; Block interconnects         ; 607 / 32,401 ( 2 % )   ;
; C16 interconnects           ; 45 / 1,326 ( 3 % )     ;
; C4 interconnects            ; 249 / 21,816 ( 1 % )   ;
; Direct links                ; 103 / 32,401 ( < 1 % ) ;
; Global clocks               ; 1 / 10 ( 10 % )        ;
; Local interconnects         ; 280 / 10,320 ( 3 % )   ;
; R24 interconnects           ; 41 / 1,289 ( 3 % )     ;
; R4 interconnects            ; 226 / 28,186 ( < 1 % ) ;
+-----------------------------+------------------------+


+----------------------------------------------------------------------------+
; LAB Logic Elements                                                         ;
+---------------------------------------------+------------------------------+
; Number of Logic Elements  (Average = 15.33) ; Number of LABs  (Total = 33) ;
+---------------------------------------------+------------------------------+
; 1                                           ; 0                            ;
; 2                                           ; 0                            ;
; 3                                           ; 0                            ;
; 4                                           ; 0                            ;
; 5                                           ; 0                            ;
; 6                                           ; 1                            ;
; 7                                           ; 0                            ;
; 8                                           ; 0                            ;
; 9                                           ; 0                            ;
; 10                                          ; 0                            ;
; 11                                          ; 0                            ;
; 12                                          ; 1                            ;
; 13                                          ; 0                            ;
; 14                                          ; 1                            ;
; 15                                          ; 6                            ;
; 16                                          ; 24                           ;
+---------------------------------------------+------------------------------+


+-------------------------------------------------------------------+
; LAB-wide Signals                                                  ;
+------------------------------------+------------------------------+
; LAB-wide Signals  (Average = 0.03) ; Number of LABs  (Total = 33) ;
+------------------------------------+------------------------------+
; 1 Clock                            ; 1                            ;
+------------------------------------+------------------------------+


+-----------------------------------------------------------------------------+
; LAB Signals Sourced                                                         ;
+----------------------------------------------+------------------------------+
; Number of Signals Sourced  (Average = 15.09) ; Number of LABs  (Total = 33) ;
+----------------------------------------------+------------------------------+
; 0                                            ; 0                            ;
; 1                                            ; 0                            ;
; 2                                            ; 0                            ;
; 3                                            ; 0                            ;
; 4                                            ; 0                            ;
; 5                                            ; 0                            ;
; 6                                            ; 1                            ;
; 7                                            ; 1                            ;
; 8                                            ; 0                            ;
; 9                                            ; 0                            ;
; 10                                           ; 0                            ;
; 11                                           ; 0                            ;
; 12                                           ; 1                            ;
; 13                                           ; 0                            ;
; 14                                           ; 1                            ;
; 15                                           ; 13                           ;
; 16                                           ; 15                           ;
; 17                                           ; 0                            ;
; 18                                           ; 0                            ;
; 19                                           ; 0                            ;
; 20                                           ; 0                            ;
; 21                                           ; 0                            ;
; 22                                           ; 0                            ;
; 23                                           ; 0                            ;
; 24                                           ; 1                            ;
+----------------------------------------------+------------------------------+


+--------------------------------------------------------------------------------+
; LAB Signals Sourced Out                                                        ;
+-------------------------------------------------+------------------------------+
; Number of Signals Sourced Out  (Average = 7.45) ; Number of LABs  (Total = 33) ;
+-------------------------------------------------+------------------------------+
; 0                                               ; 0                            ;
; 1                                               ; 0                            ;
; 2                                               ; 0                            ;
; 3                                               ; 1                            ;
; 4                                               ; 1                            ;
; 5                                               ; 5                            ;
; 6                                               ; 5                            ;
; 7                                               ; 6                            ;
; 8                                               ; 2                            ;
; 9                                               ; 8                            ;
; 10                                              ; 3                            ;
; 11                                              ; 0                            ;
; 12                                              ; 2                            ;
+-------------------------------------------------+------------------------------+


+-----------------------------------------------------------------------------+
; LAB Distinct Inputs                                                         ;
+----------------------------------------------+------------------------------+
; Number of Distinct Inputs  (Average = 16.64) ; Number of LABs  (Total = 33) ;
+----------------------------------------------+------------------------------+
; 0                                            ; 0                            ;
; 1                                            ; 0                            ;
; 2                                            ; 0                            ;
; 3                                            ; 0                            ;
; 4                                            ; 0                            ;
; 5                                            ; 0                            ;
; 6                                            ; 0                            ;
; 7                                            ; 0                            ;
; 8                                            ; 0                            ;
; 9                                            ; 3                            ;
; 10                                           ; 1                            ;
; 11                                           ; 2                            ;
; 12                                           ; 1                            ;
; 13                                           ; 1                            ;
; 14                                           ; 2                            ;
; 15                                           ; 3                            ;
; 16                                           ; 3                            ;
; 17                                           ; 5                            ;
; 18                                           ; 3                            ;
; 19                                           ; 3                            ;
; 20                                           ; 2                            ;
; 21                                           ; 0                            ;
; 22                                           ; 0                            ;
; 23                                           ; 0                            ;
; 24                                           ; 1                            ;
; 25                                           ; 1                            ;
; 26                                           ; 0                            ;
; 27                                           ; 0                            ;
; 28                                           ; 0                            ;
; 29                                           ; 1                            ;
; 30                                           ; 1                            ;
+----------------------------------------------+------------------------------+


+------------------------------------------+
; I/O Rules Summary                        ;
+----------------------------------+-------+
; I/O Rules Statistic              ; Total ;
+----------------------------------+-------+
; Total I/O Rules                  ; 30    ;
; Number of I/O Rules Passed       ; 9     ;
; Number of I/O Rules Failed       ; 0     ;
; Number of I/O Rules Unchecked    ; 0     ;
; Number of I/O Rules Inapplicable ; 21    ;
+----------------------------------+-------+


+-----------------------------------------------------------------------------------------------------------------------------------------------------------------------------------------------------------------------------------------------------------------------------------------------------+
; I/O Rules Details                                                                                                                                                                                                                                                                                   ;
+--------------+-----------+-----------------------------------+------------------------------------------------------------------------------------------------------+----------+--------------------------------------------------------------------------+---------------------+-------------------+
; Status       ; ID        ; Category                          ; Rule Description                                                                                     ; Severity ; Information                                                              ; Area                ; Extra Information ;
+--------------+-----------+-----------------------------------+------------------------------------------------------------------------------------------------------+----------+--------------------------------------------------------------------------+---------------------+-------------------+
; Inapplicable ; IO_000001 ; Capacity Checks                   ; Number of pins in an I/O bank should not exceed the number of locations available.                   ; Critical ; No Location assignments found.                                           ; I/O                 ;                   ;
; Inapplicable ; IO_000002 ; Capacity Checks                   ; Number of clocks in an I/O bank should not exceed the number of clocks available.                    ; Critical ; No Global Signal assignments found.                                      ; I/O                 ;                   ;
; Inapplicable ; IO_000003 ; Capacity Checks                   ; Number of pins in a Vrefgroup should not exceed the number of locations available.                   ; Critical ; No Location assignments found.                                           ; I/O                 ;                   ;
; Inapplicable ; IO_000004 ; Voltage Compatibility Checks      ; The I/O bank should support the requested VCCIO.                                                     ; Critical ; No IOBANK_VCCIO assignments found.                                       ; I/O                 ;                   ;
; Inapplicable ; IO_000005 ; Voltage Compatibility Checks      ; The I/O bank should not have competing VREF values.                                                  ; Critical ; No VREF I/O Standard assignments found.                                  ; I/O                 ;                   ;
; Pass         ; IO_000006 ; Voltage Compatibility Checks      ; The I/O bank should not have competing VCCIO values.                                                 ; Critical ; 0 such failures found.                                                   ; I/O                 ;                   ;
; Inapplicable ; IO_000007 ; Valid Location Checks             ; Checks for unavailable locations.                                                                    ; Critical ; No Location assignments found.                                           ; I/O                 ;                   ;
; Inapplicable ; IO_000008 ; Valid Location Checks             ; Checks for reserved locations.                                                                       ; Critical ; No reserved LogicLock region found.                                      ; I/O                 ;                   ;
; Pass         ; IO_000009 ; I/O Properties Checks for One I/O ; The location should support the requested I/O standard.                                              ; Critical ; 0 such failures found.                                                   ; I/O                 ;                   ;
; Pass         ; IO_000010 ; I/O Properties Checks for One I/O ; The location should support the requested I/O direction.                                             ; Critical ; 0 such failures found.                                                   ; I/O                 ;                   ;
; Inapplicable ; IO_000011 ; I/O Properties Checks for One I/O ; The location should support the requested Current Strength.                                          ; Critical ; No Current Strength assignments found.                                   ; I/O                 ;                   ;
; Pass         ; IO_000012 ; I/O Properties Checks for One I/O ; The location should support the requested On Chip Termination value.                                 ; Critical ; 0 such failures found.                                                   ; I/O                 ;                   ;
; Inapplicable ; IO_000013 ; I/O Properties Checks for One I/O ; The location should support the requested Bus Hold value.                                            ; Critical ; No Enable Bus-Hold Circuitry assignments found.                          ; I/O                 ;                   ;
; Inapplicable ; IO_000014 ; I/O Properties Checks for One I/O ; The location should support the requested Weak Pull Up value.                                        ; Critical ; No Weak Pull-Up Resistor assignments found.                              ; I/O                 ;                   ;
; Pass         ; IO_000015 ; I/O Properties Checks for One I/O ; The location should support the requested PCI Clamp Diode.                                           ; Critical ; 0 such failures found.                                                   ; I/O                 ;                   ;
; Inapplicable ; IO_000018 ; I/O Properties Checks for One I/O ; The I/O standard should support the requested Current Strength.                                      ; Critical ; No Current Strength assignments found.                                   ; I/O                 ;                   ;
; Pass         ; IO_000019 ; I/O Properties Checks for One I/O ; The I/O standard should support the requested On Chip Termination value.                             ; Critical ; 0 such failures found.                                                   ; I/O                 ;                   ;
; Pass         ; IO_000020 ; I/O Properties Checks for One I/O ; The I/O standard should support the requested PCI Clamp Diode.                                       ; Critical ; 0 such failures found.                                                   ; I/O                 ;                   ;
; Inapplicable ; IO_000021 ; I/O Properties Checks for One I/O ; The I/O standard should support the requested Weak Pull Up value.                                    ; Critical ; No Weak Pull-Up Resistor assignments found.                              ; I/O                 ;                   ;
; Inapplicable ; IO_000022 ; I/O Properties Checks for One I/O ; The I/O standard should support the requested Bus Hold value.                                        ; Critical ; No Enable Bus-Hold Circuitry assignments found.                          ; I/O                 ;                   ;
; Inapplicable ; IO_000023 ; I/O Properties Checks for One I/O ; The I/O standard should support the Open Drain value.                                                ; Critical ; No open drain assignments found.                                         ; I/O                 ;                   ;
; Pass         ; IO_000024 ; I/O Properties Checks for One I/O ; The I/O direction should support the On Chip Termination value.                                      ; Critical ; 0 such failures found.                                                   ; I/O                 ;                   ;
; Inapplicable ; IO_000026 ; I/O Properties Checks for One I/O ; On Chip Termination and Current Strength should not be used at the same time.                        ; Critical ; No Current Strength assignments found.                                   ; I/O                 ;                   ;
; Inapplicable ; IO_000027 ; I/O Properties Checks for One I/O ; Weak Pull Up and Bus Hold should not be used at the same time.                                       ; Critical ; No Enable Bus-Hold Circuitry or Weak Pull-Up Resistor assignments found. ; I/O                 ;                   ;
; Inapplicable ; IO_000045 ; I/O Properties Checks for One I/O ; The I/O standard should support the requested Slew Rate value.                                       ; Critical ; No Slew Rate assignments found.                                          ; I/O                 ;                   ;
; Inapplicable ; IO_000046 ; I/O Properties Checks for One I/O ; The location should support the requested Slew Rate value.                                           ; Critical ; No Slew Rate assignments found.                                          ; I/O                 ;                   ;
; Inapplicable ; IO_000047 ; I/O Properties Checks for One I/O ; On Chip Termination and Slew Rate should not be used at the same time.                               ; Critical ; No Slew Rate assignments found.                                          ; I/O                 ;                   ;
; Pass         ; IO_000033 ; Electromigration Checks           ; Current density for consecutive I/Os should not exceed 240mA for row I/Os and 240mA for column I/Os. ; Critical ; 0 such failures found.                                                   ; I/O                 ;                   ;
; Inapplicable ; IO_000034 ; SI Related Distance Checks        ; Single-ended outputs should be 5 LAB row(s) away from a differential I/O.                            ; High     ; No Differential I/O Standard assignments found.                          ; I/O                 ;                   ;
; Inapplicable ; IO_000042 ; SI Related SSO Limit Checks       ; No more than 20 outputs are allowed in a VREF group when VREF is being read from.                    ; High     ; No VREF I/O Standard assignments found.                                  ; I/O                 ;                   ;
; ----         ; ----      ; Disclaimer                        ; OCT rules are checked but not reported.                                                              ; None     ; ----                                                                     ; On Chip Termination ;                   ;
+--------------+-----------+-----------------------------------+------------------------------------------------------------------------------------------------------+----------+--------------------------------------------------------------------------+---------------------+-------------------+


+--------------------------------------------------------------------------------------------------------------------------------------------------------------------------------------------------------------------------------------------------------------------------------------------------------------------------------------------------------------------------------------------------------------------------------------------------------------------------+
; I/O Rules Matrix                                                                                                                                                                                                                                                                                                                                                                                                                                                         ;
+--------------------+--------------+--------------+--------------+--------------+--------------+-----------+--------------+--------------+-----------+-----------+--------------+--------------+--------------+--------------+--------------+--------------+--------------+--------------+--------------+--------------+--------------+--------------+--------------+--------------+--------------+--------------+--------------+-----------+--------------+--------------+
; Pin/Rules          ; IO_000001    ; IO_000002    ; IO_000003    ; IO_000004    ; IO_000005    ; IO_000006 ; IO_000007    ; IO_000008    ; IO_000009 ; IO_000010 ; IO_000011    ; IO_000012    ; IO_000013    ; IO_000014    ; IO_000015    ; IO_000018    ; IO_000019    ; IO_000020    ; IO_000021    ; IO_000022    ; IO_000023    ; IO_000024    ; IO_000026    ; IO_000027    ; IO_000045    ; IO_000046    ; IO_000047    ; IO_000033 ; IO_000034    ; IO_000042    ;
+--------------------+--------------+--------------+--------------+--------------+--------------+-----------+--------------+--------------+-----------+-----------+--------------+--------------+--------------+--------------+--------------+--------------+--------------+--------------+--------------+--------------+--------------+--------------+--------------+--------------+--------------+--------------+--------------+-----------+--------------+--------------+
; Total Pass         ; 0            ; 0            ; 0            ; 0            ; 0            ; 64        ; 0            ; 0            ; 64        ; 64        ; 0            ; 16           ; 0            ; 0            ; 48           ; 0            ; 16           ; 48           ; 0            ; 0            ; 0            ; 16           ; 0            ; 0            ; 0            ; 0            ; 0            ; 64        ; 0            ; 0            ;
; Total Unchecked    ; 0            ; 0            ; 0            ; 0            ; 0            ; 0         ; 0            ; 0            ; 0         ; 0         ; 0            ; 0            ; 0            ; 0            ; 0            ; 0            ; 0            ; 0            ; 0            ; 0            ; 0            ; 0            ; 0            ; 0            ; 0            ; 0            ; 0            ; 0         ; 0            ; 0            ;
; Total Inapplicable ; 64           ; 64           ; 64           ; 64           ; 64           ; 0         ; 64           ; 64           ; 0         ; 0         ; 64           ; 48           ; 64           ; 64           ; 16           ; 64           ; 48           ; 16           ; 64           ; 64           ; 64           ; 48           ; 64           ; 64           ; 64           ; 64           ; 64           ; 0         ; 64           ; 64           ;
; Total Fail         ; 0            ; 0            ; 0            ; 0            ; 0            ; 0         ; 0            ; 0            ; 0         ; 0         ; 0            ; 0            ; 0            ; 0            ; 0            ; 0            ; 0            ; 0            ; 0            ; 0            ; 0            ; 0            ; 0            ; 0            ; 0            ; 0            ; 0            ; 0         ; 0            ; 0            ;
; f0                 ; Inapplicable ; Inapplicable ; Inapplicable ; Inapplicable ; Inapplicable ; Pass      ; Inapplicable ; Inapplicable ; Pass      ; Pass      ; Inapplicable ; Pass         ; Inapplicable ; Inapplicable ; Inapplicable ; Inapplicable ; Pass         ; Inapplicable ; Inapplicable ; Inapplicable ; Inapplicable ; Pass         ; Inapplicable ; Inapplicable ; Inapplicable ; Inapplicable ; Inapplicable ; Pass      ; Inapplicable ; Inapplicable ;
; f1                 ; Inapplicable ; Inapplicable ; Inapplicable ; Inapplicable ; Inapplicable ; Pass      ; Inapplicable ; Inapplicable ; Pass      ; Pass      ; Inapplicable ; Pass         ; Inapplicable ; Inapplicable ; Inapplicable ; Inapplicable ; Pass         ; Inapplicable ; Inapplicable ; Inapplicable ; Inapplicable ; Pass         ; Inapplicable ; Inapplicable ; Inapplicable ; Inapplicable ; Inapplicable ; Pass      ; Inapplicable ; Inapplicable ;
; f2                 ; Inapplicable ; Inapplicable ; Inapplicable ; Inapplicable ; Inapplicable ; Pass      ; Inapplicable ; Inapplicable ; Pass      ; Pass      ; Inapplicable ; Pass         ; Inapplicable ; Inapplicable ; Inapplicable ; Inapplicable ; Pass         ; Inapplicable ; Inapplicable ; Inapplicable ; Inapplicable ; Pass         ; Inapplicable ; Inapplicable ; Inapplicable ; Inapplicable ; Inapplicable ; Pass      ; Inapplicable ; Inapplicable ;
; f3                 ; Inapplicable ; Inapplicable ; Inapplicable ; Inapplicable ; Inapplicable ; Pass      ; Inapplicable ; Inapplicable ; Pass      ; Pass      ; Inapplicable ; Pass         ; Inapplicable ; Inapplicable ; Inapplicable ; Inapplicable ; Pass         ; Inapplicable ; Inapplicable ; Inapplicable ; Inapplicable ; Pass         ; Inapplicable ; Inapplicable ; Inapplicable ; Inapplicable ; Inapplicable ; Pass      ; Inapplicable ; Inapplicable ;
; f4                 ; Inapplicable ; Inapplicable ; Inapplicable ; Inapplicable ; Inapplicable ; Pass      ; Inapplicable ; Inapplicable ; Pass      ; Pass      ; Inapplicable ; Pass         ; Inapplicable ; Inapplicable ; Inapplicable ; Inapplicable ; Pass         ; Inapplicable ; Inapplicable ; Inapplicable ; Inapplicable ; Pass         ; Inapplicable ; Inapplicable ; Inapplicable ; Inapplicable ; Inapplicable ; Pass      ; Inapplicable ; Inapplicable ;
; f5                 ; Inapplicable ; Inapplicable ; Inapplicable ; Inapplicable ; Inapplicable ; Pass      ; Inapplicable ; Inapplicable ; Pass      ; Pass      ; Inapplicable ; Pass         ; Inapplicable ; Inapplicable ; Inapplicable ; Inapplicable ; Pass         ; Inapplicable ; Inapplicable ; Inapplicable ; Inapplicable ; Pass         ; Inapplicable ; Inapplicable ; Inapplicable ; Inapplicable ; Inapplicable ; Pass      ; Inapplicable ; Inapplicable ;
; f6                 ; Inapplicable ; Inapplicable ; Inapplicable ; Inapplicable ; Inapplicable ; Pass      ; Inapplicable ; Inapplicable ; Pass      ; Pass      ; Inapplicable ; Pass         ; Inapplicable ; Inapplicable ; Inapplicable ; Inapplicable ; Pass         ; Inapplicable ; Inapplicable ; Inapplicable ; Inapplicable ; Pass         ; Inapplicable ; Inapplicable ; Inapplicable ; Inapplicable ; Inapplicable ; Pass      ; Inapplicable ; Inapplicable ;
; f7                 ; Inapplicable ; Inapplicable ; Inapplicable ; Inapplicable ; Inapplicable ; Pass      ; Inapplicable ; Inapplicable ; Pass      ; Pass      ; Inapplicable ; Pass         ; Inapplicable ; Inapplicable ; Inapplicable ; Inapplicable ; Pass         ; Inapplicable ; Inapplicable ; Inapplicable ; Inapplicable ; Pass         ; Inapplicable ; Inapplicable ; Inapplicable ; Inapplicable ; Inapplicable ; Pass      ; Inapplicable ; Inapplicable ;
; f8                 ; Inapplicable ; Inapplicable ; Inapplicable ; Inapplicable ; Inapplicable ; Pass      ; Inapplicable ; Inapplicable ; Pass      ; Pass      ; Inapplicable ; Pass         ; Inapplicable ; Inapplicable ; Inapplicable ; Inapplicable ; Pass         ; Inapplicable ; Inapplicable ; Inapplicable ; Inapplicable ; Pass         ; Inapplicable ; Inapplicable ; Inapplicable ; Inapplicable ; Inapplicable ; Pass      ; Inapplicable ; Inapplicable ;
; f9                 ; Inapplicable ; Inapplicable ; Inapplicable ; Inapplicable ; Inapplicable ; Pass      ; Inapplicable ; Inapplicable ; Pass      ; Pass      ; Inapplicable ; Pass         ; Inapplicable ; Inapplicable ; Inapplicable ; Inapplicable ; Pass         ; Inapplicable ; Inapplicable ; Inapplicable ; Inapplicable ; Pass         ; Inapplicable ; Inapplicable ; Inapplicable ; Inapplicable ; Inapplicable ; Pass      ; Inapplicable ; Inapplicable ;
; f10                ; Inapplicable ; Inapplicable ; Inapplicable ; Inapplicable ; Inapplicable ; Pass      ; Inapplicable ; Inapplicable ; Pass      ; Pass      ; Inapplicable ; Pass         ; Inapplicable ; Inapplicable ; Inapplicable ; Inapplicable ; Pass         ; Inapplicable ; Inapplicable ; Inapplicable ; Inapplicable ; Pass         ; Inapplicable ; Inapplicable ; Inapplicable ; Inapplicable ; Inapplicable ; Pass      ; Inapplicable ; Inapplicable ;
; f11                ; Inapplicable ; Inapplicable ; Inapplicable ; Inapplicable ; Inapplicable ; Pass      ; Inapplicable ; Inapplicable ; Pass      ; Pass      ; Inapplicable ; Pass         ; Inapplicable ; Inapplicable ; Inapplicable ; Inapplicable ; Pass         ; Inapplicable ; Inapplicable ; Inapplicable ; Inapplicable ; Pass         ; Inapplicable ; Inapplicable ; Inapplicable ; Inapplicable ; Inapplicable ; Pass      ; Inapplicable ; Inapplicable ;
; f12                ; Inapplicable ; Inapplicable ; Inapplicable ; Inapplicable ; Inapplicable ; Pass      ; Inapplicable ; Inapplicable ; Pass      ; Pass      ; Inapplicable ; Pass         ; Inapplicable ; Inapplicable ; Inapplicable ; Inapplicable ; Pass         ; Inapplicable ; Inapplicable ; Inapplicable ; Inapplicable ; Pass         ; Inapplicable ; Inapplicable ; Inapplicable ; Inapplicable ; Inapplicable ; Pass      ; Inapplicable ; Inapplicable ;
; f13                ; Inapplicable ; Inapplicable ; Inapplicable ; Inapplicable ; Inapplicable ; Pass      ; Inapplicable ; Inapplicable ; Pass      ; Pass      ; Inapplicable ; Pass         ; Inapplicable ; Inapplicable ; Inapplicable ; Inapplicable ; Pass         ; Inapplicable ; Inapplicable ; Inapplicable ; Inapplicable ; Pass         ; Inapplicable ; Inapplicable ; Inapplicable ; Inapplicable ; Inapplicable ; Pass      ; Inapplicable ; Inapplicable ;
; f14                ; Inapplicable ; Inapplicable ; Inapplicable ; Inapplicable ; Inapplicable ; Pass      ; Inapplicable ; Inapplicable ; Pass      ; Pass      ; Inapplicable ; Pass         ; Inapplicable ; Inapplicable ; Inapplicable ; Inapplicable ; Pass         ; Inapplicable ; Inapplicable ; Inapplicable ; Inapplicable ; Pass         ; Inapplicable ; Inapplicable ; Inapplicable ; Inapplicable ; Inapplicable ; Pass      ; Inapplicable ; Inapplicable ;
; f15                ; Inapplicable ; Inapplicable ; Inapplicable ; Inapplicable ; Inapplicable ; Pass      ; Inapplicable ; Inapplicable ; Pass      ; Pass      ; Inapplicable ; Pass         ; Inapplicable ; Inapplicable ; Inapplicable ; Inapplicable ; Pass         ; Inapplicable ; Inapplicable ; Inapplicable ; Inapplicable ; Pass         ; Inapplicable ; Inapplicable ; Inapplicable ; Inapplicable ; Inapplicable ; Pass      ; Inapplicable ; Inapplicable ;
; ADDCHOOSE1         ; Inapplicable ; Inapplicable ; Inapplicable ; Inapplicable ; Inapplicable ; Pass      ; Inapplicable ; Inapplicable ; Pass      ; Pass      ; Inapplicable ; Inapplicable ; Inapplicable ; Inapplicable ; Pass         ; Inapplicable ; Inapplicable ; Pass         ; Inapplicable ; Inapplicable ; Inapplicable ; Inapplicable ; Inapplicable ; Inapplicable ; Inapplicable ; Inapplicable ; Inapplicable ; Pass      ; Inapplicable ; Inapplicable ;
; a0                 ; Inapplicable ; Inapplicable ; Inapplicable ; Inapplicable ; Inapplicable ; Pass      ; Inapplicable ; Inapplicable ; Pass      ; Pass      ; Inapplicable ; Inapplicable ; Inapplicable ; Inapplicable ; Pass         ; Inapplicable ; Inapplicable ; Pass         ; Inapplicable ; Inapplicable ; Inapplicable ; Inapplicable ; Inapplicable ; Inapplicable ; Inapplicable ; Inapplicable ; Inapplicable ; Pass      ; Inapplicable ; Inapplicable ;
; s3ADD              ; Inapplicable ; Inapplicable ; Inapplicable ; Inapplicable ; Inapplicable ; Pass      ; Inapplicable ; Inapplicable ; Pass      ; Pass      ; Inapplicable ; Inapplicable ; Inapplicable ; Inapplicable ; Pass         ; Inapplicable ; Inapplicable ; Pass         ; Inapplicable ; Inapplicable ; Inapplicable ; Inapplicable ; Inapplicable ; Inapplicable ; Inapplicable ; Inapplicable ; Inapplicable ; Pass      ; Inapplicable ; Inapplicable ;
; s2ADD              ; Inapplicable ; Inapplicable ; Inapplicable ; Inapplicable ; Inapplicable ; Pass      ; Inapplicable ; Inapplicable ; Pass      ; Pass      ; Inapplicable ; Inapplicable ; Inapplicable ; Inapplicable ; Pass         ; Inapplicable ; Inapplicable ; Pass         ; Inapplicable ; Inapplicable ; Inapplicable ; Inapplicable ; Inapplicable ; Inapplicable ; Inapplicable ; Inapplicable ; Inapplicable ; Pass      ; Inapplicable ; Inapplicable ;
; b0                 ; Inapplicable ; Inapplicable ; Inapplicable ; Inapplicable ; Inapplicable ; Pass      ; Inapplicable ; Inapplicable ; Pass      ; Pass      ; Inapplicable ; Inapplicable ; Inapplicable ; Inapplicable ; Pass         ; Inapplicable ; Inapplicable ; Pass         ; Inapplicable ; Inapplicable ; Inapplicable ; Inapplicable ; Inapplicable ; Inapplicable ; Inapplicable ; Inapplicable ; Inapplicable ; Pass      ; Inapplicable ; Inapplicable ;
; CN                 ; Inapplicable ; Inapplicable ; Inapplicable ; Inapplicable ; Inapplicable ; Pass      ; Inapplicable ; Inapplicable ; Pass      ; Pass      ; Inapplicable ; Inapplicable ; Inapplicable ; Inapplicable ; Pass         ; Inapplicable ; Inapplicable ; Pass         ; Inapplicable ; Inapplicable ; Inapplicable ; Inapplicable ; Inapplicable ; Inapplicable ; Inapplicable ; Inapplicable ; Inapplicable ; Pass      ; Inapplicable ; Inapplicable ;
; M                  ; Inapplicable ; Inapplicable ; Inapplicable ; Inapplicable ; Inapplicable ; Pass      ; Inapplicable ; Inapplicable ; Pass      ; Pass      ; Inapplicable ; Inapplicable ; Inapplicable ; Inapplicable ; Pass         ; Inapplicable ; Inapplicable ; Pass         ; Inapplicable ; Inapplicable ; Inapplicable ; Inapplicable ; Inapplicable ; Inapplicable ; Inapplicable ; Inapplicable ; Inapplicable ; Pass      ; Inapplicable ; Inapplicable ;
; s0ADD              ; Inapplicable ; Inapplicable ; Inapplicable ; Inapplicable ; Inapplicable ; Pass      ; Inapplicable ; Inapplicable ; Pass      ; Pass      ; Inapplicable ; Inapplicable ; Inapplicable ; Inapplicable ; Pass         ; Inapplicable ; Inapplicable ; Pass         ; Inapplicable ; Inapplicable ; Inapplicable ; Inapplicable ; Inapplicable ; Inapplicable ; Inapplicable ; Inapplicable ; Inapplicable ; Pass      ; Inapplicable ; Inapplicable ;
; s1ADD              ; Inapplicable ; Inapplicable ; Inapplicable ; Inapplicable ; Inapplicable ; Pass      ; Inapplicable ; Inapplicable ; Pass      ; Pass      ; Inapplicable ; Inapplicable ; Inapplicable ; Inapplicable ; Pass         ; Inapplicable ; Inapplicable ; Pass         ; Inapplicable ; Inapplicable ; Inapplicable ; Inapplicable ; Inapplicable ; Inapplicable ; Inapplicable ; Inapplicable ; Inapplicable ; Pass      ; Inapplicable ; Inapplicable ;
; YWCHOOSE1          ; Inapplicable ; Inapplicable ; Inapplicable ; Inapplicable ; Inapplicable ; Pass      ; Inapplicable ; Inapplicable ; Pass      ; Pass      ; Inapplicable ; Inapplicable ; Inapplicable ; Inapplicable ; Pass         ; Inapplicable ; Inapplicable ; Pass         ; Inapplicable ; Inapplicable ; Inapplicable ; Inapplicable ; Inapplicable ; Inapplicable ; Inapplicable ; Inapplicable ; Inapplicable ; Pass      ; Inapplicable ; Inapplicable ;
; DIVchoose1         ; Inapplicable ; Inapplicable ; Inapplicable ; Inapplicable ; Inapplicable ; Pass      ; Inapplicable ; Inapplicable ; Pass      ; Pass      ; Inapplicable ; Inapplicable ; Inapplicable ; Inapplicable ; Pass         ; Inapplicable ; Inapplicable ; Pass         ; Inapplicable ; Inapplicable ; Inapplicable ; Inapplicable ; Inapplicable ; Inapplicable ; Inapplicable ; Inapplicable ; Inapplicable ; Pass      ; Inapplicable ; Inapplicable ;
; a8                 ; Inapplicable ; Inapplicable ; Inapplicable ; Inapplicable ; Inapplicable ; Pass      ; Inapplicable ; Inapplicable ; Pass      ; Pass      ; Inapplicable ; Inapplicable ; Inapplicable ; Inapplicable ; Pass         ; Inapplicable ; Inapplicable ; Pass         ; Inapplicable ; Inapplicable ; Inapplicable ; Inapplicable ; Inapplicable ; Inapplicable ; Inapplicable ; Inapplicable ; Inapplicable ; Pass      ; Inapplicable ; Inapplicable ;
; a15                ; Inapplicable ; Inapplicable ; Inapplicable ; Inapplicable ; Inapplicable ; Pass      ; Inapplicable ; Inapplicable ; Pass      ; Pass      ; Inapplicable ; Inapplicable ; Inapplicable ; Inapplicable ; Pass         ; Inapplicable ; Inapplicable ; Pass         ; Inapplicable ; Inapplicable ; Inapplicable ; Inapplicable ; Inapplicable ; Inapplicable ; Inapplicable ; Inapplicable ; Inapplicable ; Pass      ; Inapplicable ; Inapplicable ;
; b1                 ; Inapplicable ; Inapplicable ; Inapplicable ; Inapplicable ; Inapplicable ; Pass      ; Inapplicable ; Inapplicable ; Pass      ; Pass      ; Inapplicable ; Inapplicable ; Inapplicable ; Inapplicable ; Pass         ; Inapplicable ; Inapplicable ; Pass         ; Inapplicable ; Inapplicable ; Inapplicable ; Inapplicable ; Inapplicable ; Inapplicable ; Inapplicable ; Inapplicable ; Inapplicable ; Pass      ; Inapplicable ; Inapplicable ;
; a14                ; Inapplicable ; Inapplicable ; Inapplicable ; Inapplicable ; Inapplicable ; Pass      ; Inapplicable ; Inapplicable ; Pass      ; Pass      ; Inapplicable ; Inapplicable ; Inapplicable ; Inapplicable ; Pass         ; Inapplicable ; Inapplicable ; Pass         ; Inapplicable ; Inapplicable ; Inapplicable ; Inapplicable ; Inapplicable ; Inapplicable ; Inapplicable ; Inapplicable ; Inapplicable ; Pass      ; Inapplicable ; Inapplicable ;
; b7                 ; Inapplicable ; Inapplicable ; Inapplicable ; Inapplicable ; Inapplicable ; Pass      ; Inapplicable ; Inapplicable ; Pass      ; Pass      ; Inapplicable ; Inapplicable ; Inapplicable ; Inapplicable ; Pass         ; Inapplicable ; Inapplicable ; Pass         ; Inapplicable ; Inapplicable ; Inapplicable ; Inapplicable ; Inapplicable ; Inapplicable ; Inapplicable ; Inapplicable ; Inapplicable ; Pass      ; Inapplicable ; Inapplicable ;
; b4                 ; Inapplicable ; Inapplicable ; Inapplicable ; Inapplicable ; Inapplicable ; Pass      ; Inapplicable ; Inapplicable ; Pass      ; Pass      ; Inapplicable ; Inapplicable ; Inapplicable ; Inapplicable ; Pass         ; Inapplicable ; Inapplicable ; Pass         ; Inapplicable ; Inapplicable ; Inapplicable ; Inapplicable ; Inapplicable ; Inapplicable ; Inapplicable ; Inapplicable ; Inapplicable ; Pass      ; Inapplicable ; Inapplicable ;
; b5                 ; Inapplicable ; Inapplicable ; Inapplicable ; Inapplicable ; Inapplicable ; Pass      ; Inapplicable ; Inapplicable ; Pass      ; Pass      ; Inapplicable ; Inapplicable ; Inapplicable ; Inapplicable ; Pass         ; Inapplicable ; Inapplicable ; Pass         ; Inapplicable ; Inapplicable ; Inapplicable ; Inapplicable ; Inapplicable ; Inapplicable ; Inapplicable ; Inapplicable ; Inapplicable ; Pass      ; Inapplicable ; Inapplicable ;
; b6                 ; Inapplicable ; Inapplicable ; Inapplicable ; Inapplicable ; Inapplicable ; Pass      ; Inapplicable ; Inapplicable ; Pass      ; Pass      ; Inapplicable ; Inapplicable ; Inapplicable ; Inapplicable ; Pass         ; Inapplicable ; Inapplicable ; Pass         ; Inapplicable ; Inapplicable ; Inapplicable ; Inapplicable ; Inapplicable ; Inapplicable ; Inapplicable ; Inapplicable ; Inapplicable ; Pass      ; Inapplicable ; Inapplicable ;
; b2                 ; Inapplicable ; Inapplicable ; Inapplicable ; Inapplicable ; Inapplicable ; Pass      ; Inapplicable ; Inapplicable ; Pass      ; Pass      ; Inapplicable ; Inapplicable ; Inapplicable ; Inapplicable ; Pass         ; Inapplicable ; Inapplicable ; Pass         ; Inapplicable ; Inapplicable ; Inapplicable ; Inapplicable ; Inapplicable ; Inapplicable ; Inapplicable ; Inapplicable ; Inapplicable ; Pass      ; Inapplicable ; Inapplicable ;
; b3                 ; Inapplicable ; Inapplicable ; Inapplicable ; Inapplicable ; Inapplicable ; Pass      ; Inapplicable ; Inapplicable ; Pass      ; Pass      ; Inapplicable ; Inapplicable ; Inapplicable ; Inapplicable ; Pass         ; Inapplicable ; Inapplicable ; Pass         ; Inapplicable ; Inapplicable ; Inapplicable ; Inapplicable ; Inapplicable ; Inapplicable ; Inapplicable ; Inapplicable ; Inapplicable ; Pass      ; Inapplicable ; Inapplicable ;
; a13                ; Inapplicable ; Inapplicable ; Inapplicable ; Inapplicable ; Inapplicable ; Pass      ; Inapplicable ; Inapplicable ; Pass      ; Pass      ; Inapplicable ; Inapplicable ; Inapplicable ; Inapplicable ; Pass         ; Inapplicable ; Inapplicable ; Pass         ; Inapplicable ; Inapplicable ; Inapplicable ; Inapplicable ; Inapplicable ; Inapplicable ; Inapplicable ; Inapplicable ; Inapplicable ; Pass      ; Inapplicable ; Inapplicable ;
; a12                ; Inapplicable ; Inapplicable ; Inapplicable ; Inapplicable ; Inapplicable ; Pass      ; Inapplicable ; Inapplicable ; Pass      ; Pass      ; Inapplicable ; Inapplicable ; Inapplicable ; Inapplicable ; Pass         ; Inapplicable ; Inapplicable ; Pass         ; Inapplicable ; Inapplicable ; Inapplicable ; Inapplicable ; Inapplicable ; Inapplicable ; Inapplicable ; Inapplicable ; Inapplicable ; Pass      ; Inapplicable ; Inapplicable ;
; a11                ; Inapplicable ; Inapplicable ; Inapplicable ; Inapplicable ; Inapplicable ; Pass      ; Inapplicable ; Inapplicable ; Pass      ; Pass      ; Inapplicable ; Inapplicable ; Inapplicable ; Inapplicable ; Pass         ; Inapplicable ; Inapplicable ; Pass         ; Inapplicable ; Inapplicable ; Inapplicable ; Inapplicable ; Inapplicable ; Inapplicable ; Inapplicable ; Inapplicable ; Inapplicable ; Pass      ; Inapplicable ; Inapplicable ;
; a10                ; Inapplicable ; Inapplicable ; Inapplicable ; Inapplicable ; Inapplicable ; Pass      ; Inapplicable ; Inapplicable ; Pass      ; Pass      ; Inapplicable ; Inapplicable ; Inapplicable ; Inapplicable ; Pass         ; Inapplicable ; Inapplicable ; Pass         ; Inapplicable ; Inapplicable ; Inapplicable ; Inapplicable ; Inapplicable ; Inapplicable ; Inapplicable ; Inapplicable ; Inapplicable ; Pass      ; Inapplicable ; Inapplicable ;
; a9                 ; Inapplicable ; Inapplicable ; Inapplicable ; Inapplicable ; Inapplicable ; Pass      ; Inapplicable ; Inapplicable ; Pass      ; Pass      ; Inapplicable ; Inapplicable ; Inapplicable ; Inapplicable ; Pass         ; Inapplicable ; Inapplicable ; Pass         ; Inapplicable ; Inapplicable ; Inapplicable ; Inapplicable ; Inapplicable ; Inapplicable ; Inapplicable ; Inapplicable ; Inapplicable ; Pass      ; Inapplicable ; Inapplicable ;
; a7                 ; Inapplicable ; Inapplicable ; Inapplicable ; Inapplicable ; Inapplicable ; Pass      ; Inapplicable ; Inapplicable ; Pass      ; Pass      ; Inapplicable ; Inapplicable ; Inapplicable ; Inapplicable ; Pass         ; Inapplicable ; Inapplicable ; Pass         ; Inapplicable ; Inapplicable ; Inapplicable ; Inapplicable ; Inapplicable ; Inapplicable ; Inapplicable ; Inapplicable ; Inapplicable ; Pass      ; Inapplicable ; Inapplicable ;
; a6                 ; Inapplicable ; Inapplicable ; Inapplicable ; Inapplicable ; Inapplicable ; Pass      ; Inapplicable ; Inapplicable ; Pass      ; Pass      ; Inapplicable ; Inapplicable ; Inapplicable ; Inapplicable ; Pass         ; Inapplicable ; Inapplicable ; Pass         ; Inapplicable ; Inapplicable ; Inapplicable ; Inapplicable ; Inapplicable ; Inapplicable ; Inapplicable ; Inapplicable ; Inapplicable ; Pass      ; Inapplicable ; Inapplicable ;
; a5                 ; Inapplicable ; Inapplicable ; Inapplicable ; Inapplicable ; Inapplicable ; Pass      ; Inapplicable ; Inapplicable ; Pass      ; Pass      ; Inapplicable ; Inapplicable ; Inapplicable ; Inapplicable ; Pass         ; Inapplicable ; Inapplicable ; Pass         ; Inapplicable ; Inapplicable ; Inapplicable ; Inapplicable ; Inapplicable ; Inapplicable ; Inapplicable ; Inapplicable ; Inapplicable ; Pass      ; Inapplicable ; Inapplicable ;
; a4                 ; Inapplicable ; Inapplicable ; Inapplicable ; Inapplicable ; Inapplicable ; Pass      ; Inapplicable ; Inapplicable ; Pass      ; Pass      ; Inapplicable ; Inapplicable ; Inapplicable ; Inapplicable ; Pass         ; Inapplicable ; Inapplicable ; Pass         ; Inapplicable ; Inapplicable ; Inapplicable ; Inapplicable ; Inapplicable ; Inapplicable ; Inapplicable ; Inapplicable ; Inapplicable ; Pass      ; Inapplicable ; Inapplicable ;
; a3                 ; Inapplicable ; Inapplicable ; Inapplicable ; Inapplicable ; Inapplicable ; Pass      ; Inapplicable ; Inapplicable ; Pass      ; Pass      ; Inapplicable ; Inapplicable ; Inapplicable ; Inapplicable ; Pass         ; Inapplicable ; Inapplicable ; Pass         ; Inapplicable ; Inapplicable ; Inapplicable ; Inapplicable ; Inapplicable ; Inapplicable ; Inapplicable ; Inapplicable ; Inapplicable ; Pass      ; Inapplicable ; Inapplicable ;
; a2                 ; Inapplicable ; Inapplicable ; Inapplicable ; Inapplicable ; Inapplicable ; Pass      ; Inapplicable ; Inapplicable ; Pass      ; Pass      ; Inapplicable ; Inapplicable ; Inapplicable ; Inapplicable ; Pass         ; Inapplicable ; Inapplicable ; Pass         ; Inapplicable ; Inapplicable ; Inapplicable ; Inapplicable ; Inapplicable ; Inapplicable ; Inapplicable ; Inapplicable ; Inapplicable ; Pass      ; Inapplicable ; Inapplicable ;
; a1                 ; Inapplicable ; Inapplicable ; Inapplicable ; Inapplicable ; Inapplicable ; Pass      ; Inapplicable ; Inapplicable ; Pass      ; Pass      ; Inapplicable ; Inapplicable ; Inapplicable ; Inapplicable ; Pass         ; Inapplicable ; Inapplicable ; Pass         ; Inapplicable ; Inapplicable ; Inapplicable ; Inapplicable ; Inapplicable ; Inapplicable ; Inapplicable ; Inapplicable ; Inapplicable ; Pass      ; Inapplicable ; Inapplicable ;
; sp_choose          ; Inapplicable ; Inapplicable ; Inapplicable ; Inapplicable ; Inapplicable ; Pass      ; Inapplicable ; Inapplicable ; Pass      ; Pass      ; Inapplicable ; Inapplicable ; Inapplicable ; Inapplicable ; Pass         ; Inapplicable ; Inapplicable ; Pass         ; Inapplicable ; Inapplicable ; Inapplicable ; Inapplicable ; Inapplicable ; Inapplicable ; Inapplicable ; Inapplicable ; Inapplicable ; Pass      ; Inapplicable ; Inapplicable ;
; CXCHOSE1           ; Inapplicable ; Inapplicable ; Inapplicable ; Inapplicable ; Inapplicable ; Pass      ; Inapplicable ; Inapplicable ; Pass      ; Pass      ; Inapplicable ; Inapplicable ; Inapplicable ; Inapplicable ; Pass         ; Inapplicable ; Inapplicable ; Pass         ; Inapplicable ; Inapplicable ; Inapplicable ; Inapplicable ; Inapplicable ; Inapplicable ; Inapplicable ; Inapplicable ; Inapplicable ; Pass      ; Inapplicable ; Inapplicable ;
; MULchoose1         ; Inapplicable ; Inapplicable ; Inapplicable ; Inapplicable ; Inapplicable ; Pass      ; Inapplicable ; Inapplicable ; Pass      ; Pass      ; Inapplicable ; Inapplicable ; Inapplicable ; Inapplicable ; Pass         ; Inapplicable ; Inapplicable ; Pass         ; Inapplicable ; Inapplicable ; Inapplicable ; Inapplicable ; Inapplicable ; Inapplicable ; Inapplicable ; Inapplicable ; Inapplicable ; Pass      ; Inapplicable ; Inapplicable ;
; b8                 ; Inapplicable ; Inapplicable ; Inapplicable ; Inapplicable ; Inapplicable ; Pass      ; Inapplicable ; Inapplicable ; Pass      ; Pass      ; Inapplicable ; Inapplicable ; Inapplicable ; Inapplicable ; Pass         ; Inapplicable ; Inapplicable ; Pass         ; Inapplicable ; Inapplicable ; Inapplicable ; Inapplicable ; Inapplicable ; Inapplicable ; Inapplicable ; Inapplicable ; Inapplicable ; Pass      ; Inapplicable ; Inapplicable ;
; b9                 ; Inapplicable ; Inapplicable ; Inapplicable ; Inapplicable ; Inapplicable ; Pass      ; Inapplicable ; Inapplicable ; Pass      ; Pass      ; Inapplicable ; Inapplicable ; Inapplicable ; Inapplicable ; Pass         ; Inapplicable ; Inapplicable ; Pass         ; Inapplicable ; Inapplicable ; Inapplicable ; Inapplicable ; Inapplicable ; Inapplicable ; Inapplicable ; Inapplicable ; Inapplicable ; Pass      ; Inapplicable ; Inapplicable ;
; b10                ; Inapplicable ; Inapplicable ; Inapplicable ; Inapplicable ; Inapplicable ; Pass      ; Inapplicable ; Inapplicable ; Pass      ; Pass      ; Inapplicable ; Inapplicable ; Inapplicable ; Inapplicable ; Pass         ; Inapplicable ; Inapplicable ; Pass         ; Inapplicable ; Inapplicable ; Inapplicable ; Inapplicable ; Inapplicable ; Inapplicable ; Inapplicable ; Inapplicable ; Inapplicable ; Pass      ; Inapplicable ; Inapplicable ;
; b11                ; Inapplicable ; Inapplicable ; Inapplicable ; Inapplicable ; Inapplicable ; Pass      ; Inapplicable ; Inapplicable ; Pass      ; Pass      ; Inapplicable ; Inapplicable ; Inapplicable ; Inapplicable ; Pass         ; Inapplicable ; Inapplicable ; Pass         ; Inapplicable ; Inapplicable ; Inapplicable ; Inapplicable ; Inapplicable ; Inapplicable ; Inapplicable ; Inapplicable ; Inapplicable ; Pass      ; Inapplicable ; Inapplicable ;
; b12                ; Inapplicable ; Inapplicable ; Inapplicable ; Inapplicable ; Inapplicable ; Pass      ; Inapplicable ; Inapplicable ; Pass      ; Pass      ; Inapplicable ; Inapplicable ; Inapplicable ; Inapplicable ; Pass         ; Inapplicable ; Inapplicable ; Pass         ; Inapplicable ; Inapplicable ; Inapplicable ; Inapplicable ; Inapplicable ; Inapplicable ; Inapplicable ; Inapplicable ; Inapplicable ; Pass      ; Inapplicable ; Inapplicable ;
; b13                ; Inapplicable ; Inapplicable ; Inapplicable ; Inapplicable ; Inapplicable ; Pass      ; Inapplicable ; Inapplicable ; Pass      ; Pass      ; Inapplicable ; Inapplicable ; Inapplicable ; Inapplicable ; Pass         ; Inapplicable ; Inapplicable ; Pass         ; Inapplicable ; Inapplicable ; Inapplicable ; Inapplicable ; Inapplicable ; Inapplicable ; Inapplicable ; Inapplicable ; Inapplicable ; Pass      ; Inapplicable ; Inapplicable ;
; b14                ; Inapplicable ; Inapplicable ; Inapplicable ; Inapplicable ; Inapplicable ; Pass      ; Inapplicable ; Inapplicable ; Pass      ; Pass      ; Inapplicable ; Inapplicable ; Inapplicable ; Inapplicable ; Pass         ; Inapplicable ; Inapplicable ; Pass         ; Inapplicable ; Inapplicable ; Inapplicable ; Inapplicable ; Inapplicable ; Inapplicable ; Inapplicable ; Inapplicable ; Inapplicable ; Pass      ; Inapplicable ; Inapplicable ;
; b15                ; Inapplicable ; Inapplicable ; Inapplicable ; Inapplicable ; Inapplicable ; Pass      ; Inapplicable ; Inapplicable ; Pass      ; Pass      ; Inapplicable ; Inapplicable ; Inapplicable ; Inapplicable ; Pass         ; Inapplicable ; Inapplicable ; Pass         ; Inapplicable ; Inapplicable ; Inapplicable ; Inapplicable ; Inapplicable ; Inapplicable ; Inapplicable ; Inapplicable ; Inapplicable ; Pass      ; Inapplicable ; Inapplicable ;
; YWS1               ; Inapplicable ; Inapplicable ; Inapplicable ; Inapplicable ; Inapplicable ; Pass      ; Inapplicable ; Inapplicable ; Pass      ; Pass      ; Inapplicable ; Inapplicable ; Inapplicable ; Inapplicable ; Pass         ; Inapplicable ; Inapplicable ; Pass         ; Inapplicable ; Inapplicable ; Inapplicable ; Inapplicable ; Inapplicable ; Inapplicable ; Inapplicable ; Inapplicable ; Inapplicable ; Pass      ; Inapplicable ; Inapplicable ;
; YWS0               ; Inapplicable ; Inapplicable ; Inapplicable ; Inapplicable ; Inapplicable ; Pass      ; Inapplicable ; Inapplicable ; Pass      ; Pass      ; Inapplicable ; Inapplicable ; Inapplicable ; Inapplicable ; Pass         ; Inapplicable ; Inapplicable ; Pass         ; Inapplicable ; Inapplicable ; Inapplicable ; Inapplicable ; Inapplicable ; Inapplicable ; Inapplicable ; Inapplicable ; Inapplicable ; Pass      ; Inapplicable ; Inapplicable ;
; YWCLK              ; Inapplicable ; Inapplicable ; Inapplicable ; Inapplicable ; Inapplicable ; Pass      ; Inapplicable ; Inapplicable ; Pass      ; Pass      ; Inapplicable ; Inapplicable ; Inapplicable ; Inapplicable ; Pass         ; Inapplicable ; Inapplicable ; Pass         ; Inapplicable ; Inapplicable ; Inapplicable ; Inapplicable ; Inapplicable ; Inapplicable ; Inapplicable ; Inapplicable ; Inapplicable ; Pass      ; Inapplicable ; Inapplicable ;
; YWFUHAO            ; Inapplicable ; Inapplicable ; Inapplicable ; Inapplicable ; Inapplicable ; Pass      ; Inapplicable ; Inapplicable ; Pass      ; Pass      ; Inapplicable ; Inapplicable ; Inapplicable ; Inapplicable ; Pass         ; Inapplicable ; Inapplicable ; Pass         ; Inapplicable ; Inapplicable ; Inapplicable ; Inapplicable ; Inapplicable ; Inapplicable ; Inapplicable ; Inapplicable ; Inapplicable ; Pass      ; Inapplicable ; Inapplicable ;
+--------------------+--------------+--------------+--------------+--------------+--------------+-----------+--------------+--------------+-----------+-----------+--------------+--------------+--------------+--------------+--------------+--------------+--------------+--------------+--------------+--------------+--------------+--------------+--------------+--------------+--------------+--------------+--------------+-----------+--------------+--------------+


+---------------------------------------------------------------------------------------------+
; Fitter Device Options                                                                       ;
+------------------------------------------------------------------+--------------------------+
; Option                                                           ; Setting                  ;
+------------------------------------------------------------------+--------------------------+
; Enable user-supplied start-up clock (CLKUSR)                     ; Off                      ;
; Enable device-wide reset (DEV_CLRn)                              ; Off                      ;
; Enable device-wide output enable (DEV_OE)                        ; Off                      ;
; Enable INIT_DONE output                                          ; Off                      ;
; Configuration scheme                                             ; Active Serial            ;
; Error detection CRC                                              ; Off                      ;
; Enable open drain on CRC_ERROR pin                               ; Off                      ;
; Enable input tri-state on active configuration pins in user mode ; Off                      ;
; Configuration Voltage Level                                      ; Auto                     ;
; Force Configuration Voltage Level                                ; Off                      ;
; nCEO                                                             ; As output driving ground ;
; Data[0]                                                          ; As input tri-stated      ;
; Data[1]/ASDO                                                     ; As input tri-stated      ;
; Data[7..2]                                                       ; Unreserved               ;
; FLASH_nCE/nCSO                                                   ; As input tri-stated      ;
; Other Active Parallel pins                                       ; Unreserved               ;
; DCLK                                                             ; As output driving ground ;
; Base pin-out file on sameframe device                            ; Off                      ;
+------------------------------------------------------------------+--------------------------+


+------------------------------------+
; Operating Settings and Conditions  ;
+---------------------------+--------+
; Setting                   ; Value  ;
+---------------------------+--------+
; Nominal Core Voltage      ; 1.20 V ;
; Low Junction Temperature  ; 0 °C   ;
; High Junction Temperature ; 85 °C  ;
+---------------------------+--------+


+-----------------+
; Fitter Messages ;
+-----------------+
Info (11104): Parallel Compilation has detected 20 hyper-threaded processors. However, the extra hyper-threaded processors will not be used by default. Parallel Compilation will use 14 of the 14 physical processors detected instead.
Info (119006): Selected device EP4CE6E22C7 for design "ALU_LAB3"
Info (21077): Low junction temperature is 0 degrees C
Info (21077): High junction temperature is 85 degrees C
Info (171003): Fitter is performing an Auto Fit compilation, which may decrease Fitter effort to reduce compilation time
Info (176444): Device migration not selected. If you intend to use device migration later, you may need to change the pin assignments as they may be incompatible with other devices
    Info (176445): Device EP4CE10E22A7 is compatible
    Info (176445): Device EP4CE10E22C7 is compatible
    Info (176445): Device EP4CE10E22I7 is compatible
    Info (176445): Device EP4CE6E22A7 is compatible
    Info (176445): Device EP4CE6E22I7 is compatible
    Info (176445): Device EP4CE15E22C7 is compatible
    Info (176445): Device EP4CE15E22I7 is compatible
    Info (176445): Device EP4CE22E22A7 is compatible
    Info (176445): Device EP4CE22E22C7 is compatible
    Info (176445): Device EP4CE22E22I7 is compatible
Info (169124): Fitter converted 5 user pins into dedicated programming pins
    Info (169125): Pin ~ALTERA_ASDO_DATA1~ is reserved at location 6
    Info (169125): Pin ~ALTERA_FLASH_nCE_nCSO~ is reserved at location 8
    Info (169125): Pin ~ALTERA_DCLK~ is reserved at location 12
    Info (169125): Pin ~ALTERA_DATA0~ is reserved at location 13
    Info (169125): Pin ~ALTERA_nCEO~ is reserved at location 101
Warning (15714): Some pins have incomplete I/O assignments. Refer to the I/O Assignment Warnings report for details
Critical Warning (169085): No exact pin location assignment(s) for 64 pins of 64 total pins
    Info (169086): Pin f0 not assigned to an exact location on the device
    Info (169086): Pin f1 not assigned to an exact location on the device
    Info (169086): Pin f2 not assigned to an exact location on the device
    Info (169086): Pin f3 not assigned to an exact location on the device
    Info (169086): Pin f4 not assigned to an exact location on the device
    Info (169086): Pin f5 not assigned to an exact location on the device
    Info (169086): Pin f6 not assigned to an exact location on the device
    Info (169086): Pin f7 not assigned to an exact location on the device
    Info (169086): Pin f8 not assigned to an exact location on the device
    Info (169086): Pin f9 not assigned to an exact location on the device
    Info (169086): Pin f10 not assigned to an exact location on the device
    Info (169086): Pin f11 not assigned to an exact location on the device
    Info (169086): Pin f12 not assigned to an exact location on the device
    Info (169086): Pin f13 not assigned to an exact location on the device
    Info (169086): Pin f14 not assigned to an exact location on the device
    Info (169086): Pin f15 not assigned to an exact location on the device
    Info (169086): Pin ADDCHOOSE1 not assigned to an exact location on the device
    Info (169086): Pin a0 not assigned to an exact location on the device
    Info (169086): Pin s3ADD not assigned to an exact location on the device
    Info (169086): Pin s2ADD not assigned to an exact location on the device
    Info (169086): Pin b0 not assigned to an exact location on the device
    Info (169086): Pin CN not assigned to an exact location on the device
    Info (169086): Pin M not assigned to an exact location on the device
    Info (169086): Pin s0ADD not assigned to an exact location on the device
    Info (169086): Pin s1ADD not assigned to an exact location on the device
    Info (169086): Pin YWCHOOSE1 not assigned to an exact location on the device
    Info (169086): Pin DIVchoose1 not assigned to an exact location on the device
    Info (169086): Pin a8 not assigned to an exact location on the device
    Info (169086): Pin a15 not assigned to an exact location on the device
    Info (169086): Pin b1 not assigned to an exact location on the device
    Info (169086): Pin a14 not assigned to an exact location on the device
    Info (169086): Pin b7 not assigned to an exact location on the device
    Info (169086): Pin b4 not assigned to an exact location on the device
    Info (169086): Pin b5 not assigned to an exact location on the device
    Info (169086): Pin b6 not assigned to an exact location on the device
    Info (169086): Pin b2 not assigned to an exact location on the device
    Info (169086): Pin b3 not assigned to an exact location on the device
    Info (169086): Pin a13 not assigned to an exact location on the device
    Info (169086): Pin a12 not assigned to an exact location on the device
    Info (169086): Pin a11 not assigned to an exact location on the device
    Info (169086): Pin a10 not assigned to an exact location on the device
    Info (169086): Pin a9 not assigned to an exact location on the device
    Info (169086): Pin a7 not assigned to an exact location on the device
    Info (169086): Pin a6 not assigned to an exact location on the device
    Info (169086): Pin a5 not assigned to an exact location on the device
    Info (169086): Pin a4 not assigned to an exact location on the device
    Info (169086): Pin a3 not assigned to an exact location on the device
    Info (169086): Pin a2 not assigned to an exact location on the device
    Info (169086): Pin a1 not assigned to an exact location on the device
    Info (169086): Pin sp_choose not assigned to an exact location on the device
    Info (169086): Pin CXCHOSE1 not assigned to an exact location on the device
    Info (169086): Pin MULchoose1 not assigned to an exact location on the device
    Info (169086): Pin b8 not assigned to an exact location on the device
    Info (169086): Pin b9 not assigned to an exact location on the device
    Info (169086): Pin b10 not assigned to an exact location on the device
    Info (169086): Pin b11 not assigned to an exact location on the device
    Info (169086): Pin b12 not assigned to an exact location on the device
    Info (169086): Pin b13 not assigned to an exact location on the device
    Info (169086): Pin b14 not assigned to an exact location on the device
    Info (169086): Pin b15 not assigned to an exact location on the device
    Info (169086): Pin YWS1 not assigned to an exact location on the device
    Info (169086): Pin YWS0 not assigned to an exact location on the device
    Info (169086): Pin YWCLK not assigned to an exact location on the device
    Info (169086): Pin YWFUHAO not assigned to an exact location on the device
Critical Warning (332012): Synopsys Design Constraints File file not found: 'ALU_LAB3.sdc'. A Synopsys Design Constraints File is required by the TimeQuest Timing Analyzer to get proper timing constraints. Without it, the Compiler will not properly optimize the design.
Info (332144): No user constrained base clocks found in the design
Info (332143): No user constrained clock uncertainty found in the design. Calling "derive_clock_uncertainty"
Info (332154): The derive_clock_uncertainty command did not apply clock uncertainty to any clock-to-clock transfers.
Info (332130): Timing requirements not specified -- quality metrics such as performance may be sacrificed to reduce compilation time.
Info (176353): Automatically promoted node YWCLK~input (placed in PIN 23 (CLK1, DIFFCLK_0n))
    Info (176355): Automatically promoted destinations to use location or clock signal Global Clock CLKCTRL_G2
Info (176233): Starting register packing
Info (176235): Finished register packing
    Extra Info (176219): No registers were packed into other blocks
Info (176214): Statistics of I/O pins that need to be placed that use the same VCCIO and VREF, before I/O pin placement
    Info (176211): Number of I/O pins in group: 63 (unused VREF, 2.5V VCCIO, 47 input, 16 output, 0 bidirectional)
        Info (176212): I/O standards used: 2.5 V.
Info (176215): I/O bank details before I/O pin placement
    Info (176214): Statistics of I/O banks
        Info (176213): I/O bank number 1 does not use VREF pins and has undetermined VCCIO pins. 5 total pin(s) used --  6 pins available
        Info (176213): I/O bank number 2 does not use VREF pins and has undetermined VCCIO pins. 0 total pin(s) used --  8 pins available
        Info (176213): I/O bank number 3 does not use VREF pins and has undetermined VCCIO pins. 0 total pin(s) used --  11 pins available
        Info (176213): I/O bank number 4 does not use VREF pins and has undetermined VCCIO pins. 0 total pin(s) used --  14 pins available
        Info (176213): I/O bank number 5 does not use VREF pins and has undetermined VCCIO pins. 0 total pin(s) used --  13 pins available
        Info (176213): I/O bank number 6 does not use VREF pins and has undetermined VCCIO pins. 1 total pin(s) used --  9 pins available
        Info (176213): I/O bank number 7 does not use VREF pins and has undetermined VCCIO pins. 0 total pin(s) used --  13 pins available
        Info (176213): I/O bank number 8 does not use VREF pins and has undetermined VCCIO pins. 0 total pin(s) used --  12 pins available
Info (171121): Fitter preparation operations ending: elapsed time is 00:00:00
Info (170189): Fitter placement preparation operations beginning
Info (170190): Fitter placement preparation operations ending: elapsed time is 00:00:00
Info (170191): Fitter placement operations beginning
Info (170137): Fitter placement was successful
Info (170192): Fitter placement operations ending: elapsed time is 00:00:01
Info (170193): Fitter routing operations beginning
Info (170195): Router estimated average interconnect usage is 1% of the available device resources
    Info (170196): Router estimated peak interconnect usage is 3% of the available device resources in the region that extends from location X23_Y12 to location X34_Y24
Info (170194): Fitter routing operations ending: elapsed time is 00:00:00
Info (170199): The Fitter performed an Auto Fit compilation.  Optimizations were skipped to reduce compilation time.
    Info (170201): Optimizations that may affect the design's routability were skipped
Info (11888): Total time spent on timing analysis during the Fitter is 0.09 seconds.
Info (334003): Started post-fitting delay annotation
Info (334004): Delay annotation completed successfully
Info (334003): Started post-fitting delay annotation
Info (334004): Delay annotation completed successfully
Info (11218): Fitter post-fit operations ending: elapsed time is 00:00:00
Info (144001): Generated suppressed messages file D:/altera/222/alter/test31/ALULAB3/output_files/ALU_LAB3.fit.smsg
Info: Quartus II 64-Bit Fitter was successful. 0 errors, 3 warnings
    Info: Peak virtual memory: 5882 megabytes
    Info: Processing ended: Sat Nov 23 23:54:06 2024
    Info: Elapsed time: 00:00:04
    Info: Total CPU time (on all processors): 00:00:03


+----------------------------+
; Fitter Suppressed Messages ;
+----------------------------+
The suppressed messages can be found in D:/altera/222/alter/test31/ALULAB3/output_files/ALU_LAB3.fit.smsg.


