Simulator report for ALU_LAB3_qsim
Tue Nov 12 20:13:51 2024
Quartus II 64-Bit Version 13.0.1 Build 232 06/12/2013 Service Pack 1 SJ Full Version


---------------------
; Table of Contents ;
---------------------
  1. Legal Notice
  2. Simulator Summary
  3. Simulator Settings
  4. Simulation Waveforms
  5. Coverage Summary
  6. Complete 1/0-Value Coverage
  7. Missing 1-Value Coverage
  8. Missing 0-Value Coverage
  9. Simulator INI Usage
 10. Simulator Messages



----------------
; Legal Notice ;
----------------
Copyright (C) 1991-2013 Altera Corporation
Your use of Altera Corporation's design tools, logic functions 
and other software and tools, and its AMPP partner logic 
functions, and any output files from any of the foregoing 
(including device programming or simulation files), and any 
associated documentation or information are expressly subject 
to the terms and conditions of the Altera Program License 
Subscription Agreement, Altera MegaCore Function License 
Agreement, or other applicable license agreement, including, 
without limitation, that your use is for the sole purpose of 
programming logic devices manufactured by Altera and sold by 
Altera or its authorized distributors.  Please refer to the 
applicable agreement for further details.



+--------------------------------------------+
; Simulator Summary                          ;
+-----------------------------+--------------+
; Type                        ; Value        ;
+-----------------------------+--------------+
; Simulation Start Time       ; 0 ps         ;
; Simulation End Time         ; 1.0 us       ;
; Simulation Netlist Size     ; 856 nodes    ;
; Simulation Coverage         ;       0.00 % ;
; Total Number of Transitions ; 0            ;
; Simulation Breakpoints      ; 0            ;
; Family                      ; Cyclone III  ;
+-----------------------------+--------------+


+----------------------------------------------------------------------------------------------------------------------------------------------+
; Simulator Settings                                                                                                                           ;
+--------------------------------------------------------------------------------------------+---------------------------------+---------------+
; Option                                                                                     ; Setting                         ; Default Value ;
+--------------------------------------------------------------------------------------------+---------------------------------+---------------+
; Simulation mode                                                                            ; Functional                      ; Timing        ;
; Start time                                                                                 ; 0 ns                            ; 0 ns          ;
; Simulation results format                                                                  ; VWF                             ;               ;
; Vector input source                                                                        ; D:/altera/ALULAB3/Waveform1.vwf ;               ;
; Add pins automatically to simulation output waveforms                                      ; On                              ; On            ;
; Check outputs                                                                              ; Off                             ; Off           ;
; Report simulation coverage                                                                 ; On                              ; On            ;
; Display complete 1/0 value coverage report                                                 ; On                              ; On            ;
; Display missing 1-value coverage report                                                    ; On                              ; On            ;
; Display missing 0-value coverage report                                                    ; On                              ; On            ;
; Detect setup and hold time violations                                                      ; Off                             ; Off           ;
; Detect glitches                                                                            ; Off                             ; Off           ;
; Disable timing delays in Timing Simulation                                                 ; Off                             ; Off           ;
; Generate Signal Activity File                                                              ; Off                             ; Off           ;
; Generate VCD File for PowerPlay Power Analyzer                                             ; Off                             ; Off           ;
; Group bus channels in simulation results                                                   ; Off                             ; Off           ;
; Preserve fewer signal transitions to reduce memory requirements                            ; On                              ; On            ;
; Trigger vector comparison with the specified mode                                          ; INPUT_EDGE                      ; INPUT_EDGE    ;
; Disable setup and hold time violations detection in input registers of bi-directional pins ; Off                             ; Off           ;
; Overwrite Waveform Inputs With Simulation Outputs                                          ; Off                             ;               ;
; Perform Glitch Filtering in Timing Simulation                                              ; Auto                            ; Auto          ;
; Interconnect Delay Model Type                                                              ; Transport                       ; Transport     ;
; Cell Delay Model Type                                                                      ; Transport                       ; Transport     ;
+--------------------------------------------------------------------------------------------+---------------------------------+---------------+


+----------------------+
; Simulation Waveforms ;
+----------------------+
Waveform report data cannot be output to ASCII.
Please use Quartus II 64-Bit to view the waveform report data.


+--------------------------------------------------------------------+
; Coverage Summary                                                   ;
+-----------------------------------------------------+--------------+
; Type                                                ; Value        ;
+-----------------------------------------------------+--------------+
; Total coverage as a percentage                      ;       0.00 % ;
; Total nodes checked                                 ; 856          ;
; Total output ports checked                          ; 856          ;
; Total output ports with complete 1/0-value coverage ; 0            ;
; Total output ports with no 1/0-value coverage       ; 856          ;
; Total output ports with no 1-value coverage         ; 856          ;
; Total output ports with no 0-value coverage         ; 856          ;
+-----------------------------------------------------+--------------+


The following table displays output ports that toggle between 1 and 0 during simulation.
+-------------------------------------------------+
; Complete 1/0-Value Coverage                     ;
+-----------+------------------+------------------+
; Node Name ; Output Port Name ; Output Port Type ;
+-----------+------------------+------------------+


The following table displays output ports that do not toggle to 1 during simulation.
+--------------------------------------------------------------------------------------------------------------------------------------------+
; Missing 1-Value Coverage                                                                                                                   ;
+------------------------------------------------------------+------------------------------------------------------------+------------------+
; Node Name                                                  ; Output Port Name                                           ; Output Port Type ;
+------------------------------------------------------------+------------------------------------------------------------+------------------+
; |ALU_LAB3|f0                                               ; |ALU_LAB3|f0                                               ; pin_out          ;
; |ALU_LAB3|ADDCHOOSE1                                       ; |ALU_LAB3|ADDCHOOSE1                                       ; out              ;
; |ALU_LAB3|b0                                               ; |ALU_LAB3|b0                                               ; out              ;
; |ALU_LAB3|a0                                               ; |ALU_LAB3|a0                                               ; out              ;
; |ALU_LAB3|a1                                               ; |ALU_LAB3|a1                                               ; out              ;
; |ALU_LAB3|b1                                               ; |ALU_LAB3|b1                                               ; out              ;
; |ALU_LAB3|a3                                               ; |ALU_LAB3|a3                                               ; out              ;
; |ALU_LAB3|b2                                               ; |ALU_LAB3|b2                                               ; out              ;
; |ALU_LAB3|a2                                               ; |ALU_LAB3|a2                                               ; out              ;
; |ALU_LAB3|M                                                ; |ALU_LAB3|M                                                ; out              ;
; |ALU_LAB3|b3                                               ; |ALU_LAB3|b3                                               ; out              ;
; |ALU_LAB3|s2ADD                                            ; |ALU_LAB3|s2ADD                                            ; out              ;
; |ALU_LAB3|s1ADD                                            ; |ALU_LAB3|s1ADD                                            ; out              ;
; |ALU_LAB3|s0ADD                                            ; |ALU_LAB3|s0ADD                                            ; out              ;
; |ALU_LAB3|s3ADD                                            ; |ALU_LAB3|s3ADD                                            ; out              ;
; |ALU_LAB3|b4                                               ; |ALU_LAB3|b4                                               ; out              ;
; |ALU_LAB3|a4                                               ; |ALU_LAB3|a4                                               ; out              ;
; |ALU_LAB3|a5                                               ; |ALU_LAB3|a5                                               ; out              ;
; |ALU_LAB3|b5                                               ; |ALU_LAB3|b5                                               ; out              ;
; |ALU_LAB3|a7                                               ; |ALU_LAB3|a7                                               ; out              ;
; |ALU_LAB3|b6                                               ; |ALU_LAB3|b6                                               ; out              ;
; |ALU_LAB3|a6                                               ; |ALU_LAB3|a6                                               ; out              ;
; |ALU_LAB3|b7                                               ; |ALU_LAB3|b7                                               ; out              ;
; |ALU_LAB3|b8                                               ; |ALU_LAB3|b8                                               ; out              ;
; |ALU_LAB3|a8                                               ; |ALU_LAB3|a8                                               ; out              ;
; |ALU_LAB3|a9                                               ; |ALU_LAB3|a9                                               ; out              ;
; |ALU_LAB3|b9                                               ; |ALU_LAB3|b9                                               ; out              ;
; |ALU_LAB3|a11                                              ; |ALU_LAB3|a11                                              ; out              ;
; |ALU_LAB3|b10                                              ; |ALU_LAB3|b10                                              ; out              ;
; |ALU_LAB3|a10                                              ; |ALU_LAB3|a10                                              ; out              ;
; |ALU_LAB3|b11                                              ; |ALU_LAB3|b11                                              ; out              ;
; |ALU_LAB3|b12                                              ; |ALU_LAB3|b12                                              ; out              ;
; |ALU_LAB3|a12                                              ; |ALU_LAB3|a12                                              ; out              ;
; |ALU_LAB3|a13                                              ; |ALU_LAB3|a13                                              ; out              ;
; |ALU_LAB3|b13                                              ; |ALU_LAB3|b13                                              ; out              ;
; |ALU_LAB3|a15                                              ; |ALU_LAB3|a15                                              ; out              ;
; |ALU_LAB3|b14                                              ; |ALU_LAB3|b14                                              ; out              ;
; |ALU_LAB3|a14                                              ; |ALU_LAB3|a14                                              ; out              ;
; |ALU_LAB3|b15                                              ; |ALU_LAB3|b15                                              ; out              ;
; |ALU_LAB3|CXCHOSE1                                         ; |ALU_LAB3|CXCHOSE1                                         ; out              ;
; |ALU_LAB3|inst8                                            ; |ALU_LAB3|inst8                                            ; out0             ;
; |ALU_LAB3|DIVchoose1                                       ; |ALU_LAB3|DIVchoose1                                       ; out              ;
; |ALU_LAB3|MULchoose1                                       ; |ALU_LAB3|MULchoose1                                       ; out              ;
; |ALU_LAB3|YWCHOOSE1                                        ; |ALU_LAB3|YWCHOOSE1                                        ; out              ;
; |ALU_LAB3|YWFUHAO                                          ; |ALU_LAB3|YWFUHAO                                          ; out              ;
; |ALU_LAB3|YWS0                                             ; |ALU_LAB3|YWS0                                             ; out              ;
; |ALU_LAB3|YWCLK                                            ; |ALU_LAB3|YWCLK                                            ; out              ;
; |ALU_LAB3|YWS1                                             ; |ALU_LAB3|YWS1                                             ; out              ;
; |ALU_LAB3|f1                                               ; |ALU_LAB3|f1                                               ; pin_out          ;
; |ALU_LAB3|f2                                               ; |ALU_LAB3|f2                                               ; pin_out          ;
; |ALU_LAB3|f3                                               ; |ALU_LAB3|f3                                               ; pin_out          ;
; |ALU_LAB3|f4                                               ; |ALU_LAB3|f4                                               ; pin_out          ;
; |ALU_LAB3|f5                                               ; |ALU_LAB3|f5                                               ; pin_out          ;
; |ALU_LAB3|f6                                               ; |ALU_LAB3|f6                                               ; pin_out          ;
; |ALU_LAB3|f7                                               ; |ALU_LAB3|f7                                               ; pin_out          ;
; |ALU_LAB3|f8                                               ; |ALU_LAB3|f8                                               ; pin_out          ;
; |ALU_LAB3|f9                                               ; |ALU_LAB3|f9                                               ; pin_out          ;
; |ALU_LAB3|f10                                              ; |ALU_LAB3|f10                                              ; pin_out          ;
; |ALU_LAB3|f11                                              ; |ALU_LAB3|f11                                              ; pin_out          ;
; |ALU_LAB3|f12                                              ; |ALU_LAB3|f12                                              ; pin_out          ;
; |ALU_LAB3|f13                                              ; |ALU_LAB3|f13                                              ; pin_out          ;
; |ALU_LAB3|f14                                              ; |ALU_LAB3|f14                                              ; pin_out          ;
; |ALU_LAB3|f15                                              ; |ALU_LAB3|f15                                              ; pin_out          ;
; |ALU_LAB3|pin_name1                                        ; |ALU_LAB3|pin_name1                                        ; pin_out          ;
; |ALU_LAB3|74198:inst1|120                                  ; |ALU_LAB3|74198:inst1|120                                  ; regout           ;
; |ALU_LAB3|74198:inst1|128                                  ; |ALU_LAB3|74198:inst1|128                                  ; out0             ;
; |ALU_LAB3|74198:inst1|109                                  ; |ALU_LAB3|74198:inst1|109                                  ; out0             ;
; |ALU_LAB3|74198:inst1|136                                  ; |ALU_LAB3|74198:inst1|136                                  ; out0             ;
; |ALU_LAB3|74198:inst1|110                                  ; |ALU_LAB3|74198:inst1|110                                  ; out0             ;
; |ALU_LAB3|74198:inst1|119                                  ; |ALU_LAB3|74198:inst1|119                                  ; regout           ;
; |ALU_LAB3|74198:inst1|127                                  ; |ALU_LAB3|74198:inst1|127                                  ; out0             ;
; |ALU_LAB3|74198:inst1|105                                  ; |ALU_LAB3|74198:inst1|105                                  ; out0             ;
; |ALU_LAB3|74198:inst1|135                                  ; |ALU_LAB3|74198:inst1|135                                  ; out0             ;
; |ALU_LAB3|74198:inst1|106                                  ; |ALU_LAB3|74198:inst1|106                                  ; out0             ;
; |ALU_LAB3|74198:inst1|118                                  ; |ALU_LAB3|74198:inst1|118                                  ; regout           ;
; |ALU_LAB3|74198:inst1|126                                  ; |ALU_LAB3|74198:inst1|126                                  ; out0             ;
; |ALU_LAB3|74198:inst1|101                                  ; |ALU_LAB3|74198:inst1|101                                  ; out0             ;
; |ALU_LAB3|74198:inst1|134                                  ; |ALU_LAB3|74198:inst1|134                                  ; out0             ;
; |ALU_LAB3|74198:inst1|102                                  ; |ALU_LAB3|74198:inst1|102                                  ; out0             ;
; |ALU_LAB3|74198:inst1|117                                  ; |ALU_LAB3|74198:inst1|117                                  ; regout           ;
; |ALU_LAB3|74198:inst1|125                                  ; |ALU_LAB3|74198:inst1|125                                  ; out0             ;
; |ALU_LAB3|74198:inst1|97                                   ; |ALU_LAB3|74198:inst1|97                                   ; out0             ;
; |ALU_LAB3|74198:inst1|133                                  ; |ALU_LAB3|74198:inst1|133                                  ; out0             ;
; |ALU_LAB3|74198:inst1|98                                   ; |ALU_LAB3|74198:inst1|98                                   ; out0             ;
; |ALU_LAB3|74198:inst1|116                                  ; |ALU_LAB3|74198:inst1|116                                  ; regout           ;
; |ALU_LAB3|74198:inst1|124                                  ; |ALU_LAB3|74198:inst1|124                                  ; out0             ;
; |ALU_LAB3|74198:inst1|93                                   ; |ALU_LAB3|74198:inst1|93                                   ; out0             ;
; |ALU_LAB3|74198:inst1|132                                  ; |ALU_LAB3|74198:inst1|132                                  ; out0             ;
; |ALU_LAB3|74198:inst1|94                                   ; |ALU_LAB3|74198:inst1|94                                   ; out0             ;
; |ALU_LAB3|74198:inst1|115                                  ; |ALU_LAB3|74198:inst1|115                                  ; regout           ;
; |ALU_LAB3|74198:inst1|123                                  ; |ALU_LAB3|74198:inst1|123                                  ; out0             ;
; |ALU_LAB3|74198:inst1|89                                   ; |ALU_LAB3|74198:inst1|89                                   ; out0             ;
; |ALU_LAB3|74198:inst1|131                                  ; |ALU_LAB3|74198:inst1|131                                  ; out0             ;
; |ALU_LAB3|74198:inst1|90                                   ; |ALU_LAB3|74198:inst1|90                                   ; out0             ;
; |ALU_LAB3|74198:inst1|114                                  ; |ALU_LAB3|74198:inst1|114                                  ; regout           ;
; |ALU_LAB3|74198:inst1|122                                  ; |ALU_LAB3|74198:inst1|122                                  ; out0             ;
; |ALU_LAB3|74198:inst1|85                                   ; |ALU_LAB3|74198:inst1|85                                   ; out0             ;
; |ALU_LAB3|74198:inst1|130                                  ; |ALU_LAB3|74198:inst1|130                                  ; out0             ;
; |ALU_LAB3|74198:inst1|86                                   ; |ALU_LAB3|74198:inst1|86                                   ; out0             ;
; |ALU_LAB3|74198:inst1|113                                  ; |ALU_LAB3|74198:inst1|113                                  ; regout           ;
; |ALU_LAB3|74198:inst1|121                                  ; |ALU_LAB3|74198:inst1|121                                  ; out0             ;
; |ALU_LAB3|74198:inst1|81                                   ; |ALU_LAB3|74198:inst1|81                                   ; out0             ;
; |ALU_LAB3|74198:inst1|129                                  ; |ALU_LAB3|74198:inst1|129                                  ; out0             ;
; |ALU_LAB3|74198:inst1|82                                   ; |ALU_LAB3|74198:inst1|82                                   ; out0             ;
; |ALU_LAB3|74198:inst1|84                                   ; |ALU_LAB3|74198:inst1|84                                   ; out0             ;
; |ALU_LAB3|74198:inst1|83                                   ; |ALU_LAB3|74198:inst1|83                                   ; out0             ;
; |ALU_LAB3|74198:inst1|88                                   ; |ALU_LAB3|74198:inst1|88                                   ; out0             ;
; |ALU_LAB3|74198:inst1|87                                   ; |ALU_LAB3|74198:inst1|87                                   ; out0             ;
; |ALU_LAB3|74198:inst1|92                                   ; |ALU_LAB3|74198:inst1|92                                   ; out0             ;
; |ALU_LAB3|74198:inst1|91                                   ; |ALU_LAB3|74198:inst1|91                                   ; out0             ;
; |ALU_LAB3|74198:inst1|96                                   ; |ALU_LAB3|74198:inst1|96                                   ; out0             ;
; |ALU_LAB3|74198:inst1|95                                   ; |ALU_LAB3|74198:inst1|95                                   ; out0             ;
; |ALU_LAB3|74198:inst1|100                                  ; |ALU_LAB3|74198:inst1|100                                  ; out0             ;
; |ALU_LAB3|74198:inst1|99                                   ; |ALU_LAB3|74198:inst1|99                                   ; out0             ;
; |ALU_LAB3|74198:inst1|104                                  ; |ALU_LAB3|74198:inst1|104                                  ; out0             ;
; |ALU_LAB3|74198:inst1|103                                  ; |ALU_LAB3|74198:inst1|103                                  ; out0             ;
; |ALU_LAB3|74198:inst1|108                                  ; |ALU_LAB3|74198:inst1|108                                  ; out0             ;
; |ALU_LAB3|74198:inst1|107                                  ; |ALU_LAB3|74198:inst1|107                                  ; out0             ;
; |ALU_LAB3|74198:inst1|112                                  ; |ALU_LAB3|74198:inst1|112                                  ; out0             ;
; |ALU_LAB3|div:inst|cas:inst25|SYNTHESIZED_WIRE_0           ; |ALU_LAB3|div:inst|cas:inst25|SYNTHESIZED_WIRE_0           ; out0             ;
; |ALU_LAB3|div:inst|cas:inst25|qjq:b2v_fa|7482:inst|8       ; |ALU_LAB3|div:inst|cas:inst25|qjq:b2v_fa|7482:inst|8       ; out0             ;
; |ALU_LAB3|div:inst|cas:inst25|qjq:b2v_fa|7482:inst|3       ; |ALU_LAB3|div:inst|cas:inst25|qjq:b2v_fa|7482:inst|3       ; out0             ;
; |ALU_LAB3|div:inst|cas:inst25|qjq:b2v_fa|7482:inst|27      ; |ALU_LAB3|div:inst|cas:inst25|qjq:b2v_fa|7482:inst|27      ; out0             ;
; |ALU_LAB3|div:inst|cas:inst25|qjq:b2v_fa|7482:inst|25      ; |ALU_LAB3|div:inst|cas:inst25|qjq:b2v_fa|7482:inst|25      ; out0             ;
; |ALU_LAB3|div:inst|cas:inst25|qjq:b2v_fa|7482:inst|17      ; |ALU_LAB3|div:inst|cas:inst25|qjq:b2v_fa|7482:inst|17      ; out0             ;
; |ALU_LAB3|div:inst|cas:inst25|qjq:b2v_fa|7482:inst|20      ; |ALU_LAB3|div:inst|cas:inst25|qjq:b2v_fa|7482:inst|20      ; out0             ;
; |ALU_LAB3|div:inst|cas:inst24|SYNTHESIZED_WIRE_0           ; |ALU_LAB3|div:inst|cas:inst24|SYNTHESIZED_WIRE_0           ; out0             ;
; |ALU_LAB3|div:inst|cas:inst24|qjq:b2v_fa|7482:inst|8       ; |ALU_LAB3|div:inst|cas:inst24|qjq:b2v_fa|7482:inst|8       ; out0             ;
; |ALU_LAB3|div:inst|cas:inst24|qjq:b2v_fa|7482:inst|3       ; |ALU_LAB3|div:inst|cas:inst24|qjq:b2v_fa|7482:inst|3       ; out0             ;
; |ALU_LAB3|div:inst|cas:inst24|qjq:b2v_fa|7482:inst|27      ; |ALU_LAB3|div:inst|cas:inst24|qjq:b2v_fa|7482:inst|27      ; out0             ;
; |ALU_LAB3|div:inst|cas:inst24|qjq:b2v_fa|7482:inst|25      ; |ALU_LAB3|div:inst|cas:inst24|qjq:b2v_fa|7482:inst|25      ; out0             ;
; |ALU_LAB3|div:inst|cas:inst24|qjq:b2v_fa|7482:inst|17      ; |ALU_LAB3|div:inst|cas:inst24|qjq:b2v_fa|7482:inst|17      ; out0             ;
; |ALU_LAB3|div:inst|cas:inst24|qjq:b2v_fa|7482:inst|20      ; |ALU_LAB3|div:inst|cas:inst24|qjq:b2v_fa|7482:inst|20      ; out0             ;
; |ALU_LAB3|div:inst|cas:inst23|SYNTHESIZED_WIRE_0           ; |ALU_LAB3|div:inst|cas:inst23|SYNTHESIZED_WIRE_0           ; out0             ;
; |ALU_LAB3|div:inst|cas:inst23|qjq:b2v_fa|7482:inst|8       ; |ALU_LAB3|div:inst|cas:inst23|qjq:b2v_fa|7482:inst|8       ; out0             ;
; |ALU_LAB3|div:inst|cas:inst23|qjq:b2v_fa|7482:inst|3       ; |ALU_LAB3|div:inst|cas:inst23|qjq:b2v_fa|7482:inst|3       ; out0             ;
; |ALU_LAB3|div:inst|cas:inst23|qjq:b2v_fa|7482:inst|27      ; |ALU_LAB3|div:inst|cas:inst23|qjq:b2v_fa|7482:inst|27      ; out0             ;
; |ALU_LAB3|div:inst|cas:inst23|qjq:b2v_fa|7482:inst|25      ; |ALU_LAB3|div:inst|cas:inst23|qjq:b2v_fa|7482:inst|25      ; out0             ;
; |ALU_LAB3|div:inst|cas:inst23|qjq:b2v_fa|7482:inst|17      ; |ALU_LAB3|div:inst|cas:inst23|qjq:b2v_fa|7482:inst|17      ; out0             ;
; |ALU_LAB3|div:inst|cas:inst23|qjq:b2v_fa|7482:inst|20      ; |ALU_LAB3|div:inst|cas:inst23|qjq:b2v_fa|7482:inst|20      ; out0             ;
; |ALU_LAB3|div:inst|cas:inst22|qjq:b2v_fa|7482:inst|8       ; |ALU_LAB3|div:inst|cas:inst22|qjq:b2v_fa|7482:inst|8       ; out0             ;
; |ALU_LAB3|div:inst|cas:inst22|qjq:b2v_fa|7482:inst|3       ; |ALU_LAB3|div:inst|cas:inst22|qjq:b2v_fa|7482:inst|3       ; out0             ;
; |ALU_LAB3|div:inst|cas:inst22|qjq:b2v_fa|7482:inst|27      ; |ALU_LAB3|div:inst|cas:inst22|qjq:b2v_fa|7482:inst|27      ; out0             ;
; |ALU_LAB3|div:inst|cas:inst22|qjq:b2v_fa|7482:inst|25      ; |ALU_LAB3|div:inst|cas:inst22|qjq:b2v_fa|7482:inst|25      ; out0             ;
; |ALU_LAB3|div:inst|cas:inst22|qjq:b2v_fa|7482:inst|17      ; |ALU_LAB3|div:inst|cas:inst22|qjq:b2v_fa|7482:inst|17      ; out0             ;
; |ALU_LAB3|div:inst|cas:inst22|qjq:b2v_fa|7482:inst|20      ; |ALU_LAB3|div:inst|cas:inst22|qjq:b2v_fa|7482:inst|20      ; out0             ;
; |ALU_LAB3|div:inst|cas:inst20|SYNTHESIZED_WIRE_0           ; |ALU_LAB3|div:inst|cas:inst20|SYNTHESIZED_WIRE_0           ; out0             ;
; |ALU_LAB3|div:inst|cas:inst20|qjq:b2v_fa|7482:inst|8       ; |ALU_LAB3|div:inst|cas:inst20|qjq:b2v_fa|7482:inst|8       ; out0             ;
; |ALU_LAB3|div:inst|cas:inst20|qjq:b2v_fa|7482:inst|3       ; |ALU_LAB3|div:inst|cas:inst20|qjq:b2v_fa|7482:inst|3       ; out0             ;
; |ALU_LAB3|div:inst|cas:inst20|qjq:b2v_fa|7482:inst|27      ; |ALU_LAB3|div:inst|cas:inst20|qjq:b2v_fa|7482:inst|27      ; out0             ;
; |ALU_LAB3|div:inst|cas:inst20|qjq:b2v_fa|7482:inst|25      ; |ALU_LAB3|div:inst|cas:inst20|qjq:b2v_fa|7482:inst|25      ; out0             ;
; |ALU_LAB3|div:inst|cas:inst20|qjq:b2v_fa|7482:inst|17      ; |ALU_LAB3|div:inst|cas:inst20|qjq:b2v_fa|7482:inst|17      ; out0             ;
; |ALU_LAB3|div:inst|cas:inst20|qjq:b2v_fa|7482:inst|20      ; |ALU_LAB3|div:inst|cas:inst20|qjq:b2v_fa|7482:inst|20      ; out0             ;
; |ALU_LAB3|div:inst|cas:inst19|SYNTHESIZED_WIRE_0           ; |ALU_LAB3|div:inst|cas:inst19|SYNTHESIZED_WIRE_0           ; out0             ;
; |ALU_LAB3|div:inst|cas:inst19|qjq:b2v_fa|7482:inst|8       ; |ALU_LAB3|div:inst|cas:inst19|qjq:b2v_fa|7482:inst|8       ; out0             ;
; |ALU_LAB3|div:inst|cas:inst19|qjq:b2v_fa|7482:inst|3       ; |ALU_LAB3|div:inst|cas:inst19|qjq:b2v_fa|7482:inst|3       ; out0             ;
; |ALU_LAB3|div:inst|cas:inst19|qjq:b2v_fa|7482:inst|27      ; |ALU_LAB3|div:inst|cas:inst19|qjq:b2v_fa|7482:inst|27      ; out0             ;
; |ALU_LAB3|div:inst|cas:inst19|qjq:b2v_fa|7482:inst|25      ; |ALU_LAB3|div:inst|cas:inst19|qjq:b2v_fa|7482:inst|25      ; out0             ;
; |ALU_LAB3|div:inst|cas:inst19|qjq:b2v_fa|7482:inst|17      ; |ALU_LAB3|div:inst|cas:inst19|qjq:b2v_fa|7482:inst|17      ; out0             ;
; |ALU_LAB3|div:inst|cas:inst19|qjq:b2v_fa|7482:inst|20      ; |ALU_LAB3|div:inst|cas:inst19|qjq:b2v_fa|7482:inst|20      ; out0             ;
; |ALU_LAB3|div:inst|cas:inst18|SYNTHESIZED_WIRE_0           ; |ALU_LAB3|div:inst|cas:inst18|SYNTHESIZED_WIRE_0           ; out0             ;
; |ALU_LAB3|div:inst|cas:inst18|qjq:b2v_fa|7482:inst|8       ; |ALU_LAB3|div:inst|cas:inst18|qjq:b2v_fa|7482:inst|8       ; out0             ;
; |ALU_LAB3|div:inst|cas:inst18|qjq:b2v_fa|7482:inst|3       ; |ALU_LAB3|div:inst|cas:inst18|qjq:b2v_fa|7482:inst|3       ; out0             ;
; |ALU_LAB3|div:inst|cas:inst18|qjq:b2v_fa|7482:inst|27      ; |ALU_LAB3|div:inst|cas:inst18|qjq:b2v_fa|7482:inst|27      ; out0             ;
; |ALU_LAB3|div:inst|cas:inst18|qjq:b2v_fa|7482:inst|25      ; |ALU_LAB3|div:inst|cas:inst18|qjq:b2v_fa|7482:inst|25      ; out0             ;
; |ALU_LAB3|div:inst|cas:inst18|qjq:b2v_fa|7482:inst|17      ; |ALU_LAB3|div:inst|cas:inst18|qjq:b2v_fa|7482:inst|17      ; out0             ;
; |ALU_LAB3|div:inst|cas:inst18|qjq:b2v_fa|7482:inst|20      ; |ALU_LAB3|div:inst|cas:inst18|qjq:b2v_fa|7482:inst|20      ; out0             ;
; |ALU_LAB3|div:inst|cas:inst17|qjq:b2v_fa|7482:inst|27      ; |ALU_LAB3|div:inst|cas:inst17|qjq:b2v_fa|7482:inst|27      ; out0             ;
; |ALU_LAB3|div:inst|cas:inst17|qjq:b2v_fa|7482:inst|25      ; |ALU_LAB3|div:inst|cas:inst17|qjq:b2v_fa|7482:inst|25      ; out0             ;
; |ALU_LAB3|div:inst|cas:inst17|qjq:b2v_fa|7482:inst|17      ; |ALU_LAB3|div:inst|cas:inst17|qjq:b2v_fa|7482:inst|17      ; out0             ;
; |ALU_LAB3|div:inst|cas:inst17|qjq:b2v_fa|7482:inst|20      ; |ALU_LAB3|div:inst|cas:inst17|qjq:b2v_fa|7482:inst|20      ; out0             ;
; |ALU_LAB3|div:inst|cas:inst10|qjq:b2v_fa|7482:inst|8       ; |ALU_LAB3|div:inst|cas:inst10|qjq:b2v_fa|7482:inst|8       ; out0             ;
; |ALU_LAB3|div:inst|cas:inst10|qjq:b2v_fa|7482:inst|3       ; |ALU_LAB3|div:inst|cas:inst10|qjq:b2v_fa|7482:inst|3       ; out0             ;
; |ALU_LAB3|div:inst|cas:inst10|qjq:b2v_fa|7482:inst|27      ; |ALU_LAB3|div:inst|cas:inst10|qjq:b2v_fa|7482:inst|27      ; out0             ;
; |ALU_LAB3|div:inst|cas:inst10|qjq:b2v_fa|7482:inst|25      ; |ALU_LAB3|div:inst|cas:inst10|qjq:b2v_fa|7482:inst|25      ; out0             ;
; |ALU_LAB3|div:inst|cas:inst10|qjq:b2v_fa|7482:inst|17      ; |ALU_LAB3|div:inst|cas:inst10|qjq:b2v_fa|7482:inst|17      ; out0             ;
; |ALU_LAB3|div:inst|cas:inst10|qjq:b2v_fa|7482:inst|20      ; |ALU_LAB3|div:inst|cas:inst10|qjq:b2v_fa|7482:inst|20      ; out0             ;
; |ALU_LAB3|div:inst|cas:inst11|qjq:b2v_fa|7482:inst|8       ; |ALU_LAB3|div:inst|cas:inst11|qjq:b2v_fa|7482:inst|8       ; out0             ;
; |ALU_LAB3|div:inst|cas:inst11|qjq:b2v_fa|7482:inst|3       ; |ALU_LAB3|div:inst|cas:inst11|qjq:b2v_fa|7482:inst|3       ; out0             ;
; |ALU_LAB3|div:inst|cas:inst11|qjq:b2v_fa|7482:inst|27      ; |ALU_LAB3|div:inst|cas:inst11|qjq:b2v_fa|7482:inst|27      ; out0             ;
; |ALU_LAB3|div:inst|cas:inst11|qjq:b2v_fa|7482:inst|25      ; |ALU_LAB3|div:inst|cas:inst11|qjq:b2v_fa|7482:inst|25      ; out0             ;
; |ALU_LAB3|div:inst|cas:inst11|qjq:b2v_fa|7482:inst|17      ; |ALU_LAB3|div:inst|cas:inst11|qjq:b2v_fa|7482:inst|17      ; out0             ;
; |ALU_LAB3|div:inst|cas:inst11|qjq:b2v_fa|7482:inst|20      ; |ALU_LAB3|div:inst|cas:inst11|qjq:b2v_fa|7482:inst|20      ; out0             ;
; |ALU_LAB3|div:inst|cas:inst12|qjq:b2v_fa|7482:inst|3       ; |ALU_LAB3|div:inst|cas:inst12|qjq:b2v_fa|7482:inst|3       ; out0             ;
; |ALU_LAB3|div:inst|cas:inst12|qjq:b2v_fa|7482:inst|17      ; |ALU_LAB3|div:inst|cas:inst12|qjq:b2v_fa|7482:inst|17      ; out0             ;
; |ALU_LAB3|div:inst|cas:inst16|SYNTHESIZED_WIRE_0           ; |ALU_LAB3|div:inst|cas:inst16|SYNTHESIZED_WIRE_0           ; out0             ;
; |ALU_LAB3|div:inst|cas:inst16|qjq:b2v_fa|7482:inst|8       ; |ALU_LAB3|div:inst|cas:inst16|qjq:b2v_fa|7482:inst|8       ; out0             ;
; |ALU_LAB3|div:inst|cas:inst16|qjq:b2v_fa|7482:inst|3       ; |ALU_LAB3|div:inst|cas:inst16|qjq:b2v_fa|7482:inst|3       ; out0             ;
; |ALU_LAB3|div:inst|cas:inst16|qjq:b2v_fa|7482:inst|27      ; |ALU_LAB3|div:inst|cas:inst16|qjq:b2v_fa|7482:inst|27      ; out0             ;
; |ALU_LAB3|div:inst|cas:inst16|qjq:b2v_fa|7482:inst|25      ; |ALU_LAB3|div:inst|cas:inst16|qjq:b2v_fa|7482:inst|25      ; out0             ;
; |ALU_LAB3|div:inst|cas:inst16|qjq:b2v_fa|7482:inst|17      ; |ALU_LAB3|div:inst|cas:inst16|qjq:b2v_fa|7482:inst|17      ; out0             ;
; |ALU_LAB3|div:inst|cas:inst16|qjq:b2v_fa|7482:inst|20      ; |ALU_LAB3|div:inst|cas:inst16|qjq:b2v_fa|7482:inst|20      ; out0             ;
; |ALU_LAB3|div:inst|cas:inst15|SYNTHESIZED_WIRE_0           ; |ALU_LAB3|div:inst|cas:inst15|SYNTHESIZED_WIRE_0           ; out0             ;
; |ALU_LAB3|div:inst|cas:inst15|qjq:b2v_fa|7482:inst|8       ; |ALU_LAB3|div:inst|cas:inst15|qjq:b2v_fa|7482:inst|8       ; out0             ;
; |ALU_LAB3|div:inst|cas:inst15|qjq:b2v_fa|7482:inst|3       ; |ALU_LAB3|div:inst|cas:inst15|qjq:b2v_fa|7482:inst|3       ; out0             ;
; |ALU_LAB3|div:inst|cas:inst15|qjq:b2v_fa|7482:inst|27      ; |ALU_LAB3|div:inst|cas:inst15|qjq:b2v_fa|7482:inst|27      ; out0             ;
; |ALU_LAB3|div:inst|cas:inst15|qjq:b2v_fa|7482:inst|25      ; |ALU_LAB3|div:inst|cas:inst15|qjq:b2v_fa|7482:inst|25      ; out0             ;
; |ALU_LAB3|div:inst|cas:inst15|qjq:b2v_fa|7482:inst|17      ; |ALU_LAB3|div:inst|cas:inst15|qjq:b2v_fa|7482:inst|17      ; out0             ;
; |ALU_LAB3|div:inst|cas:inst15|qjq:b2v_fa|7482:inst|20      ; |ALU_LAB3|div:inst|cas:inst15|qjq:b2v_fa|7482:inst|20      ; out0             ;
; |ALU_LAB3|div:inst|cas:inst14|SYNTHESIZED_WIRE_0           ; |ALU_LAB3|div:inst|cas:inst14|SYNTHESIZED_WIRE_0           ; out0             ;
; |ALU_LAB3|div:inst|cas:inst14|qjq:b2v_fa|7482:inst|8       ; |ALU_LAB3|div:inst|cas:inst14|qjq:b2v_fa|7482:inst|8       ; out0             ;
; |ALU_LAB3|div:inst|cas:inst14|qjq:b2v_fa|7482:inst|3       ; |ALU_LAB3|div:inst|cas:inst14|qjq:b2v_fa|7482:inst|3       ; out0             ;
; |ALU_LAB3|div:inst|cas:inst14|qjq:b2v_fa|7482:inst|27      ; |ALU_LAB3|div:inst|cas:inst14|qjq:b2v_fa|7482:inst|27      ; out0             ;
; |ALU_LAB3|div:inst|cas:inst14|qjq:b2v_fa|7482:inst|25      ; |ALU_LAB3|div:inst|cas:inst14|qjq:b2v_fa|7482:inst|25      ; out0             ;
; |ALU_LAB3|div:inst|cas:inst14|qjq:b2v_fa|7482:inst|17      ; |ALU_LAB3|div:inst|cas:inst14|qjq:b2v_fa|7482:inst|17      ; out0             ;
; |ALU_LAB3|div:inst|cas:inst14|qjq:b2v_fa|7482:inst|20      ; |ALU_LAB3|div:inst|cas:inst14|qjq:b2v_fa|7482:inst|20      ; out0             ;
; |ALU_LAB3|div:inst|cas:inst13|qjq:b2v_fa|7482:inst|27      ; |ALU_LAB3|div:inst|cas:inst13|qjq:b2v_fa|7482:inst|27      ; out0             ;
; |ALU_LAB3|div:inst|cas:inst13|qjq:b2v_fa|7482:inst|25      ; |ALU_LAB3|div:inst|cas:inst13|qjq:b2v_fa|7482:inst|25      ; out0             ;
; |ALU_LAB3|div:inst|cas:inst13|qjq:b2v_fa|7482:inst|17      ; |ALU_LAB3|div:inst|cas:inst13|qjq:b2v_fa|7482:inst|17      ; out0             ;
; |ALU_LAB3|div:inst|cas:inst13|qjq:b2v_fa|7482:inst|20      ; |ALU_LAB3|div:inst|cas:inst13|qjq:b2v_fa|7482:inst|20      ; out0             ;
; |ALU_LAB3|METRIX:mul_lab3|cell:inst63|inst1                ; |ALU_LAB3|METRIX:mul_lab3|cell:inst63|inst1                ; out0             ;
; |ALU_LAB3|METRIX:mul_lab3|cell:inst63|FA:inst|7482:inst|8  ; |ALU_LAB3|METRIX:mul_lab3|cell:inst63|FA:inst|7482:inst|8  ; out0             ;
; |ALU_LAB3|METRIX:mul_lab3|cell:inst63|FA:inst|7482:inst|3  ; |ALU_LAB3|METRIX:mul_lab3|cell:inst63|FA:inst|7482:inst|3  ; out0             ;
; |ALU_LAB3|METRIX:mul_lab3|cell:inst63|FA:inst|7482:inst|27 ; |ALU_LAB3|METRIX:mul_lab3|cell:inst63|FA:inst|7482:inst|27 ; out0             ;
; |ALU_LAB3|METRIX:mul_lab3|cell:inst63|FA:inst|7482:inst|25 ; |ALU_LAB3|METRIX:mul_lab3|cell:inst63|FA:inst|7482:inst|25 ; out0             ;
; |ALU_LAB3|METRIX:mul_lab3|cell:inst63|FA:inst|7482:inst|17 ; |ALU_LAB3|METRIX:mul_lab3|cell:inst63|FA:inst|7482:inst|17 ; out0             ;
; |ALU_LAB3|METRIX:mul_lab3|cell:inst63|FA:inst|7482:inst|20 ; |ALU_LAB3|METRIX:mul_lab3|cell:inst63|FA:inst|7482:inst|20 ; out0             ;
; |ALU_LAB3|METRIX:mul_lab3|cell:inst55|inst1                ; |ALU_LAB3|METRIX:mul_lab3|cell:inst55|inst1                ; out0             ;
; |ALU_LAB3|METRIX:mul_lab3|cell:inst55|FA:inst|7482:inst|8  ; |ALU_LAB3|METRIX:mul_lab3|cell:inst55|FA:inst|7482:inst|8  ; out0             ;
; |ALU_LAB3|METRIX:mul_lab3|cell:inst55|FA:inst|7482:inst|3  ; |ALU_LAB3|METRIX:mul_lab3|cell:inst55|FA:inst|7482:inst|3  ; out0             ;
; |ALU_LAB3|METRIX:mul_lab3|cell:inst55|FA:inst|7482:inst|27 ; |ALU_LAB3|METRIX:mul_lab3|cell:inst55|FA:inst|7482:inst|27 ; out0             ;
; |ALU_LAB3|METRIX:mul_lab3|cell:inst55|FA:inst|7482:inst|25 ; |ALU_LAB3|METRIX:mul_lab3|cell:inst55|FA:inst|7482:inst|25 ; out0             ;
; |ALU_LAB3|METRIX:mul_lab3|cell:inst55|FA:inst|7482:inst|17 ; |ALU_LAB3|METRIX:mul_lab3|cell:inst55|FA:inst|7482:inst|17 ; out0             ;
; |ALU_LAB3|METRIX:mul_lab3|cell:inst55|FA:inst|7482:inst|20 ; |ALU_LAB3|METRIX:mul_lab3|cell:inst55|FA:inst|7482:inst|20 ; out0             ;
; |ALU_LAB3|METRIX:mul_lab3|cell:inst62|inst1                ; |ALU_LAB3|METRIX:mul_lab3|cell:inst62|inst1                ; out0             ;
; |ALU_LAB3|METRIX:mul_lab3|cell:inst62|FA:inst|7482:inst|8  ; |ALU_LAB3|METRIX:mul_lab3|cell:inst62|FA:inst|7482:inst|8  ; out0             ;
; |ALU_LAB3|METRIX:mul_lab3|cell:inst62|FA:inst|7482:inst|3  ; |ALU_LAB3|METRIX:mul_lab3|cell:inst62|FA:inst|7482:inst|3  ; out0             ;
; |ALU_LAB3|METRIX:mul_lab3|cell:inst62|FA:inst|7482:inst|27 ; |ALU_LAB3|METRIX:mul_lab3|cell:inst62|FA:inst|7482:inst|27 ; out0             ;
; |ALU_LAB3|METRIX:mul_lab3|cell:inst62|FA:inst|7482:inst|25 ; |ALU_LAB3|METRIX:mul_lab3|cell:inst62|FA:inst|7482:inst|25 ; out0             ;
; |ALU_LAB3|METRIX:mul_lab3|cell:inst62|FA:inst|7482:inst|17 ; |ALU_LAB3|METRIX:mul_lab3|cell:inst62|FA:inst|7482:inst|17 ; out0             ;
; |ALU_LAB3|METRIX:mul_lab3|cell:inst62|FA:inst|7482:inst|20 ; |ALU_LAB3|METRIX:mul_lab3|cell:inst62|FA:inst|7482:inst|20 ; out0             ;
; |ALU_LAB3|METRIX:mul_lab3|cell:inst47|inst1                ; |ALU_LAB3|METRIX:mul_lab3|cell:inst47|inst1                ; out0             ;
; |ALU_LAB3|METRIX:mul_lab3|cell:inst47|FA:inst|7482:inst|8  ; |ALU_LAB3|METRIX:mul_lab3|cell:inst47|FA:inst|7482:inst|8  ; out0             ;
; |ALU_LAB3|METRIX:mul_lab3|cell:inst47|FA:inst|7482:inst|3  ; |ALU_LAB3|METRIX:mul_lab3|cell:inst47|FA:inst|7482:inst|3  ; out0             ;
; |ALU_LAB3|METRIX:mul_lab3|cell:inst47|FA:inst|7482:inst|27 ; |ALU_LAB3|METRIX:mul_lab3|cell:inst47|FA:inst|7482:inst|27 ; out0             ;
; |ALU_LAB3|METRIX:mul_lab3|cell:inst47|FA:inst|7482:inst|25 ; |ALU_LAB3|METRIX:mul_lab3|cell:inst47|FA:inst|7482:inst|25 ; out0             ;
; |ALU_LAB3|METRIX:mul_lab3|cell:inst47|FA:inst|7482:inst|17 ; |ALU_LAB3|METRIX:mul_lab3|cell:inst47|FA:inst|7482:inst|17 ; out0             ;
; |ALU_LAB3|METRIX:mul_lab3|cell:inst47|FA:inst|7482:inst|20 ; |ALU_LAB3|METRIX:mul_lab3|cell:inst47|FA:inst|7482:inst|20 ; out0             ;
; |ALU_LAB3|METRIX:mul_lab3|cell:inst54|inst1                ; |ALU_LAB3|METRIX:mul_lab3|cell:inst54|inst1                ; out0             ;
; |ALU_LAB3|METRIX:mul_lab3|cell:inst54|FA:inst|7482:inst|8  ; |ALU_LAB3|METRIX:mul_lab3|cell:inst54|FA:inst|7482:inst|8  ; out0             ;
; |ALU_LAB3|METRIX:mul_lab3|cell:inst54|FA:inst|7482:inst|3  ; |ALU_LAB3|METRIX:mul_lab3|cell:inst54|FA:inst|7482:inst|3  ; out0             ;
; |ALU_LAB3|METRIX:mul_lab3|cell:inst54|FA:inst|7482:inst|27 ; |ALU_LAB3|METRIX:mul_lab3|cell:inst54|FA:inst|7482:inst|27 ; out0             ;
; |ALU_LAB3|METRIX:mul_lab3|cell:inst54|FA:inst|7482:inst|25 ; |ALU_LAB3|METRIX:mul_lab3|cell:inst54|FA:inst|7482:inst|25 ; out0             ;
; |ALU_LAB3|METRIX:mul_lab3|cell:inst54|FA:inst|7482:inst|17 ; |ALU_LAB3|METRIX:mul_lab3|cell:inst54|FA:inst|7482:inst|17 ; out0             ;
; |ALU_LAB3|METRIX:mul_lab3|cell:inst54|FA:inst|7482:inst|20 ; |ALU_LAB3|METRIX:mul_lab3|cell:inst54|FA:inst|7482:inst|20 ; out0             ;
; |ALU_LAB3|METRIX:mul_lab3|cell:inst61|inst1                ; |ALU_LAB3|METRIX:mul_lab3|cell:inst61|inst1                ; out0             ;
; |ALU_LAB3|METRIX:mul_lab3|cell:inst61|FA:inst|7482:inst|8  ; |ALU_LAB3|METRIX:mul_lab3|cell:inst61|FA:inst|7482:inst|8  ; out0             ;
; |ALU_LAB3|METRIX:mul_lab3|cell:inst61|FA:inst|7482:inst|3  ; |ALU_LAB3|METRIX:mul_lab3|cell:inst61|FA:inst|7482:inst|3  ; out0             ;
; |ALU_LAB3|METRIX:mul_lab3|cell:inst61|FA:inst|7482:inst|27 ; |ALU_LAB3|METRIX:mul_lab3|cell:inst61|FA:inst|7482:inst|27 ; out0             ;
; |ALU_LAB3|METRIX:mul_lab3|cell:inst61|FA:inst|7482:inst|25 ; |ALU_LAB3|METRIX:mul_lab3|cell:inst61|FA:inst|7482:inst|25 ; out0             ;
; |ALU_LAB3|METRIX:mul_lab3|cell:inst61|FA:inst|7482:inst|17 ; |ALU_LAB3|METRIX:mul_lab3|cell:inst61|FA:inst|7482:inst|17 ; out0             ;
; |ALU_LAB3|METRIX:mul_lab3|cell:inst61|FA:inst|7482:inst|20 ; |ALU_LAB3|METRIX:mul_lab3|cell:inst61|FA:inst|7482:inst|20 ; out0             ;
; |ALU_LAB3|METRIX:mul_lab3|cell:inst39|inst1                ; |ALU_LAB3|METRIX:mul_lab3|cell:inst39|inst1                ; out0             ;
; |ALU_LAB3|METRIX:mul_lab3|cell:inst39|FA:inst|7482:inst|8  ; |ALU_LAB3|METRIX:mul_lab3|cell:inst39|FA:inst|7482:inst|8  ; out0             ;
; |ALU_LAB3|METRIX:mul_lab3|cell:inst39|FA:inst|7482:inst|3  ; |ALU_LAB3|METRIX:mul_lab3|cell:inst39|FA:inst|7482:inst|3  ; out0             ;
; |ALU_LAB3|METRIX:mul_lab3|cell:inst39|FA:inst|7482:inst|27 ; |ALU_LAB3|METRIX:mul_lab3|cell:inst39|FA:inst|7482:inst|27 ; out0             ;
; |ALU_LAB3|METRIX:mul_lab3|cell:inst39|FA:inst|7482:inst|25 ; |ALU_LAB3|METRIX:mul_lab3|cell:inst39|FA:inst|7482:inst|25 ; out0             ;
; |ALU_LAB3|METRIX:mul_lab3|cell:inst39|FA:inst|7482:inst|17 ; |ALU_LAB3|METRIX:mul_lab3|cell:inst39|FA:inst|7482:inst|17 ; out0             ;
; |ALU_LAB3|METRIX:mul_lab3|cell:inst39|FA:inst|7482:inst|20 ; |ALU_LAB3|METRIX:mul_lab3|cell:inst39|FA:inst|7482:inst|20 ; out0             ;
; |ALU_LAB3|METRIX:mul_lab3|cell:inst46|inst1                ; |ALU_LAB3|METRIX:mul_lab3|cell:inst46|inst1                ; out0             ;
; |ALU_LAB3|METRIX:mul_lab3|cell:inst46|FA:inst|7482:inst|8  ; |ALU_LAB3|METRIX:mul_lab3|cell:inst46|FA:inst|7482:inst|8  ; out0             ;
; |ALU_LAB3|METRIX:mul_lab3|cell:inst46|FA:inst|7482:inst|3  ; |ALU_LAB3|METRIX:mul_lab3|cell:inst46|FA:inst|7482:inst|3  ; out0             ;
; |ALU_LAB3|METRIX:mul_lab3|cell:inst46|FA:inst|7482:inst|27 ; |ALU_LAB3|METRIX:mul_lab3|cell:inst46|FA:inst|7482:inst|27 ; out0             ;
; |ALU_LAB3|METRIX:mul_lab3|cell:inst46|FA:inst|7482:inst|25 ; |ALU_LAB3|METRIX:mul_lab3|cell:inst46|FA:inst|7482:inst|25 ; out0             ;
; |ALU_LAB3|METRIX:mul_lab3|cell:inst46|FA:inst|7482:inst|17 ; |ALU_LAB3|METRIX:mul_lab3|cell:inst46|FA:inst|7482:inst|17 ; out0             ;
; |ALU_LAB3|METRIX:mul_lab3|cell:inst46|FA:inst|7482:inst|20 ; |ALU_LAB3|METRIX:mul_lab3|cell:inst46|FA:inst|7482:inst|20 ; out0             ;
; |ALU_LAB3|METRIX:mul_lab3|cell:inst53|inst1                ; |ALU_LAB3|METRIX:mul_lab3|cell:inst53|inst1                ; out0             ;
; |ALU_LAB3|METRIX:mul_lab3|cell:inst53|FA:inst|7482:inst|8  ; |ALU_LAB3|METRIX:mul_lab3|cell:inst53|FA:inst|7482:inst|8  ; out0             ;
; |ALU_LAB3|METRIX:mul_lab3|cell:inst53|FA:inst|7482:inst|3  ; |ALU_LAB3|METRIX:mul_lab3|cell:inst53|FA:inst|7482:inst|3  ; out0             ;
; |ALU_LAB3|METRIX:mul_lab3|cell:inst53|FA:inst|7482:inst|27 ; |ALU_LAB3|METRIX:mul_lab3|cell:inst53|FA:inst|7482:inst|27 ; out0             ;
; |ALU_LAB3|METRIX:mul_lab3|cell:inst53|FA:inst|7482:inst|25 ; |ALU_LAB3|METRIX:mul_lab3|cell:inst53|FA:inst|7482:inst|25 ; out0             ;
; |ALU_LAB3|METRIX:mul_lab3|cell:inst53|FA:inst|7482:inst|17 ; |ALU_LAB3|METRIX:mul_lab3|cell:inst53|FA:inst|7482:inst|17 ; out0             ;
; |ALU_LAB3|METRIX:mul_lab3|cell:inst53|FA:inst|7482:inst|20 ; |ALU_LAB3|METRIX:mul_lab3|cell:inst53|FA:inst|7482:inst|20 ; out0             ;
; |ALU_LAB3|METRIX:mul_lab3|cell:inst60|inst1                ; |ALU_LAB3|METRIX:mul_lab3|cell:inst60|inst1                ; out0             ;
; |ALU_LAB3|METRIX:mul_lab3|cell:inst60|FA:inst|7482:inst|8  ; |ALU_LAB3|METRIX:mul_lab3|cell:inst60|FA:inst|7482:inst|8  ; out0             ;
; |ALU_LAB3|METRIX:mul_lab3|cell:inst60|FA:inst|7482:inst|3  ; |ALU_LAB3|METRIX:mul_lab3|cell:inst60|FA:inst|7482:inst|3  ; out0             ;
; |ALU_LAB3|METRIX:mul_lab3|cell:inst60|FA:inst|7482:inst|27 ; |ALU_LAB3|METRIX:mul_lab3|cell:inst60|FA:inst|7482:inst|27 ; out0             ;
; |ALU_LAB3|METRIX:mul_lab3|cell:inst60|FA:inst|7482:inst|25 ; |ALU_LAB3|METRIX:mul_lab3|cell:inst60|FA:inst|7482:inst|25 ; out0             ;
; |ALU_LAB3|METRIX:mul_lab3|cell:inst60|FA:inst|7482:inst|17 ; |ALU_LAB3|METRIX:mul_lab3|cell:inst60|FA:inst|7482:inst|17 ; out0             ;
; |ALU_LAB3|METRIX:mul_lab3|cell:inst60|FA:inst|7482:inst|20 ; |ALU_LAB3|METRIX:mul_lab3|cell:inst60|FA:inst|7482:inst|20 ; out0             ;
; |ALU_LAB3|METRIX:mul_lab3|cell:inst30|inst1                ; |ALU_LAB3|METRIX:mul_lab3|cell:inst30|inst1                ; out0             ;
; |ALU_LAB3|METRIX:mul_lab3|cell:inst30|FA:inst|7482:inst|8  ; |ALU_LAB3|METRIX:mul_lab3|cell:inst30|FA:inst|7482:inst|8  ; out0             ;
; |ALU_LAB3|METRIX:mul_lab3|cell:inst30|FA:inst|7482:inst|3  ; |ALU_LAB3|METRIX:mul_lab3|cell:inst30|FA:inst|7482:inst|3  ; out0             ;
; |ALU_LAB3|METRIX:mul_lab3|cell:inst30|FA:inst|7482:inst|27 ; |ALU_LAB3|METRIX:mul_lab3|cell:inst30|FA:inst|7482:inst|27 ; out0             ;
; |ALU_LAB3|METRIX:mul_lab3|cell:inst30|FA:inst|7482:inst|25 ; |ALU_LAB3|METRIX:mul_lab3|cell:inst30|FA:inst|7482:inst|25 ; out0             ;
; |ALU_LAB3|METRIX:mul_lab3|cell:inst30|FA:inst|7482:inst|17 ; |ALU_LAB3|METRIX:mul_lab3|cell:inst30|FA:inst|7482:inst|17 ; out0             ;
; |ALU_LAB3|METRIX:mul_lab3|cell:inst30|FA:inst|7482:inst|20 ; |ALU_LAB3|METRIX:mul_lab3|cell:inst30|FA:inst|7482:inst|20 ; out0             ;
; |ALU_LAB3|METRIX:mul_lab3|cell:inst38|inst1                ; |ALU_LAB3|METRIX:mul_lab3|cell:inst38|inst1                ; out0             ;
; |ALU_LAB3|METRIX:mul_lab3|cell:inst38|FA:inst|7482:inst|8  ; |ALU_LAB3|METRIX:mul_lab3|cell:inst38|FA:inst|7482:inst|8  ; out0             ;
; |ALU_LAB3|METRIX:mul_lab3|cell:inst38|FA:inst|7482:inst|3  ; |ALU_LAB3|METRIX:mul_lab3|cell:inst38|FA:inst|7482:inst|3  ; out0             ;
; |ALU_LAB3|METRIX:mul_lab3|cell:inst38|FA:inst|7482:inst|27 ; |ALU_LAB3|METRIX:mul_lab3|cell:inst38|FA:inst|7482:inst|27 ; out0             ;
; |ALU_LAB3|METRIX:mul_lab3|cell:inst38|FA:inst|7482:inst|25 ; |ALU_LAB3|METRIX:mul_lab3|cell:inst38|FA:inst|7482:inst|25 ; out0             ;
; |ALU_LAB3|METRIX:mul_lab3|cell:inst38|FA:inst|7482:inst|17 ; |ALU_LAB3|METRIX:mul_lab3|cell:inst38|FA:inst|7482:inst|17 ; out0             ;
; |ALU_LAB3|METRIX:mul_lab3|cell:inst38|FA:inst|7482:inst|20 ; |ALU_LAB3|METRIX:mul_lab3|cell:inst38|FA:inst|7482:inst|20 ; out0             ;
; |ALU_LAB3|METRIX:mul_lab3|cell:inst45|inst1                ; |ALU_LAB3|METRIX:mul_lab3|cell:inst45|inst1                ; out0             ;
; |ALU_LAB3|METRIX:mul_lab3|cell:inst45|FA:inst|7482:inst|8  ; |ALU_LAB3|METRIX:mul_lab3|cell:inst45|FA:inst|7482:inst|8  ; out0             ;
; |ALU_LAB3|METRIX:mul_lab3|cell:inst45|FA:inst|7482:inst|3  ; |ALU_LAB3|METRIX:mul_lab3|cell:inst45|FA:inst|7482:inst|3  ; out0             ;
; |ALU_LAB3|METRIX:mul_lab3|cell:inst45|FA:inst|7482:inst|27 ; |ALU_LAB3|METRIX:mul_lab3|cell:inst45|FA:inst|7482:inst|27 ; out0             ;
; |ALU_LAB3|METRIX:mul_lab3|cell:inst45|FA:inst|7482:inst|25 ; |ALU_LAB3|METRIX:mul_lab3|cell:inst45|FA:inst|7482:inst|25 ; out0             ;
; |ALU_LAB3|METRIX:mul_lab3|cell:inst45|FA:inst|7482:inst|17 ; |ALU_LAB3|METRIX:mul_lab3|cell:inst45|FA:inst|7482:inst|17 ; out0             ;
; |ALU_LAB3|METRIX:mul_lab3|cell:inst45|FA:inst|7482:inst|20 ; |ALU_LAB3|METRIX:mul_lab3|cell:inst45|FA:inst|7482:inst|20 ; out0             ;
; |ALU_LAB3|METRIX:mul_lab3|cell:inst52|inst1                ; |ALU_LAB3|METRIX:mul_lab3|cell:inst52|inst1                ; out0             ;
; |ALU_LAB3|METRIX:mul_lab3|cell:inst52|FA:inst|7482:inst|8  ; |ALU_LAB3|METRIX:mul_lab3|cell:inst52|FA:inst|7482:inst|8  ; out0             ;
; |ALU_LAB3|METRIX:mul_lab3|cell:inst52|FA:inst|7482:inst|3  ; |ALU_LAB3|METRIX:mul_lab3|cell:inst52|FA:inst|7482:inst|3  ; out0             ;
; |ALU_LAB3|METRIX:mul_lab3|cell:inst52|FA:inst|7482:inst|27 ; |ALU_LAB3|METRIX:mul_lab3|cell:inst52|FA:inst|7482:inst|27 ; out0             ;
; |ALU_LAB3|METRIX:mul_lab3|cell:inst52|FA:inst|7482:inst|25 ; |ALU_LAB3|METRIX:mul_lab3|cell:inst52|FA:inst|7482:inst|25 ; out0             ;
; |ALU_LAB3|METRIX:mul_lab3|cell:inst52|FA:inst|7482:inst|17 ; |ALU_LAB3|METRIX:mul_lab3|cell:inst52|FA:inst|7482:inst|17 ; out0             ;
; |ALU_LAB3|METRIX:mul_lab3|cell:inst52|FA:inst|7482:inst|20 ; |ALU_LAB3|METRIX:mul_lab3|cell:inst52|FA:inst|7482:inst|20 ; out0             ;
; |ALU_LAB3|METRIX:mul_lab3|cell:inst59|inst1                ; |ALU_LAB3|METRIX:mul_lab3|cell:inst59|inst1                ; out0             ;
; |ALU_LAB3|METRIX:mul_lab3|cell:inst59|FA:inst|7482:inst|8  ; |ALU_LAB3|METRIX:mul_lab3|cell:inst59|FA:inst|7482:inst|8  ; out0             ;
; |ALU_LAB3|METRIX:mul_lab3|cell:inst59|FA:inst|7482:inst|3  ; |ALU_LAB3|METRIX:mul_lab3|cell:inst59|FA:inst|7482:inst|3  ; out0             ;
; |ALU_LAB3|METRIX:mul_lab3|cell:inst59|FA:inst|7482:inst|27 ; |ALU_LAB3|METRIX:mul_lab3|cell:inst59|FA:inst|7482:inst|27 ; out0             ;
; |ALU_LAB3|METRIX:mul_lab3|cell:inst59|FA:inst|7482:inst|25 ; |ALU_LAB3|METRIX:mul_lab3|cell:inst59|FA:inst|7482:inst|25 ; out0             ;
; |ALU_LAB3|METRIX:mul_lab3|cell:inst59|FA:inst|7482:inst|17 ; |ALU_LAB3|METRIX:mul_lab3|cell:inst59|FA:inst|7482:inst|17 ; out0             ;
; |ALU_LAB3|METRIX:mul_lab3|cell:inst59|FA:inst|7482:inst|20 ; |ALU_LAB3|METRIX:mul_lab3|cell:inst59|FA:inst|7482:inst|20 ; out0             ;
; |ALU_LAB3|METRIX:mul_lab3|cell:inst22|inst1                ; |ALU_LAB3|METRIX:mul_lab3|cell:inst22|inst1                ; out0             ;
; |ALU_LAB3|METRIX:mul_lab3|cell:inst22|FA:inst|7482:inst|8  ; |ALU_LAB3|METRIX:mul_lab3|cell:inst22|FA:inst|7482:inst|8  ; out0             ;
; |ALU_LAB3|METRIX:mul_lab3|cell:inst22|FA:inst|7482:inst|3  ; |ALU_LAB3|METRIX:mul_lab3|cell:inst22|FA:inst|7482:inst|3  ; out0             ;
; |ALU_LAB3|METRIX:mul_lab3|cell:inst22|FA:inst|7482:inst|27 ; |ALU_LAB3|METRIX:mul_lab3|cell:inst22|FA:inst|7482:inst|27 ; out0             ;
; |ALU_LAB3|METRIX:mul_lab3|cell:inst22|FA:inst|7482:inst|25 ; |ALU_LAB3|METRIX:mul_lab3|cell:inst22|FA:inst|7482:inst|25 ; out0             ;
; |ALU_LAB3|METRIX:mul_lab3|cell:inst22|FA:inst|7482:inst|17 ; |ALU_LAB3|METRIX:mul_lab3|cell:inst22|FA:inst|7482:inst|17 ; out0             ;
; |ALU_LAB3|METRIX:mul_lab3|cell:inst22|FA:inst|7482:inst|20 ; |ALU_LAB3|METRIX:mul_lab3|cell:inst22|FA:inst|7482:inst|20 ; out0             ;
; |ALU_LAB3|METRIX:mul_lab3|cell:inst29|inst1                ; |ALU_LAB3|METRIX:mul_lab3|cell:inst29|inst1                ; out0             ;
; |ALU_LAB3|METRIX:mul_lab3|cell:inst29|FA:inst|7482:inst|8  ; |ALU_LAB3|METRIX:mul_lab3|cell:inst29|FA:inst|7482:inst|8  ; out0             ;
; |ALU_LAB3|METRIX:mul_lab3|cell:inst29|FA:inst|7482:inst|3  ; |ALU_LAB3|METRIX:mul_lab3|cell:inst29|FA:inst|7482:inst|3  ; out0             ;
; |ALU_LAB3|METRIX:mul_lab3|cell:inst29|FA:inst|7482:inst|27 ; |ALU_LAB3|METRIX:mul_lab3|cell:inst29|FA:inst|7482:inst|27 ; out0             ;
; |ALU_LAB3|METRIX:mul_lab3|cell:inst29|FA:inst|7482:inst|25 ; |ALU_LAB3|METRIX:mul_lab3|cell:inst29|FA:inst|7482:inst|25 ; out0             ;
; |ALU_LAB3|METRIX:mul_lab3|cell:inst29|FA:inst|7482:inst|17 ; |ALU_LAB3|METRIX:mul_lab3|cell:inst29|FA:inst|7482:inst|17 ; out0             ;
; |ALU_LAB3|METRIX:mul_lab3|cell:inst29|FA:inst|7482:inst|20 ; |ALU_LAB3|METRIX:mul_lab3|cell:inst29|FA:inst|7482:inst|20 ; out0             ;
; |ALU_LAB3|METRIX:mul_lab3|cell:inst37|inst1                ; |ALU_LAB3|METRIX:mul_lab3|cell:inst37|inst1                ; out0             ;
; |ALU_LAB3|METRIX:mul_lab3|cell:inst37|FA:inst|7482:inst|8  ; |ALU_LAB3|METRIX:mul_lab3|cell:inst37|FA:inst|7482:inst|8  ; out0             ;
; |ALU_LAB3|METRIX:mul_lab3|cell:inst37|FA:inst|7482:inst|3  ; |ALU_LAB3|METRIX:mul_lab3|cell:inst37|FA:inst|7482:inst|3  ; out0             ;
; |ALU_LAB3|METRIX:mul_lab3|cell:inst37|FA:inst|7482:inst|27 ; |ALU_LAB3|METRIX:mul_lab3|cell:inst37|FA:inst|7482:inst|27 ; out0             ;
; |ALU_LAB3|METRIX:mul_lab3|cell:inst37|FA:inst|7482:inst|25 ; |ALU_LAB3|METRIX:mul_lab3|cell:inst37|FA:inst|7482:inst|25 ; out0             ;
; |ALU_LAB3|METRIX:mul_lab3|cell:inst37|FA:inst|7482:inst|17 ; |ALU_LAB3|METRIX:mul_lab3|cell:inst37|FA:inst|7482:inst|17 ; out0             ;
; |ALU_LAB3|METRIX:mul_lab3|cell:inst37|FA:inst|7482:inst|20 ; |ALU_LAB3|METRIX:mul_lab3|cell:inst37|FA:inst|7482:inst|20 ; out0             ;
; |ALU_LAB3|METRIX:mul_lab3|cell:inst44|inst1                ; |ALU_LAB3|METRIX:mul_lab3|cell:inst44|inst1                ; out0             ;
; |ALU_LAB3|METRIX:mul_lab3|cell:inst44|FA:inst|7482:inst|8  ; |ALU_LAB3|METRIX:mul_lab3|cell:inst44|FA:inst|7482:inst|8  ; out0             ;
; |ALU_LAB3|METRIX:mul_lab3|cell:inst44|FA:inst|7482:inst|3  ; |ALU_LAB3|METRIX:mul_lab3|cell:inst44|FA:inst|7482:inst|3  ; out0             ;
; |ALU_LAB3|METRIX:mul_lab3|cell:inst44|FA:inst|7482:inst|27 ; |ALU_LAB3|METRIX:mul_lab3|cell:inst44|FA:inst|7482:inst|27 ; out0             ;
; |ALU_LAB3|METRIX:mul_lab3|cell:inst44|FA:inst|7482:inst|25 ; |ALU_LAB3|METRIX:mul_lab3|cell:inst44|FA:inst|7482:inst|25 ; out0             ;
; |ALU_LAB3|METRIX:mul_lab3|cell:inst44|FA:inst|7482:inst|17 ; |ALU_LAB3|METRIX:mul_lab3|cell:inst44|FA:inst|7482:inst|17 ; out0             ;
; |ALU_LAB3|METRIX:mul_lab3|cell:inst44|FA:inst|7482:inst|20 ; |ALU_LAB3|METRIX:mul_lab3|cell:inst44|FA:inst|7482:inst|20 ; out0             ;
; |ALU_LAB3|METRIX:mul_lab3|cell:inst51|inst1                ; |ALU_LAB3|METRIX:mul_lab3|cell:inst51|inst1                ; out0             ;
; |ALU_LAB3|METRIX:mul_lab3|cell:inst51|FA:inst|7482:inst|8  ; |ALU_LAB3|METRIX:mul_lab3|cell:inst51|FA:inst|7482:inst|8  ; out0             ;
; |ALU_LAB3|METRIX:mul_lab3|cell:inst51|FA:inst|7482:inst|3  ; |ALU_LAB3|METRIX:mul_lab3|cell:inst51|FA:inst|7482:inst|3  ; out0             ;
; |ALU_LAB3|METRIX:mul_lab3|cell:inst51|FA:inst|7482:inst|27 ; |ALU_LAB3|METRIX:mul_lab3|cell:inst51|FA:inst|7482:inst|27 ; out0             ;
; |ALU_LAB3|METRIX:mul_lab3|cell:inst51|FA:inst|7482:inst|25 ; |ALU_LAB3|METRIX:mul_lab3|cell:inst51|FA:inst|7482:inst|25 ; out0             ;
; |ALU_LAB3|METRIX:mul_lab3|cell:inst51|FA:inst|7482:inst|17 ; |ALU_LAB3|METRIX:mul_lab3|cell:inst51|FA:inst|7482:inst|17 ; out0             ;
; |ALU_LAB3|METRIX:mul_lab3|cell:inst51|FA:inst|7482:inst|20 ; |ALU_LAB3|METRIX:mul_lab3|cell:inst51|FA:inst|7482:inst|20 ; out0             ;
; |ALU_LAB3|METRIX:mul_lab3|cell:inst58|inst1                ; |ALU_LAB3|METRIX:mul_lab3|cell:inst58|inst1                ; out0             ;
; |ALU_LAB3|METRIX:mul_lab3|cell:inst58|FA:inst|7482:inst|8  ; |ALU_LAB3|METRIX:mul_lab3|cell:inst58|FA:inst|7482:inst|8  ; out0             ;
; |ALU_LAB3|METRIX:mul_lab3|cell:inst58|FA:inst|7482:inst|3  ; |ALU_LAB3|METRIX:mul_lab3|cell:inst58|FA:inst|7482:inst|3  ; out0             ;
; |ALU_LAB3|METRIX:mul_lab3|cell:inst58|FA:inst|7482:inst|27 ; |ALU_LAB3|METRIX:mul_lab3|cell:inst58|FA:inst|7482:inst|27 ; out0             ;
; |ALU_LAB3|METRIX:mul_lab3|cell:inst58|FA:inst|7482:inst|25 ; |ALU_LAB3|METRIX:mul_lab3|cell:inst58|FA:inst|7482:inst|25 ; out0             ;
; |ALU_LAB3|METRIX:mul_lab3|cell:inst58|FA:inst|7482:inst|17 ; |ALU_LAB3|METRIX:mul_lab3|cell:inst58|FA:inst|7482:inst|17 ; out0             ;
; |ALU_LAB3|METRIX:mul_lab3|cell:inst58|FA:inst|7482:inst|20 ; |ALU_LAB3|METRIX:mul_lab3|cell:inst58|FA:inst|7482:inst|20 ; out0             ;
; |ALU_LAB3|METRIX:mul_lab3|cell:inst15|inst1                ; |ALU_LAB3|METRIX:mul_lab3|cell:inst15|inst1                ; out0             ;
; |ALU_LAB3|METRIX:mul_lab3|cell:inst15|FA:inst|7482:inst|8  ; |ALU_LAB3|METRIX:mul_lab3|cell:inst15|FA:inst|7482:inst|8  ; out0             ;
; |ALU_LAB3|METRIX:mul_lab3|cell:inst15|FA:inst|7482:inst|25 ; |ALU_LAB3|METRIX:mul_lab3|cell:inst15|FA:inst|7482:inst|25 ; out0             ;
; |ALU_LAB3|METRIX:mul_lab3|cell:inst15|FA:inst|7482:inst|17 ; |ALU_LAB3|METRIX:mul_lab3|cell:inst15|FA:inst|7482:inst|17 ; out0             ;
; |ALU_LAB3|METRIX:mul_lab3|cell:inst21|inst1                ; |ALU_LAB3|METRIX:mul_lab3|cell:inst21|inst1                ; out0             ;
; |ALU_LAB3|METRIX:mul_lab3|cell:inst21|FA:inst|7482:inst|8  ; |ALU_LAB3|METRIX:mul_lab3|cell:inst21|FA:inst|7482:inst|8  ; out0             ;
; |ALU_LAB3|METRIX:mul_lab3|cell:inst21|FA:inst|7482:inst|3  ; |ALU_LAB3|METRIX:mul_lab3|cell:inst21|FA:inst|7482:inst|3  ; out0             ;
; |ALU_LAB3|METRIX:mul_lab3|cell:inst21|FA:inst|7482:inst|27 ; |ALU_LAB3|METRIX:mul_lab3|cell:inst21|FA:inst|7482:inst|27 ; out0             ;
; |ALU_LAB3|METRIX:mul_lab3|cell:inst21|FA:inst|7482:inst|25 ; |ALU_LAB3|METRIX:mul_lab3|cell:inst21|FA:inst|7482:inst|25 ; out0             ;
; |ALU_LAB3|METRIX:mul_lab3|cell:inst21|FA:inst|7482:inst|17 ; |ALU_LAB3|METRIX:mul_lab3|cell:inst21|FA:inst|7482:inst|17 ; out0             ;
; |ALU_LAB3|METRIX:mul_lab3|cell:inst21|FA:inst|7482:inst|20 ; |ALU_LAB3|METRIX:mul_lab3|cell:inst21|FA:inst|7482:inst|20 ; out0             ;
; |ALU_LAB3|METRIX:mul_lab3|cell:inst28|inst1                ; |ALU_LAB3|METRIX:mul_lab3|cell:inst28|inst1                ; out0             ;
; |ALU_LAB3|METRIX:mul_lab3|cell:inst28|FA:inst|7482:inst|8  ; |ALU_LAB3|METRIX:mul_lab3|cell:inst28|FA:inst|7482:inst|8  ; out0             ;
; |ALU_LAB3|METRIX:mul_lab3|cell:inst28|FA:inst|7482:inst|3  ; |ALU_LAB3|METRIX:mul_lab3|cell:inst28|FA:inst|7482:inst|3  ; out0             ;
; |ALU_LAB3|METRIX:mul_lab3|cell:inst28|FA:inst|7482:inst|27 ; |ALU_LAB3|METRIX:mul_lab3|cell:inst28|FA:inst|7482:inst|27 ; out0             ;
; |ALU_LAB3|METRIX:mul_lab3|cell:inst28|FA:inst|7482:inst|25 ; |ALU_LAB3|METRIX:mul_lab3|cell:inst28|FA:inst|7482:inst|25 ; out0             ;
; |ALU_LAB3|METRIX:mul_lab3|cell:inst28|FA:inst|7482:inst|17 ; |ALU_LAB3|METRIX:mul_lab3|cell:inst28|FA:inst|7482:inst|17 ; out0             ;
; |ALU_LAB3|METRIX:mul_lab3|cell:inst28|FA:inst|7482:inst|20 ; |ALU_LAB3|METRIX:mul_lab3|cell:inst28|FA:inst|7482:inst|20 ; out0             ;
; |ALU_LAB3|METRIX:mul_lab3|cell:inst36|inst1                ; |ALU_LAB3|METRIX:mul_lab3|cell:inst36|inst1                ; out0             ;
; |ALU_LAB3|METRIX:mul_lab3|cell:inst36|FA:inst|7482:inst|8  ; |ALU_LAB3|METRIX:mul_lab3|cell:inst36|FA:inst|7482:inst|8  ; out0             ;
; |ALU_LAB3|METRIX:mul_lab3|cell:inst36|FA:inst|7482:inst|3  ; |ALU_LAB3|METRIX:mul_lab3|cell:inst36|FA:inst|7482:inst|3  ; out0             ;
; |ALU_LAB3|METRIX:mul_lab3|cell:inst36|FA:inst|7482:inst|27 ; |ALU_LAB3|METRIX:mul_lab3|cell:inst36|FA:inst|7482:inst|27 ; out0             ;
; |ALU_LAB3|METRIX:mul_lab3|cell:inst36|FA:inst|7482:inst|25 ; |ALU_LAB3|METRIX:mul_lab3|cell:inst36|FA:inst|7482:inst|25 ; out0             ;
; |ALU_LAB3|METRIX:mul_lab3|cell:inst36|FA:inst|7482:inst|17 ; |ALU_LAB3|METRIX:mul_lab3|cell:inst36|FA:inst|7482:inst|17 ; out0             ;
; |ALU_LAB3|METRIX:mul_lab3|cell:inst36|FA:inst|7482:inst|20 ; |ALU_LAB3|METRIX:mul_lab3|cell:inst36|FA:inst|7482:inst|20 ; out0             ;
; |ALU_LAB3|METRIX:mul_lab3|cell:inst43|inst1                ; |ALU_LAB3|METRIX:mul_lab3|cell:inst43|inst1                ; out0             ;
; |ALU_LAB3|METRIX:mul_lab3|cell:inst43|FA:inst|7482:inst|8  ; |ALU_LAB3|METRIX:mul_lab3|cell:inst43|FA:inst|7482:inst|8  ; out0             ;
; |ALU_LAB3|METRIX:mul_lab3|cell:inst43|FA:inst|7482:inst|3  ; |ALU_LAB3|METRIX:mul_lab3|cell:inst43|FA:inst|7482:inst|3  ; out0             ;
; |ALU_LAB3|METRIX:mul_lab3|cell:inst43|FA:inst|7482:inst|27 ; |ALU_LAB3|METRIX:mul_lab3|cell:inst43|FA:inst|7482:inst|27 ; out0             ;
; |ALU_LAB3|METRIX:mul_lab3|cell:inst43|FA:inst|7482:inst|25 ; |ALU_LAB3|METRIX:mul_lab3|cell:inst43|FA:inst|7482:inst|25 ; out0             ;
; |ALU_LAB3|METRIX:mul_lab3|cell:inst43|FA:inst|7482:inst|17 ; |ALU_LAB3|METRIX:mul_lab3|cell:inst43|FA:inst|7482:inst|17 ; out0             ;
; |ALU_LAB3|METRIX:mul_lab3|cell:inst43|FA:inst|7482:inst|20 ; |ALU_LAB3|METRIX:mul_lab3|cell:inst43|FA:inst|7482:inst|20 ; out0             ;
; |ALU_LAB3|METRIX:mul_lab3|cell:inst50|inst1                ; |ALU_LAB3|METRIX:mul_lab3|cell:inst50|inst1                ; out0             ;
; |ALU_LAB3|METRIX:mul_lab3|cell:inst50|FA:inst|7482:inst|8  ; |ALU_LAB3|METRIX:mul_lab3|cell:inst50|FA:inst|7482:inst|8  ; out0             ;
; |ALU_LAB3|METRIX:mul_lab3|cell:inst50|FA:inst|7482:inst|3  ; |ALU_LAB3|METRIX:mul_lab3|cell:inst50|FA:inst|7482:inst|3  ; out0             ;
; |ALU_LAB3|METRIX:mul_lab3|cell:inst50|FA:inst|7482:inst|27 ; |ALU_LAB3|METRIX:mul_lab3|cell:inst50|FA:inst|7482:inst|27 ; out0             ;
; |ALU_LAB3|METRIX:mul_lab3|cell:inst50|FA:inst|7482:inst|25 ; |ALU_LAB3|METRIX:mul_lab3|cell:inst50|FA:inst|7482:inst|25 ; out0             ;
; |ALU_LAB3|METRIX:mul_lab3|cell:inst50|FA:inst|7482:inst|17 ; |ALU_LAB3|METRIX:mul_lab3|cell:inst50|FA:inst|7482:inst|17 ; out0             ;
; |ALU_LAB3|METRIX:mul_lab3|cell:inst50|FA:inst|7482:inst|20 ; |ALU_LAB3|METRIX:mul_lab3|cell:inst50|FA:inst|7482:inst|20 ; out0             ;
; |ALU_LAB3|METRIX:mul_lab3|cell:inst57|inst1                ; |ALU_LAB3|METRIX:mul_lab3|cell:inst57|inst1                ; out0             ;
; |ALU_LAB3|METRIX:mul_lab3|cell:inst57|FA:inst|7482:inst|8  ; |ALU_LAB3|METRIX:mul_lab3|cell:inst57|FA:inst|7482:inst|8  ; out0             ;
; |ALU_LAB3|METRIX:mul_lab3|cell:inst57|FA:inst|7482:inst|3  ; |ALU_LAB3|METRIX:mul_lab3|cell:inst57|FA:inst|7482:inst|3  ; out0             ;
; |ALU_LAB3|METRIX:mul_lab3|cell:inst57|FA:inst|7482:inst|27 ; |ALU_LAB3|METRIX:mul_lab3|cell:inst57|FA:inst|7482:inst|27 ; out0             ;
; |ALU_LAB3|METRIX:mul_lab3|cell:inst57|FA:inst|7482:inst|25 ; |ALU_LAB3|METRIX:mul_lab3|cell:inst57|FA:inst|7482:inst|25 ; out0             ;
; |ALU_LAB3|METRIX:mul_lab3|cell:inst57|FA:inst|7482:inst|17 ; |ALU_LAB3|METRIX:mul_lab3|cell:inst57|FA:inst|7482:inst|17 ; out0             ;
; |ALU_LAB3|METRIX:mul_lab3|cell:inst57|FA:inst|7482:inst|20 ; |ALU_LAB3|METRIX:mul_lab3|cell:inst57|FA:inst|7482:inst|20 ; out0             ;
; |ALU_LAB3|METRIX:mul_lab3|cell:inst7|inst1                 ; |ALU_LAB3|METRIX:mul_lab3|cell:inst7|inst1                 ; out0             ;
; |ALU_LAB3|METRIX:mul_lab3|cell:inst14|inst1                ; |ALU_LAB3|METRIX:mul_lab3|cell:inst14|inst1                ; out0             ;
; |ALU_LAB3|METRIX:mul_lab3|cell:inst14|FA:inst|7482:inst|8  ; |ALU_LAB3|METRIX:mul_lab3|cell:inst14|FA:inst|7482:inst|8  ; out0             ;
; |ALU_LAB3|METRIX:mul_lab3|cell:inst14|FA:inst|7482:inst|3  ; |ALU_LAB3|METRIX:mul_lab3|cell:inst14|FA:inst|7482:inst|3  ; out0             ;
; |ALU_LAB3|METRIX:mul_lab3|cell:inst14|FA:inst|7482:inst|27 ; |ALU_LAB3|METRIX:mul_lab3|cell:inst14|FA:inst|7482:inst|27 ; out0             ;
; |ALU_LAB3|METRIX:mul_lab3|cell:inst14|FA:inst|7482:inst|25 ; |ALU_LAB3|METRIX:mul_lab3|cell:inst14|FA:inst|7482:inst|25 ; out0             ;
; |ALU_LAB3|METRIX:mul_lab3|cell:inst14|FA:inst|7482:inst|17 ; |ALU_LAB3|METRIX:mul_lab3|cell:inst14|FA:inst|7482:inst|17 ; out0             ;
; |ALU_LAB3|METRIX:mul_lab3|cell:inst14|FA:inst|7482:inst|20 ; |ALU_LAB3|METRIX:mul_lab3|cell:inst14|FA:inst|7482:inst|20 ; out0             ;
; |ALU_LAB3|METRIX:mul_lab3|cell:inst20|inst1                ; |ALU_LAB3|METRIX:mul_lab3|cell:inst20|inst1                ; out0             ;
; |ALU_LAB3|METRIX:mul_lab3|cell:inst20|FA:inst|7482:inst|8  ; |ALU_LAB3|METRIX:mul_lab3|cell:inst20|FA:inst|7482:inst|8  ; out0             ;
; |ALU_LAB3|METRIX:mul_lab3|cell:inst20|FA:inst|7482:inst|3  ; |ALU_LAB3|METRIX:mul_lab3|cell:inst20|FA:inst|7482:inst|3  ; out0             ;
; |ALU_LAB3|METRIX:mul_lab3|cell:inst20|FA:inst|7482:inst|27 ; |ALU_LAB3|METRIX:mul_lab3|cell:inst20|FA:inst|7482:inst|27 ; out0             ;
; |ALU_LAB3|METRIX:mul_lab3|cell:inst20|FA:inst|7482:inst|25 ; |ALU_LAB3|METRIX:mul_lab3|cell:inst20|FA:inst|7482:inst|25 ; out0             ;
; |ALU_LAB3|METRIX:mul_lab3|cell:inst20|FA:inst|7482:inst|17 ; |ALU_LAB3|METRIX:mul_lab3|cell:inst20|FA:inst|7482:inst|17 ; out0             ;
; |ALU_LAB3|METRIX:mul_lab3|cell:inst20|FA:inst|7482:inst|20 ; |ALU_LAB3|METRIX:mul_lab3|cell:inst20|FA:inst|7482:inst|20 ; out0             ;
; |ALU_LAB3|METRIX:mul_lab3|cell:inst27|inst1                ; |ALU_LAB3|METRIX:mul_lab3|cell:inst27|inst1                ; out0             ;
; |ALU_LAB3|METRIX:mul_lab3|cell:inst27|FA:inst|7482:inst|8  ; |ALU_LAB3|METRIX:mul_lab3|cell:inst27|FA:inst|7482:inst|8  ; out0             ;
; |ALU_LAB3|METRIX:mul_lab3|cell:inst27|FA:inst|7482:inst|3  ; |ALU_LAB3|METRIX:mul_lab3|cell:inst27|FA:inst|7482:inst|3  ; out0             ;
; |ALU_LAB3|METRIX:mul_lab3|cell:inst27|FA:inst|7482:inst|27 ; |ALU_LAB3|METRIX:mul_lab3|cell:inst27|FA:inst|7482:inst|27 ; out0             ;
; |ALU_LAB3|METRIX:mul_lab3|cell:inst27|FA:inst|7482:inst|25 ; |ALU_LAB3|METRIX:mul_lab3|cell:inst27|FA:inst|7482:inst|25 ; out0             ;
; |ALU_LAB3|METRIX:mul_lab3|cell:inst27|FA:inst|7482:inst|17 ; |ALU_LAB3|METRIX:mul_lab3|cell:inst27|FA:inst|7482:inst|17 ; out0             ;
; |ALU_LAB3|METRIX:mul_lab3|cell:inst27|FA:inst|7482:inst|20 ; |ALU_LAB3|METRIX:mul_lab3|cell:inst27|FA:inst|7482:inst|20 ; out0             ;
; |ALU_LAB3|METRIX:mul_lab3|cell:inst35|inst1                ; |ALU_LAB3|METRIX:mul_lab3|cell:inst35|inst1                ; out0             ;
; |ALU_LAB3|METRIX:mul_lab3|cell:inst35|FA:inst|7482:inst|8  ; |ALU_LAB3|METRIX:mul_lab3|cell:inst35|FA:inst|7482:inst|8  ; out0             ;
; |ALU_LAB3|METRIX:mul_lab3|cell:inst35|FA:inst|7482:inst|3  ; |ALU_LAB3|METRIX:mul_lab3|cell:inst35|FA:inst|7482:inst|3  ; out0             ;
; |ALU_LAB3|METRIX:mul_lab3|cell:inst35|FA:inst|7482:inst|27 ; |ALU_LAB3|METRIX:mul_lab3|cell:inst35|FA:inst|7482:inst|27 ; out0             ;
; |ALU_LAB3|METRIX:mul_lab3|cell:inst35|FA:inst|7482:inst|25 ; |ALU_LAB3|METRIX:mul_lab3|cell:inst35|FA:inst|7482:inst|25 ; out0             ;
; |ALU_LAB3|METRIX:mul_lab3|cell:inst35|FA:inst|7482:inst|17 ; |ALU_LAB3|METRIX:mul_lab3|cell:inst35|FA:inst|7482:inst|17 ; out0             ;
; |ALU_LAB3|METRIX:mul_lab3|cell:inst35|FA:inst|7482:inst|20 ; |ALU_LAB3|METRIX:mul_lab3|cell:inst35|FA:inst|7482:inst|20 ; out0             ;
; |ALU_LAB3|METRIX:mul_lab3|cell:inst42|inst1                ; |ALU_LAB3|METRIX:mul_lab3|cell:inst42|inst1                ; out0             ;
; |ALU_LAB3|METRIX:mul_lab3|cell:inst42|FA:inst|7482:inst|8  ; |ALU_LAB3|METRIX:mul_lab3|cell:inst42|FA:inst|7482:inst|8  ; out0             ;
; |ALU_LAB3|METRIX:mul_lab3|cell:inst42|FA:inst|7482:inst|3  ; |ALU_LAB3|METRIX:mul_lab3|cell:inst42|FA:inst|7482:inst|3  ; out0             ;
; |ALU_LAB3|METRIX:mul_lab3|cell:inst42|FA:inst|7482:inst|27 ; |ALU_LAB3|METRIX:mul_lab3|cell:inst42|FA:inst|7482:inst|27 ; out0             ;
; |ALU_LAB3|METRIX:mul_lab3|cell:inst42|FA:inst|7482:inst|25 ; |ALU_LAB3|METRIX:mul_lab3|cell:inst42|FA:inst|7482:inst|25 ; out0             ;
; |ALU_LAB3|METRIX:mul_lab3|cell:inst42|FA:inst|7482:inst|17 ; |ALU_LAB3|METRIX:mul_lab3|cell:inst42|FA:inst|7482:inst|17 ; out0             ;
; |ALU_LAB3|METRIX:mul_lab3|cell:inst42|FA:inst|7482:inst|20 ; |ALU_LAB3|METRIX:mul_lab3|cell:inst42|FA:inst|7482:inst|20 ; out0             ;
; |ALU_LAB3|METRIX:mul_lab3|cell:inst49|inst1                ; |ALU_LAB3|METRIX:mul_lab3|cell:inst49|inst1                ; out0             ;
; |ALU_LAB3|METRIX:mul_lab3|cell:inst49|FA:inst|7482:inst|8  ; |ALU_LAB3|METRIX:mul_lab3|cell:inst49|FA:inst|7482:inst|8  ; out0             ;
; |ALU_LAB3|METRIX:mul_lab3|cell:inst49|FA:inst|7482:inst|3  ; |ALU_LAB3|METRIX:mul_lab3|cell:inst49|FA:inst|7482:inst|3  ; out0             ;
; |ALU_LAB3|METRIX:mul_lab3|cell:inst49|FA:inst|7482:inst|27 ; |ALU_LAB3|METRIX:mul_lab3|cell:inst49|FA:inst|7482:inst|27 ; out0             ;
; |ALU_LAB3|METRIX:mul_lab3|cell:inst49|FA:inst|7482:inst|25 ; |ALU_LAB3|METRIX:mul_lab3|cell:inst49|FA:inst|7482:inst|25 ; out0             ;
; |ALU_LAB3|METRIX:mul_lab3|cell:inst49|FA:inst|7482:inst|17 ; |ALU_LAB3|METRIX:mul_lab3|cell:inst49|FA:inst|7482:inst|17 ; out0             ;
; |ALU_LAB3|METRIX:mul_lab3|cell:inst49|FA:inst|7482:inst|20 ; |ALU_LAB3|METRIX:mul_lab3|cell:inst49|FA:inst|7482:inst|20 ; out0             ;
; |ALU_LAB3|METRIX:mul_lab3|cell:inst56|inst1                ; |ALU_LAB3|METRIX:mul_lab3|cell:inst56|inst1                ; out0             ;
; |ALU_LAB3|METRIX:mul_lab3|cell:inst56|FA:inst|7482:inst|3  ; |ALU_LAB3|METRIX:mul_lab3|cell:inst56|FA:inst|7482:inst|3  ; out0             ;
; |ALU_LAB3|METRIX:mul_lab3|cell:inst56|FA:inst|7482:inst|20 ; |ALU_LAB3|METRIX:mul_lab3|cell:inst56|FA:inst|7482:inst|20 ; out0             ;
; |ALU_LAB3|METRIX:mul_lab3|cell:inst6|inst1                 ; |ALU_LAB3|METRIX:mul_lab3|cell:inst6|inst1                 ; out0             ;
; |ALU_LAB3|METRIX:mul_lab3|cell:inst13|inst1                ; |ALU_LAB3|METRIX:mul_lab3|cell:inst13|inst1                ; out0             ;
; |ALU_LAB3|METRIX:mul_lab3|cell:inst13|FA:inst|7482:inst|8  ; |ALU_LAB3|METRIX:mul_lab3|cell:inst13|FA:inst|7482:inst|8  ; out0             ;
; |ALU_LAB3|METRIX:mul_lab3|cell:inst13|FA:inst|7482:inst|3  ; |ALU_LAB3|METRIX:mul_lab3|cell:inst13|FA:inst|7482:inst|3  ; out0             ;
; |ALU_LAB3|METRIX:mul_lab3|cell:inst13|FA:inst|7482:inst|27 ; |ALU_LAB3|METRIX:mul_lab3|cell:inst13|FA:inst|7482:inst|27 ; out0             ;
; |ALU_LAB3|METRIX:mul_lab3|cell:inst13|FA:inst|7482:inst|25 ; |ALU_LAB3|METRIX:mul_lab3|cell:inst13|FA:inst|7482:inst|25 ; out0             ;
; |ALU_LAB3|METRIX:mul_lab3|cell:inst13|FA:inst|7482:inst|17 ; |ALU_LAB3|METRIX:mul_lab3|cell:inst13|FA:inst|7482:inst|17 ; out0             ;
; |ALU_LAB3|METRIX:mul_lab3|cell:inst13|FA:inst|7482:inst|20 ; |ALU_LAB3|METRIX:mul_lab3|cell:inst13|FA:inst|7482:inst|20 ; out0             ;
; |ALU_LAB3|METRIX:mul_lab3|cell:inst19|inst1                ; |ALU_LAB3|METRIX:mul_lab3|cell:inst19|inst1                ; out0             ;
; |ALU_LAB3|METRIX:mul_lab3|cell:inst19|FA:inst|7482:inst|8  ; |ALU_LAB3|METRIX:mul_lab3|cell:inst19|FA:inst|7482:inst|8  ; out0             ;
; |ALU_LAB3|METRIX:mul_lab3|cell:inst19|FA:inst|7482:inst|3  ; |ALU_LAB3|METRIX:mul_lab3|cell:inst19|FA:inst|7482:inst|3  ; out0             ;
; |ALU_LAB3|METRIX:mul_lab3|cell:inst19|FA:inst|7482:inst|27 ; |ALU_LAB3|METRIX:mul_lab3|cell:inst19|FA:inst|7482:inst|27 ; out0             ;
; |ALU_LAB3|METRIX:mul_lab3|cell:inst19|FA:inst|7482:inst|25 ; |ALU_LAB3|METRIX:mul_lab3|cell:inst19|FA:inst|7482:inst|25 ; out0             ;
; |ALU_LAB3|METRIX:mul_lab3|cell:inst19|FA:inst|7482:inst|17 ; |ALU_LAB3|METRIX:mul_lab3|cell:inst19|FA:inst|7482:inst|17 ; out0             ;
; |ALU_LAB3|METRIX:mul_lab3|cell:inst19|FA:inst|7482:inst|20 ; |ALU_LAB3|METRIX:mul_lab3|cell:inst19|FA:inst|7482:inst|20 ; out0             ;
; |ALU_LAB3|METRIX:mul_lab3|cell:inst26|inst1                ; |ALU_LAB3|METRIX:mul_lab3|cell:inst26|inst1                ; out0             ;
; |ALU_LAB3|METRIX:mul_lab3|cell:inst26|FA:inst|7482:inst|8  ; |ALU_LAB3|METRIX:mul_lab3|cell:inst26|FA:inst|7482:inst|8  ; out0             ;
; |ALU_LAB3|METRIX:mul_lab3|cell:inst26|FA:inst|7482:inst|3  ; |ALU_LAB3|METRIX:mul_lab3|cell:inst26|FA:inst|7482:inst|3  ; out0             ;
; |ALU_LAB3|METRIX:mul_lab3|cell:inst26|FA:inst|7482:inst|27 ; |ALU_LAB3|METRIX:mul_lab3|cell:inst26|FA:inst|7482:inst|27 ; out0             ;
; |ALU_LAB3|METRIX:mul_lab3|cell:inst26|FA:inst|7482:inst|25 ; |ALU_LAB3|METRIX:mul_lab3|cell:inst26|FA:inst|7482:inst|25 ; out0             ;
; |ALU_LAB3|METRIX:mul_lab3|cell:inst26|FA:inst|7482:inst|17 ; |ALU_LAB3|METRIX:mul_lab3|cell:inst26|FA:inst|7482:inst|17 ; out0             ;
; |ALU_LAB3|METRIX:mul_lab3|cell:inst26|FA:inst|7482:inst|20 ; |ALU_LAB3|METRIX:mul_lab3|cell:inst26|FA:inst|7482:inst|20 ; out0             ;
; |ALU_LAB3|METRIX:mul_lab3|cell:inst32|inst1                ; |ALU_LAB3|METRIX:mul_lab3|cell:inst32|inst1                ; out0             ;
; |ALU_LAB3|METRIX:mul_lab3|cell:inst32|FA:inst|7482:inst|8  ; |ALU_LAB3|METRIX:mul_lab3|cell:inst32|FA:inst|7482:inst|8  ; out0             ;
; |ALU_LAB3|METRIX:mul_lab3|cell:inst32|FA:inst|7482:inst|3  ; |ALU_LAB3|METRIX:mul_lab3|cell:inst32|FA:inst|7482:inst|3  ; out0             ;
; |ALU_LAB3|METRIX:mul_lab3|cell:inst32|FA:inst|7482:inst|27 ; |ALU_LAB3|METRIX:mul_lab3|cell:inst32|FA:inst|7482:inst|27 ; out0             ;
; |ALU_LAB3|METRIX:mul_lab3|cell:inst32|FA:inst|7482:inst|25 ; |ALU_LAB3|METRIX:mul_lab3|cell:inst32|FA:inst|7482:inst|25 ; out0             ;
; |ALU_LAB3|METRIX:mul_lab3|cell:inst32|FA:inst|7482:inst|17 ; |ALU_LAB3|METRIX:mul_lab3|cell:inst32|FA:inst|7482:inst|17 ; out0             ;
; |ALU_LAB3|METRIX:mul_lab3|cell:inst32|FA:inst|7482:inst|20 ; |ALU_LAB3|METRIX:mul_lab3|cell:inst32|FA:inst|7482:inst|20 ; out0             ;
; |ALU_LAB3|METRIX:mul_lab3|cell:inst41|inst1                ; |ALU_LAB3|METRIX:mul_lab3|cell:inst41|inst1                ; out0             ;
; |ALU_LAB3|METRIX:mul_lab3|cell:inst41|FA:inst|7482:inst|8  ; |ALU_LAB3|METRIX:mul_lab3|cell:inst41|FA:inst|7482:inst|8  ; out0             ;
; |ALU_LAB3|METRIX:mul_lab3|cell:inst41|FA:inst|7482:inst|3  ; |ALU_LAB3|METRIX:mul_lab3|cell:inst41|FA:inst|7482:inst|3  ; out0             ;
; |ALU_LAB3|METRIX:mul_lab3|cell:inst41|FA:inst|7482:inst|27 ; |ALU_LAB3|METRIX:mul_lab3|cell:inst41|FA:inst|7482:inst|27 ; out0             ;
; |ALU_LAB3|METRIX:mul_lab3|cell:inst41|FA:inst|7482:inst|25 ; |ALU_LAB3|METRIX:mul_lab3|cell:inst41|FA:inst|7482:inst|25 ; out0             ;
; |ALU_LAB3|METRIX:mul_lab3|cell:inst41|FA:inst|7482:inst|17 ; |ALU_LAB3|METRIX:mul_lab3|cell:inst41|FA:inst|7482:inst|17 ; out0             ;
; |ALU_LAB3|METRIX:mul_lab3|cell:inst41|FA:inst|7482:inst|20 ; |ALU_LAB3|METRIX:mul_lab3|cell:inst41|FA:inst|7482:inst|20 ; out0             ;
; |ALU_LAB3|METRIX:mul_lab3|cell:inst48|inst1                ; |ALU_LAB3|METRIX:mul_lab3|cell:inst48|inst1                ; out0             ;
; |ALU_LAB3|METRIX:mul_lab3|cell:inst48|FA:inst|7482:inst|3  ; |ALU_LAB3|METRIX:mul_lab3|cell:inst48|FA:inst|7482:inst|3  ; out0             ;
; |ALU_LAB3|METRIX:mul_lab3|cell:inst48|FA:inst|7482:inst|20 ; |ALU_LAB3|METRIX:mul_lab3|cell:inst48|FA:inst|7482:inst|20 ; out0             ;
; |ALU_LAB3|METRIX:mul_lab3|cell:inst5|inst1                 ; |ALU_LAB3|METRIX:mul_lab3|cell:inst5|inst1                 ; out0             ;
; |ALU_LAB3|METRIX:mul_lab3|cell:inst12|inst1                ; |ALU_LAB3|METRIX:mul_lab3|cell:inst12|inst1                ; out0             ;
; |ALU_LAB3|METRIX:mul_lab3|cell:inst12|FA:inst|7482:inst|8  ; |ALU_LAB3|METRIX:mul_lab3|cell:inst12|FA:inst|7482:inst|8  ; out0             ;
; |ALU_LAB3|METRIX:mul_lab3|cell:inst12|FA:inst|7482:inst|3  ; |ALU_LAB3|METRIX:mul_lab3|cell:inst12|FA:inst|7482:inst|3  ; out0             ;
; |ALU_LAB3|METRIX:mul_lab3|cell:inst12|FA:inst|7482:inst|27 ; |ALU_LAB3|METRIX:mul_lab3|cell:inst12|FA:inst|7482:inst|27 ; out0             ;
; |ALU_LAB3|METRIX:mul_lab3|cell:inst12|FA:inst|7482:inst|25 ; |ALU_LAB3|METRIX:mul_lab3|cell:inst12|FA:inst|7482:inst|25 ; out0             ;
; |ALU_LAB3|METRIX:mul_lab3|cell:inst12|FA:inst|7482:inst|17 ; |ALU_LAB3|METRIX:mul_lab3|cell:inst12|FA:inst|7482:inst|17 ; out0             ;
; |ALU_LAB3|METRIX:mul_lab3|cell:inst12|FA:inst|7482:inst|20 ; |ALU_LAB3|METRIX:mul_lab3|cell:inst12|FA:inst|7482:inst|20 ; out0             ;
; |ALU_LAB3|METRIX:mul_lab3|cell:inst18|inst1                ; |ALU_LAB3|METRIX:mul_lab3|cell:inst18|inst1                ; out0             ;
; |ALU_LAB3|METRIX:mul_lab3|cell:inst18|FA:inst|7482:inst|8  ; |ALU_LAB3|METRIX:mul_lab3|cell:inst18|FA:inst|7482:inst|8  ; out0             ;
; |ALU_LAB3|METRIX:mul_lab3|cell:inst18|FA:inst|7482:inst|3  ; |ALU_LAB3|METRIX:mul_lab3|cell:inst18|FA:inst|7482:inst|3  ; out0             ;
; |ALU_LAB3|METRIX:mul_lab3|cell:inst18|FA:inst|7482:inst|27 ; |ALU_LAB3|METRIX:mul_lab3|cell:inst18|FA:inst|7482:inst|27 ; out0             ;
; |ALU_LAB3|METRIX:mul_lab3|cell:inst18|FA:inst|7482:inst|25 ; |ALU_LAB3|METRIX:mul_lab3|cell:inst18|FA:inst|7482:inst|25 ; out0             ;
; |ALU_LAB3|METRIX:mul_lab3|cell:inst18|FA:inst|7482:inst|17 ; |ALU_LAB3|METRIX:mul_lab3|cell:inst18|FA:inst|7482:inst|17 ; out0             ;
; |ALU_LAB3|METRIX:mul_lab3|cell:inst18|FA:inst|7482:inst|20 ; |ALU_LAB3|METRIX:mul_lab3|cell:inst18|FA:inst|7482:inst|20 ; out0             ;
; |ALU_LAB3|METRIX:mul_lab3|cell:inst25|inst1                ; |ALU_LAB3|METRIX:mul_lab3|cell:inst25|inst1                ; out0             ;
; |ALU_LAB3|METRIX:mul_lab3|cell:inst25|FA:inst|7482:inst|8  ; |ALU_LAB3|METRIX:mul_lab3|cell:inst25|FA:inst|7482:inst|8  ; out0             ;
; |ALU_LAB3|METRIX:mul_lab3|cell:inst25|FA:inst|7482:inst|3  ; |ALU_LAB3|METRIX:mul_lab3|cell:inst25|FA:inst|7482:inst|3  ; out0             ;
; |ALU_LAB3|METRIX:mul_lab3|cell:inst25|FA:inst|7482:inst|27 ; |ALU_LAB3|METRIX:mul_lab3|cell:inst25|FA:inst|7482:inst|27 ; out0             ;
; |ALU_LAB3|METRIX:mul_lab3|cell:inst25|FA:inst|7482:inst|25 ; |ALU_LAB3|METRIX:mul_lab3|cell:inst25|FA:inst|7482:inst|25 ; out0             ;
; |ALU_LAB3|METRIX:mul_lab3|cell:inst25|FA:inst|7482:inst|17 ; |ALU_LAB3|METRIX:mul_lab3|cell:inst25|FA:inst|7482:inst|17 ; out0             ;
; |ALU_LAB3|METRIX:mul_lab3|cell:inst25|FA:inst|7482:inst|20 ; |ALU_LAB3|METRIX:mul_lab3|cell:inst25|FA:inst|7482:inst|20 ; out0             ;
; |ALU_LAB3|METRIX:mul_lab3|cell:inst31|inst1                ; |ALU_LAB3|METRIX:mul_lab3|cell:inst31|inst1                ; out0             ;
; |ALU_LAB3|METRIX:mul_lab3|cell:inst31|FA:inst|7482:inst|8  ; |ALU_LAB3|METRIX:mul_lab3|cell:inst31|FA:inst|7482:inst|8  ; out0             ;
; |ALU_LAB3|METRIX:mul_lab3|cell:inst31|FA:inst|7482:inst|3  ; |ALU_LAB3|METRIX:mul_lab3|cell:inst31|FA:inst|7482:inst|3  ; out0             ;
; |ALU_LAB3|METRIX:mul_lab3|cell:inst31|FA:inst|7482:inst|27 ; |ALU_LAB3|METRIX:mul_lab3|cell:inst31|FA:inst|7482:inst|27 ; out0             ;
; |ALU_LAB3|METRIX:mul_lab3|cell:inst31|FA:inst|7482:inst|25 ; |ALU_LAB3|METRIX:mul_lab3|cell:inst31|FA:inst|7482:inst|25 ; out0             ;
; |ALU_LAB3|METRIX:mul_lab3|cell:inst31|FA:inst|7482:inst|17 ; |ALU_LAB3|METRIX:mul_lab3|cell:inst31|FA:inst|7482:inst|17 ; out0             ;
; |ALU_LAB3|METRIX:mul_lab3|cell:inst31|FA:inst|7482:inst|20 ; |ALU_LAB3|METRIX:mul_lab3|cell:inst31|FA:inst|7482:inst|20 ; out0             ;
; |ALU_LAB3|METRIX:mul_lab3|cell:inst40|inst1                ; |ALU_LAB3|METRIX:mul_lab3|cell:inst40|inst1                ; out0             ;
; |ALU_LAB3|METRIX:mul_lab3|cell:inst40|FA:inst|7482:inst|3  ; |ALU_LAB3|METRIX:mul_lab3|cell:inst40|FA:inst|7482:inst|3  ; out0             ;
; |ALU_LAB3|METRIX:mul_lab3|cell:inst40|FA:inst|7482:inst|20 ; |ALU_LAB3|METRIX:mul_lab3|cell:inst40|FA:inst|7482:inst|20 ; out0             ;
; |ALU_LAB3|METRIX:mul_lab3|cell:inst4|inst1                 ; |ALU_LAB3|METRIX:mul_lab3|cell:inst4|inst1                 ; out0             ;
; |ALU_LAB3|METRIX:mul_lab3|cell:inst11|inst1                ; |ALU_LAB3|METRIX:mul_lab3|cell:inst11|inst1                ; out0             ;
; |ALU_LAB3|METRIX:mul_lab3|cell:inst11|FA:inst|7482:inst|8  ; |ALU_LAB3|METRIX:mul_lab3|cell:inst11|FA:inst|7482:inst|8  ; out0             ;
; |ALU_LAB3|METRIX:mul_lab3|cell:inst11|FA:inst|7482:inst|3  ; |ALU_LAB3|METRIX:mul_lab3|cell:inst11|FA:inst|7482:inst|3  ; out0             ;
; |ALU_LAB3|METRIX:mul_lab3|cell:inst11|FA:inst|7482:inst|27 ; |ALU_LAB3|METRIX:mul_lab3|cell:inst11|FA:inst|7482:inst|27 ; out0             ;
; |ALU_LAB3|METRIX:mul_lab3|cell:inst11|FA:inst|7482:inst|25 ; |ALU_LAB3|METRIX:mul_lab3|cell:inst11|FA:inst|7482:inst|25 ; out0             ;
; |ALU_LAB3|METRIX:mul_lab3|cell:inst11|FA:inst|7482:inst|17 ; |ALU_LAB3|METRIX:mul_lab3|cell:inst11|FA:inst|7482:inst|17 ; out0             ;
; |ALU_LAB3|METRIX:mul_lab3|cell:inst11|FA:inst|7482:inst|20 ; |ALU_LAB3|METRIX:mul_lab3|cell:inst11|FA:inst|7482:inst|20 ; out0             ;
; |ALU_LAB3|METRIX:mul_lab3|cell:inst17|inst1                ; |ALU_LAB3|METRIX:mul_lab3|cell:inst17|inst1                ; out0             ;
; |ALU_LAB3|METRIX:mul_lab3|cell:inst17|FA:inst|7482:inst|8  ; |ALU_LAB3|METRIX:mul_lab3|cell:inst17|FA:inst|7482:inst|8  ; out0             ;
; |ALU_LAB3|METRIX:mul_lab3|cell:inst17|FA:inst|7482:inst|3  ; |ALU_LAB3|METRIX:mul_lab3|cell:inst17|FA:inst|7482:inst|3  ; out0             ;
; |ALU_LAB3|METRIX:mul_lab3|cell:inst17|FA:inst|7482:inst|27 ; |ALU_LAB3|METRIX:mul_lab3|cell:inst17|FA:inst|7482:inst|27 ; out0             ;
; |ALU_LAB3|METRIX:mul_lab3|cell:inst17|FA:inst|7482:inst|25 ; |ALU_LAB3|METRIX:mul_lab3|cell:inst17|FA:inst|7482:inst|25 ; out0             ;
; |ALU_LAB3|METRIX:mul_lab3|cell:inst17|FA:inst|7482:inst|17 ; |ALU_LAB3|METRIX:mul_lab3|cell:inst17|FA:inst|7482:inst|17 ; out0             ;
; |ALU_LAB3|METRIX:mul_lab3|cell:inst17|FA:inst|7482:inst|20 ; |ALU_LAB3|METRIX:mul_lab3|cell:inst17|FA:inst|7482:inst|20 ; out0             ;
; |ALU_LAB3|METRIX:mul_lab3|cell:inst24|inst1                ; |ALU_LAB3|METRIX:mul_lab3|cell:inst24|inst1                ; out0             ;
; |ALU_LAB3|METRIX:mul_lab3|cell:inst24|FA:inst|7482:inst|8  ; |ALU_LAB3|METRIX:mul_lab3|cell:inst24|FA:inst|7482:inst|8  ; out0             ;
; |ALU_LAB3|METRIX:mul_lab3|cell:inst24|FA:inst|7482:inst|3  ; |ALU_LAB3|METRIX:mul_lab3|cell:inst24|FA:inst|7482:inst|3  ; out0             ;
; |ALU_LAB3|METRIX:mul_lab3|cell:inst24|FA:inst|7482:inst|27 ; |ALU_LAB3|METRIX:mul_lab3|cell:inst24|FA:inst|7482:inst|27 ; out0             ;
; |ALU_LAB3|METRIX:mul_lab3|cell:inst24|FA:inst|7482:inst|25 ; |ALU_LAB3|METRIX:mul_lab3|cell:inst24|FA:inst|7482:inst|25 ; out0             ;
; |ALU_LAB3|METRIX:mul_lab3|cell:inst24|FA:inst|7482:inst|17 ; |ALU_LAB3|METRIX:mul_lab3|cell:inst24|FA:inst|7482:inst|17 ; out0             ;
; |ALU_LAB3|METRIX:mul_lab3|cell:inst24|FA:inst|7482:inst|20 ; |ALU_LAB3|METRIX:mul_lab3|cell:inst24|FA:inst|7482:inst|20 ; out0             ;
; |ALU_LAB3|METRIX:mul_lab3|cell:inst34|inst1                ; |ALU_LAB3|METRIX:mul_lab3|cell:inst34|inst1                ; out0             ;
; |ALU_LAB3|METRIX:mul_lab3|cell:inst34|FA:inst|7482:inst|3  ; |ALU_LAB3|METRIX:mul_lab3|cell:inst34|FA:inst|7482:inst|3  ; out0             ;
; |ALU_LAB3|METRIX:mul_lab3|cell:inst34|FA:inst|7482:inst|20 ; |ALU_LAB3|METRIX:mul_lab3|cell:inst34|FA:inst|7482:inst|20 ; out0             ;
; |ALU_LAB3|METRIX:mul_lab3|cell:inst3|inst1                 ; |ALU_LAB3|METRIX:mul_lab3|cell:inst3|inst1                 ; out0             ;
; |ALU_LAB3|METRIX:mul_lab3|cell:inst10|inst1                ; |ALU_LAB3|METRIX:mul_lab3|cell:inst10|inst1                ; out0             ;
; |ALU_LAB3|METRIX:mul_lab3|cell:inst10|FA:inst|7482:inst|8  ; |ALU_LAB3|METRIX:mul_lab3|cell:inst10|FA:inst|7482:inst|8  ; out0             ;
; |ALU_LAB3|METRIX:mul_lab3|cell:inst10|FA:inst|7482:inst|3  ; |ALU_LAB3|METRIX:mul_lab3|cell:inst10|FA:inst|7482:inst|3  ; out0             ;
; |ALU_LAB3|METRIX:mul_lab3|cell:inst10|FA:inst|7482:inst|27 ; |ALU_LAB3|METRIX:mul_lab3|cell:inst10|FA:inst|7482:inst|27 ; out0             ;
; |ALU_LAB3|METRIX:mul_lab3|cell:inst10|FA:inst|7482:inst|25 ; |ALU_LAB3|METRIX:mul_lab3|cell:inst10|FA:inst|7482:inst|25 ; out0             ;
; |ALU_LAB3|METRIX:mul_lab3|cell:inst10|FA:inst|7482:inst|17 ; |ALU_LAB3|METRIX:mul_lab3|cell:inst10|FA:inst|7482:inst|17 ; out0             ;
; |ALU_LAB3|METRIX:mul_lab3|cell:inst10|FA:inst|7482:inst|20 ; |ALU_LAB3|METRIX:mul_lab3|cell:inst10|FA:inst|7482:inst|20 ; out0             ;
; |ALU_LAB3|METRIX:mul_lab3|cell:inst16|inst1                ; |ALU_LAB3|METRIX:mul_lab3|cell:inst16|inst1                ; out0             ;
; |ALU_LAB3|METRIX:mul_lab3|cell:inst16|FA:inst|7482:inst|8  ; |ALU_LAB3|METRIX:mul_lab3|cell:inst16|FA:inst|7482:inst|8  ; out0             ;
; |ALU_LAB3|METRIX:mul_lab3|cell:inst16|FA:inst|7482:inst|3  ; |ALU_LAB3|METRIX:mul_lab3|cell:inst16|FA:inst|7482:inst|3  ; out0             ;
; |ALU_LAB3|METRIX:mul_lab3|cell:inst16|FA:inst|7482:inst|27 ; |ALU_LAB3|METRIX:mul_lab3|cell:inst16|FA:inst|7482:inst|27 ; out0             ;
; |ALU_LAB3|METRIX:mul_lab3|cell:inst16|FA:inst|7482:inst|25 ; |ALU_LAB3|METRIX:mul_lab3|cell:inst16|FA:inst|7482:inst|25 ; out0             ;
; |ALU_LAB3|METRIX:mul_lab3|cell:inst16|FA:inst|7482:inst|17 ; |ALU_LAB3|METRIX:mul_lab3|cell:inst16|FA:inst|7482:inst|17 ; out0             ;
; |ALU_LAB3|METRIX:mul_lab3|cell:inst16|FA:inst|7482:inst|20 ; |ALU_LAB3|METRIX:mul_lab3|cell:inst16|FA:inst|7482:inst|20 ; out0             ;
; |ALU_LAB3|METRIX:mul_lab3|cell:inst23|inst1                ; |ALU_LAB3|METRIX:mul_lab3|cell:inst23|inst1                ; out0             ;
; |ALU_LAB3|METRIX:mul_lab3|cell:inst23|FA:inst|7482:inst|3  ; |ALU_LAB3|METRIX:mul_lab3|cell:inst23|FA:inst|7482:inst|3  ; out0             ;
; |ALU_LAB3|METRIX:mul_lab3|cell:inst23|FA:inst|7482:inst|20 ; |ALU_LAB3|METRIX:mul_lab3|cell:inst23|FA:inst|7482:inst|20 ; out0             ;
; |ALU_LAB3|METRIX:mul_lab3|cell:inst2|inst1                 ; |ALU_LAB3|METRIX:mul_lab3|cell:inst2|inst1                 ; out0             ;
; |ALU_LAB3|METRIX:mul_lab3|cell:inst8|inst1                 ; |ALU_LAB3|METRIX:mul_lab3|cell:inst8|inst1                 ; out0             ;
; |ALU_LAB3|METRIX:mul_lab3|cell:inst8|FA:inst|7482:inst|8   ; |ALU_LAB3|METRIX:mul_lab3|cell:inst8|FA:inst|7482:inst|8   ; out0             ;
; |ALU_LAB3|METRIX:mul_lab3|cell:inst8|FA:inst|7482:inst|3   ; |ALU_LAB3|METRIX:mul_lab3|cell:inst8|FA:inst|7482:inst|3   ; out0             ;
; |ALU_LAB3|METRIX:mul_lab3|cell:inst8|FA:inst|7482:inst|27  ; |ALU_LAB3|METRIX:mul_lab3|cell:inst8|FA:inst|7482:inst|27  ; out0             ;
; |ALU_LAB3|METRIX:mul_lab3|cell:inst8|FA:inst|7482:inst|25  ; |ALU_LAB3|METRIX:mul_lab3|cell:inst8|FA:inst|7482:inst|25  ; out0             ;
; |ALU_LAB3|METRIX:mul_lab3|cell:inst8|FA:inst|7482:inst|17  ; |ALU_LAB3|METRIX:mul_lab3|cell:inst8|FA:inst|7482:inst|17  ; out0             ;
; |ALU_LAB3|METRIX:mul_lab3|cell:inst8|FA:inst|7482:inst|20  ; |ALU_LAB3|METRIX:mul_lab3|cell:inst8|FA:inst|7482:inst|20  ; out0             ;
; |ALU_LAB3|METRIX:mul_lab3|cell:inst33|inst1                ; |ALU_LAB3|METRIX:mul_lab3|cell:inst33|inst1                ; out0             ;
; |ALU_LAB3|METRIX:mul_lab3|cell:inst33|FA:inst|7482:inst|3  ; |ALU_LAB3|METRIX:mul_lab3|cell:inst33|FA:inst|7482:inst|3  ; out0             ;
; |ALU_LAB3|METRIX:mul_lab3|cell:inst33|FA:inst|7482:inst|20 ; |ALU_LAB3|METRIX:mul_lab3|cell:inst33|FA:inst|7482:inst|20 ; out0             ;
; |ALU_LAB3|METRIX:mul_lab3|cell:inst1|inst1                 ; |ALU_LAB3|METRIX:mul_lab3|cell:inst1|inst1                 ; out0             ;
; |ALU_LAB3|METRIX:mul_lab3|cell:inst9|inst1                 ; |ALU_LAB3|METRIX:mul_lab3|cell:inst9|inst1                 ; out0             ;
; |ALU_LAB3|METRIX:mul_lab3|cell:inst9|FA:inst|7482:inst|3   ; |ALU_LAB3|METRIX:mul_lab3|cell:inst9|FA:inst|7482:inst|3   ; out0             ;
; |ALU_LAB3|METRIX:mul_lab3|cell:inst9|FA:inst|7482:inst|20  ; |ALU_LAB3|METRIX:mul_lab3|cell:inst9|FA:inst|7482:inst|20  ; out0             ;
; |ALU_LAB3|METRIX:mul_lab3|cell:inst|inst1                  ; |ALU_LAB3|METRIX:mul_lab3|cell:inst|inst1                  ; out0             ;
; |ALU_LAB3|CHOOSE_LAB3:inst2|c_or1                          ; |ALU_LAB3|CHOOSE_LAB3:inst2|c_or1                          ; out0             ;
; |ALU_LAB3|CHOOSE_LAB3:inst2|choose17                       ; |ALU_LAB3|CHOOSE_LAB3:inst2|choose17                       ; out0             ;
; |ALU_LAB3|CHOOSE_LAB3:inst2|choose33                       ; |ALU_LAB3|CHOOSE_LAB3:inst2|choose33                       ; out0             ;
; |ALU_LAB3|CHOOSE_LAB3:inst2|choose1                        ; |ALU_LAB3|CHOOSE_LAB3:inst2|choose1                        ; out0             ;
; |ALU_LAB3|CHOOSE_LAB3:inst2|c_or2                          ; |ALU_LAB3|CHOOSE_LAB3:inst2|c_or2                          ; out0             ;
; |ALU_LAB3|CHOOSE_LAB3:inst2|choose18                       ; |ALU_LAB3|CHOOSE_LAB3:inst2|choose18                       ; out0             ;
; |ALU_LAB3|CHOOSE_LAB3:inst2|choose34                       ; |ALU_LAB3|CHOOSE_LAB3:inst2|choose34                       ; out0             ;
; |ALU_LAB3|CHOOSE_LAB3:inst2|choose2                        ; |ALU_LAB3|CHOOSE_LAB3:inst2|choose2                        ; out0             ;
; |ALU_LAB3|CHOOSE_LAB3:inst2|c_or3                          ; |ALU_LAB3|CHOOSE_LAB3:inst2|c_or3                          ; out0             ;
; |ALU_LAB3|CHOOSE_LAB3:inst2|choose19                       ; |ALU_LAB3|CHOOSE_LAB3:inst2|choose19                       ; out0             ;
; |ALU_LAB3|CHOOSE_LAB3:inst2|choose35                       ; |ALU_LAB3|CHOOSE_LAB3:inst2|choose35                       ; out0             ;
; |ALU_LAB3|CHOOSE_LAB3:inst2|choose3                        ; |ALU_LAB3|CHOOSE_LAB3:inst2|choose3                        ; out0             ;
; |ALU_LAB3|CHOOSE_LAB3:inst2|c_or4                          ; |ALU_LAB3|CHOOSE_LAB3:inst2|c_or4                          ; out0             ;
; |ALU_LAB3|CHOOSE_LAB3:inst2|choose36                       ; |ALU_LAB3|CHOOSE_LAB3:inst2|choose36                       ; out0             ;
; |ALU_LAB3|CHOOSE_LAB3:inst2|choose4                        ; |ALU_LAB3|CHOOSE_LAB3:inst2|choose4                        ; out0             ;
; |ALU_LAB3|CHOOSE_LAB3:inst2|c_or5                          ; |ALU_LAB3|CHOOSE_LAB3:inst2|c_or5                          ; out0             ;
; |ALU_LAB3|CHOOSE_LAB3:inst2|choose21                       ; |ALU_LAB3|CHOOSE_LAB3:inst2|choose21                       ; out0             ;
; |ALU_LAB3|CHOOSE_LAB3:inst2|choose37                       ; |ALU_LAB3|CHOOSE_LAB3:inst2|choose37                       ; out0             ;
; |ALU_LAB3|CHOOSE_LAB3:inst2|choose5                        ; |ALU_LAB3|CHOOSE_LAB3:inst2|choose5                        ; out0             ;
; |ALU_LAB3|CHOOSE_LAB3:inst2|c_or6                          ; |ALU_LAB3|CHOOSE_LAB3:inst2|c_or6                          ; out0             ;
; |ALU_LAB3|CHOOSE_LAB3:inst2|choose22                       ; |ALU_LAB3|CHOOSE_LAB3:inst2|choose22                       ; out0             ;
; |ALU_LAB3|CHOOSE_LAB3:inst2|choose38                       ; |ALU_LAB3|CHOOSE_LAB3:inst2|choose38                       ; out0             ;
; |ALU_LAB3|CHOOSE_LAB3:inst2|choose6                        ; |ALU_LAB3|CHOOSE_LAB3:inst2|choose6                        ; out0             ;
; |ALU_LAB3|CHOOSE_LAB3:inst2|c_or7                          ; |ALU_LAB3|CHOOSE_LAB3:inst2|c_or7                          ; out0             ;
; |ALU_LAB3|CHOOSE_LAB3:inst2|choose23                       ; |ALU_LAB3|CHOOSE_LAB3:inst2|choose23                       ; out0             ;
; |ALU_LAB3|CHOOSE_LAB3:inst2|choose39                       ; |ALU_LAB3|CHOOSE_LAB3:inst2|choose39                       ; out0             ;
; |ALU_LAB3|CHOOSE_LAB3:inst2|choose7                        ; |ALU_LAB3|CHOOSE_LAB3:inst2|choose7                        ; out0             ;
; |ALU_LAB3|CHOOSE_LAB3:inst2|c_or8                          ; |ALU_LAB3|CHOOSE_LAB3:inst2|c_or8                          ; out0             ;
; |ALU_LAB3|CHOOSE_LAB3:inst2|choose24                       ; |ALU_LAB3|CHOOSE_LAB3:inst2|choose24                       ; out0             ;
; |ALU_LAB3|CHOOSE_LAB3:inst2|choose40                       ; |ALU_LAB3|CHOOSE_LAB3:inst2|choose40                       ; out0             ;
; |ALU_LAB3|CHOOSE_LAB3:inst2|choose8                        ; |ALU_LAB3|CHOOSE_LAB3:inst2|choose8                        ; out0             ;
; |ALU_LAB3|CHOOSE_LAB3:inst2|choose9                        ; |ALU_LAB3|CHOOSE_LAB3:inst2|choose9                        ; out0             ;
; |ALU_LAB3|CHOOSE_LAB3:inst2|choose10                       ; |ALU_LAB3|CHOOSE_LAB3:inst2|choose10                       ; out0             ;
; |ALU_LAB3|CHOOSE_LAB3:inst2|choose11                       ; |ALU_LAB3|CHOOSE_LAB3:inst2|choose11                       ; out0             ;
; |ALU_LAB3|CHOOSE_LAB3:inst2|choose12                       ; |ALU_LAB3|CHOOSE_LAB3:inst2|choose12                       ; out0             ;
; |ALU_LAB3|CHOOSE_LAB3:inst2|choose13                       ; |ALU_LAB3|CHOOSE_LAB3:inst2|choose13                       ; out0             ;
; |ALU_LAB3|CHOOSE_LAB3:inst2|choose14                       ; |ALU_LAB3|CHOOSE_LAB3:inst2|choose14                       ; out0             ;
; |ALU_LAB3|CHOOSE_LAB3:inst2|choose15                       ; |ALU_LAB3|CHOOSE_LAB3:inst2|choose15                       ; out0             ;
; |ALU_LAB3|CHOOSE_LAB3:inst2|choose16                       ; |ALU_LAB3|CHOOSE_LAB3:inst2|choose16                       ; out0             ;
; |ALU_LAB3|74181:alu1|81                                    ; |ALU_LAB3|74181:alu1|81                                    ; out0             ;
; |ALU_LAB3|74181:alu1|54                                    ; |ALU_LAB3|74181:alu1|54                                    ; out0             ;
; |ALU_LAB3|74181:alu1|47                                    ; |ALU_LAB3|74181:alu1|47                                    ; out0             ;
; |ALU_LAB3|74181:alu1|14                                    ; |ALU_LAB3|74181:alu1|14                                    ; out0             ;
; |ALU_LAB3|74181:alu1|13                                    ; |ALU_LAB3|74181:alu1|13                                    ; out0             ;
; |ALU_LAB3|74181:alu1|44                                    ; |ALU_LAB3|74181:alu1|44                                    ; out0             ;
; |ALU_LAB3|74181:alu1|11                                    ; |ALU_LAB3|74181:alu1|11                                    ; out0             ;
; |ALU_LAB3|74181:alu1|12                                    ; |ALU_LAB3|74181:alu1|12                                    ; out0             ;
; |ALU_LAB3|74181:alu1|79                                    ; |ALU_LAB3|74181:alu1|79                                    ; out0             ;
; |ALU_LAB3|74181:alu1|66                                    ; |ALU_LAB3|74181:alu1|66                                    ; out0             ;
; |ALU_LAB3|74181:alu1|46                                    ; |ALU_LAB3|74181:alu1|46                                    ; out0             ;
; |ALU_LAB3|74181:alu1|9                                     ; |ALU_LAB3|74181:alu1|9                                     ; out0             ;
; |ALU_LAB3|74181:alu1|8                                     ; |ALU_LAB3|74181:alu1|8                                     ; out0             ;
; |ALU_LAB3|74181:alu1|65                                    ; |ALU_LAB3|74181:alu1|65                                    ; out0             ;
; |ALU_LAB3|74181:alu1|43                                    ; |ALU_LAB3|74181:alu1|43                                    ; out0             ;
; |ALU_LAB3|74181:alu1|6                                     ; |ALU_LAB3|74181:alu1|6                                     ; out0             ;
; |ALU_LAB3|74181:alu1|7                                     ; |ALU_LAB3|74181:alu1|7                                     ; out0             ;
; |ALU_LAB3|74181:alu1|77                                    ; |ALU_LAB3|74181:alu1|77                                    ; out0             ;
; |ALU_LAB3|74181:alu1|56                                    ; |ALU_LAB3|74181:alu1|56                                    ; out0             ;
; |ALU_LAB3|74181:alu1|52                                    ; |ALU_LAB3|74181:alu1|52                                    ; out0             ;
; |ALU_LAB3|74181:alu1|24                                    ; |ALU_LAB3|74181:alu1|24                                    ; out0             ;
; |ALU_LAB3|74181:alu1|23                                    ; |ALU_LAB3|74181:alu1|23                                    ; out0             ;
; |ALU_LAB3|74181:alu1|51                                    ; |ALU_LAB3|74181:alu1|51                                    ; out0             ;
; |ALU_LAB3|74181:alu1|21                                    ; |ALU_LAB3|74181:alu1|21                                    ; out0             ;
; |ALU_LAB3|74181:alu1|22                                    ; |ALU_LAB3|74181:alu1|22                                    ; out0             ;
; |ALU_LAB3|74181:alu1|74                                    ; |ALU_LAB3|74181:alu1|74                                    ; out0             ;
; |ALU_LAB3|74181:alu1|73                                    ; |ALU_LAB3|74181:alu1|73                                    ; out0             ;
; |ALU_LAB3|74181:alu1|48                                    ; |ALU_LAB3|74181:alu1|48                                    ; out0             ;
; |ALU_LAB3|74181:alu1|19                                    ; |ALU_LAB3|74181:alu1|19                                    ; out0             ;
; |ALU_LAB3|74181:alu1|18                                    ; |ALU_LAB3|74181:alu1|18                                    ; out0             ;
; |ALU_LAB3|74181:alu1|72                                    ; |ALU_LAB3|74181:alu1|72                                    ; out0             ;
; |ALU_LAB3|74181:alu1|71                                    ; |ALU_LAB3|74181:alu1|71                                    ; out0             ;
; |ALU_LAB3|74181:alu1|70                                    ; |ALU_LAB3|74181:alu1|70                                    ; out0             ;
; |ALU_LAB3|74181:alu1|45                                    ; |ALU_LAB3|74181:alu1|45                                    ; out0             ;
; |ALU_LAB3|74181:alu1|16                                    ; |ALU_LAB3|74181:alu1|16                                    ; out0             ;
; |ALU_LAB3|74181:alu1|17                                    ; |ALU_LAB3|74181:alu1|17                                    ; out0             ;
; |ALU_LAB3|74181:alu1|82                                    ; |ALU_LAB3|74181:alu1|82                                    ; out0             ;
; |ALU_LAB3|74181:alu1|55                                    ; |ALU_LAB3|74181:alu1|55                                    ; out0             ;
; |ALU_LAB3|74181:alu1|75                                    ; |ALU_LAB3|74181:alu1|75                                    ; out0             ;
; |ALU_LAB3|74181:alu1|67                                    ; |ALU_LAB3|74181:alu1|67                                    ; out0             ;
; |ALU_LAB3|74181:alu1|68                                    ; |ALU_LAB3|74181:alu1|68                                    ; out0             ;
; |ALU_LAB3|74181:alu1|69                                    ; |ALU_LAB3|74181:alu1|69                                    ; out0             ;
; |ALU_LAB3|74181:alu1|80                                    ; |ALU_LAB3|74181:alu1|80                                    ; out0             ;
; |ALU_LAB3|74181:alu1|53                                    ; |ALU_LAB3|74181:alu1|53                                    ; out0             ;
; |ALU_LAB3|74181:alu1|64                                    ; |ALU_LAB3|74181:alu1|64                                    ; out0             ;
; |ALU_LAB3|74181:alu2|81                                    ; |ALU_LAB3|74181:alu2|81                                    ; out0             ;
; |ALU_LAB3|74181:alu2|54                                    ; |ALU_LAB3|74181:alu2|54                                    ; out0             ;
; |ALU_LAB3|74181:alu2|47                                    ; |ALU_LAB3|74181:alu2|47                                    ; out0             ;
; |ALU_LAB3|74181:alu2|14                                    ; |ALU_LAB3|74181:alu2|14                                    ; out0             ;
; |ALU_LAB3|74181:alu2|13                                    ; |ALU_LAB3|74181:alu2|13                                    ; out0             ;
; |ALU_LAB3|74181:alu2|44                                    ; |ALU_LAB3|74181:alu2|44                                    ; out0             ;
; |ALU_LAB3|74181:alu2|11                                    ; |ALU_LAB3|74181:alu2|11                                    ; out0             ;
; |ALU_LAB3|74181:alu2|12                                    ; |ALU_LAB3|74181:alu2|12                                    ; out0             ;
; |ALU_LAB3|74181:alu2|79                                    ; |ALU_LAB3|74181:alu2|79                                    ; out0             ;
; |ALU_LAB3|74181:alu2|66                                    ; |ALU_LAB3|74181:alu2|66                                    ; out0             ;
; |ALU_LAB3|74181:alu2|46                                    ; |ALU_LAB3|74181:alu2|46                                    ; out0             ;
; |ALU_LAB3|74181:alu2|9                                     ; |ALU_LAB3|74181:alu2|9                                     ; out0             ;
; |ALU_LAB3|74181:alu2|8                                     ; |ALU_LAB3|74181:alu2|8                                     ; out0             ;
; |ALU_LAB3|74181:alu2|65                                    ; |ALU_LAB3|74181:alu2|65                                    ; out0             ;
; |ALU_LAB3|74181:alu2|43                                    ; |ALU_LAB3|74181:alu2|43                                    ; out0             ;
; |ALU_LAB3|74181:alu2|6                                     ; |ALU_LAB3|74181:alu2|6                                     ; out0             ;
; |ALU_LAB3|74181:alu2|7                                     ; |ALU_LAB3|74181:alu2|7                                     ; out0             ;
; |ALU_LAB3|74181:alu2|77                                    ; |ALU_LAB3|74181:alu2|77                                    ; out0             ;
; |ALU_LAB3|74181:alu2|56                                    ; |ALU_LAB3|74181:alu2|56                                    ; out0             ;
; |ALU_LAB3|74181:alu2|52                                    ; |ALU_LAB3|74181:alu2|52                                    ; out0             ;
; |ALU_LAB3|74181:alu2|24                                    ; |ALU_LAB3|74181:alu2|24                                    ; out0             ;
; |ALU_LAB3|74181:alu2|23                                    ; |ALU_LAB3|74181:alu2|23                                    ; out0             ;
; |ALU_LAB3|74181:alu2|51                                    ; |ALU_LAB3|74181:alu2|51                                    ; out0             ;
; |ALU_LAB3|74181:alu2|21                                    ; |ALU_LAB3|74181:alu2|21                                    ; out0             ;
; |ALU_LAB3|74181:alu2|22                                    ; |ALU_LAB3|74181:alu2|22                                    ; out0             ;
; |ALU_LAB3|74181:alu2|74                                    ; |ALU_LAB3|74181:alu2|74                                    ; out0             ;
; |ALU_LAB3|74181:alu2|73                                    ; |ALU_LAB3|74181:alu2|73                                    ; out0             ;
; |ALU_LAB3|74181:alu2|48                                    ; |ALU_LAB3|74181:alu2|48                                    ; out0             ;
; |ALU_LAB3|74181:alu2|19                                    ; |ALU_LAB3|74181:alu2|19                                    ; out0             ;
; |ALU_LAB3|74181:alu2|18                                    ; |ALU_LAB3|74181:alu2|18                                    ; out0             ;
; |ALU_LAB3|74181:alu2|72                                    ; |ALU_LAB3|74181:alu2|72                                    ; out0             ;
; |ALU_LAB3|74181:alu2|71                                    ; |ALU_LAB3|74181:alu2|71                                    ; out0             ;
; |ALU_LAB3|74181:alu2|70                                    ; |ALU_LAB3|74181:alu2|70                                    ; out0             ;
; |ALU_LAB3|74181:alu2|45                                    ; |ALU_LAB3|74181:alu2|45                                    ; out0             ;
; |ALU_LAB3|74181:alu2|16                                    ; |ALU_LAB3|74181:alu2|16                                    ; out0             ;
; |ALU_LAB3|74181:alu2|17                                    ; |ALU_LAB3|74181:alu2|17                                    ; out0             ;
; |ALU_LAB3|74181:alu2|82                                    ; |ALU_LAB3|74181:alu2|82                                    ; out0             ;
; |ALU_LAB3|74181:alu2|55                                    ; |ALU_LAB3|74181:alu2|55                                    ; out0             ;
; |ALU_LAB3|74181:alu2|75                                    ; |ALU_LAB3|74181:alu2|75                                    ; out0             ;
; |ALU_LAB3|74181:alu2|67                                    ; |ALU_LAB3|74181:alu2|67                                    ; out0             ;
; |ALU_LAB3|74181:alu2|68                                    ; |ALU_LAB3|74181:alu2|68                                    ; out0             ;
; |ALU_LAB3|74181:alu2|69                                    ; |ALU_LAB3|74181:alu2|69                                    ; out0             ;
; |ALU_LAB3|74181:alu2|80                                    ; |ALU_LAB3|74181:alu2|80                                    ; out0             ;
; |ALU_LAB3|74181:alu2|53                                    ; |ALU_LAB3|74181:alu2|53                                    ; out0             ;
; |ALU_LAB3|74181:alu2|64                                    ; |ALU_LAB3|74181:alu2|64                                    ; out0             ;
; |ALU_LAB3|74181:alu2|78                                    ; |ALU_LAB3|74181:alu2|78                                    ; out0             ;
; |ALU_LAB3|74181:alu2|63                                    ; |ALU_LAB3|74181:alu2|63                                    ; out0             ;
; |ALU_LAB3|74181:alu2|58                                    ; |ALU_LAB3|74181:alu2|58                                    ; out0             ;
; |ALU_LAB3|74181:alu2|59                                    ; |ALU_LAB3|74181:alu2|59                                    ; out0             ;
; |ALU_LAB3|74181:alu2|62                                    ; |ALU_LAB3|74181:alu2|62                                    ; out0             ;
; |ALU_LAB3|74181:alu2|61                                    ; |ALU_LAB3|74181:alu2|61                                    ; out0             ;
; |ALU_LAB3|74181:alu3|81                                    ; |ALU_LAB3|74181:alu3|81                                    ; out0             ;
; |ALU_LAB3|74181:alu3|54                                    ; |ALU_LAB3|74181:alu3|54                                    ; out0             ;
; |ALU_LAB3|74181:alu3|47                                    ; |ALU_LAB3|74181:alu3|47                                    ; out0             ;
; |ALU_LAB3|74181:alu3|14                                    ; |ALU_LAB3|74181:alu3|14                                    ; out0             ;
; |ALU_LAB3|74181:alu3|13                                    ; |ALU_LAB3|74181:alu3|13                                    ; out0             ;
; |ALU_LAB3|74181:alu3|44                                    ; |ALU_LAB3|74181:alu3|44                                    ; out0             ;
; |ALU_LAB3|74181:alu3|11                                    ; |ALU_LAB3|74181:alu3|11                                    ; out0             ;
; |ALU_LAB3|74181:alu3|12                                    ; |ALU_LAB3|74181:alu3|12                                    ; out0             ;
; |ALU_LAB3|74181:alu3|79                                    ; |ALU_LAB3|74181:alu3|79                                    ; out0             ;
; |ALU_LAB3|74181:alu3|66                                    ; |ALU_LAB3|74181:alu3|66                                    ; out0             ;
; |ALU_LAB3|74181:alu3|46                                    ; |ALU_LAB3|74181:alu3|46                                    ; out0             ;
; |ALU_LAB3|74181:alu3|9                                     ; |ALU_LAB3|74181:alu3|9                                     ; out0             ;
; |ALU_LAB3|74181:alu3|8                                     ; |ALU_LAB3|74181:alu3|8                                     ; out0             ;
; |ALU_LAB3|74181:alu3|65                                    ; |ALU_LAB3|74181:alu3|65                                    ; out0             ;
; |ALU_LAB3|74181:alu3|43                                    ; |ALU_LAB3|74181:alu3|43                                    ; out0             ;
; |ALU_LAB3|74181:alu3|6                                     ; |ALU_LAB3|74181:alu3|6                                     ; out0             ;
; |ALU_LAB3|74181:alu3|7                                     ; |ALU_LAB3|74181:alu3|7                                     ; out0             ;
; |ALU_LAB3|74181:alu3|77                                    ; |ALU_LAB3|74181:alu3|77                                    ; out0             ;
; |ALU_LAB3|74181:alu3|56                                    ; |ALU_LAB3|74181:alu3|56                                    ; out0             ;
; |ALU_LAB3|74181:alu3|52                                    ; |ALU_LAB3|74181:alu3|52                                    ; out0             ;
; |ALU_LAB3|74181:alu3|24                                    ; |ALU_LAB3|74181:alu3|24                                    ; out0             ;
; |ALU_LAB3|74181:alu3|23                                    ; |ALU_LAB3|74181:alu3|23                                    ; out0             ;
; |ALU_LAB3|74181:alu3|51                                    ; |ALU_LAB3|74181:alu3|51                                    ; out0             ;
; |ALU_LAB3|74181:alu3|21                                    ; |ALU_LAB3|74181:alu3|21                                    ; out0             ;
; |ALU_LAB3|74181:alu3|22                                    ; |ALU_LAB3|74181:alu3|22                                    ; out0             ;
; |ALU_LAB3|74181:alu3|74                                    ; |ALU_LAB3|74181:alu3|74                                    ; out0             ;
; |ALU_LAB3|74181:alu3|73                                    ; |ALU_LAB3|74181:alu3|73                                    ; out0             ;
; |ALU_LAB3|74181:alu3|48                                    ; |ALU_LAB3|74181:alu3|48                                    ; out0             ;
; |ALU_LAB3|74181:alu3|19                                    ; |ALU_LAB3|74181:alu3|19                                    ; out0             ;
; |ALU_LAB3|74181:alu3|18                                    ; |ALU_LAB3|74181:alu3|18                                    ; out0             ;
; |ALU_LAB3|74181:alu3|72                                    ; |ALU_LAB3|74181:alu3|72                                    ; out0             ;
; |ALU_LAB3|74181:alu3|71                                    ; |ALU_LAB3|74181:alu3|71                                    ; out0             ;
; |ALU_LAB3|74181:alu3|70                                    ; |ALU_LAB3|74181:alu3|70                                    ; out0             ;
; |ALU_LAB3|74181:alu3|45                                    ; |ALU_LAB3|74181:alu3|45                                    ; out0             ;
; |ALU_LAB3|74181:alu3|16                                    ; |ALU_LAB3|74181:alu3|16                                    ; out0             ;
; |ALU_LAB3|74181:alu3|17                                    ; |ALU_LAB3|74181:alu3|17                                    ; out0             ;
; |ALU_LAB3|74181:alu3|82                                    ; |ALU_LAB3|74181:alu3|82                                    ; out0             ;
; |ALU_LAB3|74181:alu3|55                                    ; |ALU_LAB3|74181:alu3|55                                    ; out0             ;
; |ALU_LAB3|74181:alu3|75                                    ; |ALU_LAB3|74181:alu3|75                                    ; out0             ;
; |ALU_LAB3|74181:alu3|67                                    ; |ALU_LAB3|74181:alu3|67                                    ; out0             ;
; |ALU_LAB3|74181:alu3|68                                    ; |ALU_LAB3|74181:alu3|68                                    ; out0             ;
; |ALU_LAB3|74181:alu3|69                                    ; |ALU_LAB3|74181:alu3|69                                    ; out0             ;
; |ALU_LAB3|74181:alu3|80                                    ; |ALU_LAB3|74181:alu3|80                                    ; out0             ;
; |ALU_LAB3|74181:alu3|53                                    ; |ALU_LAB3|74181:alu3|53                                    ; out0             ;
; |ALU_LAB3|74181:alu3|64                                    ; |ALU_LAB3|74181:alu3|64                                    ; out0             ;
; |ALU_LAB3|74181:alu3|78                                    ; |ALU_LAB3|74181:alu3|78                                    ; out0             ;
; |ALU_LAB3|74181:alu3|63                                    ; |ALU_LAB3|74181:alu3|63                                    ; out0             ;
; |ALU_LAB3|74181:alu3|58                                    ; |ALU_LAB3|74181:alu3|58                                    ; out0             ;
; |ALU_LAB3|74181:alu3|59                                    ; |ALU_LAB3|74181:alu3|59                                    ; out0             ;
; |ALU_LAB3|74181:alu3|62                                    ; |ALU_LAB3|74181:alu3|62                                    ; out0             ;
; |ALU_LAB3|74181:alu3|61                                    ; |ALU_LAB3|74181:alu3|61                                    ; out0             ;
; |ALU_LAB3|74181:alu4|81                                    ; |ALU_LAB3|74181:alu4|81                                    ; out0             ;
; |ALU_LAB3|74181:alu4|54                                    ; |ALU_LAB3|74181:alu4|54                                    ; out0             ;
; |ALU_LAB3|74181:alu4|47                                    ; |ALU_LAB3|74181:alu4|47                                    ; out0             ;
; |ALU_LAB3|74181:alu4|14                                    ; |ALU_LAB3|74181:alu4|14                                    ; out0             ;
; |ALU_LAB3|74181:alu4|13                                    ; |ALU_LAB3|74181:alu4|13                                    ; out0             ;
; |ALU_LAB3|74181:alu4|44                                    ; |ALU_LAB3|74181:alu4|44                                    ; out0             ;
; |ALU_LAB3|74181:alu4|11                                    ; |ALU_LAB3|74181:alu4|11                                    ; out0             ;
; |ALU_LAB3|74181:alu4|12                                    ; |ALU_LAB3|74181:alu4|12                                    ; out0             ;
; |ALU_LAB3|74181:alu4|46                                    ; |ALU_LAB3|74181:alu4|46                                    ; out0             ;
; |ALU_LAB3|74181:alu4|9                                     ; |ALU_LAB3|74181:alu4|9                                     ; out0             ;
; |ALU_LAB3|74181:alu4|8                                     ; |ALU_LAB3|74181:alu4|8                                     ; out0             ;
; |ALU_LAB3|74181:alu4|65                                    ; |ALU_LAB3|74181:alu4|65                                    ; out0             ;
; |ALU_LAB3|74181:alu4|43                                    ; |ALU_LAB3|74181:alu4|43                                    ; out0             ;
; |ALU_LAB3|74181:alu4|6                                     ; |ALU_LAB3|74181:alu4|6                                     ; out0             ;
; |ALU_LAB3|74181:alu4|7                                     ; |ALU_LAB3|74181:alu4|7                                     ; out0             ;
; |ALU_LAB3|74181:alu4|77                                    ; |ALU_LAB3|74181:alu4|77                                    ; out0             ;
; |ALU_LAB3|74181:alu4|56                                    ; |ALU_LAB3|74181:alu4|56                                    ; out0             ;
; |ALU_LAB3|74181:alu4|52                                    ; |ALU_LAB3|74181:alu4|52                                    ; out0             ;
; |ALU_LAB3|74181:alu4|24                                    ; |ALU_LAB3|74181:alu4|24                                    ; out0             ;
; |ALU_LAB3|74181:alu4|23                                    ; |ALU_LAB3|74181:alu4|23                                    ; out0             ;
; |ALU_LAB3|74181:alu4|51                                    ; |ALU_LAB3|74181:alu4|51                                    ; out0             ;
; |ALU_LAB3|74181:alu4|21                                    ; |ALU_LAB3|74181:alu4|21                                    ; out0             ;
; |ALU_LAB3|74181:alu4|22                                    ; |ALU_LAB3|74181:alu4|22                                    ; out0             ;
; |ALU_LAB3|74181:alu4|74                                    ; |ALU_LAB3|74181:alu4|74                                    ; out0             ;
; |ALU_LAB3|74181:alu4|48                                    ; |ALU_LAB3|74181:alu4|48                                    ; out0             ;
; |ALU_LAB3|74181:alu4|19                                    ; |ALU_LAB3|74181:alu4|19                                    ; out0             ;
; |ALU_LAB3|74181:alu4|18                                    ; |ALU_LAB3|74181:alu4|18                                    ; out0             ;
; |ALU_LAB3|74181:alu4|72                                    ; |ALU_LAB3|74181:alu4|72                                    ; out0             ;
; |ALU_LAB3|74181:alu4|71                                    ; |ALU_LAB3|74181:alu4|71                                    ; out0             ;
; |ALU_LAB3|74181:alu4|70                                    ; |ALU_LAB3|74181:alu4|70                                    ; out0             ;
; |ALU_LAB3|74181:alu4|45                                    ; |ALU_LAB3|74181:alu4|45                                    ; out0             ;
; |ALU_LAB3|74181:alu4|16                                    ; |ALU_LAB3|74181:alu4|16                                    ; out0             ;
; |ALU_LAB3|74181:alu4|17                                    ; |ALU_LAB3|74181:alu4|17                                    ; out0             ;
; |ALU_LAB3|74181:alu4|82                                    ; |ALU_LAB3|74181:alu4|82                                    ; out0             ;
; |ALU_LAB3|74181:alu4|55                                    ; |ALU_LAB3|74181:alu4|55                                    ; out0             ;
; |ALU_LAB3|74181:alu4|75                                    ; |ALU_LAB3|74181:alu4|75                                    ; out0             ;
; |ALU_LAB3|74181:alu4|67                                    ; |ALU_LAB3|74181:alu4|67                                    ; out0             ;
; |ALU_LAB3|74181:alu4|68                                    ; |ALU_LAB3|74181:alu4|68                                    ; out0             ;
; |ALU_LAB3|74181:alu4|53                                    ; |ALU_LAB3|74181:alu4|53                                    ; out0             ;
; |ALU_LAB3|74181:alu4|63                                    ; |ALU_LAB3|74181:alu4|63                                    ; out0             ;
; |ALU_LAB3|74181:alu4|58                                    ; |ALU_LAB3|74181:alu4|58                                    ; out0             ;
; |ALU_LAB3|74181:alu4|59                                    ; |ALU_LAB3|74181:alu4|59                                    ; out0             ;
; |ALU_LAB3|74181:alu4|62                                    ; |ALU_LAB3|74181:alu4|62                                    ; out0             ;
; |ALU_LAB3|CHOOSE_LAB3:inst4|c_or1                          ; |ALU_LAB3|CHOOSE_LAB3:inst4|c_or1                          ; out0             ;
; |ALU_LAB3|CHOOSE_LAB3:inst4|choose33                       ; |ALU_LAB3|CHOOSE_LAB3:inst4|choose33                       ; out0             ;
; |ALU_LAB3|CHOOSE_LAB3:inst4|choose1                        ; |ALU_LAB3|CHOOSE_LAB3:inst4|choose1                        ; out0             ;
; |ALU_LAB3|CHOOSE_LAB3:inst4|c_or2                          ; |ALU_LAB3|CHOOSE_LAB3:inst4|c_or2                          ; out0             ;
; |ALU_LAB3|CHOOSE_LAB3:inst4|choose34                       ; |ALU_LAB3|CHOOSE_LAB3:inst4|choose34                       ; out0             ;
; |ALU_LAB3|CHOOSE_LAB3:inst4|choose2                        ; |ALU_LAB3|CHOOSE_LAB3:inst4|choose2                        ; out0             ;
; |ALU_LAB3|CHOOSE_LAB3:inst4|c_or3                          ; |ALU_LAB3|CHOOSE_LAB3:inst4|c_or3                          ; out0             ;
; |ALU_LAB3|CHOOSE_LAB3:inst4|choose35                       ; |ALU_LAB3|CHOOSE_LAB3:inst4|choose35                       ; out0             ;
; |ALU_LAB3|CHOOSE_LAB3:inst4|choose3                        ; |ALU_LAB3|CHOOSE_LAB3:inst4|choose3                        ; out0             ;
; |ALU_LAB3|CHOOSE_LAB3:inst4|c_or4                          ; |ALU_LAB3|CHOOSE_LAB3:inst4|c_or4                          ; out0             ;
; |ALU_LAB3|CHOOSE_LAB3:inst4|choose36                       ; |ALU_LAB3|CHOOSE_LAB3:inst4|choose36                       ; out0             ;
; |ALU_LAB3|CHOOSE_LAB3:inst4|choose4                        ; |ALU_LAB3|CHOOSE_LAB3:inst4|choose4                        ; out0             ;
; |ALU_LAB3|CHOOSE_LAB3:inst4|c_or5                          ; |ALU_LAB3|CHOOSE_LAB3:inst4|c_or5                          ; out0             ;
; |ALU_LAB3|CHOOSE_LAB3:inst4|choose37                       ; |ALU_LAB3|CHOOSE_LAB3:inst4|choose37                       ; out0             ;
; |ALU_LAB3|CHOOSE_LAB3:inst4|choose5                        ; |ALU_LAB3|CHOOSE_LAB3:inst4|choose5                        ; out0             ;
; |ALU_LAB3|CHOOSE_LAB3:inst4|c_or6                          ; |ALU_LAB3|CHOOSE_LAB3:inst4|c_or6                          ; out0             ;
; |ALU_LAB3|CHOOSE_LAB3:inst4|choose38                       ; |ALU_LAB3|CHOOSE_LAB3:inst4|choose38                       ; out0             ;
; |ALU_LAB3|CHOOSE_LAB3:inst4|choose6                        ; |ALU_LAB3|CHOOSE_LAB3:inst4|choose6                        ; out0             ;
; |ALU_LAB3|CHOOSE_LAB3:inst4|c_or7                          ; |ALU_LAB3|CHOOSE_LAB3:inst4|c_or7                          ; out0             ;
; |ALU_LAB3|CHOOSE_LAB3:inst4|choose39                       ; |ALU_LAB3|CHOOSE_LAB3:inst4|choose39                       ; out0             ;
; |ALU_LAB3|CHOOSE_LAB3:inst4|choose7                        ; |ALU_LAB3|CHOOSE_LAB3:inst4|choose7                        ; out0             ;
; |ALU_LAB3|CHOOSE_LAB3:inst4|c_or8                          ; |ALU_LAB3|CHOOSE_LAB3:inst4|c_or8                          ; out0             ;
; |ALU_LAB3|CHOOSE_LAB3:inst4|choose40                       ; |ALU_LAB3|CHOOSE_LAB3:inst4|choose40                       ; out0             ;
; |ALU_LAB3|CHOOSE_LAB3:inst4|choose8                        ; |ALU_LAB3|CHOOSE_LAB3:inst4|choose8                        ; out0             ;
; |ALU_LAB3|CHOOSE_LAB3:inst4|c_or9                          ; |ALU_LAB3|CHOOSE_LAB3:inst4|c_or9                          ; out0             ;
; |ALU_LAB3|CHOOSE_LAB3:inst4|choose41                       ; |ALU_LAB3|CHOOSE_LAB3:inst4|choose41                       ; out0             ;
; |ALU_LAB3|CHOOSE_LAB3:inst4|choose9                        ; |ALU_LAB3|CHOOSE_LAB3:inst4|choose9                        ; out0             ;
; |ALU_LAB3|CHOOSE_LAB3:inst4|c_or10                         ; |ALU_LAB3|CHOOSE_LAB3:inst4|c_or10                         ; out0             ;
; |ALU_LAB3|CHOOSE_LAB3:inst4|choose42                       ; |ALU_LAB3|CHOOSE_LAB3:inst4|choose42                       ; out0             ;
; |ALU_LAB3|CHOOSE_LAB3:inst4|choose10                       ; |ALU_LAB3|CHOOSE_LAB3:inst4|choose10                       ; out0             ;
; |ALU_LAB3|CHOOSE_LAB3:inst4|c_or11                         ; |ALU_LAB3|CHOOSE_LAB3:inst4|c_or11                         ; out0             ;
; |ALU_LAB3|CHOOSE_LAB3:inst4|choose43                       ; |ALU_LAB3|CHOOSE_LAB3:inst4|choose43                       ; out0             ;
; |ALU_LAB3|CHOOSE_LAB3:inst4|choose11                       ; |ALU_LAB3|CHOOSE_LAB3:inst4|choose11                       ; out0             ;
; |ALU_LAB3|CHOOSE_LAB3:inst4|c_or12                         ; |ALU_LAB3|CHOOSE_LAB3:inst4|c_or12                         ; out0             ;
; |ALU_LAB3|CHOOSE_LAB3:inst4|choose44                       ; |ALU_LAB3|CHOOSE_LAB3:inst4|choose44                       ; out0             ;
; |ALU_LAB3|CHOOSE_LAB3:inst4|choose12                       ; |ALU_LAB3|CHOOSE_LAB3:inst4|choose12                       ; out0             ;
; |ALU_LAB3|CHOOSE_LAB3:inst4|c_or13                         ; |ALU_LAB3|CHOOSE_LAB3:inst4|c_or13                         ; out0             ;
; |ALU_LAB3|CHOOSE_LAB3:inst4|choose45                       ; |ALU_LAB3|CHOOSE_LAB3:inst4|choose45                       ; out0             ;
; |ALU_LAB3|CHOOSE_LAB3:inst4|choose13                       ; |ALU_LAB3|CHOOSE_LAB3:inst4|choose13                       ; out0             ;
; |ALU_LAB3|CHOOSE_LAB3:inst4|c_or14                         ; |ALU_LAB3|CHOOSE_LAB3:inst4|c_or14                         ; out0             ;
; |ALU_LAB3|CHOOSE_LAB3:inst4|choose46                       ; |ALU_LAB3|CHOOSE_LAB3:inst4|choose46                       ; out0             ;
; |ALU_LAB3|CHOOSE_LAB3:inst4|choose14                       ; |ALU_LAB3|CHOOSE_LAB3:inst4|choose14                       ; out0             ;
; |ALU_LAB3|CHOOSE_LAB3:inst4|c_or15                         ; |ALU_LAB3|CHOOSE_LAB3:inst4|c_or15                         ; out0             ;
; |ALU_LAB3|CHOOSE_LAB3:inst4|choose47                       ; |ALU_LAB3|CHOOSE_LAB3:inst4|choose47                       ; out0             ;
; |ALU_LAB3|CHOOSE_LAB3:inst4|choose15                       ; |ALU_LAB3|CHOOSE_LAB3:inst4|choose15                       ; out0             ;
; |ALU_LAB3|CHOOSE_LAB3:inst4|c_or16                         ; |ALU_LAB3|CHOOSE_LAB3:inst4|c_or16                         ; out0             ;
; |ALU_LAB3|CHOOSE_LAB3:inst4|choose48                       ; |ALU_LAB3|CHOOSE_LAB3:inst4|choose48                       ; out0             ;
; |ALU_LAB3|CHOOSE_LAB3:inst4|choose16                       ; |ALU_LAB3|CHOOSE_LAB3:inst4|choose16                       ; out0             ;
+------------------------------------------------------------+------------------------------------------------------------+------------------+


The following table displays output ports that do not toggle to 0 during simulation.
+--------------------------------------------------------------------------------------------------------------------------------------------+
; Missing 0-Value Coverage                                                                                                                   ;
+------------------------------------------------------------+------------------------------------------------------------+------------------+
; Node Name                                                  ; Output Port Name                                           ; Output Port Type ;
+------------------------------------------------------------+------------------------------------------------------------+------------------+
; |ALU_LAB3|f0                                               ; |ALU_LAB3|f0                                               ; pin_out          ;
; |ALU_LAB3|ADDCHOOSE1                                       ; |ALU_LAB3|ADDCHOOSE1                                       ; out              ;
; |ALU_LAB3|b0                                               ; |ALU_LAB3|b0                                               ; out              ;
; |ALU_LAB3|a0                                               ; |ALU_LAB3|a0                                               ; out              ;
; |ALU_LAB3|a1                                               ; |ALU_LAB3|a1                                               ; out              ;
; |ALU_LAB3|b1                                               ; |ALU_LAB3|b1                                               ; out              ;
; |ALU_LAB3|a3                                               ; |ALU_LAB3|a3                                               ; out              ;
; |ALU_LAB3|b2                                               ; |ALU_LAB3|b2                                               ; out              ;
; |ALU_LAB3|a2                                               ; |ALU_LAB3|a2                                               ; out              ;
; |ALU_LAB3|M                                                ; |ALU_LAB3|M                                                ; out              ;
; |ALU_LAB3|b3                                               ; |ALU_LAB3|b3                                               ; out              ;
; |ALU_LAB3|s2ADD                                            ; |ALU_LAB3|s2ADD                                            ; out              ;
; |ALU_LAB3|s1ADD                                            ; |ALU_LAB3|s1ADD                                            ; out              ;
; |ALU_LAB3|s0ADD                                            ; |ALU_LAB3|s0ADD                                            ; out              ;
; |ALU_LAB3|s3ADD                                            ; |ALU_LAB3|s3ADD                                            ; out              ;
; |ALU_LAB3|b4                                               ; |ALU_LAB3|b4                                               ; out              ;
; |ALU_LAB3|a4                                               ; |ALU_LAB3|a4                                               ; out              ;
; |ALU_LAB3|a5                                               ; |ALU_LAB3|a5                                               ; out              ;
; |ALU_LAB3|b5                                               ; |ALU_LAB3|b5                                               ; out              ;
; |ALU_LAB3|a7                                               ; |ALU_LAB3|a7                                               ; out              ;
; |ALU_LAB3|b6                                               ; |ALU_LAB3|b6                                               ; out              ;
; |ALU_LAB3|a6                                               ; |ALU_LAB3|a6                                               ; out              ;
; |ALU_LAB3|b7                                               ; |ALU_LAB3|b7                                               ; out              ;
; |ALU_LAB3|b8                                               ; |ALU_LAB3|b8                                               ; out              ;
; |ALU_LAB3|a8                                               ; |ALU_LAB3|a8                                               ; out              ;
; |ALU_LAB3|a9                                               ; |ALU_LAB3|a9                                               ; out              ;
; |ALU_LAB3|b9                                               ; |ALU_LAB3|b9                                               ; out              ;
; |ALU_LAB3|a11                                              ; |ALU_LAB3|a11                                              ; out              ;
; |ALU_LAB3|b10                                              ; |ALU_LAB3|b10                                              ; out              ;
; |ALU_LAB3|a10                                              ; |ALU_LAB3|a10                                              ; out              ;
; |ALU_LAB3|b11                                              ; |ALU_LAB3|b11                                              ; out              ;
; |ALU_LAB3|b12                                              ; |ALU_LAB3|b12                                              ; out              ;
; |ALU_LAB3|a12                                              ; |ALU_LAB3|a12                                              ; out              ;
; |ALU_LAB3|a13                                              ; |ALU_LAB3|a13                                              ; out              ;
; |ALU_LAB3|b13                                              ; |ALU_LAB3|b13                                              ; out              ;
; |ALU_LAB3|a15                                              ; |ALU_LAB3|a15                                              ; out              ;
; |ALU_LAB3|b14                                              ; |ALU_LAB3|b14                                              ; out              ;
; |ALU_LAB3|a14                                              ; |ALU_LAB3|a14                                              ; out              ;
; |ALU_LAB3|b15                                              ; |ALU_LAB3|b15                                              ; out              ;
; |ALU_LAB3|CXCHOSE1                                         ; |ALU_LAB3|CXCHOSE1                                         ; out              ;
; |ALU_LAB3|inst8                                            ; |ALU_LAB3|inst8                                            ; out0             ;
; |ALU_LAB3|DIVchoose1                                       ; |ALU_LAB3|DIVchoose1                                       ; out              ;
; |ALU_LAB3|MULchoose1                                       ; |ALU_LAB3|MULchoose1                                       ; out              ;
; |ALU_LAB3|YWCHOOSE1                                        ; |ALU_LAB3|YWCHOOSE1                                        ; out              ;
; |ALU_LAB3|YWFUHAO                                          ; |ALU_LAB3|YWFUHAO                                          ; out              ;
; |ALU_LAB3|YWS0                                             ; |ALU_LAB3|YWS0                                             ; out              ;
; |ALU_LAB3|YWCLK                                            ; |ALU_LAB3|YWCLK                                            ; out              ;
; |ALU_LAB3|YWS1                                             ; |ALU_LAB3|YWS1                                             ; out              ;
; |ALU_LAB3|f1                                               ; |ALU_LAB3|f1                                               ; pin_out          ;
; |ALU_LAB3|f2                                               ; |ALU_LAB3|f2                                               ; pin_out          ;
; |ALU_LAB3|f3                                               ; |ALU_LAB3|f3                                               ; pin_out          ;
; |ALU_LAB3|f4                                               ; |ALU_LAB3|f4                                               ; pin_out          ;
; |ALU_LAB3|f5                                               ; |ALU_LAB3|f5                                               ; pin_out          ;
; |ALU_LAB3|f6                                               ; |ALU_LAB3|f6                                               ; pin_out          ;
; |ALU_LAB3|f7                                               ; |ALU_LAB3|f7                                               ; pin_out          ;
; |ALU_LAB3|f8                                               ; |ALU_LAB3|f8                                               ; pin_out          ;
; |ALU_LAB3|f9                                               ; |ALU_LAB3|f9                                               ; pin_out          ;
; |ALU_LAB3|f10                                              ; |ALU_LAB3|f10                                              ; pin_out          ;
; |ALU_LAB3|f11                                              ; |ALU_LAB3|f11                                              ; pin_out          ;
; |ALU_LAB3|f12                                              ; |ALU_LAB3|f12                                              ; pin_out          ;
; |ALU_LAB3|f13                                              ; |ALU_LAB3|f13                                              ; pin_out          ;
; |ALU_LAB3|f14                                              ; |ALU_LAB3|f14                                              ; pin_out          ;
; |ALU_LAB3|f15                                              ; |ALU_LAB3|f15                                              ; pin_out          ;
; |ALU_LAB3|pin_name1                                        ; |ALU_LAB3|pin_name1                                        ; pin_out          ;
; |ALU_LAB3|74198:inst1|120                                  ; |ALU_LAB3|74198:inst1|120                                  ; regout           ;
; |ALU_LAB3|74198:inst1|128                                  ; |ALU_LAB3|74198:inst1|128                                  ; out0             ;
; |ALU_LAB3|74198:inst1|109                                  ; |ALU_LAB3|74198:inst1|109                                  ; out0             ;
; |ALU_LAB3|74198:inst1|136                                  ; |ALU_LAB3|74198:inst1|136                                  ; out0             ;
; |ALU_LAB3|74198:inst1|110                                  ; |ALU_LAB3|74198:inst1|110                                  ; out0             ;
; |ALU_LAB3|74198:inst1|119                                  ; |ALU_LAB3|74198:inst1|119                                  ; regout           ;
; |ALU_LAB3|74198:inst1|127                                  ; |ALU_LAB3|74198:inst1|127                                  ; out0             ;
; |ALU_LAB3|74198:inst1|105                                  ; |ALU_LAB3|74198:inst1|105                                  ; out0             ;
; |ALU_LAB3|74198:inst1|135                                  ; |ALU_LAB3|74198:inst1|135                                  ; out0             ;
; |ALU_LAB3|74198:inst1|106                                  ; |ALU_LAB3|74198:inst1|106                                  ; out0             ;
; |ALU_LAB3|74198:inst1|118                                  ; |ALU_LAB3|74198:inst1|118                                  ; regout           ;
; |ALU_LAB3|74198:inst1|126                                  ; |ALU_LAB3|74198:inst1|126                                  ; out0             ;
; |ALU_LAB3|74198:inst1|101                                  ; |ALU_LAB3|74198:inst1|101                                  ; out0             ;
; |ALU_LAB3|74198:inst1|134                                  ; |ALU_LAB3|74198:inst1|134                                  ; out0             ;
; |ALU_LAB3|74198:inst1|102                                  ; |ALU_LAB3|74198:inst1|102                                  ; out0             ;
; |ALU_LAB3|74198:inst1|117                                  ; |ALU_LAB3|74198:inst1|117                                  ; regout           ;
; |ALU_LAB3|74198:inst1|125                                  ; |ALU_LAB3|74198:inst1|125                                  ; out0             ;
; |ALU_LAB3|74198:inst1|97                                   ; |ALU_LAB3|74198:inst1|97                                   ; out0             ;
; |ALU_LAB3|74198:inst1|133                                  ; |ALU_LAB3|74198:inst1|133                                  ; out0             ;
; |ALU_LAB3|74198:inst1|98                                   ; |ALU_LAB3|74198:inst1|98                                   ; out0             ;
; |ALU_LAB3|74198:inst1|116                                  ; |ALU_LAB3|74198:inst1|116                                  ; regout           ;
; |ALU_LAB3|74198:inst1|124                                  ; |ALU_LAB3|74198:inst1|124                                  ; out0             ;
; |ALU_LAB3|74198:inst1|93                                   ; |ALU_LAB3|74198:inst1|93                                   ; out0             ;
; |ALU_LAB3|74198:inst1|132                                  ; |ALU_LAB3|74198:inst1|132                                  ; out0             ;
; |ALU_LAB3|74198:inst1|94                                   ; |ALU_LAB3|74198:inst1|94                                   ; out0             ;
; |ALU_LAB3|74198:inst1|115                                  ; |ALU_LAB3|74198:inst1|115                                  ; regout           ;
; |ALU_LAB3|74198:inst1|123                                  ; |ALU_LAB3|74198:inst1|123                                  ; out0             ;
; |ALU_LAB3|74198:inst1|89                                   ; |ALU_LAB3|74198:inst1|89                                   ; out0             ;
; |ALU_LAB3|74198:inst1|131                                  ; |ALU_LAB3|74198:inst1|131                                  ; out0             ;
; |ALU_LAB3|74198:inst1|90                                   ; |ALU_LAB3|74198:inst1|90                                   ; out0             ;
; |ALU_LAB3|74198:inst1|114                                  ; |ALU_LAB3|74198:inst1|114                                  ; regout           ;
; |ALU_LAB3|74198:inst1|122                                  ; |ALU_LAB3|74198:inst1|122                                  ; out0             ;
; |ALU_LAB3|74198:inst1|85                                   ; |ALU_LAB3|74198:inst1|85                                   ; out0             ;
; |ALU_LAB3|74198:inst1|130                                  ; |ALU_LAB3|74198:inst1|130                                  ; out0             ;
; |ALU_LAB3|74198:inst1|86                                   ; |ALU_LAB3|74198:inst1|86                                   ; out0             ;
; |ALU_LAB3|74198:inst1|113                                  ; |ALU_LAB3|74198:inst1|113                                  ; regout           ;
; |ALU_LAB3|74198:inst1|121                                  ; |ALU_LAB3|74198:inst1|121                                  ; out0             ;
; |ALU_LAB3|74198:inst1|81                                   ; |ALU_LAB3|74198:inst1|81                                   ; out0             ;
; |ALU_LAB3|74198:inst1|129                                  ; |ALU_LAB3|74198:inst1|129                                  ; out0             ;
; |ALU_LAB3|74198:inst1|82                                   ; |ALU_LAB3|74198:inst1|82                                   ; out0             ;
; |ALU_LAB3|74198:inst1|84                                   ; |ALU_LAB3|74198:inst1|84                                   ; out0             ;
; |ALU_LAB3|74198:inst1|83                                   ; |ALU_LAB3|74198:inst1|83                                   ; out0             ;
; |ALU_LAB3|74198:inst1|88                                   ; |ALU_LAB3|74198:inst1|88                                   ; out0             ;
; |ALU_LAB3|74198:inst1|87                                   ; |ALU_LAB3|74198:inst1|87                                   ; out0             ;
; |ALU_LAB3|74198:inst1|92                                   ; |ALU_LAB3|74198:inst1|92                                   ; out0             ;
; |ALU_LAB3|74198:inst1|91                                   ; |ALU_LAB3|74198:inst1|91                                   ; out0             ;
; |ALU_LAB3|74198:inst1|96                                   ; |ALU_LAB3|74198:inst1|96                                   ; out0             ;
; |ALU_LAB3|74198:inst1|95                                   ; |ALU_LAB3|74198:inst1|95                                   ; out0             ;
; |ALU_LAB3|74198:inst1|100                                  ; |ALU_LAB3|74198:inst1|100                                  ; out0             ;
; |ALU_LAB3|74198:inst1|99                                   ; |ALU_LAB3|74198:inst1|99                                   ; out0             ;
; |ALU_LAB3|74198:inst1|104                                  ; |ALU_LAB3|74198:inst1|104                                  ; out0             ;
; |ALU_LAB3|74198:inst1|103                                  ; |ALU_LAB3|74198:inst1|103                                  ; out0             ;
; |ALU_LAB3|74198:inst1|108                                  ; |ALU_LAB3|74198:inst1|108                                  ; out0             ;
; |ALU_LAB3|74198:inst1|107                                  ; |ALU_LAB3|74198:inst1|107                                  ; out0             ;
; |ALU_LAB3|74198:inst1|112                                  ; |ALU_LAB3|74198:inst1|112                                  ; out0             ;
; |ALU_LAB3|div:inst|cas:inst25|SYNTHESIZED_WIRE_0           ; |ALU_LAB3|div:inst|cas:inst25|SYNTHESIZED_WIRE_0           ; out0             ;
; |ALU_LAB3|div:inst|cas:inst25|qjq:b2v_fa|7482:inst|8       ; |ALU_LAB3|div:inst|cas:inst25|qjq:b2v_fa|7482:inst|8       ; out0             ;
; |ALU_LAB3|div:inst|cas:inst25|qjq:b2v_fa|7482:inst|3       ; |ALU_LAB3|div:inst|cas:inst25|qjq:b2v_fa|7482:inst|3       ; out0             ;
; |ALU_LAB3|div:inst|cas:inst25|qjq:b2v_fa|7482:inst|27      ; |ALU_LAB3|div:inst|cas:inst25|qjq:b2v_fa|7482:inst|27      ; out0             ;
; |ALU_LAB3|div:inst|cas:inst25|qjq:b2v_fa|7482:inst|25      ; |ALU_LAB3|div:inst|cas:inst25|qjq:b2v_fa|7482:inst|25      ; out0             ;
; |ALU_LAB3|div:inst|cas:inst25|qjq:b2v_fa|7482:inst|17      ; |ALU_LAB3|div:inst|cas:inst25|qjq:b2v_fa|7482:inst|17      ; out0             ;
; |ALU_LAB3|div:inst|cas:inst25|qjq:b2v_fa|7482:inst|20      ; |ALU_LAB3|div:inst|cas:inst25|qjq:b2v_fa|7482:inst|20      ; out0             ;
; |ALU_LAB3|div:inst|cas:inst24|SYNTHESIZED_WIRE_0           ; |ALU_LAB3|div:inst|cas:inst24|SYNTHESIZED_WIRE_0           ; out0             ;
; |ALU_LAB3|div:inst|cas:inst24|qjq:b2v_fa|7482:inst|8       ; |ALU_LAB3|div:inst|cas:inst24|qjq:b2v_fa|7482:inst|8       ; out0             ;
; |ALU_LAB3|div:inst|cas:inst24|qjq:b2v_fa|7482:inst|3       ; |ALU_LAB3|div:inst|cas:inst24|qjq:b2v_fa|7482:inst|3       ; out0             ;
; |ALU_LAB3|div:inst|cas:inst24|qjq:b2v_fa|7482:inst|27      ; |ALU_LAB3|div:inst|cas:inst24|qjq:b2v_fa|7482:inst|27      ; out0             ;
; |ALU_LAB3|div:inst|cas:inst24|qjq:b2v_fa|7482:inst|25      ; |ALU_LAB3|div:inst|cas:inst24|qjq:b2v_fa|7482:inst|25      ; out0             ;
; |ALU_LAB3|div:inst|cas:inst24|qjq:b2v_fa|7482:inst|17      ; |ALU_LAB3|div:inst|cas:inst24|qjq:b2v_fa|7482:inst|17      ; out0             ;
; |ALU_LAB3|div:inst|cas:inst24|qjq:b2v_fa|7482:inst|20      ; |ALU_LAB3|div:inst|cas:inst24|qjq:b2v_fa|7482:inst|20      ; out0             ;
; |ALU_LAB3|div:inst|cas:inst23|SYNTHESIZED_WIRE_0           ; |ALU_LAB3|div:inst|cas:inst23|SYNTHESIZED_WIRE_0           ; out0             ;
; |ALU_LAB3|div:inst|cas:inst23|qjq:b2v_fa|7482:inst|8       ; |ALU_LAB3|div:inst|cas:inst23|qjq:b2v_fa|7482:inst|8       ; out0             ;
; |ALU_LAB3|div:inst|cas:inst23|qjq:b2v_fa|7482:inst|3       ; |ALU_LAB3|div:inst|cas:inst23|qjq:b2v_fa|7482:inst|3       ; out0             ;
; |ALU_LAB3|div:inst|cas:inst23|qjq:b2v_fa|7482:inst|27      ; |ALU_LAB3|div:inst|cas:inst23|qjq:b2v_fa|7482:inst|27      ; out0             ;
; |ALU_LAB3|div:inst|cas:inst23|qjq:b2v_fa|7482:inst|25      ; |ALU_LAB3|div:inst|cas:inst23|qjq:b2v_fa|7482:inst|25      ; out0             ;
; |ALU_LAB3|div:inst|cas:inst23|qjq:b2v_fa|7482:inst|17      ; |ALU_LAB3|div:inst|cas:inst23|qjq:b2v_fa|7482:inst|17      ; out0             ;
; |ALU_LAB3|div:inst|cas:inst23|qjq:b2v_fa|7482:inst|20      ; |ALU_LAB3|div:inst|cas:inst23|qjq:b2v_fa|7482:inst|20      ; out0             ;
; |ALU_LAB3|div:inst|cas:inst22|qjq:b2v_fa|7482:inst|8       ; |ALU_LAB3|div:inst|cas:inst22|qjq:b2v_fa|7482:inst|8       ; out0             ;
; |ALU_LAB3|div:inst|cas:inst22|qjq:b2v_fa|7482:inst|3       ; |ALU_LAB3|div:inst|cas:inst22|qjq:b2v_fa|7482:inst|3       ; out0             ;
; |ALU_LAB3|div:inst|cas:inst22|qjq:b2v_fa|7482:inst|27      ; |ALU_LAB3|div:inst|cas:inst22|qjq:b2v_fa|7482:inst|27      ; out0             ;
; |ALU_LAB3|div:inst|cas:inst22|qjq:b2v_fa|7482:inst|25      ; |ALU_LAB3|div:inst|cas:inst22|qjq:b2v_fa|7482:inst|25      ; out0             ;
; |ALU_LAB3|div:inst|cas:inst22|qjq:b2v_fa|7482:inst|17      ; |ALU_LAB3|div:inst|cas:inst22|qjq:b2v_fa|7482:inst|17      ; out0             ;
; |ALU_LAB3|div:inst|cas:inst22|qjq:b2v_fa|7482:inst|20      ; |ALU_LAB3|div:inst|cas:inst22|qjq:b2v_fa|7482:inst|20      ; out0             ;
; |ALU_LAB3|div:inst|cas:inst20|SYNTHESIZED_WIRE_0           ; |ALU_LAB3|div:inst|cas:inst20|SYNTHESIZED_WIRE_0           ; out0             ;
; |ALU_LAB3|div:inst|cas:inst20|qjq:b2v_fa|7482:inst|8       ; |ALU_LAB3|div:inst|cas:inst20|qjq:b2v_fa|7482:inst|8       ; out0             ;
; |ALU_LAB3|div:inst|cas:inst20|qjq:b2v_fa|7482:inst|3       ; |ALU_LAB3|div:inst|cas:inst20|qjq:b2v_fa|7482:inst|3       ; out0             ;
; |ALU_LAB3|div:inst|cas:inst20|qjq:b2v_fa|7482:inst|27      ; |ALU_LAB3|div:inst|cas:inst20|qjq:b2v_fa|7482:inst|27      ; out0             ;
; |ALU_LAB3|div:inst|cas:inst20|qjq:b2v_fa|7482:inst|25      ; |ALU_LAB3|div:inst|cas:inst20|qjq:b2v_fa|7482:inst|25      ; out0             ;
; |ALU_LAB3|div:inst|cas:inst20|qjq:b2v_fa|7482:inst|17      ; |ALU_LAB3|div:inst|cas:inst20|qjq:b2v_fa|7482:inst|17      ; out0             ;
; |ALU_LAB3|div:inst|cas:inst20|qjq:b2v_fa|7482:inst|20      ; |ALU_LAB3|div:inst|cas:inst20|qjq:b2v_fa|7482:inst|20      ; out0             ;
; |ALU_LAB3|div:inst|cas:inst19|SYNTHESIZED_WIRE_0           ; |ALU_LAB3|div:inst|cas:inst19|SYNTHESIZED_WIRE_0           ; out0             ;
; |ALU_LAB3|div:inst|cas:inst19|qjq:b2v_fa|7482:inst|8       ; |ALU_LAB3|div:inst|cas:inst19|qjq:b2v_fa|7482:inst|8       ; out0             ;
; |ALU_LAB3|div:inst|cas:inst19|qjq:b2v_fa|7482:inst|3       ; |ALU_LAB3|div:inst|cas:inst19|qjq:b2v_fa|7482:inst|3       ; out0             ;
; |ALU_LAB3|div:inst|cas:inst19|qjq:b2v_fa|7482:inst|27      ; |ALU_LAB3|div:inst|cas:inst19|qjq:b2v_fa|7482:inst|27      ; out0             ;
; |ALU_LAB3|div:inst|cas:inst19|qjq:b2v_fa|7482:inst|25      ; |ALU_LAB3|div:inst|cas:inst19|qjq:b2v_fa|7482:inst|25      ; out0             ;
; |ALU_LAB3|div:inst|cas:inst19|qjq:b2v_fa|7482:inst|17      ; |ALU_LAB3|div:inst|cas:inst19|qjq:b2v_fa|7482:inst|17      ; out0             ;
; |ALU_LAB3|div:inst|cas:inst19|qjq:b2v_fa|7482:inst|20      ; |ALU_LAB3|div:inst|cas:inst19|qjq:b2v_fa|7482:inst|20      ; out0             ;
; |ALU_LAB3|div:inst|cas:inst18|SYNTHESIZED_WIRE_0           ; |ALU_LAB3|div:inst|cas:inst18|SYNTHESIZED_WIRE_0           ; out0             ;
; |ALU_LAB3|div:inst|cas:inst18|qjq:b2v_fa|7482:inst|8       ; |ALU_LAB3|div:inst|cas:inst18|qjq:b2v_fa|7482:inst|8       ; out0             ;
; |ALU_LAB3|div:inst|cas:inst18|qjq:b2v_fa|7482:inst|3       ; |ALU_LAB3|div:inst|cas:inst18|qjq:b2v_fa|7482:inst|3       ; out0             ;
; |ALU_LAB3|div:inst|cas:inst18|qjq:b2v_fa|7482:inst|27      ; |ALU_LAB3|div:inst|cas:inst18|qjq:b2v_fa|7482:inst|27      ; out0             ;
; |ALU_LAB3|div:inst|cas:inst18|qjq:b2v_fa|7482:inst|25      ; |ALU_LAB3|div:inst|cas:inst18|qjq:b2v_fa|7482:inst|25      ; out0             ;
; |ALU_LAB3|div:inst|cas:inst18|qjq:b2v_fa|7482:inst|17      ; |ALU_LAB3|div:inst|cas:inst18|qjq:b2v_fa|7482:inst|17      ; out0             ;
; |ALU_LAB3|div:inst|cas:inst18|qjq:b2v_fa|7482:inst|20      ; |ALU_LAB3|div:inst|cas:inst18|qjq:b2v_fa|7482:inst|20      ; out0             ;
; |ALU_LAB3|div:inst|cas:inst17|qjq:b2v_fa|7482:inst|27      ; |ALU_LAB3|div:inst|cas:inst17|qjq:b2v_fa|7482:inst|27      ; out0             ;
; |ALU_LAB3|div:inst|cas:inst17|qjq:b2v_fa|7482:inst|25      ; |ALU_LAB3|div:inst|cas:inst17|qjq:b2v_fa|7482:inst|25      ; out0             ;
; |ALU_LAB3|div:inst|cas:inst17|qjq:b2v_fa|7482:inst|17      ; |ALU_LAB3|div:inst|cas:inst17|qjq:b2v_fa|7482:inst|17      ; out0             ;
; |ALU_LAB3|div:inst|cas:inst17|qjq:b2v_fa|7482:inst|20      ; |ALU_LAB3|div:inst|cas:inst17|qjq:b2v_fa|7482:inst|20      ; out0             ;
; |ALU_LAB3|div:inst|cas:inst10|qjq:b2v_fa|7482:inst|8       ; |ALU_LAB3|div:inst|cas:inst10|qjq:b2v_fa|7482:inst|8       ; out0             ;
; |ALU_LAB3|div:inst|cas:inst10|qjq:b2v_fa|7482:inst|3       ; |ALU_LAB3|div:inst|cas:inst10|qjq:b2v_fa|7482:inst|3       ; out0             ;
; |ALU_LAB3|div:inst|cas:inst10|qjq:b2v_fa|7482:inst|27      ; |ALU_LAB3|div:inst|cas:inst10|qjq:b2v_fa|7482:inst|27      ; out0             ;
; |ALU_LAB3|div:inst|cas:inst10|qjq:b2v_fa|7482:inst|25      ; |ALU_LAB3|div:inst|cas:inst10|qjq:b2v_fa|7482:inst|25      ; out0             ;
; |ALU_LAB3|div:inst|cas:inst10|qjq:b2v_fa|7482:inst|17      ; |ALU_LAB3|div:inst|cas:inst10|qjq:b2v_fa|7482:inst|17      ; out0             ;
; |ALU_LAB3|div:inst|cas:inst10|qjq:b2v_fa|7482:inst|20      ; |ALU_LAB3|div:inst|cas:inst10|qjq:b2v_fa|7482:inst|20      ; out0             ;
; |ALU_LAB3|div:inst|cas:inst11|qjq:b2v_fa|7482:inst|8       ; |ALU_LAB3|div:inst|cas:inst11|qjq:b2v_fa|7482:inst|8       ; out0             ;
; |ALU_LAB3|div:inst|cas:inst11|qjq:b2v_fa|7482:inst|3       ; |ALU_LAB3|div:inst|cas:inst11|qjq:b2v_fa|7482:inst|3       ; out0             ;
; |ALU_LAB3|div:inst|cas:inst11|qjq:b2v_fa|7482:inst|27      ; |ALU_LAB3|div:inst|cas:inst11|qjq:b2v_fa|7482:inst|27      ; out0             ;
; |ALU_LAB3|div:inst|cas:inst11|qjq:b2v_fa|7482:inst|25      ; |ALU_LAB3|div:inst|cas:inst11|qjq:b2v_fa|7482:inst|25      ; out0             ;
; |ALU_LAB3|div:inst|cas:inst11|qjq:b2v_fa|7482:inst|17      ; |ALU_LAB3|div:inst|cas:inst11|qjq:b2v_fa|7482:inst|17      ; out0             ;
; |ALU_LAB3|div:inst|cas:inst11|qjq:b2v_fa|7482:inst|20      ; |ALU_LAB3|div:inst|cas:inst11|qjq:b2v_fa|7482:inst|20      ; out0             ;
; |ALU_LAB3|div:inst|cas:inst12|qjq:b2v_fa|7482:inst|3       ; |ALU_LAB3|div:inst|cas:inst12|qjq:b2v_fa|7482:inst|3       ; out0             ;
; |ALU_LAB3|div:inst|cas:inst12|qjq:b2v_fa|7482:inst|17      ; |ALU_LAB3|div:inst|cas:inst12|qjq:b2v_fa|7482:inst|17      ; out0             ;
; |ALU_LAB3|div:inst|cas:inst16|SYNTHESIZED_WIRE_0           ; |ALU_LAB3|div:inst|cas:inst16|SYNTHESIZED_WIRE_0           ; out0             ;
; |ALU_LAB3|div:inst|cas:inst16|qjq:b2v_fa|7482:inst|8       ; |ALU_LAB3|div:inst|cas:inst16|qjq:b2v_fa|7482:inst|8       ; out0             ;
; |ALU_LAB3|div:inst|cas:inst16|qjq:b2v_fa|7482:inst|3       ; |ALU_LAB3|div:inst|cas:inst16|qjq:b2v_fa|7482:inst|3       ; out0             ;
; |ALU_LAB3|div:inst|cas:inst16|qjq:b2v_fa|7482:inst|27      ; |ALU_LAB3|div:inst|cas:inst16|qjq:b2v_fa|7482:inst|27      ; out0             ;
; |ALU_LAB3|div:inst|cas:inst16|qjq:b2v_fa|7482:inst|25      ; |ALU_LAB3|div:inst|cas:inst16|qjq:b2v_fa|7482:inst|25      ; out0             ;
; |ALU_LAB3|div:inst|cas:inst16|qjq:b2v_fa|7482:inst|17      ; |ALU_LAB3|div:inst|cas:inst16|qjq:b2v_fa|7482:inst|17      ; out0             ;
; |ALU_LAB3|div:inst|cas:inst16|qjq:b2v_fa|7482:inst|20      ; |ALU_LAB3|div:inst|cas:inst16|qjq:b2v_fa|7482:inst|20      ; out0             ;
; |ALU_LAB3|div:inst|cas:inst15|SYNTHESIZED_WIRE_0           ; |ALU_LAB3|div:inst|cas:inst15|SYNTHESIZED_WIRE_0           ; out0             ;
; |ALU_LAB3|div:inst|cas:inst15|qjq:b2v_fa|7482:inst|8       ; |ALU_LAB3|div:inst|cas:inst15|qjq:b2v_fa|7482:inst|8       ; out0             ;
; |ALU_LAB3|div:inst|cas:inst15|qjq:b2v_fa|7482:inst|3       ; |ALU_LAB3|div:inst|cas:inst15|qjq:b2v_fa|7482:inst|3       ; out0             ;
; |ALU_LAB3|div:inst|cas:inst15|qjq:b2v_fa|7482:inst|27      ; |ALU_LAB3|div:inst|cas:inst15|qjq:b2v_fa|7482:inst|27      ; out0             ;
; |ALU_LAB3|div:inst|cas:inst15|qjq:b2v_fa|7482:inst|25      ; |ALU_LAB3|div:inst|cas:inst15|qjq:b2v_fa|7482:inst|25      ; out0             ;
; |ALU_LAB3|div:inst|cas:inst15|qjq:b2v_fa|7482:inst|17      ; |ALU_LAB3|div:inst|cas:inst15|qjq:b2v_fa|7482:inst|17      ; out0             ;
; |ALU_LAB3|div:inst|cas:inst15|qjq:b2v_fa|7482:inst|20      ; |ALU_LAB3|div:inst|cas:inst15|qjq:b2v_fa|7482:inst|20      ; out0             ;
; |ALU_LAB3|div:inst|cas:inst14|SYNTHESIZED_WIRE_0           ; |ALU_LAB3|div:inst|cas:inst14|SYNTHESIZED_WIRE_0           ; out0             ;
; |ALU_LAB3|div:inst|cas:inst14|qjq:b2v_fa|7482:inst|8       ; |ALU_LAB3|div:inst|cas:inst14|qjq:b2v_fa|7482:inst|8       ; out0             ;
; |ALU_LAB3|div:inst|cas:inst14|qjq:b2v_fa|7482:inst|3       ; |ALU_LAB3|div:inst|cas:inst14|qjq:b2v_fa|7482:inst|3       ; out0             ;
; |ALU_LAB3|div:inst|cas:inst14|qjq:b2v_fa|7482:inst|27      ; |ALU_LAB3|div:inst|cas:inst14|qjq:b2v_fa|7482:inst|27      ; out0             ;
; |ALU_LAB3|div:inst|cas:inst14|qjq:b2v_fa|7482:inst|25      ; |ALU_LAB3|div:inst|cas:inst14|qjq:b2v_fa|7482:inst|25      ; out0             ;
; |ALU_LAB3|div:inst|cas:inst14|qjq:b2v_fa|7482:inst|17      ; |ALU_LAB3|div:inst|cas:inst14|qjq:b2v_fa|7482:inst|17      ; out0             ;
; |ALU_LAB3|div:inst|cas:inst14|qjq:b2v_fa|7482:inst|20      ; |ALU_LAB3|div:inst|cas:inst14|qjq:b2v_fa|7482:inst|20      ; out0             ;
; |ALU_LAB3|div:inst|cas:inst13|qjq:b2v_fa|7482:inst|27      ; |ALU_LAB3|div:inst|cas:inst13|qjq:b2v_fa|7482:inst|27      ; out0             ;
; |ALU_LAB3|div:inst|cas:inst13|qjq:b2v_fa|7482:inst|25      ; |ALU_LAB3|div:inst|cas:inst13|qjq:b2v_fa|7482:inst|25      ; out0             ;
; |ALU_LAB3|div:inst|cas:inst13|qjq:b2v_fa|7482:inst|17      ; |ALU_LAB3|div:inst|cas:inst13|qjq:b2v_fa|7482:inst|17      ; out0             ;
; |ALU_LAB3|div:inst|cas:inst13|qjq:b2v_fa|7482:inst|20      ; |ALU_LAB3|div:inst|cas:inst13|qjq:b2v_fa|7482:inst|20      ; out0             ;
; |ALU_LAB3|METRIX:mul_lab3|cell:inst63|inst1                ; |ALU_LAB3|METRIX:mul_lab3|cell:inst63|inst1                ; out0             ;
; |ALU_LAB3|METRIX:mul_lab3|cell:inst63|FA:inst|7482:inst|8  ; |ALU_LAB3|METRIX:mul_lab3|cell:inst63|FA:inst|7482:inst|8  ; out0             ;
; |ALU_LAB3|METRIX:mul_lab3|cell:inst63|FA:inst|7482:inst|3  ; |ALU_LAB3|METRIX:mul_lab3|cell:inst63|FA:inst|7482:inst|3  ; out0             ;
; |ALU_LAB3|METRIX:mul_lab3|cell:inst63|FA:inst|7482:inst|27 ; |ALU_LAB3|METRIX:mul_lab3|cell:inst63|FA:inst|7482:inst|27 ; out0             ;
; |ALU_LAB3|METRIX:mul_lab3|cell:inst63|FA:inst|7482:inst|25 ; |ALU_LAB3|METRIX:mul_lab3|cell:inst63|FA:inst|7482:inst|25 ; out0             ;
; |ALU_LAB3|METRIX:mul_lab3|cell:inst63|FA:inst|7482:inst|17 ; |ALU_LAB3|METRIX:mul_lab3|cell:inst63|FA:inst|7482:inst|17 ; out0             ;
; |ALU_LAB3|METRIX:mul_lab3|cell:inst63|FA:inst|7482:inst|20 ; |ALU_LAB3|METRIX:mul_lab3|cell:inst63|FA:inst|7482:inst|20 ; out0             ;
; |ALU_LAB3|METRIX:mul_lab3|cell:inst55|inst1                ; |ALU_LAB3|METRIX:mul_lab3|cell:inst55|inst1                ; out0             ;
; |ALU_LAB3|METRIX:mul_lab3|cell:inst55|FA:inst|7482:inst|8  ; |ALU_LAB3|METRIX:mul_lab3|cell:inst55|FA:inst|7482:inst|8  ; out0             ;
; |ALU_LAB3|METRIX:mul_lab3|cell:inst55|FA:inst|7482:inst|3  ; |ALU_LAB3|METRIX:mul_lab3|cell:inst55|FA:inst|7482:inst|3  ; out0             ;
; |ALU_LAB3|METRIX:mul_lab3|cell:inst55|FA:inst|7482:inst|27 ; |ALU_LAB3|METRIX:mul_lab3|cell:inst55|FA:inst|7482:inst|27 ; out0             ;
; |ALU_LAB3|METRIX:mul_lab3|cell:inst55|FA:inst|7482:inst|25 ; |ALU_LAB3|METRIX:mul_lab3|cell:inst55|FA:inst|7482:inst|25 ; out0             ;
; |ALU_LAB3|METRIX:mul_lab3|cell:inst55|FA:inst|7482:inst|17 ; |ALU_LAB3|METRIX:mul_lab3|cell:inst55|FA:inst|7482:inst|17 ; out0             ;
; |ALU_LAB3|METRIX:mul_lab3|cell:inst55|FA:inst|7482:inst|20 ; |ALU_LAB3|METRIX:mul_lab3|cell:inst55|FA:inst|7482:inst|20 ; out0             ;
; |ALU_LAB3|METRIX:mul_lab3|cell:inst62|inst1                ; |ALU_LAB3|METRIX:mul_lab3|cell:inst62|inst1                ; out0             ;
; |ALU_LAB3|METRIX:mul_lab3|cell:inst62|FA:inst|7482:inst|8  ; |ALU_LAB3|METRIX:mul_lab3|cell:inst62|FA:inst|7482:inst|8  ; out0             ;
; |ALU_LAB3|METRIX:mul_lab3|cell:inst62|FA:inst|7482:inst|3  ; |ALU_LAB3|METRIX:mul_lab3|cell:inst62|FA:inst|7482:inst|3  ; out0             ;
; |ALU_LAB3|METRIX:mul_lab3|cell:inst62|FA:inst|7482:inst|27 ; |ALU_LAB3|METRIX:mul_lab3|cell:inst62|FA:inst|7482:inst|27 ; out0             ;
; |ALU_LAB3|METRIX:mul_lab3|cell:inst62|FA:inst|7482:inst|25 ; |ALU_LAB3|METRIX:mul_lab3|cell:inst62|FA:inst|7482:inst|25 ; out0             ;
; |ALU_LAB3|METRIX:mul_lab3|cell:inst62|FA:inst|7482:inst|17 ; |ALU_LAB3|METRIX:mul_lab3|cell:inst62|FA:inst|7482:inst|17 ; out0             ;
; |ALU_LAB3|METRIX:mul_lab3|cell:inst62|FA:inst|7482:inst|20 ; |ALU_LAB3|METRIX:mul_lab3|cell:inst62|FA:inst|7482:inst|20 ; out0             ;
; |ALU_LAB3|METRIX:mul_lab3|cell:inst47|inst1                ; |ALU_LAB3|METRIX:mul_lab3|cell:inst47|inst1                ; out0             ;
; |ALU_LAB3|METRIX:mul_lab3|cell:inst47|FA:inst|7482:inst|8  ; |ALU_LAB3|METRIX:mul_lab3|cell:inst47|FA:inst|7482:inst|8  ; out0             ;
; |ALU_LAB3|METRIX:mul_lab3|cell:inst47|FA:inst|7482:inst|3  ; |ALU_LAB3|METRIX:mul_lab3|cell:inst47|FA:inst|7482:inst|3  ; out0             ;
; |ALU_LAB3|METRIX:mul_lab3|cell:inst47|FA:inst|7482:inst|27 ; |ALU_LAB3|METRIX:mul_lab3|cell:inst47|FA:inst|7482:inst|27 ; out0             ;
; |ALU_LAB3|METRIX:mul_lab3|cell:inst47|FA:inst|7482:inst|25 ; |ALU_LAB3|METRIX:mul_lab3|cell:inst47|FA:inst|7482:inst|25 ; out0             ;
; |ALU_LAB3|METRIX:mul_lab3|cell:inst47|FA:inst|7482:inst|17 ; |ALU_LAB3|METRIX:mul_lab3|cell:inst47|FA:inst|7482:inst|17 ; out0             ;
; |ALU_LAB3|METRIX:mul_lab3|cell:inst47|FA:inst|7482:inst|20 ; |ALU_LAB3|METRIX:mul_lab3|cell:inst47|FA:inst|7482:inst|20 ; out0             ;
; |ALU_LAB3|METRIX:mul_lab3|cell:inst54|inst1                ; |ALU_LAB3|METRIX:mul_lab3|cell:inst54|inst1                ; out0             ;
; |ALU_LAB3|METRIX:mul_lab3|cell:inst54|FA:inst|7482:inst|8  ; |ALU_LAB3|METRIX:mul_lab3|cell:inst54|FA:inst|7482:inst|8  ; out0             ;
; |ALU_LAB3|METRIX:mul_lab3|cell:inst54|FA:inst|7482:inst|3  ; |ALU_LAB3|METRIX:mul_lab3|cell:inst54|FA:inst|7482:inst|3  ; out0             ;
; |ALU_LAB3|METRIX:mul_lab3|cell:inst54|FA:inst|7482:inst|27 ; |ALU_LAB3|METRIX:mul_lab3|cell:inst54|FA:inst|7482:inst|27 ; out0             ;
; |ALU_LAB3|METRIX:mul_lab3|cell:inst54|FA:inst|7482:inst|25 ; |ALU_LAB3|METRIX:mul_lab3|cell:inst54|FA:inst|7482:inst|25 ; out0             ;
; |ALU_LAB3|METRIX:mul_lab3|cell:inst54|FA:inst|7482:inst|17 ; |ALU_LAB3|METRIX:mul_lab3|cell:inst54|FA:inst|7482:inst|17 ; out0             ;
; |ALU_LAB3|METRIX:mul_lab3|cell:inst54|FA:inst|7482:inst|20 ; |ALU_LAB3|METRIX:mul_lab3|cell:inst54|FA:inst|7482:inst|20 ; out0             ;
; |ALU_LAB3|METRIX:mul_lab3|cell:inst61|inst1                ; |ALU_LAB3|METRIX:mul_lab3|cell:inst61|inst1                ; out0             ;
; |ALU_LAB3|METRIX:mul_lab3|cell:inst61|FA:inst|7482:inst|8  ; |ALU_LAB3|METRIX:mul_lab3|cell:inst61|FA:inst|7482:inst|8  ; out0             ;
; |ALU_LAB3|METRIX:mul_lab3|cell:inst61|FA:inst|7482:inst|3  ; |ALU_LAB3|METRIX:mul_lab3|cell:inst61|FA:inst|7482:inst|3  ; out0             ;
; |ALU_LAB3|METRIX:mul_lab3|cell:inst61|FA:inst|7482:inst|27 ; |ALU_LAB3|METRIX:mul_lab3|cell:inst61|FA:inst|7482:inst|27 ; out0             ;
; |ALU_LAB3|METRIX:mul_lab3|cell:inst61|FA:inst|7482:inst|25 ; |ALU_LAB3|METRIX:mul_lab3|cell:inst61|FA:inst|7482:inst|25 ; out0             ;
; |ALU_LAB3|METRIX:mul_lab3|cell:inst61|FA:inst|7482:inst|17 ; |ALU_LAB3|METRIX:mul_lab3|cell:inst61|FA:inst|7482:inst|17 ; out0             ;
; |ALU_LAB3|METRIX:mul_lab3|cell:inst61|FA:inst|7482:inst|20 ; |ALU_LAB3|METRIX:mul_lab3|cell:inst61|FA:inst|7482:inst|20 ; out0             ;
; |ALU_LAB3|METRIX:mul_lab3|cell:inst39|inst1                ; |ALU_LAB3|METRIX:mul_lab3|cell:inst39|inst1                ; out0             ;
; |ALU_LAB3|METRIX:mul_lab3|cell:inst39|FA:inst|7482:inst|8  ; |ALU_LAB3|METRIX:mul_lab3|cell:inst39|FA:inst|7482:inst|8  ; out0             ;
; |ALU_LAB3|METRIX:mul_lab3|cell:inst39|FA:inst|7482:inst|3  ; |ALU_LAB3|METRIX:mul_lab3|cell:inst39|FA:inst|7482:inst|3  ; out0             ;
; |ALU_LAB3|METRIX:mul_lab3|cell:inst39|FA:inst|7482:inst|27 ; |ALU_LAB3|METRIX:mul_lab3|cell:inst39|FA:inst|7482:inst|27 ; out0             ;
; |ALU_LAB3|METRIX:mul_lab3|cell:inst39|FA:inst|7482:inst|25 ; |ALU_LAB3|METRIX:mul_lab3|cell:inst39|FA:inst|7482:inst|25 ; out0             ;
; |ALU_LAB3|METRIX:mul_lab3|cell:inst39|FA:inst|7482:inst|17 ; |ALU_LAB3|METRIX:mul_lab3|cell:inst39|FA:inst|7482:inst|17 ; out0             ;
; |ALU_LAB3|METRIX:mul_lab3|cell:inst39|FA:inst|7482:inst|20 ; |ALU_LAB3|METRIX:mul_lab3|cell:inst39|FA:inst|7482:inst|20 ; out0             ;
; |ALU_LAB3|METRIX:mul_lab3|cell:inst46|inst1                ; |ALU_LAB3|METRIX:mul_lab3|cell:inst46|inst1                ; out0             ;
; |ALU_LAB3|METRIX:mul_lab3|cell:inst46|FA:inst|7482:inst|8  ; |ALU_LAB3|METRIX:mul_lab3|cell:inst46|FA:inst|7482:inst|8  ; out0             ;
; |ALU_LAB3|METRIX:mul_lab3|cell:inst46|FA:inst|7482:inst|3  ; |ALU_LAB3|METRIX:mul_lab3|cell:inst46|FA:inst|7482:inst|3  ; out0             ;
; |ALU_LAB3|METRIX:mul_lab3|cell:inst46|FA:inst|7482:inst|27 ; |ALU_LAB3|METRIX:mul_lab3|cell:inst46|FA:inst|7482:inst|27 ; out0             ;
; |ALU_LAB3|METRIX:mul_lab3|cell:inst46|FA:inst|7482:inst|25 ; |ALU_LAB3|METRIX:mul_lab3|cell:inst46|FA:inst|7482:inst|25 ; out0             ;
; |ALU_LAB3|METRIX:mul_lab3|cell:inst46|FA:inst|7482:inst|17 ; |ALU_LAB3|METRIX:mul_lab3|cell:inst46|FA:inst|7482:inst|17 ; out0             ;
; |ALU_LAB3|METRIX:mul_lab3|cell:inst46|FA:inst|7482:inst|20 ; |ALU_LAB3|METRIX:mul_lab3|cell:inst46|FA:inst|7482:inst|20 ; out0             ;
; |ALU_LAB3|METRIX:mul_lab3|cell:inst53|inst1                ; |ALU_LAB3|METRIX:mul_lab3|cell:inst53|inst1                ; out0             ;
; |ALU_LAB3|METRIX:mul_lab3|cell:inst53|FA:inst|7482:inst|8  ; |ALU_LAB3|METRIX:mul_lab3|cell:inst53|FA:inst|7482:inst|8  ; out0             ;
; |ALU_LAB3|METRIX:mul_lab3|cell:inst53|FA:inst|7482:inst|3  ; |ALU_LAB3|METRIX:mul_lab3|cell:inst53|FA:inst|7482:inst|3  ; out0             ;
; |ALU_LAB3|METRIX:mul_lab3|cell:inst53|FA:inst|7482:inst|27 ; |ALU_LAB3|METRIX:mul_lab3|cell:inst53|FA:inst|7482:inst|27 ; out0             ;
; |ALU_LAB3|METRIX:mul_lab3|cell:inst53|FA:inst|7482:inst|25 ; |ALU_LAB3|METRIX:mul_lab3|cell:inst53|FA:inst|7482:inst|25 ; out0             ;
; |ALU_LAB3|METRIX:mul_lab3|cell:inst53|FA:inst|7482:inst|17 ; |ALU_LAB3|METRIX:mul_lab3|cell:inst53|FA:inst|7482:inst|17 ; out0             ;
; |ALU_LAB3|METRIX:mul_lab3|cell:inst53|FA:inst|7482:inst|20 ; |ALU_LAB3|METRIX:mul_lab3|cell:inst53|FA:inst|7482:inst|20 ; out0             ;
; |ALU_LAB3|METRIX:mul_lab3|cell:inst60|inst1                ; |ALU_LAB3|METRIX:mul_lab3|cell:inst60|inst1                ; out0             ;
; |ALU_LAB3|METRIX:mul_lab3|cell:inst60|FA:inst|7482:inst|8  ; |ALU_LAB3|METRIX:mul_lab3|cell:inst60|FA:inst|7482:inst|8  ; out0             ;
; |ALU_LAB3|METRIX:mul_lab3|cell:inst60|FA:inst|7482:inst|3  ; |ALU_LAB3|METRIX:mul_lab3|cell:inst60|FA:inst|7482:inst|3  ; out0             ;
; |ALU_LAB3|METRIX:mul_lab3|cell:inst60|FA:inst|7482:inst|27 ; |ALU_LAB3|METRIX:mul_lab3|cell:inst60|FA:inst|7482:inst|27 ; out0             ;
; |ALU_LAB3|METRIX:mul_lab3|cell:inst60|FA:inst|7482:inst|25 ; |ALU_LAB3|METRIX:mul_lab3|cell:inst60|FA:inst|7482:inst|25 ; out0             ;
; |ALU_LAB3|METRIX:mul_lab3|cell:inst60|FA:inst|7482:inst|17 ; |ALU_LAB3|METRIX:mul_lab3|cell:inst60|FA:inst|7482:inst|17 ; out0             ;
; |ALU_LAB3|METRIX:mul_lab3|cell:inst60|FA:inst|7482:inst|20 ; |ALU_LAB3|METRIX:mul_lab3|cell:inst60|FA:inst|7482:inst|20 ; out0             ;
; |ALU_LAB3|METRIX:mul_lab3|cell:inst30|inst1                ; |ALU_LAB3|METRIX:mul_lab3|cell:inst30|inst1                ; out0             ;
; |ALU_LAB3|METRIX:mul_lab3|cell:inst30|FA:inst|7482:inst|8  ; |ALU_LAB3|METRIX:mul_lab3|cell:inst30|FA:inst|7482:inst|8  ; out0             ;
; |ALU_LAB3|METRIX:mul_lab3|cell:inst30|FA:inst|7482:inst|3  ; |ALU_LAB3|METRIX:mul_lab3|cell:inst30|FA:inst|7482:inst|3  ; out0             ;
; |ALU_LAB3|METRIX:mul_lab3|cell:inst30|FA:inst|7482:inst|27 ; |ALU_LAB3|METRIX:mul_lab3|cell:inst30|FA:inst|7482:inst|27 ; out0             ;
; |ALU_LAB3|METRIX:mul_lab3|cell:inst30|FA:inst|7482:inst|25 ; |ALU_LAB3|METRIX:mul_lab3|cell:inst30|FA:inst|7482:inst|25 ; out0             ;
; |ALU_LAB3|METRIX:mul_lab3|cell:inst30|FA:inst|7482:inst|17 ; |ALU_LAB3|METRIX:mul_lab3|cell:inst30|FA:inst|7482:inst|17 ; out0             ;
; |ALU_LAB3|METRIX:mul_lab3|cell:inst30|FA:inst|7482:inst|20 ; |ALU_LAB3|METRIX:mul_lab3|cell:inst30|FA:inst|7482:inst|20 ; out0             ;
; |ALU_LAB3|METRIX:mul_lab3|cell:inst38|inst1                ; |ALU_LAB3|METRIX:mul_lab3|cell:inst38|inst1                ; out0             ;
; |ALU_LAB3|METRIX:mul_lab3|cell:inst38|FA:inst|7482:inst|8  ; |ALU_LAB3|METRIX:mul_lab3|cell:inst38|FA:inst|7482:inst|8  ; out0             ;
; |ALU_LAB3|METRIX:mul_lab3|cell:inst38|FA:inst|7482:inst|3  ; |ALU_LAB3|METRIX:mul_lab3|cell:inst38|FA:inst|7482:inst|3  ; out0             ;
; |ALU_LAB3|METRIX:mul_lab3|cell:inst38|FA:inst|7482:inst|27 ; |ALU_LAB3|METRIX:mul_lab3|cell:inst38|FA:inst|7482:inst|27 ; out0             ;
; |ALU_LAB3|METRIX:mul_lab3|cell:inst38|FA:inst|7482:inst|25 ; |ALU_LAB3|METRIX:mul_lab3|cell:inst38|FA:inst|7482:inst|25 ; out0             ;
; |ALU_LAB3|METRIX:mul_lab3|cell:inst38|FA:inst|7482:inst|17 ; |ALU_LAB3|METRIX:mul_lab3|cell:inst38|FA:inst|7482:inst|17 ; out0             ;
; |ALU_LAB3|METRIX:mul_lab3|cell:inst38|FA:inst|7482:inst|20 ; |ALU_LAB3|METRIX:mul_lab3|cell:inst38|FA:inst|7482:inst|20 ; out0             ;
; |ALU_LAB3|METRIX:mul_lab3|cell:inst45|inst1                ; |ALU_LAB3|METRIX:mul_lab3|cell:inst45|inst1                ; out0             ;
; |ALU_LAB3|METRIX:mul_lab3|cell:inst45|FA:inst|7482:inst|8  ; |ALU_LAB3|METRIX:mul_lab3|cell:inst45|FA:inst|7482:inst|8  ; out0             ;
; |ALU_LAB3|METRIX:mul_lab3|cell:inst45|FA:inst|7482:inst|3  ; |ALU_LAB3|METRIX:mul_lab3|cell:inst45|FA:inst|7482:inst|3  ; out0             ;
; |ALU_LAB3|METRIX:mul_lab3|cell:inst45|FA:inst|7482:inst|27 ; |ALU_LAB3|METRIX:mul_lab3|cell:inst45|FA:inst|7482:inst|27 ; out0             ;
; |ALU_LAB3|METRIX:mul_lab3|cell:inst45|FA:inst|7482:inst|25 ; |ALU_LAB3|METRIX:mul_lab3|cell:inst45|FA:inst|7482:inst|25 ; out0             ;
; |ALU_LAB3|METRIX:mul_lab3|cell:inst45|FA:inst|7482:inst|17 ; |ALU_LAB3|METRIX:mul_lab3|cell:inst45|FA:inst|7482:inst|17 ; out0             ;
; |ALU_LAB3|METRIX:mul_lab3|cell:inst45|FA:inst|7482:inst|20 ; |ALU_LAB3|METRIX:mul_lab3|cell:inst45|FA:inst|7482:inst|20 ; out0             ;
; |ALU_LAB3|METRIX:mul_lab3|cell:inst52|inst1                ; |ALU_LAB3|METRIX:mul_lab3|cell:inst52|inst1                ; out0             ;
; |ALU_LAB3|METRIX:mul_lab3|cell:inst52|FA:inst|7482:inst|8  ; |ALU_LAB3|METRIX:mul_lab3|cell:inst52|FA:inst|7482:inst|8  ; out0             ;
; |ALU_LAB3|METRIX:mul_lab3|cell:inst52|FA:inst|7482:inst|3  ; |ALU_LAB3|METRIX:mul_lab3|cell:inst52|FA:inst|7482:inst|3  ; out0             ;
; |ALU_LAB3|METRIX:mul_lab3|cell:inst52|FA:inst|7482:inst|27 ; |ALU_LAB3|METRIX:mul_lab3|cell:inst52|FA:inst|7482:inst|27 ; out0             ;
; |ALU_LAB3|METRIX:mul_lab3|cell:inst52|FA:inst|7482:inst|25 ; |ALU_LAB3|METRIX:mul_lab3|cell:inst52|FA:inst|7482:inst|25 ; out0             ;
; |ALU_LAB3|METRIX:mul_lab3|cell:inst52|FA:inst|7482:inst|17 ; |ALU_LAB3|METRIX:mul_lab3|cell:inst52|FA:inst|7482:inst|17 ; out0             ;
; |ALU_LAB3|METRIX:mul_lab3|cell:inst52|FA:inst|7482:inst|20 ; |ALU_LAB3|METRIX:mul_lab3|cell:inst52|FA:inst|7482:inst|20 ; out0             ;
; |ALU_LAB3|METRIX:mul_lab3|cell:inst59|inst1                ; |ALU_LAB3|METRIX:mul_lab3|cell:inst59|inst1                ; out0             ;
; |ALU_LAB3|METRIX:mul_lab3|cell:inst59|FA:inst|7482:inst|8  ; |ALU_LAB3|METRIX:mul_lab3|cell:inst59|FA:inst|7482:inst|8  ; out0             ;
; |ALU_LAB3|METRIX:mul_lab3|cell:inst59|FA:inst|7482:inst|3  ; |ALU_LAB3|METRIX:mul_lab3|cell:inst59|FA:inst|7482:inst|3  ; out0             ;
; |ALU_LAB3|METRIX:mul_lab3|cell:inst59|FA:inst|7482:inst|27 ; |ALU_LAB3|METRIX:mul_lab3|cell:inst59|FA:inst|7482:inst|27 ; out0             ;
; |ALU_LAB3|METRIX:mul_lab3|cell:inst59|FA:inst|7482:inst|25 ; |ALU_LAB3|METRIX:mul_lab3|cell:inst59|FA:inst|7482:inst|25 ; out0             ;
; |ALU_LAB3|METRIX:mul_lab3|cell:inst59|FA:inst|7482:inst|17 ; |ALU_LAB3|METRIX:mul_lab3|cell:inst59|FA:inst|7482:inst|17 ; out0             ;
; |ALU_LAB3|METRIX:mul_lab3|cell:inst59|FA:inst|7482:inst|20 ; |ALU_LAB3|METRIX:mul_lab3|cell:inst59|FA:inst|7482:inst|20 ; out0             ;
; |ALU_LAB3|METRIX:mul_lab3|cell:inst22|inst1                ; |ALU_LAB3|METRIX:mul_lab3|cell:inst22|inst1                ; out0             ;
; |ALU_LAB3|METRIX:mul_lab3|cell:inst22|FA:inst|7482:inst|8  ; |ALU_LAB3|METRIX:mul_lab3|cell:inst22|FA:inst|7482:inst|8  ; out0             ;
; |ALU_LAB3|METRIX:mul_lab3|cell:inst22|FA:inst|7482:inst|3  ; |ALU_LAB3|METRIX:mul_lab3|cell:inst22|FA:inst|7482:inst|3  ; out0             ;
; |ALU_LAB3|METRIX:mul_lab3|cell:inst22|FA:inst|7482:inst|27 ; |ALU_LAB3|METRIX:mul_lab3|cell:inst22|FA:inst|7482:inst|27 ; out0             ;
; |ALU_LAB3|METRIX:mul_lab3|cell:inst22|FA:inst|7482:inst|25 ; |ALU_LAB3|METRIX:mul_lab3|cell:inst22|FA:inst|7482:inst|25 ; out0             ;
; |ALU_LAB3|METRIX:mul_lab3|cell:inst22|FA:inst|7482:inst|17 ; |ALU_LAB3|METRIX:mul_lab3|cell:inst22|FA:inst|7482:inst|17 ; out0             ;
; |ALU_LAB3|METRIX:mul_lab3|cell:inst22|FA:inst|7482:inst|20 ; |ALU_LAB3|METRIX:mul_lab3|cell:inst22|FA:inst|7482:inst|20 ; out0             ;
; |ALU_LAB3|METRIX:mul_lab3|cell:inst29|inst1                ; |ALU_LAB3|METRIX:mul_lab3|cell:inst29|inst1                ; out0             ;
; |ALU_LAB3|METRIX:mul_lab3|cell:inst29|FA:inst|7482:inst|8  ; |ALU_LAB3|METRIX:mul_lab3|cell:inst29|FA:inst|7482:inst|8  ; out0             ;
; |ALU_LAB3|METRIX:mul_lab3|cell:inst29|FA:inst|7482:inst|3  ; |ALU_LAB3|METRIX:mul_lab3|cell:inst29|FA:inst|7482:inst|3  ; out0             ;
; |ALU_LAB3|METRIX:mul_lab3|cell:inst29|FA:inst|7482:inst|27 ; |ALU_LAB3|METRIX:mul_lab3|cell:inst29|FA:inst|7482:inst|27 ; out0             ;
; |ALU_LAB3|METRIX:mul_lab3|cell:inst29|FA:inst|7482:inst|25 ; |ALU_LAB3|METRIX:mul_lab3|cell:inst29|FA:inst|7482:inst|25 ; out0             ;
; |ALU_LAB3|METRIX:mul_lab3|cell:inst29|FA:inst|7482:inst|17 ; |ALU_LAB3|METRIX:mul_lab3|cell:inst29|FA:inst|7482:inst|17 ; out0             ;
; |ALU_LAB3|METRIX:mul_lab3|cell:inst29|FA:inst|7482:inst|20 ; |ALU_LAB3|METRIX:mul_lab3|cell:inst29|FA:inst|7482:inst|20 ; out0             ;
; |ALU_LAB3|METRIX:mul_lab3|cell:inst37|inst1                ; |ALU_LAB3|METRIX:mul_lab3|cell:inst37|inst1                ; out0             ;
; |ALU_LAB3|METRIX:mul_lab3|cell:inst37|FA:inst|7482:inst|8  ; |ALU_LAB3|METRIX:mul_lab3|cell:inst37|FA:inst|7482:inst|8  ; out0             ;
; |ALU_LAB3|METRIX:mul_lab3|cell:inst37|FA:inst|7482:inst|3  ; |ALU_LAB3|METRIX:mul_lab3|cell:inst37|FA:inst|7482:inst|3  ; out0             ;
; |ALU_LAB3|METRIX:mul_lab3|cell:inst37|FA:inst|7482:inst|27 ; |ALU_LAB3|METRIX:mul_lab3|cell:inst37|FA:inst|7482:inst|27 ; out0             ;
; |ALU_LAB3|METRIX:mul_lab3|cell:inst37|FA:inst|7482:inst|25 ; |ALU_LAB3|METRIX:mul_lab3|cell:inst37|FA:inst|7482:inst|25 ; out0             ;
; |ALU_LAB3|METRIX:mul_lab3|cell:inst37|FA:inst|7482:inst|17 ; |ALU_LAB3|METRIX:mul_lab3|cell:inst37|FA:inst|7482:inst|17 ; out0             ;
; |ALU_LAB3|METRIX:mul_lab3|cell:inst37|FA:inst|7482:inst|20 ; |ALU_LAB3|METRIX:mul_lab3|cell:inst37|FA:inst|7482:inst|20 ; out0             ;
; |ALU_LAB3|METRIX:mul_lab3|cell:inst44|inst1                ; |ALU_LAB3|METRIX:mul_lab3|cell:inst44|inst1                ; out0             ;
; |ALU_LAB3|METRIX:mul_lab3|cell:inst44|FA:inst|7482:inst|8  ; |ALU_LAB3|METRIX:mul_lab3|cell:inst44|FA:inst|7482:inst|8  ; out0             ;
; |ALU_LAB3|METRIX:mul_lab3|cell:inst44|FA:inst|7482:inst|3  ; |ALU_LAB3|METRIX:mul_lab3|cell:inst44|FA:inst|7482:inst|3  ; out0             ;
; |ALU_LAB3|METRIX:mul_lab3|cell:inst44|FA:inst|7482:inst|27 ; |ALU_LAB3|METRIX:mul_lab3|cell:inst44|FA:inst|7482:inst|27 ; out0             ;
; |ALU_LAB3|METRIX:mul_lab3|cell:inst44|FA:inst|7482:inst|25 ; |ALU_LAB3|METRIX:mul_lab3|cell:inst44|FA:inst|7482:inst|25 ; out0             ;
; |ALU_LAB3|METRIX:mul_lab3|cell:inst44|FA:inst|7482:inst|17 ; |ALU_LAB3|METRIX:mul_lab3|cell:inst44|FA:inst|7482:inst|17 ; out0             ;
; |ALU_LAB3|METRIX:mul_lab3|cell:inst44|FA:inst|7482:inst|20 ; |ALU_LAB3|METRIX:mul_lab3|cell:inst44|FA:inst|7482:inst|20 ; out0             ;
; |ALU_LAB3|METRIX:mul_lab3|cell:inst51|inst1                ; |ALU_LAB3|METRIX:mul_lab3|cell:inst51|inst1                ; out0             ;
; |ALU_LAB3|METRIX:mul_lab3|cell:inst51|FA:inst|7482:inst|8  ; |ALU_LAB3|METRIX:mul_lab3|cell:inst51|FA:inst|7482:inst|8  ; out0             ;
; |ALU_LAB3|METRIX:mul_lab3|cell:inst51|FA:inst|7482:inst|3  ; |ALU_LAB3|METRIX:mul_lab3|cell:inst51|FA:inst|7482:inst|3  ; out0             ;
; |ALU_LAB3|METRIX:mul_lab3|cell:inst51|FA:inst|7482:inst|27 ; |ALU_LAB3|METRIX:mul_lab3|cell:inst51|FA:inst|7482:inst|27 ; out0             ;
; |ALU_LAB3|METRIX:mul_lab3|cell:inst51|FA:inst|7482:inst|25 ; |ALU_LAB3|METRIX:mul_lab3|cell:inst51|FA:inst|7482:inst|25 ; out0             ;
; |ALU_LAB3|METRIX:mul_lab3|cell:inst51|FA:inst|7482:inst|17 ; |ALU_LAB3|METRIX:mul_lab3|cell:inst51|FA:inst|7482:inst|17 ; out0             ;
; |ALU_LAB3|METRIX:mul_lab3|cell:inst51|FA:inst|7482:inst|20 ; |ALU_LAB3|METRIX:mul_lab3|cell:inst51|FA:inst|7482:inst|20 ; out0             ;
; |ALU_LAB3|METRIX:mul_lab3|cell:inst58|inst1                ; |ALU_LAB3|METRIX:mul_lab3|cell:inst58|inst1                ; out0             ;
; |ALU_LAB3|METRIX:mul_lab3|cell:inst58|FA:inst|7482:inst|8  ; |ALU_LAB3|METRIX:mul_lab3|cell:inst58|FA:inst|7482:inst|8  ; out0             ;
; |ALU_LAB3|METRIX:mul_lab3|cell:inst58|FA:inst|7482:inst|3  ; |ALU_LAB3|METRIX:mul_lab3|cell:inst58|FA:inst|7482:inst|3  ; out0             ;
; |ALU_LAB3|METRIX:mul_lab3|cell:inst58|FA:inst|7482:inst|27 ; |ALU_LAB3|METRIX:mul_lab3|cell:inst58|FA:inst|7482:inst|27 ; out0             ;
; |ALU_LAB3|METRIX:mul_lab3|cell:inst58|FA:inst|7482:inst|25 ; |ALU_LAB3|METRIX:mul_lab3|cell:inst58|FA:inst|7482:inst|25 ; out0             ;
; |ALU_LAB3|METRIX:mul_lab3|cell:inst58|FA:inst|7482:inst|17 ; |ALU_LAB3|METRIX:mul_lab3|cell:inst58|FA:inst|7482:inst|17 ; out0             ;
; |ALU_LAB3|METRIX:mul_lab3|cell:inst58|FA:inst|7482:inst|20 ; |ALU_LAB3|METRIX:mul_lab3|cell:inst58|FA:inst|7482:inst|20 ; out0             ;
; |ALU_LAB3|METRIX:mul_lab3|cell:inst15|inst1                ; |ALU_LAB3|METRIX:mul_lab3|cell:inst15|inst1                ; out0             ;
; |ALU_LAB3|METRIX:mul_lab3|cell:inst15|FA:inst|7482:inst|8  ; |ALU_LAB3|METRIX:mul_lab3|cell:inst15|FA:inst|7482:inst|8  ; out0             ;
; |ALU_LAB3|METRIX:mul_lab3|cell:inst15|FA:inst|7482:inst|25 ; |ALU_LAB3|METRIX:mul_lab3|cell:inst15|FA:inst|7482:inst|25 ; out0             ;
; |ALU_LAB3|METRIX:mul_lab3|cell:inst15|FA:inst|7482:inst|17 ; |ALU_LAB3|METRIX:mul_lab3|cell:inst15|FA:inst|7482:inst|17 ; out0             ;
; |ALU_LAB3|METRIX:mul_lab3|cell:inst21|inst1                ; |ALU_LAB3|METRIX:mul_lab3|cell:inst21|inst1                ; out0             ;
; |ALU_LAB3|METRIX:mul_lab3|cell:inst21|FA:inst|7482:inst|8  ; |ALU_LAB3|METRIX:mul_lab3|cell:inst21|FA:inst|7482:inst|8  ; out0             ;
; |ALU_LAB3|METRIX:mul_lab3|cell:inst21|FA:inst|7482:inst|3  ; |ALU_LAB3|METRIX:mul_lab3|cell:inst21|FA:inst|7482:inst|3  ; out0             ;
; |ALU_LAB3|METRIX:mul_lab3|cell:inst21|FA:inst|7482:inst|27 ; |ALU_LAB3|METRIX:mul_lab3|cell:inst21|FA:inst|7482:inst|27 ; out0             ;
; |ALU_LAB3|METRIX:mul_lab3|cell:inst21|FA:inst|7482:inst|25 ; |ALU_LAB3|METRIX:mul_lab3|cell:inst21|FA:inst|7482:inst|25 ; out0             ;
; |ALU_LAB3|METRIX:mul_lab3|cell:inst21|FA:inst|7482:inst|17 ; |ALU_LAB3|METRIX:mul_lab3|cell:inst21|FA:inst|7482:inst|17 ; out0             ;
; |ALU_LAB3|METRIX:mul_lab3|cell:inst21|FA:inst|7482:inst|20 ; |ALU_LAB3|METRIX:mul_lab3|cell:inst21|FA:inst|7482:inst|20 ; out0             ;
; |ALU_LAB3|METRIX:mul_lab3|cell:inst28|inst1                ; |ALU_LAB3|METRIX:mul_lab3|cell:inst28|inst1                ; out0             ;
; |ALU_LAB3|METRIX:mul_lab3|cell:inst28|FA:inst|7482:inst|8  ; |ALU_LAB3|METRIX:mul_lab3|cell:inst28|FA:inst|7482:inst|8  ; out0             ;
; |ALU_LAB3|METRIX:mul_lab3|cell:inst28|FA:inst|7482:inst|3  ; |ALU_LAB3|METRIX:mul_lab3|cell:inst28|FA:inst|7482:inst|3  ; out0             ;
; |ALU_LAB3|METRIX:mul_lab3|cell:inst28|FA:inst|7482:inst|27 ; |ALU_LAB3|METRIX:mul_lab3|cell:inst28|FA:inst|7482:inst|27 ; out0             ;
; |ALU_LAB3|METRIX:mul_lab3|cell:inst28|FA:inst|7482:inst|25 ; |ALU_LAB3|METRIX:mul_lab3|cell:inst28|FA:inst|7482:inst|25 ; out0             ;
; |ALU_LAB3|METRIX:mul_lab3|cell:inst28|FA:inst|7482:inst|17 ; |ALU_LAB3|METRIX:mul_lab3|cell:inst28|FA:inst|7482:inst|17 ; out0             ;
; |ALU_LAB3|METRIX:mul_lab3|cell:inst28|FA:inst|7482:inst|20 ; |ALU_LAB3|METRIX:mul_lab3|cell:inst28|FA:inst|7482:inst|20 ; out0             ;
; |ALU_LAB3|METRIX:mul_lab3|cell:inst36|inst1                ; |ALU_LAB3|METRIX:mul_lab3|cell:inst36|inst1                ; out0             ;
; |ALU_LAB3|METRIX:mul_lab3|cell:inst36|FA:inst|7482:inst|8  ; |ALU_LAB3|METRIX:mul_lab3|cell:inst36|FA:inst|7482:inst|8  ; out0             ;
; |ALU_LAB3|METRIX:mul_lab3|cell:inst36|FA:inst|7482:inst|3  ; |ALU_LAB3|METRIX:mul_lab3|cell:inst36|FA:inst|7482:inst|3  ; out0             ;
; |ALU_LAB3|METRIX:mul_lab3|cell:inst36|FA:inst|7482:inst|27 ; |ALU_LAB3|METRIX:mul_lab3|cell:inst36|FA:inst|7482:inst|27 ; out0             ;
; |ALU_LAB3|METRIX:mul_lab3|cell:inst36|FA:inst|7482:inst|25 ; |ALU_LAB3|METRIX:mul_lab3|cell:inst36|FA:inst|7482:inst|25 ; out0             ;
; |ALU_LAB3|METRIX:mul_lab3|cell:inst36|FA:inst|7482:inst|17 ; |ALU_LAB3|METRIX:mul_lab3|cell:inst36|FA:inst|7482:inst|17 ; out0             ;
; |ALU_LAB3|METRIX:mul_lab3|cell:inst36|FA:inst|7482:inst|20 ; |ALU_LAB3|METRIX:mul_lab3|cell:inst36|FA:inst|7482:inst|20 ; out0             ;
; |ALU_LAB3|METRIX:mul_lab3|cell:inst43|inst1                ; |ALU_LAB3|METRIX:mul_lab3|cell:inst43|inst1                ; out0             ;
; |ALU_LAB3|METRIX:mul_lab3|cell:inst43|FA:inst|7482:inst|8  ; |ALU_LAB3|METRIX:mul_lab3|cell:inst43|FA:inst|7482:inst|8  ; out0             ;
; |ALU_LAB3|METRIX:mul_lab3|cell:inst43|FA:inst|7482:inst|3  ; |ALU_LAB3|METRIX:mul_lab3|cell:inst43|FA:inst|7482:inst|3  ; out0             ;
; |ALU_LAB3|METRIX:mul_lab3|cell:inst43|FA:inst|7482:inst|27 ; |ALU_LAB3|METRIX:mul_lab3|cell:inst43|FA:inst|7482:inst|27 ; out0             ;
; |ALU_LAB3|METRIX:mul_lab3|cell:inst43|FA:inst|7482:inst|25 ; |ALU_LAB3|METRIX:mul_lab3|cell:inst43|FA:inst|7482:inst|25 ; out0             ;
; |ALU_LAB3|METRIX:mul_lab3|cell:inst43|FA:inst|7482:inst|17 ; |ALU_LAB3|METRIX:mul_lab3|cell:inst43|FA:inst|7482:inst|17 ; out0             ;
; |ALU_LAB3|METRIX:mul_lab3|cell:inst43|FA:inst|7482:inst|20 ; |ALU_LAB3|METRIX:mul_lab3|cell:inst43|FA:inst|7482:inst|20 ; out0             ;
; |ALU_LAB3|METRIX:mul_lab3|cell:inst50|inst1                ; |ALU_LAB3|METRIX:mul_lab3|cell:inst50|inst1                ; out0             ;
; |ALU_LAB3|METRIX:mul_lab3|cell:inst50|FA:inst|7482:inst|8  ; |ALU_LAB3|METRIX:mul_lab3|cell:inst50|FA:inst|7482:inst|8  ; out0             ;
; |ALU_LAB3|METRIX:mul_lab3|cell:inst50|FA:inst|7482:inst|3  ; |ALU_LAB3|METRIX:mul_lab3|cell:inst50|FA:inst|7482:inst|3  ; out0             ;
; |ALU_LAB3|METRIX:mul_lab3|cell:inst50|FA:inst|7482:inst|27 ; |ALU_LAB3|METRIX:mul_lab3|cell:inst50|FA:inst|7482:inst|27 ; out0             ;
; |ALU_LAB3|METRIX:mul_lab3|cell:inst50|FA:inst|7482:inst|25 ; |ALU_LAB3|METRIX:mul_lab3|cell:inst50|FA:inst|7482:inst|25 ; out0             ;
; |ALU_LAB3|METRIX:mul_lab3|cell:inst50|FA:inst|7482:inst|17 ; |ALU_LAB3|METRIX:mul_lab3|cell:inst50|FA:inst|7482:inst|17 ; out0             ;
; |ALU_LAB3|METRIX:mul_lab3|cell:inst50|FA:inst|7482:inst|20 ; |ALU_LAB3|METRIX:mul_lab3|cell:inst50|FA:inst|7482:inst|20 ; out0             ;
; |ALU_LAB3|METRIX:mul_lab3|cell:inst57|inst1                ; |ALU_LAB3|METRIX:mul_lab3|cell:inst57|inst1                ; out0             ;
; |ALU_LAB3|METRIX:mul_lab3|cell:inst57|FA:inst|7482:inst|8  ; |ALU_LAB3|METRIX:mul_lab3|cell:inst57|FA:inst|7482:inst|8  ; out0             ;
; |ALU_LAB3|METRIX:mul_lab3|cell:inst57|FA:inst|7482:inst|3  ; |ALU_LAB3|METRIX:mul_lab3|cell:inst57|FA:inst|7482:inst|3  ; out0             ;
; |ALU_LAB3|METRIX:mul_lab3|cell:inst57|FA:inst|7482:inst|27 ; |ALU_LAB3|METRIX:mul_lab3|cell:inst57|FA:inst|7482:inst|27 ; out0             ;
; |ALU_LAB3|METRIX:mul_lab3|cell:inst57|FA:inst|7482:inst|25 ; |ALU_LAB3|METRIX:mul_lab3|cell:inst57|FA:inst|7482:inst|25 ; out0             ;
; |ALU_LAB3|METRIX:mul_lab3|cell:inst57|FA:inst|7482:inst|17 ; |ALU_LAB3|METRIX:mul_lab3|cell:inst57|FA:inst|7482:inst|17 ; out0             ;
; |ALU_LAB3|METRIX:mul_lab3|cell:inst57|FA:inst|7482:inst|20 ; |ALU_LAB3|METRIX:mul_lab3|cell:inst57|FA:inst|7482:inst|20 ; out0             ;
; |ALU_LAB3|METRIX:mul_lab3|cell:inst7|inst1                 ; |ALU_LAB3|METRIX:mul_lab3|cell:inst7|inst1                 ; out0             ;
; |ALU_LAB3|METRIX:mul_lab3|cell:inst14|inst1                ; |ALU_LAB3|METRIX:mul_lab3|cell:inst14|inst1                ; out0             ;
; |ALU_LAB3|METRIX:mul_lab3|cell:inst14|FA:inst|7482:inst|8  ; |ALU_LAB3|METRIX:mul_lab3|cell:inst14|FA:inst|7482:inst|8  ; out0             ;
; |ALU_LAB3|METRIX:mul_lab3|cell:inst14|FA:inst|7482:inst|3  ; |ALU_LAB3|METRIX:mul_lab3|cell:inst14|FA:inst|7482:inst|3  ; out0             ;
; |ALU_LAB3|METRIX:mul_lab3|cell:inst14|FA:inst|7482:inst|27 ; |ALU_LAB3|METRIX:mul_lab3|cell:inst14|FA:inst|7482:inst|27 ; out0             ;
; |ALU_LAB3|METRIX:mul_lab3|cell:inst14|FA:inst|7482:inst|25 ; |ALU_LAB3|METRIX:mul_lab3|cell:inst14|FA:inst|7482:inst|25 ; out0             ;
; |ALU_LAB3|METRIX:mul_lab3|cell:inst14|FA:inst|7482:inst|17 ; |ALU_LAB3|METRIX:mul_lab3|cell:inst14|FA:inst|7482:inst|17 ; out0             ;
; |ALU_LAB3|METRIX:mul_lab3|cell:inst14|FA:inst|7482:inst|20 ; |ALU_LAB3|METRIX:mul_lab3|cell:inst14|FA:inst|7482:inst|20 ; out0             ;
; |ALU_LAB3|METRIX:mul_lab3|cell:inst20|inst1                ; |ALU_LAB3|METRIX:mul_lab3|cell:inst20|inst1                ; out0             ;
; |ALU_LAB3|METRIX:mul_lab3|cell:inst20|FA:inst|7482:inst|8  ; |ALU_LAB3|METRIX:mul_lab3|cell:inst20|FA:inst|7482:inst|8  ; out0             ;
; |ALU_LAB3|METRIX:mul_lab3|cell:inst20|FA:inst|7482:inst|3  ; |ALU_LAB3|METRIX:mul_lab3|cell:inst20|FA:inst|7482:inst|3  ; out0             ;
; |ALU_LAB3|METRIX:mul_lab3|cell:inst20|FA:inst|7482:inst|27 ; |ALU_LAB3|METRIX:mul_lab3|cell:inst20|FA:inst|7482:inst|27 ; out0             ;
; |ALU_LAB3|METRIX:mul_lab3|cell:inst20|FA:inst|7482:inst|25 ; |ALU_LAB3|METRIX:mul_lab3|cell:inst20|FA:inst|7482:inst|25 ; out0             ;
; |ALU_LAB3|METRIX:mul_lab3|cell:inst20|FA:inst|7482:inst|17 ; |ALU_LAB3|METRIX:mul_lab3|cell:inst20|FA:inst|7482:inst|17 ; out0             ;
; |ALU_LAB3|METRIX:mul_lab3|cell:inst20|FA:inst|7482:inst|20 ; |ALU_LAB3|METRIX:mul_lab3|cell:inst20|FA:inst|7482:inst|20 ; out0             ;
; |ALU_LAB3|METRIX:mul_lab3|cell:inst27|inst1                ; |ALU_LAB3|METRIX:mul_lab3|cell:inst27|inst1                ; out0             ;
; |ALU_LAB3|METRIX:mul_lab3|cell:inst27|FA:inst|7482:inst|8  ; |ALU_LAB3|METRIX:mul_lab3|cell:inst27|FA:inst|7482:inst|8  ; out0             ;
; |ALU_LAB3|METRIX:mul_lab3|cell:inst27|FA:inst|7482:inst|3  ; |ALU_LAB3|METRIX:mul_lab3|cell:inst27|FA:inst|7482:inst|3  ; out0             ;
; |ALU_LAB3|METRIX:mul_lab3|cell:inst27|FA:inst|7482:inst|27 ; |ALU_LAB3|METRIX:mul_lab3|cell:inst27|FA:inst|7482:inst|27 ; out0             ;
; |ALU_LAB3|METRIX:mul_lab3|cell:inst27|FA:inst|7482:inst|25 ; |ALU_LAB3|METRIX:mul_lab3|cell:inst27|FA:inst|7482:inst|25 ; out0             ;
; |ALU_LAB3|METRIX:mul_lab3|cell:inst27|FA:inst|7482:inst|17 ; |ALU_LAB3|METRIX:mul_lab3|cell:inst27|FA:inst|7482:inst|17 ; out0             ;
; |ALU_LAB3|METRIX:mul_lab3|cell:inst27|FA:inst|7482:inst|20 ; |ALU_LAB3|METRIX:mul_lab3|cell:inst27|FA:inst|7482:inst|20 ; out0             ;
; |ALU_LAB3|METRIX:mul_lab3|cell:inst35|inst1                ; |ALU_LAB3|METRIX:mul_lab3|cell:inst35|inst1                ; out0             ;
; |ALU_LAB3|METRIX:mul_lab3|cell:inst35|FA:inst|7482:inst|8  ; |ALU_LAB3|METRIX:mul_lab3|cell:inst35|FA:inst|7482:inst|8  ; out0             ;
; |ALU_LAB3|METRIX:mul_lab3|cell:inst35|FA:inst|7482:inst|3  ; |ALU_LAB3|METRIX:mul_lab3|cell:inst35|FA:inst|7482:inst|3  ; out0             ;
; |ALU_LAB3|METRIX:mul_lab3|cell:inst35|FA:inst|7482:inst|27 ; |ALU_LAB3|METRIX:mul_lab3|cell:inst35|FA:inst|7482:inst|27 ; out0             ;
; |ALU_LAB3|METRIX:mul_lab3|cell:inst35|FA:inst|7482:inst|25 ; |ALU_LAB3|METRIX:mul_lab3|cell:inst35|FA:inst|7482:inst|25 ; out0             ;
; |ALU_LAB3|METRIX:mul_lab3|cell:inst35|FA:inst|7482:inst|17 ; |ALU_LAB3|METRIX:mul_lab3|cell:inst35|FA:inst|7482:inst|17 ; out0             ;
; |ALU_LAB3|METRIX:mul_lab3|cell:inst35|FA:inst|7482:inst|20 ; |ALU_LAB3|METRIX:mul_lab3|cell:inst35|FA:inst|7482:inst|20 ; out0             ;
; |ALU_LAB3|METRIX:mul_lab3|cell:inst42|inst1                ; |ALU_LAB3|METRIX:mul_lab3|cell:inst42|inst1                ; out0             ;
; |ALU_LAB3|METRIX:mul_lab3|cell:inst42|FA:inst|7482:inst|8  ; |ALU_LAB3|METRIX:mul_lab3|cell:inst42|FA:inst|7482:inst|8  ; out0             ;
; |ALU_LAB3|METRIX:mul_lab3|cell:inst42|FA:inst|7482:inst|3  ; |ALU_LAB3|METRIX:mul_lab3|cell:inst42|FA:inst|7482:inst|3  ; out0             ;
; |ALU_LAB3|METRIX:mul_lab3|cell:inst42|FA:inst|7482:inst|27 ; |ALU_LAB3|METRIX:mul_lab3|cell:inst42|FA:inst|7482:inst|27 ; out0             ;
; |ALU_LAB3|METRIX:mul_lab3|cell:inst42|FA:inst|7482:inst|25 ; |ALU_LAB3|METRIX:mul_lab3|cell:inst42|FA:inst|7482:inst|25 ; out0             ;
; |ALU_LAB3|METRIX:mul_lab3|cell:inst42|FA:inst|7482:inst|17 ; |ALU_LAB3|METRIX:mul_lab3|cell:inst42|FA:inst|7482:inst|17 ; out0             ;
; |ALU_LAB3|METRIX:mul_lab3|cell:inst42|FA:inst|7482:inst|20 ; |ALU_LAB3|METRIX:mul_lab3|cell:inst42|FA:inst|7482:inst|20 ; out0             ;
; |ALU_LAB3|METRIX:mul_lab3|cell:inst49|inst1                ; |ALU_LAB3|METRIX:mul_lab3|cell:inst49|inst1                ; out0             ;
; |ALU_LAB3|METRIX:mul_lab3|cell:inst49|FA:inst|7482:inst|8  ; |ALU_LAB3|METRIX:mul_lab3|cell:inst49|FA:inst|7482:inst|8  ; out0             ;
; |ALU_LAB3|METRIX:mul_lab3|cell:inst49|FA:inst|7482:inst|3  ; |ALU_LAB3|METRIX:mul_lab3|cell:inst49|FA:inst|7482:inst|3  ; out0             ;
; |ALU_LAB3|METRIX:mul_lab3|cell:inst49|FA:inst|7482:inst|27 ; |ALU_LAB3|METRIX:mul_lab3|cell:inst49|FA:inst|7482:inst|27 ; out0             ;
; |ALU_LAB3|METRIX:mul_lab3|cell:inst49|FA:inst|7482:inst|25 ; |ALU_LAB3|METRIX:mul_lab3|cell:inst49|FA:inst|7482:inst|25 ; out0             ;
; |ALU_LAB3|METRIX:mul_lab3|cell:inst49|FA:inst|7482:inst|17 ; |ALU_LAB3|METRIX:mul_lab3|cell:inst49|FA:inst|7482:inst|17 ; out0             ;
; |ALU_LAB3|METRIX:mul_lab3|cell:inst49|FA:inst|7482:inst|20 ; |ALU_LAB3|METRIX:mul_lab3|cell:inst49|FA:inst|7482:inst|20 ; out0             ;
; |ALU_LAB3|METRIX:mul_lab3|cell:inst56|inst1                ; |ALU_LAB3|METRIX:mul_lab3|cell:inst56|inst1                ; out0             ;
; |ALU_LAB3|METRIX:mul_lab3|cell:inst56|FA:inst|7482:inst|3  ; |ALU_LAB3|METRIX:mul_lab3|cell:inst56|FA:inst|7482:inst|3  ; out0             ;
; |ALU_LAB3|METRIX:mul_lab3|cell:inst56|FA:inst|7482:inst|20 ; |ALU_LAB3|METRIX:mul_lab3|cell:inst56|FA:inst|7482:inst|20 ; out0             ;
; |ALU_LAB3|METRIX:mul_lab3|cell:inst6|inst1                 ; |ALU_LAB3|METRIX:mul_lab3|cell:inst6|inst1                 ; out0             ;
; |ALU_LAB3|METRIX:mul_lab3|cell:inst13|inst1                ; |ALU_LAB3|METRIX:mul_lab3|cell:inst13|inst1                ; out0             ;
; |ALU_LAB3|METRIX:mul_lab3|cell:inst13|FA:inst|7482:inst|8  ; |ALU_LAB3|METRIX:mul_lab3|cell:inst13|FA:inst|7482:inst|8  ; out0             ;
; |ALU_LAB3|METRIX:mul_lab3|cell:inst13|FA:inst|7482:inst|3  ; |ALU_LAB3|METRIX:mul_lab3|cell:inst13|FA:inst|7482:inst|3  ; out0             ;
; |ALU_LAB3|METRIX:mul_lab3|cell:inst13|FA:inst|7482:inst|27 ; |ALU_LAB3|METRIX:mul_lab3|cell:inst13|FA:inst|7482:inst|27 ; out0             ;
; |ALU_LAB3|METRIX:mul_lab3|cell:inst13|FA:inst|7482:inst|25 ; |ALU_LAB3|METRIX:mul_lab3|cell:inst13|FA:inst|7482:inst|25 ; out0             ;
; |ALU_LAB3|METRIX:mul_lab3|cell:inst13|FA:inst|7482:inst|17 ; |ALU_LAB3|METRIX:mul_lab3|cell:inst13|FA:inst|7482:inst|17 ; out0             ;
; |ALU_LAB3|METRIX:mul_lab3|cell:inst13|FA:inst|7482:inst|20 ; |ALU_LAB3|METRIX:mul_lab3|cell:inst13|FA:inst|7482:inst|20 ; out0             ;
; |ALU_LAB3|METRIX:mul_lab3|cell:inst19|inst1                ; |ALU_LAB3|METRIX:mul_lab3|cell:inst19|inst1                ; out0             ;
; |ALU_LAB3|METRIX:mul_lab3|cell:inst19|FA:inst|7482:inst|8  ; |ALU_LAB3|METRIX:mul_lab3|cell:inst19|FA:inst|7482:inst|8  ; out0             ;
; |ALU_LAB3|METRIX:mul_lab3|cell:inst19|FA:inst|7482:inst|3  ; |ALU_LAB3|METRIX:mul_lab3|cell:inst19|FA:inst|7482:inst|3  ; out0             ;
; |ALU_LAB3|METRIX:mul_lab3|cell:inst19|FA:inst|7482:inst|27 ; |ALU_LAB3|METRIX:mul_lab3|cell:inst19|FA:inst|7482:inst|27 ; out0             ;
; |ALU_LAB3|METRIX:mul_lab3|cell:inst19|FA:inst|7482:inst|25 ; |ALU_LAB3|METRIX:mul_lab3|cell:inst19|FA:inst|7482:inst|25 ; out0             ;
; |ALU_LAB3|METRIX:mul_lab3|cell:inst19|FA:inst|7482:inst|17 ; |ALU_LAB3|METRIX:mul_lab3|cell:inst19|FA:inst|7482:inst|17 ; out0             ;
; |ALU_LAB3|METRIX:mul_lab3|cell:inst19|FA:inst|7482:inst|20 ; |ALU_LAB3|METRIX:mul_lab3|cell:inst19|FA:inst|7482:inst|20 ; out0             ;
; |ALU_LAB3|METRIX:mul_lab3|cell:inst26|inst1                ; |ALU_LAB3|METRIX:mul_lab3|cell:inst26|inst1                ; out0             ;
; |ALU_LAB3|METRIX:mul_lab3|cell:inst26|FA:inst|7482:inst|8  ; |ALU_LAB3|METRIX:mul_lab3|cell:inst26|FA:inst|7482:inst|8  ; out0             ;
; |ALU_LAB3|METRIX:mul_lab3|cell:inst26|FA:inst|7482:inst|3  ; |ALU_LAB3|METRIX:mul_lab3|cell:inst26|FA:inst|7482:inst|3  ; out0             ;
; |ALU_LAB3|METRIX:mul_lab3|cell:inst26|FA:inst|7482:inst|27 ; |ALU_LAB3|METRIX:mul_lab3|cell:inst26|FA:inst|7482:inst|27 ; out0             ;
; |ALU_LAB3|METRIX:mul_lab3|cell:inst26|FA:inst|7482:inst|25 ; |ALU_LAB3|METRIX:mul_lab3|cell:inst26|FA:inst|7482:inst|25 ; out0             ;
; |ALU_LAB3|METRIX:mul_lab3|cell:inst26|FA:inst|7482:inst|17 ; |ALU_LAB3|METRIX:mul_lab3|cell:inst26|FA:inst|7482:inst|17 ; out0             ;
; |ALU_LAB3|METRIX:mul_lab3|cell:inst26|FA:inst|7482:inst|20 ; |ALU_LAB3|METRIX:mul_lab3|cell:inst26|FA:inst|7482:inst|20 ; out0             ;
; |ALU_LAB3|METRIX:mul_lab3|cell:inst32|inst1                ; |ALU_LAB3|METRIX:mul_lab3|cell:inst32|inst1                ; out0             ;
; |ALU_LAB3|METRIX:mul_lab3|cell:inst32|FA:inst|7482:inst|8  ; |ALU_LAB3|METRIX:mul_lab3|cell:inst32|FA:inst|7482:inst|8  ; out0             ;
; |ALU_LAB3|METRIX:mul_lab3|cell:inst32|FA:inst|7482:inst|3  ; |ALU_LAB3|METRIX:mul_lab3|cell:inst32|FA:inst|7482:inst|3  ; out0             ;
; |ALU_LAB3|METRIX:mul_lab3|cell:inst32|FA:inst|7482:inst|27 ; |ALU_LAB3|METRIX:mul_lab3|cell:inst32|FA:inst|7482:inst|27 ; out0             ;
; |ALU_LAB3|METRIX:mul_lab3|cell:inst32|FA:inst|7482:inst|25 ; |ALU_LAB3|METRIX:mul_lab3|cell:inst32|FA:inst|7482:inst|25 ; out0             ;
; |ALU_LAB3|METRIX:mul_lab3|cell:inst32|FA:inst|7482:inst|17 ; |ALU_LAB3|METRIX:mul_lab3|cell:inst32|FA:inst|7482:inst|17 ; out0             ;
; |ALU_LAB3|METRIX:mul_lab3|cell:inst32|FA:inst|7482:inst|20 ; |ALU_LAB3|METRIX:mul_lab3|cell:inst32|FA:inst|7482:inst|20 ; out0             ;
; |ALU_LAB3|METRIX:mul_lab3|cell:inst41|inst1                ; |ALU_LAB3|METRIX:mul_lab3|cell:inst41|inst1                ; out0             ;
; |ALU_LAB3|METRIX:mul_lab3|cell:inst41|FA:inst|7482:inst|8  ; |ALU_LAB3|METRIX:mul_lab3|cell:inst41|FA:inst|7482:inst|8  ; out0             ;
; |ALU_LAB3|METRIX:mul_lab3|cell:inst41|FA:inst|7482:inst|3  ; |ALU_LAB3|METRIX:mul_lab3|cell:inst41|FA:inst|7482:inst|3  ; out0             ;
; |ALU_LAB3|METRIX:mul_lab3|cell:inst41|FA:inst|7482:inst|27 ; |ALU_LAB3|METRIX:mul_lab3|cell:inst41|FA:inst|7482:inst|27 ; out0             ;
; |ALU_LAB3|METRIX:mul_lab3|cell:inst41|FA:inst|7482:inst|25 ; |ALU_LAB3|METRIX:mul_lab3|cell:inst41|FA:inst|7482:inst|25 ; out0             ;
; |ALU_LAB3|METRIX:mul_lab3|cell:inst41|FA:inst|7482:inst|17 ; |ALU_LAB3|METRIX:mul_lab3|cell:inst41|FA:inst|7482:inst|17 ; out0             ;
; |ALU_LAB3|METRIX:mul_lab3|cell:inst41|FA:inst|7482:inst|20 ; |ALU_LAB3|METRIX:mul_lab3|cell:inst41|FA:inst|7482:inst|20 ; out0             ;
; |ALU_LAB3|METRIX:mul_lab3|cell:inst48|inst1                ; |ALU_LAB3|METRIX:mul_lab3|cell:inst48|inst1                ; out0             ;
; |ALU_LAB3|METRIX:mul_lab3|cell:inst48|FA:inst|7482:inst|3  ; |ALU_LAB3|METRIX:mul_lab3|cell:inst48|FA:inst|7482:inst|3  ; out0             ;
; |ALU_LAB3|METRIX:mul_lab3|cell:inst48|FA:inst|7482:inst|20 ; |ALU_LAB3|METRIX:mul_lab3|cell:inst48|FA:inst|7482:inst|20 ; out0             ;
; |ALU_LAB3|METRIX:mul_lab3|cell:inst5|inst1                 ; |ALU_LAB3|METRIX:mul_lab3|cell:inst5|inst1                 ; out0             ;
; |ALU_LAB3|METRIX:mul_lab3|cell:inst12|inst1                ; |ALU_LAB3|METRIX:mul_lab3|cell:inst12|inst1                ; out0             ;
; |ALU_LAB3|METRIX:mul_lab3|cell:inst12|FA:inst|7482:inst|8  ; |ALU_LAB3|METRIX:mul_lab3|cell:inst12|FA:inst|7482:inst|8  ; out0             ;
; |ALU_LAB3|METRIX:mul_lab3|cell:inst12|FA:inst|7482:inst|3  ; |ALU_LAB3|METRIX:mul_lab3|cell:inst12|FA:inst|7482:inst|3  ; out0             ;
; |ALU_LAB3|METRIX:mul_lab3|cell:inst12|FA:inst|7482:inst|27 ; |ALU_LAB3|METRIX:mul_lab3|cell:inst12|FA:inst|7482:inst|27 ; out0             ;
; |ALU_LAB3|METRIX:mul_lab3|cell:inst12|FA:inst|7482:inst|25 ; |ALU_LAB3|METRIX:mul_lab3|cell:inst12|FA:inst|7482:inst|25 ; out0             ;
; |ALU_LAB3|METRIX:mul_lab3|cell:inst12|FA:inst|7482:inst|17 ; |ALU_LAB3|METRIX:mul_lab3|cell:inst12|FA:inst|7482:inst|17 ; out0             ;
; |ALU_LAB3|METRIX:mul_lab3|cell:inst12|FA:inst|7482:inst|20 ; |ALU_LAB3|METRIX:mul_lab3|cell:inst12|FA:inst|7482:inst|20 ; out0             ;
; |ALU_LAB3|METRIX:mul_lab3|cell:inst18|inst1                ; |ALU_LAB3|METRIX:mul_lab3|cell:inst18|inst1                ; out0             ;
; |ALU_LAB3|METRIX:mul_lab3|cell:inst18|FA:inst|7482:inst|8  ; |ALU_LAB3|METRIX:mul_lab3|cell:inst18|FA:inst|7482:inst|8  ; out0             ;
; |ALU_LAB3|METRIX:mul_lab3|cell:inst18|FA:inst|7482:inst|3  ; |ALU_LAB3|METRIX:mul_lab3|cell:inst18|FA:inst|7482:inst|3  ; out0             ;
; |ALU_LAB3|METRIX:mul_lab3|cell:inst18|FA:inst|7482:inst|27 ; |ALU_LAB3|METRIX:mul_lab3|cell:inst18|FA:inst|7482:inst|27 ; out0             ;
; |ALU_LAB3|METRIX:mul_lab3|cell:inst18|FA:inst|7482:inst|25 ; |ALU_LAB3|METRIX:mul_lab3|cell:inst18|FA:inst|7482:inst|25 ; out0             ;
; |ALU_LAB3|METRIX:mul_lab3|cell:inst18|FA:inst|7482:inst|17 ; |ALU_LAB3|METRIX:mul_lab3|cell:inst18|FA:inst|7482:inst|17 ; out0             ;
; |ALU_LAB3|METRIX:mul_lab3|cell:inst18|FA:inst|7482:inst|20 ; |ALU_LAB3|METRIX:mul_lab3|cell:inst18|FA:inst|7482:inst|20 ; out0             ;
; |ALU_LAB3|METRIX:mul_lab3|cell:inst25|inst1                ; |ALU_LAB3|METRIX:mul_lab3|cell:inst25|inst1                ; out0             ;
; |ALU_LAB3|METRIX:mul_lab3|cell:inst25|FA:inst|7482:inst|8  ; |ALU_LAB3|METRIX:mul_lab3|cell:inst25|FA:inst|7482:inst|8  ; out0             ;
; |ALU_LAB3|METRIX:mul_lab3|cell:inst25|FA:inst|7482:inst|3  ; |ALU_LAB3|METRIX:mul_lab3|cell:inst25|FA:inst|7482:inst|3  ; out0             ;
; |ALU_LAB3|METRIX:mul_lab3|cell:inst25|FA:inst|7482:inst|27 ; |ALU_LAB3|METRIX:mul_lab3|cell:inst25|FA:inst|7482:inst|27 ; out0             ;
; |ALU_LAB3|METRIX:mul_lab3|cell:inst25|FA:inst|7482:inst|25 ; |ALU_LAB3|METRIX:mul_lab3|cell:inst25|FA:inst|7482:inst|25 ; out0             ;
; |ALU_LAB3|METRIX:mul_lab3|cell:inst25|FA:inst|7482:inst|17 ; |ALU_LAB3|METRIX:mul_lab3|cell:inst25|FA:inst|7482:inst|17 ; out0             ;
; |ALU_LAB3|METRIX:mul_lab3|cell:inst25|FA:inst|7482:inst|20 ; |ALU_LAB3|METRIX:mul_lab3|cell:inst25|FA:inst|7482:inst|20 ; out0             ;
; |ALU_LAB3|METRIX:mul_lab3|cell:inst31|inst1                ; |ALU_LAB3|METRIX:mul_lab3|cell:inst31|inst1                ; out0             ;
; |ALU_LAB3|METRIX:mul_lab3|cell:inst31|FA:inst|7482:inst|8  ; |ALU_LAB3|METRIX:mul_lab3|cell:inst31|FA:inst|7482:inst|8  ; out0             ;
; |ALU_LAB3|METRIX:mul_lab3|cell:inst31|FA:inst|7482:inst|3  ; |ALU_LAB3|METRIX:mul_lab3|cell:inst31|FA:inst|7482:inst|3  ; out0             ;
; |ALU_LAB3|METRIX:mul_lab3|cell:inst31|FA:inst|7482:inst|27 ; |ALU_LAB3|METRIX:mul_lab3|cell:inst31|FA:inst|7482:inst|27 ; out0             ;
; |ALU_LAB3|METRIX:mul_lab3|cell:inst31|FA:inst|7482:inst|25 ; |ALU_LAB3|METRIX:mul_lab3|cell:inst31|FA:inst|7482:inst|25 ; out0             ;
; |ALU_LAB3|METRIX:mul_lab3|cell:inst31|FA:inst|7482:inst|17 ; |ALU_LAB3|METRIX:mul_lab3|cell:inst31|FA:inst|7482:inst|17 ; out0             ;
; |ALU_LAB3|METRIX:mul_lab3|cell:inst31|FA:inst|7482:inst|20 ; |ALU_LAB3|METRIX:mul_lab3|cell:inst31|FA:inst|7482:inst|20 ; out0             ;
; |ALU_LAB3|METRIX:mul_lab3|cell:inst40|inst1                ; |ALU_LAB3|METRIX:mul_lab3|cell:inst40|inst1                ; out0             ;
; |ALU_LAB3|METRIX:mul_lab3|cell:inst40|FA:inst|7482:inst|3  ; |ALU_LAB3|METRIX:mul_lab3|cell:inst40|FA:inst|7482:inst|3  ; out0             ;
; |ALU_LAB3|METRIX:mul_lab3|cell:inst40|FA:inst|7482:inst|20 ; |ALU_LAB3|METRIX:mul_lab3|cell:inst40|FA:inst|7482:inst|20 ; out0             ;
; |ALU_LAB3|METRIX:mul_lab3|cell:inst4|inst1                 ; |ALU_LAB3|METRIX:mul_lab3|cell:inst4|inst1                 ; out0             ;
; |ALU_LAB3|METRIX:mul_lab3|cell:inst11|inst1                ; |ALU_LAB3|METRIX:mul_lab3|cell:inst11|inst1                ; out0             ;
; |ALU_LAB3|METRIX:mul_lab3|cell:inst11|FA:inst|7482:inst|8  ; |ALU_LAB3|METRIX:mul_lab3|cell:inst11|FA:inst|7482:inst|8  ; out0             ;
; |ALU_LAB3|METRIX:mul_lab3|cell:inst11|FA:inst|7482:inst|3  ; |ALU_LAB3|METRIX:mul_lab3|cell:inst11|FA:inst|7482:inst|3  ; out0             ;
; |ALU_LAB3|METRIX:mul_lab3|cell:inst11|FA:inst|7482:inst|27 ; |ALU_LAB3|METRIX:mul_lab3|cell:inst11|FA:inst|7482:inst|27 ; out0             ;
; |ALU_LAB3|METRIX:mul_lab3|cell:inst11|FA:inst|7482:inst|25 ; |ALU_LAB3|METRIX:mul_lab3|cell:inst11|FA:inst|7482:inst|25 ; out0             ;
; |ALU_LAB3|METRIX:mul_lab3|cell:inst11|FA:inst|7482:inst|17 ; |ALU_LAB3|METRIX:mul_lab3|cell:inst11|FA:inst|7482:inst|17 ; out0             ;
; |ALU_LAB3|METRIX:mul_lab3|cell:inst11|FA:inst|7482:inst|20 ; |ALU_LAB3|METRIX:mul_lab3|cell:inst11|FA:inst|7482:inst|20 ; out0             ;
; |ALU_LAB3|METRIX:mul_lab3|cell:inst17|inst1                ; |ALU_LAB3|METRIX:mul_lab3|cell:inst17|inst1                ; out0             ;
; |ALU_LAB3|METRIX:mul_lab3|cell:inst17|FA:inst|7482:inst|8  ; |ALU_LAB3|METRIX:mul_lab3|cell:inst17|FA:inst|7482:inst|8  ; out0             ;
; |ALU_LAB3|METRIX:mul_lab3|cell:inst17|FA:inst|7482:inst|3  ; |ALU_LAB3|METRIX:mul_lab3|cell:inst17|FA:inst|7482:inst|3  ; out0             ;
; |ALU_LAB3|METRIX:mul_lab3|cell:inst17|FA:inst|7482:inst|27 ; |ALU_LAB3|METRIX:mul_lab3|cell:inst17|FA:inst|7482:inst|27 ; out0             ;
; |ALU_LAB3|METRIX:mul_lab3|cell:inst17|FA:inst|7482:inst|25 ; |ALU_LAB3|METRIX:mul_lab3|cell:inst17|FA:inst|7482:inst|25 ; out0             ;
; |ALU_LAB3|METRIX:mul_lab3|cell:inst17|FA:inst|7482:inst|17 ; |ALU_LAB3|METRIX:mul_lab3|cell:inst17|FA:inst|7482:inst|17 ; out0             ;
; |ALU_LAB3|METRIX:mul_lab3|cell:inst17|FA:inst|7482:inst|20 ; |ALU_LAB3|METRIX:mul_lab3|cell:inst17|FA:inst|7482:inst|20 ; out0             ;
; |ALU_LAB3|METRIX:mul_lab3|cell:inst24|inst1                ; |ALU_LAB3|METRIX:mul_lab3|cell:inst24|inst1                ; out0             ;
; |ALU_LAB3|METRIX:mul_lab3|cell:inst24|FA:inst|7482:inst|8  ; |ALU_LAB3|METRIX:mul_lab3|cell:inst24|FA:inst|7482:inst|8  ; out0             ;
; |ALU_LAB3|METRIX:mul_lab3|cell:inst24|FA:inst|7482:inst|3  ; |ALU_LAB3|METRIX:mul_lab3|cell:inst24|FA:inst|7482:inst|3  ; out0             ;
; |ALU_LAB3|METRIX:mul_lab3|cell:inst24|FA:inst|7482:inst|27 ; |ALU_LAB3|METRIX:mul_lab3|cell:inst24|FA:inst|7482:inst|27 ; out0             ;
; |ALU_LAB3|METRIX:mul_lab3|cell:inst24|FA:inst|7482:inst|25 ; |ALU_LAB3|METRIX:mul_lab3|cell:inst24|FA:inst|7482:inst|25 ; out0             ;
; |ALU_LAB3|METRIX:mul_lab3|cell:inst24|FA:inst|7482:inst|17 ; |ALU_LAB3|METRIX:mul_lab3|cell:inst24|FA:inst|7482:inst|17 ; out0             ;
; |ALU_LAB3|METRIX:mul_lab3|cell:inst24|FA:inst|7482:inst|20 ; |ALU_LAB3|METRIX:mul_lab3|cell:inst24|FA:inst|7482:inst|20 ; out0             ;
; |ALU_LAB3|METRIX:mul_lab3|cell:inst34|inst1                ; |ALU_LAB3|METRIX:mul_lab3|cell:inst34|inst1                ; out0             ;
; |ALU_LAB3|METRIX:mul_lab3|cell:inst34|FA:inst|7482:inst|3  ; |ALU_LAB3|METRIX:mul_lab3|cell:inst34|FA:inst|7482:inst|3  ; out0             ;
; |ALU_LAB3|METRIX:mul_lab3|cell:inst34|FA:inst|7482:inst|20 ; |ALU_LAB3|METRIX:mul_lab3|cell:inst34|FA:inst|7482:inst|20 ; out0             ;
; |ALU_LAB3|METRIX:mul_lab3|cell:inst3|inst1                 ; |ALU_LAB3|METRIX:mul_lab3|cell:inst3|inst1                 ; out0             ;
; |ALU_LAB3|METRIX:mul_lab3|cell:inst10|inst1                ; |ALU_LAB3|METRIX:mul_lab3|cell:inst10|inst1                ; out0             ;
; |ALU_LAB3|METRIX:mul_lab3|cell:inst10|FA:inst|7482:inst|8  ; |ALU_LAB3|METRIX:mul_lab3|cell:inst10|FA:inst|7482:inst|8  ; out0             ;
; |ALU_LAB3|METRIX:mul_lab3|cell:inst10|FA:inst|7482:inst|3  ; |ALU_LAB3|METRIX:mul_lab3|cell:inst10|FA:inst|7482:inst|3  ; out0             ;
; |ALU_LAB3|METRIX:mul_lab3|cell:inst10|FA:inst|7482:inst|27 ; |ALU_LAB3|METRIX:mul_lab3|cell:inst10|FA:inst|7482:inst|27 ; out0             ;
; |ALU_LAB3|METRIX:mul_lab3|cell:inst10|FA:inst|7482:inst|25 ; |ALU_LAB3|METRIX:mul_lab3|cell:inst10|FA:inst|7482:inst|25 ; out0             ;
; |ALU_LAB3|METRIX:mul_lab3|cell:inst10|FA:inst|7482:inst|17 ; |ALU_LAB3|METRIX:mul_lab3|cell:inst10|FA:inst|7482:inst|17 ; out0             ;
; |ALU_LAB3|METRIX:mul_lab3|cell:inst10|FA:inst|7482:inst|20 ; |ALU_LAB3|METRIX:mul_lab3|cell:inst10|FA:inst|7482:inst|20 ; out0             ;
; |ALU_LAB3|METRIX:mul_lab3|cell:inst16|inst1                ; |ALU_LAB3|METRIX:mul_lab3|cell:inst16|inst1                ; out0             ;
; |ALU_LAB3|METRIX:mul_lab3|cell:inst16|FA:inst|7482:inst|8  ; |ALU_LAB3|METRIX:mul_lab3|cell:inst16|FA:inst|7482:inst|8  ; out0             ;
; |ALU_LAB3|METRIX:mul_lab3|cell:inst16|FA:inst|7482:inst|3  ; |ALU_LAB3|METRIX:mul_lab3|cell:inst16|FA:inst|7482:inst|3  ; out0             ;
; |ALU_LAB3|METRIX:mul_lab3|cell:inst16|FA:inst|7482:inst|27 ; |ALU_LAB3|METRIX:mul_lab3|cell:inst16|FA:inst|7482:inst|27 ; out0             ;
; |ALU_LAB3|METRIX:mul_lab3|cell:inst16|FA:inst|7482:inst|25 ; |ALU_LAB3|METRIX:mul_lab3|cell:inst16|FA:inst|7482:inst|25 ; out0             ;
; |ALU_LAB3|METRIX:mul_lab3|cell:inst16|FA:inst|7482:inst|17 ; |ALU_LAB3|METRIX:mul_lab3|cell:inst16|FA:inst|7482:inst|17 ; out0             ;
; |ALU_LAB3|METRIX:mul_lab3|cell:inst16|FA:inst|7482:inst|20 ; |ALU_LAB3|METRIX:mul_lab3|cell:inst16|FA:inst|7482:inst|20 ; out0             ;
; |ALU_LAB3|METRIX:mul_lab3|cell:inst23|inst1                ; |ALU_LAB3|METRIX:mul_lab3|cell:inst23|inst1                ; out0             ;
; |ALU_LAB3|METRIX:mul_lab3|cell:inst23|FA:inst|7482:inst|3  ; |ALU_LAB3|METRIX:mul_lab3|cell:inst23|FA:inst|7482:inst|3  ; out0             ;
; |ALU_LAB3|METRIX:mul_lab3|cell:inst23|FA:inst|7482:inst|20 ; |ALU_LAB3|METRIX:mul_lab3|cell:inst23|FA:inst|7482:inst|20 ; out0             ;
; |ALU_LAB3|METRIX:mul_lab3|cell:inst2|inst1                 ; |ALU_LAB3|METRIX:mul_lab3|cell:inst2|inst1                 ; out0             ;
; |ALU_LAB3|METRIX:mul_lab3|cell:inst8|inst1                 ; |ALU_LAB3|METRIX:mul_lab3|cell:inst8|inst1                 ; out0             ;
; |ALU_LAB3|METRIX:mul_lab3|cell:inst8|FA:inst|7482:inst|8   ; |ALU_LAB3|METRIX:mul_lab3|cell:inst8|FA:inst|7482:inst|8   ; out0             ;
; |ALU_LAB3|METRIX:mul_lab3|cell:inst8|FA:inst|7482:inst|3   ; |ALU_LAB3|METRIX:mul_lab3|cell:inst8|FA:inst|7482:inst|3   ; out0             ;
; |ALU_LAB3|METRIX:mul_lab3|cell:inst8|FA:inst|7482:inst|27  ; |ALU_LAB3|METRIX:mul_lab3|cell:inst8|FA:inst|7482:inst|27  ; out0             ;
; |ALU_LAB3|METRIX:mul_lab3|cell:inst8|FA:inst|7482:inst|25  ; |ALU_LAB3|METRIX:mul_lab3|cell:inst8|FA:inst|7482:inst|25  ; out0             ;
; |ALU_LAB3|METRIX:mul_lab3|cell:inst8|FA:inst|7482:inst|17  ; |ALU_LAB3|METRIX:mul_lab3|cell:inst8|FA:inst|7482:inst|17  ; out0             ;
; |ALU_LAB3|METRIX:mul_lab3|cell:inst8|FA:inst|7482:inst|20  ; |ALU_LAB3|METRIX:mul_lab3|cell:inst8|FA:inst|7482:inst|20  ; out0             ;
; |ALU_LAB3|METRIX:mul_lab3|cell:inst33|inst1                ; |ALU_LAB3|METRIX:mul_lab3|cell:inst33|inst1                ; out0             ;
; |ALU_LAB3|METRIX:mul_lab3|cell:inst33|FA:inst|7482:inst|3  ; |ALU_LAB3|METRIX:mul_lab3|cell:inst33|FA:inst|7482:inst|3  ; out0             ;
; |ALU_LAB3|METRIX:mul_lab3|cell:inst33|FA:inst|7482:inst|20 ; |ALU_LAB3|METRIX:mul_lab3|cell:inst33|FA:inst|7482:inst|20 ; out0             ;
; |ALU_LAB3|METRIX:mul_lab3|cell:inst1|inst1                 ; |ALU_LAB3|METRIX:mul_lab3|cell:inst1|inst1                 ; out0             ;
; |ALU_LAB3|METRIX:mul_lab3|cell:inst9|inst1                 ; |ALU_LAB3|METRIX:mul_lab3|cell:inst9|inst1                 ; out0             ;
; |ALU_LAB3|METRIX:mul_lab3|cell:inst9|FA:inst|7482:inst|3   ; |ALU_LAB3|METRIX:mul_lab3|cell:inst9|FA:inst|7482:inst|3   ; out0             ;
; |ALU_LAB3|METRIX:mul_lab3|cell:inst9|FA:inst|7482:inst|20  ; |ALU_LAB3|METRIX:mul_lab3|cell:inst9|FA:inst|7482:inst|20  ; out0             ;
; |ALU_LAB3|METRIX:mul_lab3|cell:inst|inst1                  ; |ALU_LAB3|METRIX:mul_lab3|cell:inst|inst1                  ; out0             ;
; |ALU_LAB3|CHOOSE_LAB3:inst2|c_or1                          ; |ALU_LAB3|CHOOSE_LAB3:inst2|c_or1                          ; out0             ;
; |ALU_LAB3|CHOOSE_LAB3:inst2|choose17                       ; |ALU_LAB3|CHOOSE_LAB3:inst2|choose17                       ; out0             ;
; |ALU_LAB3|CHOOSE_LAB3:inst2|choose33                       ; |ALU_LAB3|CHOOSE_LAB3:inst2|choose33                       ; out0             ;
; |ALU_LAB3|CHOOSE_LAB3:inst2|choose1                        ; |ALU_LAB3|CHOOSE_LAB3:inst2|choose1                        ; out0             ;
; |ALU_LAB3|CHOOSE_LAB3:inst2|c_or2                          ; |ALU_LAB3|CHOOSE_LAB3:inst2|c_or2                          ; out0             ;
; |ALU_LAB3|CHOOSE_LAB3:inst2|choose18                       ; |ALU_LAB3|CHOOSE_LAB3:inst2|choose18                       ; out0             ;
; |ALU_LAB3|CHOOSE_LAB3:inst2|choose34                       ; |ALU_LAB3|CHOOSE_LAB3:inst2|choose34                       ; out0             ;
; |ALU_LAB3|CHOOSE_LAB3:inst2|choose2                        ; |ALU_LAB3|CHOOSE_LAB3:inst2|choose2                        ; out0             ;
; |ALU_LAB3|CHOOSE_LAB3:inst2|c_or3                          ; |ALU_LAB3|CHOOSE_LAB3:inst2|c_or3                          ; out0             ;
; |ALU_LAB3|CHOOSE_LAB3:inst2|choose19                       ; |ALU_LAB3|CHOOSE_LAB3:inst2|choose19                       ; out0             ;
; |ALU_LAB3|CHOOSE_LAB3:inst2|choose35                       ; |ALU_LAB3|CHOOSE_LAB3:inst2|choose35                       ; out0             ;
; |ALU_LAB3|CHOOSE_LAB3:inst2|choose3                        ; |ALU_LAB3|CHOOSE_LAB3:inst2|choose3                        ; out0             ;
; |ALU_LAB3|CHOOSE_LAB3:inst2|c_or4                          ; |ALU_LAB3|CHOOSE_LAB3:inst2|c_or4                          ; out0             ;
; |ALU_LAB3|CHOOSE_LAB3:inst2|choose36                       ; |ALU_LAB3|CHOOSE_LAB3:inst2|choose36                       ; out0             ;
; |ALU_LAB3|CHOOSE_LAB3:inst2|choose4                        ; |ALU_LAB3|CHOOSE_LAB3:inst2|choose4                        ; out0             ;
; |ALU_LAB3|CHOOSE_LAB3:inst2|c_or5                          ; |ALU_LAB3|CHOOSE_LAB3:inst2|c_or5                          ; out0             ;
; |ALU_LAB3|CHOOSE_LAB3:inst2|choose21                       ; |ALU_LAB3|CHOOSE_LAB3:inst2|choose21                       ; out0             ;
; |ALU_LAB3|CHOOSE_LAB3:inst2|choose37                       ; |ALU_LAB3|CHOOSE_LAB3:inst2|choose37                       ; out0             ;
; |ALU_LAB3|CHOOSE_LAB3:inst2|choose5                        ; |ALU_LAB3|CHOOSE_LAB3:inst2|choose5                        ; out0             ;
; |ALU_LAB3|CHOOSE_LAB3:inst2|c_or6                          ; |ALU_LAB3|CHOOSE_LAB3:inst2|c_or6                          ; out0             ;
; |ALU_LAB3|CHOOSE_LAB3:inst2|choose22                       ; |ALU_LAB3|CHOOSE_LAB3:inst2|choose22                       ; out0             ;
; |ALU_LAB3|CHOOSE_LAB3:inst2|choose38                       ; |ALU_LAB3|CHOOSE_LAB3:inst2|choose38                       ; out0             ;
; |ALU_LAB3|CHOOSE_LAB3:inst2|choose6                        ; |ALU_LAB3|CHOOSE_LAB3:inst2|choose6                        ; out0             ;
; |ALU_LAB3|CHOOSE_LAB3:inst2|c_or7                          ; |ALU_LAB3|CHOOSE_LAB3:inst2|c_or7                          ; out0             ;
; |ALU_LAB3|CHOOSE_LAB3:inst2|choose23                       ; |ALU_LAB3|CHOOSE_LAB3:inst2|choose23                       ; out0             ;
; |ALU_LAB3|CHOOSE_LAB3:inst2|choose39                       ; |ALU_LAB3|CHOOSE_LAB3:inst2|choose39                       ; out0             ;
; |ALU_LAB3|CHOOSE_LAB3:inst2|choose7                        ; |ALU_LAB3|CHOOSE_LAB3:inst2|choose7                        ; out0             ;
; |ALU_LAB3|CHOOSE_LAB3:inst2|c_or8                          ; |ALU_LAB3|CHOOSE_LAB3:inst2|c_or8                          ; out0             ;
; |ALU_LAB3|CHOOSE_LAB3:inst2|choose24                       ; |ALU_LAB3|CHOOSE_LAB3:inst2|choose24                       ; out0             ;
; |ALU_LAB3|CHOOSE_LAB3:inst2|choose40                       ; |ALU_LAB3|CHOOSE_LAB3:inst2|choose40                       ; out0             ;
; |ALU_LAB3|CHOOSE_LAB3:inst2|choose8                        ; |ALU_LAB3|CHOOSE_LAB3:inst2|choose8                        ; out0             ;
; |ALU_LAB3|CHOOSE_LAB3:inst2|choose9                        ; |ALU_LAB3|CHOOSE_LAB3:inst2|choose9                        ; out0             ;
; |ALU_LAB3|CHOOSE_LAB3:inst2|choose10                       ; |ALU_LAB3|CHOOSE_LAB3:inst2|choose10                       ; out0             ;
; |ALU_LAB3|CHOOSE_LAB3:inst2|choose11                       ; |ALU_LAB3|CHOOSE_LAB3:inst2|choose11                       ; out0             ;
; |ALU_LAB3|CHOOSE_LAB3:inst2|choose12                       ; |ALU_LAB3|CHOOSE_LAB3:inst2|choose12                       ; out0             ;
; |ALU_LAB3|CHOOSE_LAB3:inst2|choose13                       ; |ALU_LAB3|CHOOSE_LAB3:inst2|choose13                       ; out0             ;
; |ALU_LAB3|CHOOSE_LAB3:inst2|choose14                       ; |ALU_LAB3|CHOOSE_LAB3:inst2|choose14                       ; out0             ;
; |ALU_LAB3|CHOOSE_LAB3:inst2|choose15                       ; |ALU_LAB3|CHOOSE_LAB3:inst2|choose15                       ; out0             ;
; |ALU_LAB3|CHOOSE_LAB3:inst2|choose16                       ; |ALU_LAB3|CHOOSE_LAB3:inst2|choose16                       ; out0             ;
; |ALU_LAB3|74181:alu1|81                                    ; |ALU_LAB3|74181:alu1|81                                    ; out0             ;
; |ALU_LAB3|74181:alu1|54                                    ; |ALU_LAB3|74181:alu1|54                                    ; out0             ;
; |ALU_LAB3|74181:alu1|47                                    ; |ALU_LAB3|74181:alu1|47                                    ; out0             ;
; |ALU_LAB3|74181:alu1|14                                    ; |ALU_LAB3|74181:alu1|14                                    ; out0             ;
; |ALU_LAB3|74181:alu1|13                                    ; |ALU_LAB3|74181:alu1|13                                    ; out0             ;
; |ALU_LAB3|74181:alu1|44                                    ; |ALU_LAB3|74181:alu1|44                                    ; out0             ;
; |ALU_LAB3|74181:alu1|11                                    ; |ALU_LAB3|74181:alu1|11                                    ; out0             ;
; |ALU_LAB3|74181:alu1|12                                    ; |ALU_LAB3|74181:alu1|12                                    ; out0             ;
; |ALU_LAB3|74181:alu1|79                                    ; |ALU_LAB3|74181:alu1|79                                    ; out0             ;
; |ALU_LAB3|74181:alu1|66                                    ; |ALU_LAB3|74181:alu1|66                                    ; out0             ;
; |ALU_LAB3|74181:alu1|46                                    ; |ALU_LAB3|74181:alu1|46                                    ; out0             ;
; |ALU_LAB3|74181:alu1|9                                     ; |ALU_LAB3|74181:alu1|9                                     ; out0             ;
; |ALU_LAB3|74181:alu1|8                                     ; |ALU_LAB3|74181:alu1|8                                     ; out0             ;
; |ALU_LAB3|74181:alu1|65                                    ; |ALU_LAB3|74181:alu1|65                                    ; out0             ;
; |ALU_LAB3|74181:alu1|43                                    ; |ALU_LAB3|74181:alu1|43                                    ; out0             ;
; |ALU_LAB3|74181:alu1|6                                     ; |ALU_LAB3|74181:alu1|6                                     ; out0             ;
; |ALU_LAB3|74181:alu1|7                                     ; |ALU_LAB3|74181:alu1|7                                     ; out0             ;
; |ALU_LAB3|74181:alu1|77                                    ; |ALU_LAB3|74181:alu1|77                                    ; out0             ;
; |ALU_LAB3|74181:alu1|56                                    ; |ALU_LAB3|74181:alu1|56                                    ; out0             ;
; |ALU_LAB3|74181:alu1|52                                    ; |ALU_LAB3|74181:alu1|52                                    ; out0             ;
; |ALU_LAB3|74181:alu1|24                                    ; |ALU_LAB3|74181:alu1|24                                    ; out0             ;
; |ALU_LAB3|74181:alu1|23                                    ; |ALU_LAB3|74181:alu1|23                                    ; out0             ;
; |ALU_LAB3|74181:alu1|51                                    ; |ALU_LAB3|74181:alu1|51                                    ; out0             ;
; |ALU_LAB3|74181:alu1|21                                    ; |ALU_LAB3|74181:alu1|21                                    ; out0             ;
; |ALU_LAB3|74181:alu1|22                                    ; |ALU_LAB3|74181:alu1|22                                    ; out0             ;
; |ALU_LAB3|74181:alu1|74                                    ; |ALU_LAB3|74181:alu1|74                                    ; out0             ;
; |ALU_LAB3|74181:alu1|73                                    ; |ALU_LAB3|74181:alu1|73                                    ; out0             ;
; |ALU_LAB3|74181:alu1|48                                    ; |ALU_LAB3|74181:alu1|48                                    ; out0             ;
; |ALU_LAB3|74181:alu1|19                                    ; |ALU_LAB3|74181:alu1|19                                    ; out0             ;
; |ALU_LAB3|74181:alu1|18                                    ; |ALU_LAB3|74181:alu1|18                                    ; out0             ;
; |ALU_LAB3|74181:alu1|72                                    ; |ALU_LAB3|74181:alu1|72                                    ; out0             ;
; |ALU_LAB3|74181:alu1|71                                    ; |ALU_LAB3|74181:alu1|71                                    ; out0             ;
; |ALU_LAB3|74181:alu1|70                                    ; |ALU_LAB3|74181:alu1|70                                    ; out0             ;
; |ALU_LAB3|74181:alu1|45                                    ; |ALU_LAB3|74181:alu1|45                                    ; out0             ;
; |ALU_LAB3|74181:alu1|16                                    ; |ALU_LAB3|74181:alu1|16                                    ; out0             ;
; |ALU_LAB3|74181:alu1|17                                    ; |ALU_LAB3|74181:alu1|17                                    ; out0             ;
; |ALU_LAB3|74181:alu1|82                                    ; |ALU_LAB3|74181:alu1|82                                    ; out0             ;
; |ALU_LAB3|74181:alu1|55                                    ; |ALU_LAB3|74181:alu1|55                                    ; out0             ;
; |ALU_LAB3|74181:alu1|75                                    ; |ALU_LAB3|74181:alu1|75                                    ; out0             ;
; |ALU_LAB3|74181:alu1|67                                    ; |ALU_LAB3|74181:alu1|67                                    ; out0             ;
; |ALU_LAB3|74181:alu1|68                                    ; |ALU_LAB3|74181:alu1|68                                    ; out0             ;
; |ALU_LAB3|74181:alu1|69                                    ; |ALU_LAB3|74181:alu1|69                                    ; out0             ;
; |ALU_LAB3|74181:alu1|80                                    ; |ALU_LAB3|74181:alu1|80                                    ; out0             ;
; |ALU_LAB3|74181:alu1|53                                    ; |ALU_LAB3|74181:alu1|53                                    ; out0             ;
; |ALU_LAB3|74181:alu1|64                                    ; |ALU_LAB3|74181:alu1|64                                    ; out0             ;
; |ALU_LAB3|74181:alu2|81                                    ; |ALU_LAB3|74181:alu2|81                                    ; out0             ;
; |ALU_LAB3|74181:alu2|54                                    ; |ALU_LAB3|74181:alu2|54                                    ; out0             ;
; |ALU_LAB3|74181:alu2|47                                    ; |ALU_LAB3|74181:alu2|47                                    ; out0             ;
; |ALU_LAB3|74181:alu2|14                                    ; |ALU_LAB3|74181:alu2|14                                    ; out0             ;
; |ALU_LAB3|74181:alu2|13                                    ; |ALU_LAB3|74181:alu2|13                                    ; out0             ;
; |ALU_LAB3|74181:alu2|44                                    ; |ALU_LAB3|74181:alu2|44                                    ; out0             ;
; |ALU_LAB3|74181:alu2|11                                    ; |ALU_LAB3|74181:alu2|11                                    ; out0             ;
; |ALU_LAB3|74181:alu2|12                                    ; |ALU_LAB3|74181:alu2|12                                    ; out0             ;
; |ALU_LAB3|74181:alu2|79                                    ; |ALU_LAB3|74181:alu2|79                                    ; out0             ;
; |ALU_LAB3|74181:alu2|66                                    ; |ALU_LAB3|74181:alu2|66                                    ; out0             ;
; |ALU_LAB3|74181:alu2|46                                    ; |ALU_LAB3|74181:alu2|46                                    ; out0             ;
; |ALU_LAB3|74181:alu2|9                                     ; |ALU_LAB3|74181:alu2|9                                     ; out0             ;
; |ALU_LAB3|74181:alu2|8                                     ; |ALU_LAB3|74181:alu2|8                                     ; out0             ;
; |ALU_LAB3|74181:alu2|65                                    ; |ALU_LAB3|74181:alu2|65                                    ; out0             ;
; |ALU_LAB3|74181:alu2|43                                    ; |ALU_LAB3|74181:alu2|43                                    ; out0             ;
; |ALU_LAB3|74181:alu2|6                                     ; |ALU_LAB3|74181:alu2|6                                     ; out0             ;
; |ALU_LAB3|74181:alu2|7                                     ; |ALU_LAB3|74181:alu2|7                                     ; out0             ;
; |ALU_LAB3|74181:alu2|77                                    ; |ALU_LAB3|74181:alu2|77                                    ; out0             ;
; |ALU_LAB3|74181:alu2|56                                    ; |ALU_LAB3|74181:alu2|56                                    ; out0             ;
; |ALU_LAB3|74181:alu2|52                                    ; |ALU_LAB3|74181:alu2|52                                    ; out0             ;
; |ALU_LAB3|74181:alu2|24                                    ; |ALU_LAB3|74181:alu2|24                                    ; out0             ;
; |ALU_LAB3|74181:alu2|23                                    ; |ALU_LAB3|74181:alu2|23                                    ; out0             ;
; |ALU_LAB3|74181:alu2|51                                    ; |ALU_LAB3|74181:alu2|51                                    ; out0             ;
; |ALU_LAB3|74181:alu2|21                                    ; |ALU_LAB3|74181:alu2|21                                    ; out0             ;
; |ALU_LAB3|74181:alu2|22                                    ; |ALU_LAB3|74181:alu2|22                                    ; out0             ;
; |ALU_LAB3|74181:alu2|74                                    ; |ALU_LAB3|74181:alu2|74                                    ; out0             ;
; |ALU_LAB3|74181:alu2|73                                    ; |ALU_LAB3|74181:alu2|73                                    ; out0             ;
; |ALU_LAB3|74181:alu2|48                                    ; |ALU_LAB3|74181:alu2|48                                    ; out0             ;
; |ALU_LAB3|74181:alu2|19                                    ; |ALU_LAB3|74181:alu2|19                                    ; out0             ;
; |ALU_LAB3|74181:alu2|18                                    ; |ALU_LAB3|74181:alu2|18                                    ; out0             ;
; |ALU_LAB3|74181:alu2|72                                    ; |ALU_LAB3|74181:alu2|72                                    ; out0             ;
; |ALU_LAB3|74181:alu2|71                                    ; |ALU_LAB3|74181:alu2|71                                    ; out0             ;
; |ALU_LAB3|74181:alu2|70                                    ; |ALU_LAB3|74181:alu2|70                                    ; out0             ;
; |ALU_LAB3|74181:alu2|45                                    ; |ALU_LAB3|74181:alu2|45                                    ; out0             ;
; |ALU_LAB3|74181:alu2|16                                    ; |ALU_LAB3|74181:alu2|16                                    ; out0             ;
; |ALU_LAB3|74181:alu2|17                                    ; |ALU_LAB3|74181:alu2|17                                    ; out0             ;
; |ALU_LAB3|74181:alu2|82                                    ; |ALU_LAB3|74181:alu2|82                                    ; out0             ;
; |ALU_LAB3|74181:alu2|55                                    ; |ALU_LAB3|74181:alu2|55                                    ; out0             ;
; |ALU_LAB3|74181:alu2|75                                    ; |ALU_LAB3|74181:alu2|75                                    ; out0             ;
; |ALU_LAB3|74181:alu2|67                                    ; |ALU_LAB3|74181:alu2|67                                    ; out0             ;
; |ALU_LAB3|74181:alu2|68                                    ; |ALU_LAB3|74181:alu2|68                                    ; out0             ;
; |ALU_LAB3|74181:alu2|69                                    ; |ALU_LAB3|74181:alu2|69                                    ; out0             ;
; |ALU_LAB3|74181:alu2|80                                    ; |ALU_LAB3|74181:alu2|80                                    ; out0             ;
; |ALU_LAB3|74181:alu2|53                                    ; |ALU_LAB3|74181:alu2|53                                    ; out0             ;
; |ALU_LAB3|74181:alu2|64                                    ; |ALU_LAB3|74181:alu2|64                                    ; out0             ;
; |ALU_LAB3|74181:alu2|78                                    ; |ALU_LAB3|74181:alu2|78                                    ; out0             ;
; |ALU_LAB3|74181:alu2|63                                    ; |ALU_LAB3|74181:alu2|63                                    ; out0             ;
; |ALU_LAB3|74181:alu2|58                                    ; |ALU_LAB3|74181:alu2|58                                    ; out0             ;
; |ALU_LAB3|74181:alu2|59                                    ; |ALU_LAB3|74181:alu2|59                                    ; out0             ;
; |ALU_LAB3|74181:alu2|62                                    ; |ALU_LAB3|74181:alu2|62                                    ; out0             ;
; |ALU_LAB3|74181:alu2|61                                    ; |ALU_LAB3|74181:alu2|61                                    ; out0             ;
; |ALU_LAB3|74181:alu3|81                                    ; |ALU_LAB3|74181:alu3|81                                    ; out0             ;
; |ALU_LAB3|74181:alu3|54                                    ; |ALU_LAB3|74181:alu3|54                                    ; out0             ;
; |ALU_LAB3|74181:alu3|47                                    ; |ALU_LAB3|74181:alu3|47                                    ; out0             ;
; |ALU_LAB3|74181:alu3|14                                    ; |ALU_LAB3|74181:alu3|14                                    ; out0             ;
; |ALU_LAB3|74181:alu3|13                                    ; |ALU_LAB3|74181:alu3|13                                    ; out0             ;
; |ALU_LAB3|74181:alu3|44                                    ; |ALU_LAB3|74181:alu3|44                                    ; out0             ;
; |ALU_LAB3|74181:alu3|11                                    ; |ALU_LAB3|74181:alu3|11                                    ; out0             ;
; |ALU_LAB3|74181:alu3|12                                    ; |ALU_LAB3|74181:alu3|12                                    ; out0             ;
; |ALU_LAB3|74181:alu3|79                                    ; |ALU_LAB3|74181:alu3|79                                    ; out0             ;
; |ALU_LAB3|74181:alu3|66                                    ; |ALU_LAB3|74181:alu3|66                                    ; out0             ;
; |ALU_LAB3|74181:alu3|46                                    ; |ALU_LAB3|74181:alu3|46                                    ; out0             ;
; |ALU_LAB3|74181:alu3|9                                     ; |ALU_LAB3|74181:alu3|9                                     ; out0             ;
; |ALU_LAB3|74181:alu3|8                                     ; |ALU_LAB3|74181:alu3|8                                     ; out0             ;
; |ALU_LAB3|74181:alu3|65                                    ; |ALU_LAB3|74181:alu3|65                                    ; out0             ;
; |ALU_LAB3|74181:alu3|43                                    ; |ALU_LAB3|74181:alu3|43                                    ; out0             ;
; |ALU_LAB3|74181:alu3|6                                     ; |ALU_LAB3|74181:alu3|6                                     ; out0             ;
; |ALU_LAB3|74181:alu3|7                                     ; |ALU_LAB3|74181:alu3|7                                     ; out0             ;
; |ALU_LAB3|74181:alu3|77                                    ; |ALU_LAB3|74181:alu3|77                                    ; out0             ;
; |ALU_LAB3|74181:alu3|56                                    ; |ALU_LAB3|74181:alu3|56                                    ; out0             ;
; |ALU_LAB3|74181:alu3|52                                    ; |ALU_LAB3|74181:alu3|52                                    ; out0             ;
; |ALU_LAB3|74181:alu3|24                                    ; |ALU_LAB3|74181:alu3|24                                    ; out0             ;
; |ALU_LAB3|74181:alu3|23                                    ; |ALU_LAB3|74181:alu3|23                                    ; out0             ;
; |ALU_LAB3|74181:alu3|51                                    ; |ALU_LAB3|74181:alu3|51                                    ; out0             ;
; |ALU_LAB3|74181:alu3|21                                    ; |ALU_LAB3|74181:alu3|21                                    ; out0             ;
; |ALU_LAB3|74181:alu3|22                                    ; |ALU_LAB3|74181:alu3|22                                    ; out0             ;
; |ALU_LAB3|74181:alu3|74                                    ; |ALU_LAB3|74181:alu3|74                                    ; out0             ;
; |ALU_LAB3|74181:alu3|73                                    ; |ALU_LAB3|74181:alu3|73                                    ; out0             ;
; |ALU_LAB3|74181:alu3|48                                    ; |ALU_LAB3|74181:alu3|48                                    ; out0             ;
; |ALU_LAB3|74181:alu3|19                                    ; |ALU_LAB3|74181:alu3|19                                    ; out0             ;
; |ALU_LAB3|74181:alu3|18                                    ; |ALU_LAB3|74181:alu3|18                                    ; out0             ;
; |ALU_LAB3|74181:alu3|72                                    ; |ALU_LAB3|74181:alu3|72                                    ; out0             ;
; |ALU_LAB3|74181:alu3|71                                    ; |ALU_LAB3|74181:alu3|71                                    ; out0             ;
; |ALU_LAB3|74181:alu3|70                                    ; |ALU_LAB3|74181:alu3|70                                    ; out0             ;
; |ALU_LAB3|74181:alu3|45                                    ; |ALU_LAB3|74181:alu3|45                                    ; out0             ;
; |ALU_LAB3|74181:alu3|16                                    ; |ALU_LAB3|74181:alu3|16                                    ; out0             ;
; |ALU_LAB3|74181:alu3|17                                    ; |ALU_LAB3|74181:alu3|17                                    ; out0             ;
; |ALU_LAB3|74181:alu3|82                                    ; |ALU_LAB3|74181:alu3|82                                    ; out0             ;
; |ALU_LAB3|74181:alu3|55                                    ; |ALU_LAB3|74181:alu3|55                                    ; out0             ;
; |ALU_LAB3|74181:alu3|75                                    ; |ALU_LAB3|74181:alu3|75                                    ; out0             ;
; |ALU_LAB3|74181:alu3|67                                    ; |ALU_LAB3|74181:alu3|67                                    ; out0             ;
; |ALU_LAB3|74181:alu3|68                                    ; |ALU_LAB3|74181:alu3|68                                    ; out0             ;
; |ALU_LAB3|74181:alu3|69                                    ; |ALU_LAB3|74181:alu3|69                                    ; out0             ;
; |ALU_LAB3|74181:alu3|80                                    ; |ALU_LAB3|74181:alu3|80                                    ; out0             ;
; |ALU_LAB3|74181:alu3|53                                    ; |ALU_LAB3|74181:alu3|53                                    ; out0             ;
; |ALU_LAB3|74181:alu3|64                                    ; |ALU_LAB3|74181:alu3|64                                    ; out0             ;
; |ALU_LAB3|74181:alu3|78                                    ; |ALU_LAB3|74181:alu3|78                                    ; out0             ;
; |ALU_LAB3|74181:alu3|63                                    ; |ALU_LAB3|74181:alu3|63                                    ; out0             ;
; |ALU_LAB3|74181:alu3|58                                    ; |ALU_LAB3|74181:alu3|58                                    ; out0             ;
; |ALU_LAB3|74181:alu3|59                                    ; |ALU_LAB3|74181:alu3|59                                    ; out0             ;
; |ALU_LAB3|74181:alu3|62                                    ; |ALU_LAB3|74181:alu3|62                                    ; out0             ;
; |ALU_LAB3|74181:alu3|61                                    ; |ALU_LAB3|74181:alu3|61                                    ; out0             ;
; |ALU_LAB3|74181:alu4|81                                    ; |ALU_LAB3|74181:alu4|81                                    ; out0             ;
; |ALU_LAB3|74181:alu4|54                                    ; |ALU_LAB3|74181:alu4|54                                    ; out0             ;
; |ALU_LAB3|74181:alu4|47                                    ; |ALU_LAB3|74181:alu4|47                                    ; out0             ;
; |ALU_LAB3|74181:alu4|14                                    ; |ALU_LAB3|74181:alu4|14                                    ; out0             ;
; |ALU_LAB3|74181:alu4|13                                    ; |ALU_LAB3|74181:alu4|13                                    ; out0             ;
; |ALU_LAB3|74181:alu4|44                                    ; |ALU_LAB3|74181:alu4|44                                    ; out0             ;
; |ALU_LAB3|74181:alu4|11                                    ; |ALU_LAB3|74181:alu4|11                                    ; out0             ;
; |ALU_LAB3|74181:alu4|12                                    ; |ALU_LAB3|74181:alu4|12                                    ; out0             ;
; |ALU_LAB3|74181:alu4|46                                    ; |ALU_LAB3|74181:alu4|46                                    ; out0             ;
; |ALU_LAB3|74181:alu4|9                                     ; |ALU_LAB3|74181:alu4|9                                     ; out0             ;
; |ALU_LAB3|74181:alu4|8                                     ; |ALU_LAB3|74181:alu4|8                                     ; out0             ;
; |ALU_LAB3|74181:alu4|65                                    ; |ALU_LAB3|74181:alu4|65                                    ; out0             ;
; |ALU_LAB3|74181:alu4|43                                    ; |ALU_LAB3|74181:alu4|43                                    ; out0             ;
; |ALU_LAB3|74181:alu4|6                                     ; |ALU_LAB3|74181:alu4|6                                     ; out0             ;
; |ALU_LAB3|74181:alu4|7                                     ; |ALU_LAB3|74181:alu4|7                                     ; out0             ;
; |ALU_LAB3|74181:alu4|77                                    ; |ALU_LAB3|74181:alu4|77                                    ; out0             ;
; |ALU_LAB3|74181:alu4|56                                    ; |ALU_LAB3|74181:alu4|56                                    ; out0             ;
; |ALU_LAB3|74181:alu4|52                                    ; |ALU_LAB3|74181:alu4|52                                    ; out0             ;
; |ALU_LAB3|74181:alu4|24                                    ; |ALU_LAB3|74181:alu4|24                                    ; out0             ;
; |ALU_LAB3|74181:alu4|23                                    ; |ALU_LAB3|74181:alu4|23                                    ; out0             ;
; |ALU_LAB3|74181:alu4|51                                    ; |ALU_LAB3|74181:alu4|51                                    ; out0             ;
; |ALU_LAB3|74181:alu4|21                                    ; |ALU_LAB3|74181:alu4|21                                    ; out0             ;
; |ALU_LAB3|74181:alu4|22                                    ; |ALU_LAB3|74181:alu4|22                                    ; out0             ;
; |ALU_LAB3|74181:alu4|74                                    ; |ALU_LAB3|74181:alu4|74                                    ; out0             ;
; |ALU_LAB3|74181:alu4|48                                    ; |ALU_LAB3|74181:alu4|48                                    ; out0             ;
; |ALU_LAB3|74181:alu4|19                                    ; |ALU_LAB3|74181:alu4|19                                    ; out0             ;
; |ALU_LAB3|74181:alu4|18                                    ; |ALU_LAB3|74181:alu4|18                                    ; out0             ;
; |ALU_LAB3|74181:alu4|72                                    ; |ALU_LAB3|74181:alu4|72                                    ; out0             ;
; |ALU_LAB3|74181:alu4|71                                    ; |ALU_LAB3|74181:alu4|71                                    ; out0             ;
; |ALU_LAB3|74181:alu4|70                                    ; |ALU_LAB3|74181:alu4|70                                    ; out0             ;
; |ALU_LAB3|74181:alu4|45                                    ; |ALU_LAB3|74181:alu4|45                                    ; out0             ;
; |ALU_LAB3|74181:alu4|16                                    ; |ALU_LAB3|74181:alu4|16                                    ; out0             ;
; |ALU_LAB3|74181:alu4|17                                    ; |ALU_LAB3|74181:alu4|17                                    ; out0             ;
; |ALU_LAB3|74181:alu4|82                                    ; |ALU_LAB3|74181:alu4|82                                    ; out0             ;
; |ALU_LAB3|74181:alu4|55                                    ; |ALU_LAB3|74181:alu4|55                                    ; out0             ;
; |ALU_LAB3|74181:alu4|75                                    ; |ALU_LAB3|74181:alu4|75                                    ; out0             ;
; |ALU_LAB3|74181:alu4|67                                    ; |ALU_LAB3|74181:alu4|67                                    ; out0             ;
; |ALU_LAB3|74181:alu4|68                                    ; |ALU_LAB3|74181:alu4|68                                    ; out0             ;
; |ALU_LAB3|74181:alu4|53                                    ; |ALU_LAB3|74181:alu4|53                                    ; out0             ;
; |ALU_LAB3|74181:alu4|63                                    ; |ALU_LAB3|74181:alu4|63                                    ; out0             ;
; |ALU_LAB3|74181:alu4|58                                    ; |ALU_LAB3|74181:alu4|58                                    ; out0             ;
; |ALU_LAB3|74181:alu4|59                                    ; |ALU_LAB3|74181:alu4|59                                    ; out0             ;
; |ALU_LAB3|74181:alu4|62                                    ; |ALU_LAB3|74181:alu4|62                                    ; out0             ;
; |ALU_LAB3|CHOOSE_LAB3:inst4|c_or1                          ; |ALU_LAB3|CHOOSE_LAB3:inst4|c_or1                          ; out0             ;
; |ALU_LAB3|CHOOSE_LAB3:inst4|choose33                       ; |ALU_LAB3|CHOOSE_LAB3:inst4|choose33                       ; out0             ;
; |ALU_LAB3|CHOOSE_LAB3:inst4|choose1                        ; |ALU_LAB3|CHOOSE_LAB3:inst4|choose1                        ; out0             ;
; |ALU_LAB3|CHOOSE_LAB3:inst4|c_or2                          ; |ALU_LAB3|CHOOSE_LAB3:inst4|c_or2                          ; out0             ;
; |ALU_LAB3|CHOOSE_LAB3:inst4|choose34                       ; |ALU_LAB3|CHOOSE_LAB3:inst4|choose34                       ; out0             ;
; |ALU_LAB3|CHOOSE_LAB3:inst4|choose2                        ; |ALU_LAB3|CHOOSE_LAB3:inst4|choose2                        ; out0             ;
; |ALU_LAB3|CHOOSE_LAB3:inst4|c_or3                          ; |ALU_LAB3|CHOOSE_LAB3:inst4|c_or3                          ; out0             ;
; |ALU_LAB3|CHOOSE_LAB3:inst4|choose35                       ; |ALU_LAB3|CHOOSE_LAB3:inst4|choose35                       ; out0             ;
; |ALU_LAB3|CHOOSE_LAB3:inst4|choose3                        ; |ALU_LAB3|CHOOSE_LAB3:inst4|choose3                        ; out0             ;
; |ALU_LAB3|CHOOSE_LAB3:inst4|c_or4                          ; |ALU_LAB3|CHOOSE_LAB3:inst4|c_or4                          ; out0             ;
; |ALU_LAB3|CHOOSE_LAB3:inst4|choose36                       ; |ALU_LAB3|CHOOSE_LAB3:inst4|choose36                       ; out0             ;
; |ALU_LAB3|CHOOSE_LAB3:inst4|choose4                        ; |ALU_LAB3|CHOOSE_LAB3:inst4|choose4                        ; out0             ;
; |ALU_LAB3|CHOOSE_LAB3:inst4|c_or5                          ; |ALU_LAB3|CHOOSE_LAB3:inst4|c_or5                          ; out0             ;
; |ALU_LAB3|CHOOSE_LAB3:inst4|choose37                       ; |ALU_LAB3|CHOOSE_LAB3:inst4|choose37                       ; out0             ;
; |ALU_LAB3|CHOOSE_LAB3:inst4|choose5                        ; |ALU_LAB3|CHOOSE_LAB3:inst4|choose5                        ; out0             ;
; |ALU_LAB3|CHOOSE_LAB3:inst4|c_or6                          ; |ALU_LAB3|CHOOSE_LAB3:inst4|c_or6                          ; out0             ;
; |ALU_LAB3|CHOOSE_LAB3:inst4|choose38                       ; |ALU_LAB3|CHOOSE_LAB3:inst4|choose38                       ; out0             ;
; |ALU_LAB3|CHOOSE_LAB3:inst4|choose6                        ; |ALU_LAB3|CHOOSE_LAB3:inst4|choose6                        ; out0             ;
; |ALU_LAB3|CHOOSE_LAB3:inst4|c_or7                          ; |ALU_LAB3|CHOOSE_LAB3:inst4|c_or7                          ; out0             ;
; |ALU_LAB3|CHOOSE_LAB3:inst4|choose39                       ; |ALU_LAB3|CHOOSE_LAB3:inst4|choose39                       ; out0             ;
; |ALU_LAB3|CHOOSE_LAB3:inst4|choose7                        ; |ALU_LAB3|CHOOSE_LAB3:inst4|choose7                        ; out0             ;
; |ALU_LAB3|CHOOSE_LAB3:inst4|c_or8                          ; |ALU_LAB3|CHOOSE_LAB3:inst4|c_or8                          ; out0             ;
; |ALU_LAB3|CHOOSE_LAB3:inst4|choose40                       ; |ALU_LAB3|CHOOSE_LAB3:inst4|choose40                       ; out0             ;
; |ALU_LAB3|CHOOSE_LAB3:inst4|choose8                        ; |ALU_LAB3|CHOOSE_LAB3:inst4|choose8                        ; out0             ;
; |ALU_LAB3|CHOOSE_LAB3:inst4|c_or9                          ; |ALU_LAB3|CHOOSE_LAB3:inst4|c_or9                          ; out0             ;
; |ALU_LAB3|CHOOSE_LAB3:inst4|choose41                       ; |ALU_LAB3|CHOOSE_LAB3:inst4|choose41                       ; out0             ;
; |ALU_LAB3|CHOOSE_LAB3:inst4|choose9                        ; |ALU_LAB3|CHOOSE_LAB3:inst4|choose9                        ; out0             ;
; |ALU_LAB3|CHOOSE_LAB3:inst4|c_or10                         ; |ALU_LAB3|CHOOSE_LAB3:inst4|c_or10                         ; out0             ;
; |ALU_LAB3|CHOOSE_LAB3:inst4|choose42                       ; |ALU_LAB3|CHOOSE_LAB3:inst4|choose42                       ; out0             ;
; |ALU_LAB3|CHOOSE_LAB3:inst4|choose10                       ; |ALU_LAB3|CHOOSE_LAB3:inst4|choose10                       ; out0             ;
; |ALU_LAB3|CHOOSE_LAB3:inst4|c_or11                         ; |ALU_LAB3|CHOOSE_LAB3:inst4|c_or11                         ; out0             ;
; |ALU_LAB3|CHOOSE_LAB3:inst4|choose43                       ; |ALU_LAB3|CHOOSE_LAB3:inst4|choose43                       ; out0             ;
; |ALU_LAB3|CHOOSE_LAB3:inst4|choose11                       ; |ALU_LAB3|CHOOSE_LAB3:inst4|choose11                       ; out0             ;
; |ALU_LAB3|CHOOSE_LAB3:inst4|c_or12                         ; |ALU_LAB3|CHOOSE_LAB3:inst4|c_or12                         ; out0             ;
; |ALU_LAB3|CHOOSE_LAB3:inst4|choose44                       ; |ALU_LAB3|CHOOSE_LAB3:inst4|choose44                       ; out0             ;
; |ALU_LAB3|CHOOSE_LAB3:inst4|choose12                       ; |ALU_LAB3|CHOOSE_LAB3:inst4|choose12                       ; out0             ;
; |ALU_LAB3|CHOOSE_LAB3:inst4|c_or13                         ; |ALU_LAB3|CHOOSE_LAB3:inst4|c_or13                         ; out0             ;
; |ALU_LAB3|CHOOSE_LAB3:inst4|choose45                       ; |ALU_LAB3|CHOOSE_LAB3:inst4|choose45                       ; out0             ;
; |ALU_LAB3|CHOOSE_LAB3:inst4|choose13                       ; |ALU_LAB3|CHOOSE_LAB3:inst4|choose13                       ; out0             ;
; |ALU_LAB3|CHOOSE_LAB3:inst4|c_or14                         ; |ALU_LAB3|CHOOSE_LAB3:inst4|c_or14                         ; out0             ;
; |ALU_LAB3|CHOOSE_LAB3:inst4|choose46                       ; |ALU_LAB3|CHOOSE_LAB3:inst4|choose46                       ; out0             ;
; |ALU_LAB3|CHOOSE_LAB3:inst4|choose14                       ; |ALU_LAB3|CHOOSE_LAB3:inst4|choose14                       ; out0             ;
; |ALU_LAB3|CHOOSE_LAB3:inst4|c_or15                         ; |ALU_LAB3|CHOOSE_LAB3:inst4|c_or15                         ; out0             ;
; |ALU_LAB3|CHOOSE_LAB3:inst4|choose47                       ; |ALU_LAB3|CHOOSE_LAB3:inst4|choose47                       ; out0             ;
; |ALU_LAB3|CHOOSE_LAB3:inst4|choose15                       ; |ALU_LAB3|CHOOSE_LAB3:inst4|choose15                       ; out0             ;
; |ALU_LAB3|CHOOSE_LAB3:inst4|c_or16                         ; |ALU_LAB3|CHOOSE_LAB3:inst4|c_or16                         ; out0             ;
; |ALU_LAB3|CHOOSE_LAB3:inst4|choose48                       ; |ALU_LAB3|CHOOSE_LAB3:inst4|choose48                       ; out0             ;
; |ALU_LAB3|CHOOSE_LAB3:inst4|choose16                       ; |ALU_LAB3|CHOOSE_LAB3:inst4|choose16                       ; out0             ;
+------------------------------------------------------------+------------------------------------------------------------+------------------+


+---------------------+
; Simulator INI Usage ;
+--------+------------+
; Option ; Usage      ;
+--------+------------+


+--------------------+
; Simulator Messages ;
+--------------------+
Info: *******************************************************************
Info: Running Quartus II 64-Bit Simulator
    Info: Version 13.0.1 Build 232 06/12/2013 Service Pack 1 SJ Full Version
    Info: Processing started: Tue Nov 12 20:13:51 2024
Info: Command: quartus_sim --simulation_results_format=VWF ALU_LAB3 -c ALU_LAB3_qsim
Info (324025): Using vector source file "D:/altera/ALULAB3/Waveform1.vwf"
Info (310003): Option to preserve fewer signal transitions to reduce memory requirements is enabled
    Info (310004): Simulation has been partitioned into sub-simulations according to the maximum transition count determined by the engine. Transitions from memory will be flushed out to disk at the end of each sub-simulation to reduce memory requirements.
Info (310002): Simulation partitioned into 1 sub-simulations
Info (328053): Simulation coverage is       0.00 %
Info (328052): Number of transitions in simulation is 0
Info (324045): Vector file ALU_LAB3_qsim.sim.vwf is saved in VWF text format. You can compress it into CVWF format in order to reduce file size. For more details please refer to the Quartus II Help.
Info: Quartus II 64-Bit Simulator was successful. 0 errors, 0 warnings
    Info: Peak virtual memory: 325 megabytes
    Info: Processing ended: Tue Nov 12 20:13:51 2024
    Info: Elapsed time: 00:00:00
    Info: Total CPU time (on all processors): 00:00:00


