TimeQuest Timing Analyzer report for chufa
Sun Nov 24 17:26:09 2024
Quartus II 64-Bit Version 13.0.1 Build 232 06/12/2013 Service Pack 1 SJ Full Version


---------------------
; Table of Contents ;
---------------------
  1. Legal Notice
  2. TimeQuest Timing Analyzer Summary
  3. Parallel Compilation
  4. Clocks
  5. Slow 1200mV 125C Model Fmax Summary
  6. Timing Closure Recommendations
  7. Slow 1200mV 125C Model Setup Summary
  8. Slow 1200mV 125C Model Hold Summary
  9. Slow 1200mV 125C Model Recovery Summary
 10. Slow 1200mV 125C Model Removal Summary
 11. Slow 1200mV 125C Model Minimum Pulse Width Summary
 12. Propagation Delay
 13. Minimum Propagation Delay
 14. Slow 1200mV 125C Model Metastability Report
 15. Slow 1200mV -40C Model Fmax Summary
 16. Slow 1200mV -40C Model Setup Summary
 17. Slow 1200mV -40C Model Hold Summary
 18. Slow 1200mV -40C Model Recovery Summary
 19. Slow 1200mV -40C Model Removal Summary
 20. Slow 1200mV -40C Model Minimum Pulse Width Summary
 21. Propagation Delay
 22. Minimum Propagation Delay
 23. Slow 1200mV -40C Model Metastability Report
 24. Fast 1200mV -40C Model Setup Summary
 25. Fast 1200mV -40C Model Hold Summary
 26. Fast 1200mV -40C Model Recovery Summary
 27. Fast 1200mV -40C Model Removal Summary
 28. Fast 1200mV -40C Model Minimum Pulse Width Summary
 29. Propagation Delay
 30. Minimum Propagation Delay
 31. Fast 1200mV -40C Model Metastability Report
 32. Multicorner Timing Analysis Summary
 33. Progagation Delay
 34. Minimum Progagation Delay
 35. Board Trace Model Assignments
 36. Input Transition Times
 37. Signal Integrity Metrics (Slow 1200mv n40c Model)
 38. Signal Integrity Metrics (Slow 1200mv 125c Model)
 39. Signal Integrity Metrics (Fast 1200mv n40c Model)
 40. Clock Transfers
 41. Report TCCS
 42. Report RSKM
 43. Unconstrained Paths
 44. TimeQuest Timing Analyzer Messages



----------------
; Legal Notice ;
----------------
Copyright (C) 1991-2013 Altera Corporation
Your use of Altera Corporation's design tools, logic functions 
and other software and tools, and its AMPP partner logic 
functions, and any output files from any of the foregoing 
(including device programming or simulation files), and any 
associated documentation or information are expressly subject 
to the terms and conditions of the Altera Program License 
Subscription Agreement, Altera MegaCore Function License 
Agreement, or other applicable license agreement, including, 
without limitation, that your use is for the sole purpose of 
programming logic devices manufactured by Altera and sold by 
Altera or its authorized distributors.  Please refer to the 
applicable agreement for further details.



+-----------------------------------------------------------------------------------------+
; TimeQuest Timing Analyzer Summary                                                       ;
+--------------------+--------------------------------------------------------------------+
; Quartus II Version ; Version 13.0.1 Build 232 06/12/2013 Service Pack 1 SJ Full Version ;
; Revision Name      ; chufa                                                              ;
; Device Family      ; Cyclone IV E                                                       ;
; Device Name        ; EP4CE6E22A7                                                        ;
; Timing Models      ; Final                                                              ;
; Delay Model        ; Combined                                                           ;
; Rise/Fall Delays   ; Enabled                                                            ;
+--------------------+--------------------------------------------------------------------+


+------------------------------------------+
; Parallel Compilation                     ;
+----------------------------+-------------+
; Processors                 ; Number      ;
+----------------------------+-------------+
; Number detected on machine ; 20          ;
; Maximum allowed            ; 14          ;
;                            ;             ;
; Average used               ; 1.00        ;
; Maximum used               ; 14          ;
;                            ;             ;
; Usage by Processor         ; % Time Used ;
;     Processor 1            ; 100.0%      ;
;     Processors 2-14        ; < 0.1%      ;
;     Processors 15-20       ;   0.0%      ;
+----------------------------+-------------+


----------
; Clocks ;
----------
No clocks to report.


---------------------------------------
; Slow 1200mV 125C Model Fmax Summary ;
---------------------------------------
No paths to report.


----------------------------------
; Timing Closure Recommendations ;
----------------------------------
HTML report is unavailable in plain text report export.


----------------------------------------
; Slow 1200mV 125C Model Setup Summary ;
----------------------------------------
No paths to report.


---------------------------------------
; Slow 1200mV 125C Model Hold Summary ;
---------------------------------------
No paths to report.


-------------------------------------------
; Slow 1200mV 125C Model Recovery Summary ;
-------------------------------------------
No paths to report.


------------------------------------------
; Slow 1200mV 125C Model Removal Summary ;
------------------------------------------
No paths to report.


------------------------------------------------------
; Slow 1200mV 125C Model Minimum Pulse Width Summary ;
------------------------------------------------------
No paths to report.


+---------------------------------------------------------------+
; Propagation Delay                                             ;
+-------------+-------------+--------+--------+--------+--------+
; Input Port  ; Output Port ; RR     ; RF     ; FR     ; FF     ;
+-------------+-------------+--------+--------+--------+--------+
; denom0      ; business0   ; 53.853 ; 53.844 ; 54.253 ; 54.244 ;
; denom0      ; business1   ; 49.855 ; 49.882 ; 50.255 ; 50.282 ;
; denom0      ; business2   ; 47.642 ; 47.519 ; 48.042 ; 47.919 ;
; denom0      ; business3   ; 44.748 ; 44.565 ; 45.148 ; 44.965 ;
; denom0      ; business4   ; 41.453 ; 41.281 ; 41.853 ; 41.681 ;
; denom0      ; business5   ; 37.972 ; 37.708 ; 38.372 ; 38.108 ;
; denom0      ; business6   ; 34.190 ; 33.960 ; 34.590 ; 34.360 ;
; denom0      ; business7   ; 30.996 ; 31.059 ; 31.396 ; 31.459 ;
; denom0      ; business8   ; 28.071 ; 28.157 ; 28.471 ; 28.557 ;
; denom0      ; business9   ; 26.572 ; 26.561 ; 26.972 ; 26.961 ;
; denom0      ; business10  ; 23.221 ; 23.287 ; 23.621 ; 23.687 ;
; denom0      ; business11  ; 20.724 ; 20.650 ; 21.124 ; 21.050 ;
; denom0      ; business12  ; 17.886 ; 18.109 ; 18.303 ; 18.509 ;
; denom0      ; business13  ; 12.753 ; 12.830 ; 13.153 ; 13.259 ;
; denom0      ; business14  ;        ; 9.638  ; 9.986  ;        ;
; denom0      ; business15  ;        ; 8.838  ; 9.158  ;        ;
; denom0      ; remain0     ; 53.160 ; 53.119 ; 53.560 ; 53.519 ;
; denom0      ; remain1     ; 52.858 ; 52.812 ; 53.258 ; 53.212 ;
; denom0      ; remain2     ; 53.253 ; 53.197 ; 53.653 ; 53.597 ;
; denom0      ; remain3     ; 53.539 ; 53.486 ; 53.939 ; 53.886 ;
; denom0      ; remain4     ; 53.572 ; 53.479 ; 53.972 ; 53.879 ;
; denom0      ; remain5     ; 53.142 ; 53.097 ; 53.542 ; 53.497 ;
; denom0      ; remain6     ; 53.567 ; 53.541 ; 53.967 ; 53.941 ;
; denom0      ; remain7     ; 54.557 ; 54.644 ; 54.957 ; 55.044 ;
; denom1      ; business0   ; 54.209 ; 54.200 ; 54.702 ; 54.693 ;
; denom1      ; business1   ; 50.211 ; 50.238 ; 50.704 ; 50.731 ;
; denom1      ; business2   ; 47.998 ; 47.875 ; 48.491 ; 48.368 ;
; denom1      ; business3   ; 45.104 ; 44.921 ; 45.597 ; 45.414 ;
; denom1      ; business4   ; 41.809 ; 41.637 ; 42.302 ; 42.130 ;
; denom1      ; business5   ; 38.328 ; 38.064 ; 38.821 ; 38.557 ;
; denom1      ; business6   ; 34.546 ; 34.316 ; 35.039 ; 34.809 ;
; denom1      ; business7   ; 31.352 ; 31.415 ; 31.845 ; 31.908 ;
; denom1      ; business8   ; 28.427 ; 28.513 ; 28.920 ; 29.006 ;
; denom1      ; business9   ; 26.928 ; 26.917 ; 27.421 ; 27.410 ;
; denom1      ; business10  ; 23.577 ; 23.643 ; 24.070 ; 24.136 ;
; denom1      ; business11  ; 21.080 ; 21.006 ; 21.573 ; 21.499 ;
; denom1      ; business12  ; 18.270 ; 18.465 ; 18.752 ; 18.958 ;
; denom1      ; business13  ; 13.109 ; 13.226 ; 13.602 ; 13.708 ;
; denom1      ; business14  ;        ; 10.034 ; 10.435 ;        ;
; denom1      ; business15  ;        ; 9.061  ; 9.410  ;        ;
; denom1      ; remain0     ; 53.516 ; 53.475 ; 54.009 ; 53.968 ;
; denom1      ; remain1     ; 53.214 ; 53.168 ; 53.707 ; 53.661 ;
; denom1      ; remain2     ; 53.609 ; 53.553 ; 54.102 ; 54.046 ;
; denom1      ; remain3     ; 53.895 ; 53.842 ; 54.388 ; 54.335 ;
; denom1      ; remain4     ; 53.928 ; 53.835 ; 54.421 ; 54.328 ;
; denom1      ; remain5     ; 53.498 ; 53.453 ; 53.991 ; 53.946 ;
; denom1      ; remain6     ; 53.923 ; 53.897 ; 54.416 ; 54.390 ;
; denom1      ; remain7     ; 54.913 ; 55.000 ; 55.406 ; 55.493 ;
; denom2      ; business0   ; 53.457 ; 53.448 ; 53.638 ; 53.629 ;
; denom2      ; business1   ; 49.459 ; 49.486 ; 49.640 ; 49.667 ;
; denom2      ; business2   ; 47.246 ; 47.123 ; 47.427 ; 47.304 ;
; denom2      ; business3   ; 44.352 ; 44.169 ; 44.533 ; 44.350 ;
; denom2      ; business4   ; 41.057 ; 40.885 ; 41.238 ; 41.066 ;
; denom2      ; business5   ; 37.576 ; 37.312 ; 37.757 ; 37.493 ;
; denom2      ; business6   ; 33.794 ; 33.564 ; 33.975 ; 33.745 ;
; denom2      ; business7   ; 30.600 ; 30.663 ; 30.781 ; 30.844 ;
; denom2      ; business8   ; 27.675 ; 27.761 ; 27.856 ; 27.942 ;
; denom2      ; business9   ; 26.176 ; 26.165 ; 26.357 ; 26.346 ;
; denom2      ; business10  ; 22.825 ; 22.891 ; 23.006 ; 23.072 ;
; denom2      ; business11  ; 20.328 ; 20.254 ; 20.509 ; 20.435 ;
; denom2      ; business12  ; 17.490 ; 17.713 ; 17.672 ; 17.894 ;
; denom2      ; business13  ; 12.357 ; 12.294 ; 12.538 ; 12.628 ;
; denom2      ; business14  ;        ; 8.504  ; 8.809  ;        ;
; denom2      ; business15  ;        ; 9.122  ; 9.408  ;        ;
; denom2      ; remain0     ; 52.764 ; 52.723 ; 52.945 ; 52.904 ;
; denom2      ; remain1     ; 52.462 ; 52.416 ; 52.643 ; 52.597 ;
; denom2      ; remain2     ; 52.857 ; 52.801 ; 53.038 ; 52.982 ;
; denom2      ; remain3     ; 53.143 ; 53.090 ; 53.324 ; 53.271 ;
; denom2      ; remain4     ; 53.176 ; 53.083 ; 53.357 ; 53.264 ;
; denom2      ; remain5     ; 52.746 ; 52.701 ; 52.927 ; 52.882 ;
; denom2      ; remain6     ; 53.171 ; 53.145 ; 53.352 ; 53.326 ;
; denom2      ; remain7     ; 54.161 ; 54.248 ; 54.342 ; 54.429 ;
; denom3      ; business0   ; 54.798 ; 54.789 ; 54.933 ; 54.924 ;
; denom3      ; business1   ; 50.800 ; 50.827 ; 50.935 ; 50.962 ;
; denom3      ; business2   ; 48.587 ; 48.464 ; 48.722 ; 48.599 ;
; denom3      ; business3   ; 45.693 ; 45.510 ; 45.828 ; 45.645 ;
; denom3      ; business4   ; 42.398 ; 42.226 ; 42.533 ; 42.361 ;
; denom3      ; business5   ; 38.917 ; 38.653 ; 39.052 ; 38.788 ;
; denom3      ; business6   ; 35.135 ; 34.905 ; 35.270 ; 35.040 ;
; denom3      ; business7   ; 31.941 ; 32.004 ; 32.076 ; 32.139 ;
; denom3      ; business8   ; 29.016 ; 29.102 ; 29.151 ; 29.237 ;
; denom3      ; business9   ; 27.517 ; 27.506 ; 27.652 ; 27.641 ;
; denom3      ; business10  ; 24.166 ; 24.232 ; 24.301 ; 24.367 ;
; denom3      ; business11  ; 21.669 ; 21.595 ; 21.804 ; 21.730 ;
; denom3      ; business12  ; 18.831 ; 19.054 ; 18.967 ; 19.189 ;
; denom3      ; business13  ; 13.698 ; 13.635 ; 13.833 ; 13.923 ;
; denom3      ; business14  ;        ; 9.797  ; 10.077 ;        ;
; denom3      ; business15  ;        ; 10.463 ; 10.703 ;        ;
; denom3      ; remain0     ; 54.105 ; 54.064 ; 54.240 ; 54.199 ;
; denom3      ; remain1     ; 53.803 ; 53.757 ; 53.938 ; 53.892 ;
; denom3      ; remain2     ; 54.198 ; 54.142 ; 54.333 ; 54.277 ;
; denom3      ; remain3     ; 54.484 ; 54.431 ; 54.619 ; 54.566 ;
; denom3      ; remain4     ; 54.517 ; 54.424 ; 54.652 ; 54.559 ;
; denom3      ; remain5     ; 54.087 ; 54.042 ; 54.222 ; 54.177 ;
; denom3      ; remain6     ; 54.512 ; 54.486 ; 54.647 ; 54.621 ;
; denom3      ; remain7     ; 55.502 ; 55.589 ; 55.637 ; 55.724 ;
; denom4      ; business0   ; 54.966 ; 54.957 ; 55.140 ; 55.131 ;
; denom4      ; business1   ; 50.968 ; 50.995 ; 51.142 ; 51.169 ;
; denom4      ; business2   ; 48.755 ; 48.632 ; 48.929 ; 48.806 ;
; denom4      ; business3   ; 45.861 ; 45.678 ; 46.035 ; 45.852 ;
; denom4      ; business4   ; 42.566 ; 42.394 ; 42.740 ; 42.568 ;
; denom4      ; business5   ; 39.085 ; 38.821 ; 39.259 ; 38.995 ;
; denom4      ; business6   ; 35.303 ; 35.073 ; 35.477 ; 35.247 ;
; denom4      ; business7   ; 32.109 ; 32.172 ; 32.283 ; 32.346 ;
; denom4      ; business8   ; 29.184 ; 29.270 ; 29.358 ; 29.444 ;
; denom4      ; business9   ; 27.685 ; 27.674 ; 27.859 ; 27.848 ;
; denom4      ; business10  ; 24.334 ; 24.400 ; 24.508 ; 24.574 ;
; denom4      ; business11  ; 21.837 ; 21.763 ; 22.011 ; 21.937 ;
; denom4      ; business12  ; 18.999 ; 19.222 ; 19.174 ; 19.396 ;
; denom4      ; business13  ; 13.866 ; 13.803 ; 14.040 ; 14.130 ;
; denom4      ; business14  ;        ; 9.976  ; 10.316 ;        ;
; denom4      ; business15  ;        ; 10.631 ; 10.910 ;        ;
; denom4      ; remain0     ; 54.273 ; 54.232 ; 54.447 ; 54.406 ;
; denom4      ; remain1     ; 53.971 ; 53.925 ; 54.145 ; 54.099 ;
; denom4      ; remain2     ; 54.366 ; 54.310 ; 54.540 ; 54.484 ;
; denom4      ; remain3     ; 54.652 ; 54.599 ; 54.826 ; 54.773 ;
; denom4      ; remain4     ; 54.685 ; 54.592 ; 54.859 ; 54.766 ;
; denom4      ; remain5     ; 54.255 ; 54.210 ; 54.429 ; 54.384 ;
; denom4      ; remain6     ; 54.680 ; 54.654 ; 54.854 ; 54.828 ;
; denom4      ; remain7     ; 55.670 ; 55.757 ; 55.844 ; 55.931 ;
; denom5      ; business0   ; 55.291 ; 55.282 ; 55.500 ; 55.491 ;
; denom5      ; business1   ; 51.293 ; 51.320 ; 51.502 ; 51.529 ;
; denom5      ; business2   ; 49.080 ; 48.957 ; 49.289 ; 49.166 ;
; denom5      ; business3   ; 46.186 ; 46.003 ; 46.395 ; 46.212 ;
; denom5      ; business4   ; 42.891 ; 42.719 ; 43.100 ; 42.928 ;
; denom5      ; business5   ; 39.410 ; 39.146 ; 39.619 ; 39.355 ;
; denom5      ; business6   ; 35.628 ; 35.398 ; 35.837 ; 35.607 ;
; denom5      ; business7   ; 32.434 ; 32.497 ; 32.643 ; 32.706 ;
; denom5      ; business8   ; 29.509 ; 29.595 ; 29.718 ; 29.804 ;
; denom5      ; business9   ; 28.010 ; 27.999 ; 28.219 ; 28.208 ;
; denom5      ; business10  ; 24.659 ; 24.725 ; 24.868 ; 24.934 ;
; denom5      ; business11  ; 22.162 ; 22.088 ; 22.371 ; 22.297 ;
; denom5      ; business12  ; 19.324 ; 19.547 ; 19.534 ; 19.756 ;
; denom5      ; business13  ; 14.191 ; 14.128 ; 14.400 ; 14.490 ;
; denom5      ; business14  ;        ; 10.301 ; 10.676 ;        ;
; denom5      ; business15  ;        ; 10.956 ; 11.270 ;        ;
; denom5      ; remain0     ; 54.598 ; 54.557 ; 54.807 ; 54.766 ;
; denom5      ; remain1     ; 54.296 ; 54.250 ; 54.505 ; 54.459 ;
; denom5      ; remain2     ; 54.691 ; 54.635 ; 54.900 ; 54.844 ;
; denom5      ; remain3     ; 54.977 ; 54.924 ; 55.186 ; 55.133 ;
; denom5      ; remain4     ; 55.010 ; 54.917 ; 55.219 ; 55.126 ;
; denom5      ; remain5     ; 54.580 ; 54.535 ; 54.789 ; 54.744 ;
; denom5      ; remain6     ; 55.005 ; 54.979 ; 55.214 ; 55.188 ;
; denom5      ; remain7     ; 55.995 ; 56.082 ; 56.204 ; 56.291 ;
; denom6      ; business0   ; 55.715 ; 55.706 ; 55.952 ; 55.943 ;
; denom6      ; business1   ; 51.717 ; 51.744 ; 51.954 ; 51.981 ;
; denom6      ; business2   ; 49.504 ; 49.381 ; 49.741 ; 49.618 ;
; denom6      ; business3   ; 46.610 ; 46.427 ; 46.847 ; 46.664 ;
; denom6      ; business4   ; 43.315 ; 43.143 ; 43.552 ; 43.380 ;
; denom6      ; business5   ; 39.834 ; 39.570 ; 40.071 ; 39.807 ;
; denom6      ; business6   ; 36.052 ; 35.822 ; 36.289 ; 36.059 ;
; denom6      ; business7   ; 32.858 ; 32.921 ; 33.095 ; 33.158 ;
; denom6      ; business8   ; 29.933 ; 30.019 ; 30.170 ; 30.256 ;
; denom6      ; business9   ; 28.434 ; 28.423 ; 28.671 ; 28.660 ;
; denom6      ; business10  ; 25.083 ; 25.149 ; 25.320 ; 25.386 ;
; denom6      ; business11  ; 22.586 ; 22.512 ; 22.823 ; 22.749 ;
; denom6      ; business12  ; 19.748 ; 19.971 ; 19.986 ; 20.208 ;
; denom6      ; business13  ; 14.615 ; 14.552 ; 14.852 ; 14.942 ;
; denom6      ; business14  ;        ; 10.725 ; 11.128 ;        ;
; denom6      ; business15  ;        ; 11.380 ; 11.722 ;        ;
; denom6      ; remain0     ; 55.022 ; 54.981 ; 55.259 ; 55.218 ;
; denom6      ; remain1     ; 54.720 ; 54.674 ; 54.957 ; 54.911 ;
; denom6      ; remain2     ; 55.115 ; 55.059 ; 55.352 ; 55.296 ;
; denom6      ; remain3     ; 55.401 ; 55.348 ; 55.638 ; 55.585 ;
; denom6      ; remain4     ; 55.434 ; 55.341 ; 55.671 ; 55.578 ;
; denom6      ; remain5     ; 55.004 ; 54.959 ; 55.241 ; 55.196 ;
; denom6      ; remain6     ; 55.429 ; 55.403 ; 55.666 ; 55.640 ;
; denom6      ; remain7     ; 56.419 ; 56.506 ; 56.656 ; 56.743 ;
; denom7      ; business0   ; 55.394 ; 55.385 ; 55.547 ; 55.538 ;
; denom7      ; business1   ; 51.396 ; 51.423 ; 51.549 ; 51.576 ;
; denom7      ; business2   ; 49.183 ; 49.060 ; 49.336 ; 49.213 ;
; denom7      ; business3   ; 46.289 ; 46.106 ; 46.442 ; 46.259 ;
; denom7      ; business4   ; 42.994 ; 42.822 ; 43.147 ; 42.975 ;
; denom7      ; business5   ; 39.513 ; 39.249 ; 39.666 ; 39.402 ;
; denom7      ; business6   ; 35.731 ; 35.501 ; 35.884 ; 35.654 ;
; denom7      ; business7   ; 32.537 ; 32.600 ; 32.690 ; 32.753 ;
; denom7      ; business8   ; 29.612 ; 29.698 ; 29.765 ; 29.851 ;
; denom7      ; business9   ; 28.113 ; 28.102 ; 28.266 ; 28.255 ;
; denom7      ; business10  ; 24.762 ; 24.828 ; 24.915 ; 24.981 ;
; denom7      ; business11  ; 22.265 ; 22.191 ; 22.418 ; 22.344 ;
; denom7      ; business12  ; 19.427 ; 19.650 ; 19.581 ; 19.803 ;
; denom7      ; business13  ; 14.294 ; 14.231 ; 14.447 ; 14.537 ;
; denom7      ; business14  ;        ; 10.404 ; 10.723 ;        ;
; denom7      ; business15  ;        ; 11.059 ; 11.317 ;        ;
; denom7      ; remain0     ; 54.701 ; 54.660 ; 54.854 ; 54.813 ;
; denom7      ; remain1     ; 54.399 ; 54.353 ; 54.552 ; 54.506 ;
; denom7      ; remain2     ; 54.794 ; 54.738 ; 54.947 ; 54.891 ;
; denom7      ; remain3     ; 55.080 ; 55.027 ; 55.233 ; 55.180 ;
; denom7      ; remain4     ; 55.113 ; 55.020 ; 55.266 ; 55.173 ;
; denom7      ; remain5     ; 54.683 ; 54.638 ; 54.836 ; 54.791 ;
; denom7      ; remain6     ; 55.108 ; 55.082 ; 55.261 ; 55.235 ;
; denom7      ; remain7     ; 56.098 ; 56.185 ; 56.251 ; 56.338 ;
; numerator0  ; business0   ; 11.685 ;        ;        ; 11.784 ;
; numerator0  ; remain0     ; 10.972 ; 10.951 ; 11.100 ; 11.039 ;
; numerator0  ; remain1     ; 10.666 ; 10.644 ; 10.798 ; 10.737 ;
; numerator0  ; remain2     ; 11.085 ; 11.029 ; 11.185 ; 11.093 ;
; numerator0  ; remain3     ; 11.329 ; 11.267 ; 11.479 ; 11.426 ;
; numerator0  ; remain4     ; 11.259 ; 11.130 ; 11.512 ; 11.419 ;
; numerator0  ; remain5     ; 10.955 ; 10.929 ; 11.082 ; 11.016 ;
; numerator0  ; remain6     ; 11.376 ; 11.373 ; 11.507 ; 11.465 ;
; numerator0  ; remain7     ; 12.366 ; 12.476 ; 12.497 ; 12.568 ;
; numerator1  ; business0   ; 13.973 ; 13.964 ; 14.161 ; 14.113 ;
; numerator1  ; business1   ; 9.975  ;        ;        ; 10.247 ;
; numerator1  ; remain0     ; 13.280 ; 13.239 ; 13.448 ; 13.427 ;
; numerator1  ; remain1     ; 12.978 ; 12.932 ; 13.142 ; 13.120 ;
; numerator1  ; remain2     ; 13.373 ; 13.317 ; 13.561 ; 13.505 ;
; numerator1  ; remain3     ; 13.659 ; 13.606 ; 13.808 ; 13.755 ;
; numerator1  ; remain4     ; 13.692 ; 13.599 ; 13.841 ; 13.748 ;
; numerator1  ; remain5     ; 13.262 ; 13.217 ; 13.431 ; 13.405 ;
; numerator1  ; remain6     ; 13.687 ; 13.661 ; 13.852 ; 13.849 ;
; numerator1  ; remain7     ; 14.677 ; 14.764 ; 14.842 ; 14.952 ;
; numerator2  ; business0   ; 14.447 ; 14.438 ; 14.351 ; 14.303 ;
; numerator2  ; business1   ; 10.449 ; 10.476 ; 10.261 ; 10.437 ;
; numerator2  ; business2   ; 8.236  ;        ;        ; 8.210  ;
; numerator2  ; remain0     ; 13.754 ; 13.713 ; 13.638 ; 13.617 ;
; numerator2  ; remain1     ; 13.452 ; 13.406 ; 13.332 ; 13.310 ;
; numerator2  ; remain2     ; 13.847 ; 13.791 ; 13.751 ; 13.695 ;
; numerator2  ; remain3     ; 14.133 ; 14.080 ; 13.998 ; 13.945 ;
; numerator2  ; remain4     ; 14.166 ; 14.073 ; 14.031 ; 13.938 ;
; numerator2  ; remain5     ; 13.736 ; 13.691 ; 13.621 ; 13.595 ;
; numerator2  ; remain6     ; 14.161 ; 14.135 ; 14.042 ; 14.039 ;
; numerator2  ; remain7     ; 15.151 ; 15.238 ; 15.032 ; 15.142 ;
; numerator3  ; business0   ; 17.294 ; 17.285 ; 17.191 ; 17.182 ;
; numerator3  ; business1   ; 13.296 ; 13.323 ; 13.193 ; 13.220 ;
; numerator3  ; business2   ; 11.083 ; 10.960 ; 10.980 ; 10.817 ;
; numerator3  ; business3   ; 8.189  ;        ;        ; 8.139  ;
; numerator3  ; remain0     ; 16.601 ; 16.560 ; 16.498 ; 16.457 ;
; numerator3  ; remain1     ; 16.299 ; 16.253 ; 16.196 ; 16.150 ;
; numerator3  ; remain2     ; 16.694 ; 16.638 ; 16.591 ; 16.535 ;
; numerator3  ; remain3     ; 16.980 ; 16.927 ; 16.877 ; 16.824 ;
; numerator3  ; remain4     ; 17.013 ; 16.920 ; 16.910 ; 16.817 ;
; numerator3  ; remain5     ; 16.583 ; 16.538 ; 16.480 ; 16.435 ;
; numerator3  ; remain6     ; 17.008 ; 16.982 ; 16.905 ; 16.879 ;
; numerator3  ; remain7     ; 17.998 ; 18.085 ; 17.895 ; 17.982 ;
; numerator4  ; business0   ; 23.116 ; 23.107 ; 23.339 ; 23.330 ;
; numerator4  ; business1   ; 19.118 ; 19.145 ; 19.341 ; 19.368 ;
; numerator4  ; business2   ; 16.905 ; 16.782 ; 17.128 ; 17.005 ;
; numerator4  ; business3   ; 14.011 ; 13.828 ; 14.234 ; 14.060 ;
; numerator4  ; business4   ; 10.716 ;        ;        ; 11.001 ;
; numerator4  ; remain0     ; 22.423 ; 22.382 ; 22.646 ; 22.605 ;
; numerator4  ; remain1     ; 22.121 ; 22.075 ; 22.344 ; 22.298 ;
; numerator4  ; remain2     ; 22.516 ; 22.460 ; 22.739 ; 22.683 ;
; numerator4  ; remain3     ; 22.802 ; 22.749 ; 23.025 ; 22.972 ;
; numerator4  ; remain4     ; 22.835 ; 22.742 ; 23.058 ; 22.965 ;
; numerator4  ; remain5     ; 22.405 ; 22.360 ; 22.628 ; 22.583 ;
; numerator4  ; remain6     ; 22.830 ; 22.804 ; 23.053 ; 23.027 ;
; numerator4  ; remain7     ; 23.820 ; 23.907 ; 24.043 ; 24.130 ;
; numerator5  ; business0   ; 26.176 ; 26.167 ; 26.256 ; 26.247 ;
; numerator5  ; business1   ; 22.178 ; 22.205 ; 22.258 ; 22.285 ;
; numerator5  ; business2   ; 19.965 ; 19.842 ; 20.045 ; 19.922 ;
; numerator5  ; business3   ; 17.071 ; 16.888 ; 17.151 ; 16.968 ;
; numerator5  ; business4   ; 13.776 ; 13.604 ; 13.856 ; 13.789 ;
; numerator5  ; business5   ; 10.295 ;        ;        ; 10.527 ;
; numerator5  ; remain0     ; 25.483 ; 25.442 ; 25.563 ; 25.522 ;
; numerator5  ; remain1     ; 25.181 ; 25.135 ; 25.261 ; 25.215 ;
; numerator5  ; remain2     ; 25.576 ; 25.520 ; 25.656 ; 25.600 ;
; numerator5  ; remain3     ; 25.862 ; 25.809 ; 25.942 ; 25.889 ;
; numerator5  ; remain4     ; 25.895 ; 25.802 ; 25.975 ; 25.882 ;
; numerator5  ; remain5     ; 25.465 ; 25.420 ; 25.545 ; 25.500 ;
; numerator5  ; remain6     ; 25.890 ; 25.864 ; 25.970 ; 25.944 ;
; numerator5  ; remain7     ; 26.880 ; 26.967 ; 26.960 ; 27.047 ;
; numerator6  ; business0   ; 29.828 ; 29.819 ; 29.976 ; 29.967 ;
; numerator6  ; business1   ; 25.830 ; 25.857 ; 25.978 ; 26.005 ;
; numerator6  ; business2   ; 23.617 ; 23.494 ; 23.765 ; 23.642 ;
; numerator6  ; business3   ; 20.723 ; 20.540 ; 20.871 ; 20.688 ;
; numerator6  ; business4   ; 17.428 ; 17.256 ; 17.576 ; 17.404 ;
; numerator6  ; business5   ; 13.947 ; 13.683 ; 14.095 ; 13.967 ;
; numerator6  ; business6   ; 10.165 ;        ;        ; 10.418 ;
; numerator6  ; remain0     ; 29.135 ; 29.094 ; 29.283 ; 29.242 ;
; numerator6  ; remain1     ; 28.833 ; 28.787 ; 28.981 ; 28.935 ;
; numerator6  ; remain2     ; 29.228 ; 29.172 ; 29.376 ; 29.320 ;
; numerator6  ; remain3     ; 29.514 ; 29.461 ; 29.662 ; 29.609 ;
; numerator6  ; remain4     ; 29.547 ; 29.454 ; 29.695 ; 29.602 ;
; numerator6  ; remain5     ; 29.117 ; 29.072 ; 29.265 ; 29.220 ;
; numerator6  ; remain6     ; 29.542 ; 29.516 ; 29.690 ; 29.664 ;
; numerator6  ; remain7     ; 30.532 ; 30.619 ; 30.680 ; 30.767 ;
; numerator7  ; business0   ; 32.895 ; 32.886 ; 33.130 ; 33.121 ;
; numerator7  ; business1   ; 28.897 ; 28.924 ; 29.132 ; 29.159 ;
; numerator7  ; business2   ; 26.684 ; 26.561 ; 26.919 ; 26.796 ;
; numerator7  ; business3   ; 23.790 ; 23.607 ; 24.025 ; 23.842 ;
; numerator7  ; business4   ; 20.495 ; 20.323 ; 20.730 ; 20.558 ;
; numerator7  ; business5   ; 17.014 ; 16.750 ; 17.249 ; 16.985 ;
; numerator7  ; business6   ; 13.232 ; 13.041 ; 13.467 ; 13.236 ;
; numerator7  ; business7   ; 10.077 ;        ;        ; 10.336 ;
; numerator7  ; remain0     ; 32.202 ; 32.161 ; 32.437 ; 32.396 ;
; numerator7  ; remain1     ; 31.900 ; 31.854 ; 32.135 ; 32.089 ;
; numerator7  ; remain2     ; 32.295 ; 32.239 ; 32.530 ; 32.474 ;
; numerator7  ; remain3     ; 32.581 ; 32.528 ; 32.816 ; 32.763 ;
; numerator7  ; remain4     ; 32.614 ; 32.521 ; 32.849 ; 32.756 ;
; numerator7  ; remain5     ; 32.184 ; 32.139 ; 32.419 ; 32.374 ;
; numerator7  ; remain6     ; 32.609 ; 32.583 ; 32.844 ; 32.818 ;
; numerator7  ; remain7     ; 33.599 ; 33.686 ; 33.834 ; 33.921 ;
; numerator8  ; business0   ; 36.216 ; 36.207 ; 36.633 ; 36.624 ;
; numerator8  ; business1   ; 32.218 ; 32.245 ; 32.635 ; 32.662 ;
; numerator8  ; business2   ; 30.005 ; 29.882 ; 30.422 ; 30.299 ;
; numerator8  ; business3   ; 27.111 ; 26.928 ; 27.528 ; 27.345 ;
; numerator8  ; business4   ; 23.816 ; 23.644 ; 24.233 ; 24.061 ;
; numerator8  ; business5   ; 20.335 ; 20.071 ; 20.752 ; 20.488 ;
; numerator8  ; business6   ; 16.553 ; 16.322 ; 16.970 ; 16.740 ;
; numerator8  ; business7   ; 13.319 ; 13.422 ; 13.776 ; 13.839 ;
; numerator8  ; business8   ; 10.461 ;        ;        ; 10.937 ;
; numerator8  ; remain0     ; 35.523 ; 35.482 ; 35.940 ; 35.899 ;
; numerator8  ; remain1     ; 35.221 ; 35.175 ; 35.638 ; 35.592 ;
; numerator8  ; remain2     ; 35.616 ; 35.560 ; 36.033 ; 35.977 ;
; numerator8  ; remain3     ; 35.902 ; 35.849 ; 36.319 ; 36.266 ;
; numerator8  ; remain4     ; 35.935 ; 35.842 ; 36.352 ; 36.259 ;
; numerator8  ; remain5     ; 35.505 ; 35.460 ; 35.922 ; 35.877 ;
; numerator8  ; remain6     ; 35.930 ; 35.904 ; 36.347 ; 36.321 ;
; numerator8  ; remain7     ; 36.920 ; 37.007 ; 37.337 ; 37.424 ;
; numerator9  ; business0   ; 38.695 ; 38.686 ; 38.820 ; 38.811 ;
; numerator9  ; business1   ; 34.697 ; 34.724 ; 34.822 ; 34.849 ;
; numerator9  ; business2   ; 32.484 ; 32.361 ; 32.609 ; 32.486 ;
; numerator9  ; business3   ; 29.590 ; 29.407 ; 29.715 ; 29.532 ;
; numerator9  ; business4   ; 26.295 ; 26.123 ; 26.420 ; 26.248 ;
; numerator9  ; business5   ; 22.814 ; 22.550 ; 22.939 ; 22.675 ;
; numerator9  ; business6   ; 19.032 ; 18.802 ; 19.157 ; 18.927 ;
; numerator9  ; business7   ; 15.838 ; 15.901 ; 15.963 ; 16.026 ;
; numerator9  ; business8   ; 12.913 ; 12.999 ; 12.976 ; 13.124 ;
; numerator9  ; business9   ; 11.414 ;        ;        ; 11.607 ;
; numerator9  ; remain0     ; 38.002 ; 37.961 ; 38.127 ; 38.086 ;
; numerator9  ; remain1     ; 37.700 ; 37.654 ; 37.825 ; 37.779 ;
; numerator9  ; remain2     ; 38.095 ; 38.039 ; 38.220 ; 38.164 ;
; numerator9  ; remain3     ; 38.381 ; 38.328 ; 38.506 ; 38.453 ;
; numerator9  ; remain4     ; 38.414 ; 38.321 ; 38.539 ; 38.446 ;
; numerator9  ; remain5     ; 37.984 ; 37.939 ; 38.109 ; 38.064 ;
; numerator9  ; remain6     ; 38.409 ; 38.383 ; 38.534 ; 38.508 ;
; numerator9  ; remain7     ; 39.399 ; 39.486 ; 39.524 ; 39.611 ;
; numerator10 ; business0   ; 41.809 ; 41.800 ; 42.146 ; 42.137 ;
; numerator10 ; business1   ; 37.811 ; 37.838 ; 38.148 ; 38.175 ;
; numerator10 ; business2   ; 35.598 ; 35.475 ; 35.935 ; 35.812 ;
; numerator10 ; business3   ; 32.704 ; 32.521 ; 33.041 ; 32.858 ;
; numerator10 ; business4   ; 29.409 ; 29.237 ; 29.746 ; 29.574 ;
; numerator10 ; business5   ; 25.928 ; 25.664 ; 26.265 ; 26.001 ;
; numerator10 ; business6   ; 22.146 ; 21.916 ; 22.483 ; 22.253 ;
; numerator10 ; business7   ; 18.952 ; 19.015 ; 19.289 ; 19.352 ;
; numerator10 ; business8   ; 16.027 ; 16.113 ; 16.364 ; 16.450 ;
; numerator10 ; business9   ; 14.528 ; 14.517 ; 14.865 ; 14.878 ;
; numerator10 ; business10  ; 11.177 ;        ;        ; 11.654 ;
; numerator10 ; remain0     ; 41.116 ; 41.075 ; 41.453 ; 41.412 ;
; numerator10 ; remain1     ; 40.814 ; 40.768 ; 41.151 ; 41.105 ;
; numerator10 ; remain2     ; 41.209 ; 41.153 ; 41.546 ; 41.490 ;
; numerator10 ; remain3     ; 41.495 ; 41.442 ; 41.832 ; 41.779 ;
; numerator10 ; remain4     ; 41.528 ; 41.435 ; 41.865 ; 41.772 ;
; numerator10 ; remain5     ; 41.098 ; 41.053 ; 41.435 ; 41.390 ;
; numerator10 ; remain6     ; 41.523 ; 41.497 ; 41.860 ; 41.834 ;
; numerator10 ; remain7     ; 42.513 ; 42.600 ; 42.850 ; 42.937 ;
; numerator11 ; business0   ; 45.413 ; 45.404 ; 45.507 ; 45.498 ;
; numerator11 ; business1   ; 41.415 ; 41.442 ; 41.509 ; 41.536 ;
; numerator11 ; business2   ; 39.202 ; 39.079 ; 39.296 ; 39.173 ;
; numerator11 ; business3   ; 36.308 ; 36.125 ; 36.402 ; 36.219 ;
; numerator11 ; business4   ; 33.013 ; 32.841 ; 33.107 ; 32.935 ;
; numerator11 ; business5   ; 29.532 ; 29.268 ; 29.626 ; 29.362 ;
; numerator11 ; business6   ; 25.750 ; 25.520 ; 25.844 ; 25.614 ;
; numerator11 ; business7   ; 22.556 ; 22.619 ; 22.650 ; 22.713 ;
; numerator11 ; business8   ; 19.631 ; 19.717 ; 19.725 ; 19.811 ;
; numerator11 ; business9   ; 18.132 ; 18.121 ; 18.226 ; 18.215 ;
; numerator11 ; business10  ; 14.781 ; 14.847 ; 14.875 ; 14.910 ;
; numerator11 ; business11  ; 12.284 ;        ;        ; 12.367 ;
; numerator11 ; remain0     ; 44.720 ; 44.679 ; 44.814 ; 44.773 ;
; numerator11 ; remain1     ; 44.418 ; 44.372 ; 44.512 ; 44.466 ;
; numerator11 ; remain2     ; 44.813 ; 44.757 ; 44.907 ; 44.851 ;
; numerator11 ; remain3     ; 45.099 ; 45.046 ; 45.193 ; 45.140 ;
; numerator11 ; remain4     ; 45.132 ; 45.039 ; 45.226 ; 45.133 ;
; numerator11 ; remain5     ; 44.702 ; 44.657 ; 44.796 ; 44.751 ;
; numerator11 ; remain6     ; 45.127 ; 45.101 ; 45.221 ; 45.195 ;
; numerator11 ; remain7     ; 46.117 ; 46.204 ; 46.211 ; 46.298 ;
; numerator12 ; business0   ; 45.484 ; 45.475 ; 45.568 ; 45.559 ;
; numerator12 ; business1   ; 41.486 ; 41.513 ; 41.570 ; 41.597 ;
; numerator12 ; business2   ; 39.273 ; 39.150 ; 39.357 ; 39.234 ;
; numerator12 ; business3   ; 36.379 ; 36.196 ; 36.463 ; 36.280 ;
; numerator12 ; business4   ; 33.084 ; 32.912 ; 33.168 ; 32.996 ;
; numerator12 ; business5   ; 29.603 ; 29.339 ; 29.687 ; 29.423 ;
; numerator12 ; business6   ; 25.821 ; 25.591 ; 25.905 ; 25.675 ;
; numerator12 ; business7   ; 22.627 ; 22.690 ; 22.711 ; 22.774 ;
; numerator12 ; business8   ; 19.702 ; 19.788 ; 19.786 ; 19.872 ;
; numerator12 ; business9   ; 18.203 ; 18.192 ; 18.287 ; 18.276 ;
; numerator12 ; business10  ; 14.852 ; 14.918 ; 14.936 ; 15.002 ;
; numerator12 ; business11  ; 12.355 ; 12.317 ; 12.439 ; 12.365 ;
; numerator12 ; business12  ; 9.776  ;        ;        ; 9.824  ;
; numerator12 ; remain0     ; 44.791 ; 44.750 ; 44.875 ; 44.834 ;
; numerator12 ; remain1     ; 44.489 ; 44.443 ; 44.573 ; 44.527 ;
; numerator12 ; remain2     ; 44.884 ; 44.828 ; 44.968 ; 44.912 ;
; numerator12 ; remain3     ; 45.170 ; 45.117 ; 45.254 ; 45.201 ;
; numerator12 ; remain4     ; 45.203 ; 45.110 ; 45.287 ; 45.194 ;
; numerator12 ; remain5     ; 44.773 ; 44.728 ; 44.857 ; 44.812 ;
; numerator12 ; remain6     ; 45.198 ; 45.172 ; 45.282 ; 45.256 ;
; numerator12 ; remain7     ; 46.188 ; 46.275 ; 46.272 ; 46.359 ;
; numerator13 ; business0   ; 49.429 ; 49.420 ; 49.254 ; 49.245 ;
; numerator13 ; business1   ; 45.431 ; 45.458 ; 45.256 ; 45.283 ;
; numerator13 ; business2   ; 43.218 ; 43.095 ; 43.043 ; 42.920 ;
; numerator13 ; business3   ; 40.324 ; 40.141 ; 40.149 ; 39.966 ;
; numerator13 ; business4   ; 37.029 ; 36.857 ; 36.854 ; 36.682 ;
; numerator13 ; business5   ; 33.548 ; 33.284 ; 33.373 ; 33.109 ;
; numerator13 ; business6   ; 29.766 ; 29.536 ; 29.591 ; 29.361 ;
; numerator13 ; business7   ; 26.572 ; 26.635 ; 26.397 ; 26.460 ;
; numerator13 ; business8   ; 23.647 ; 23.733 ; 23.472 ; 23.558 ;
; numerator13 ; business9   ; 22.148 ; 22.137 ; 21.973 ; 21.962 ;
; numerator13 ; business10  ; 18.797 ; 18.863 ; 18.622 ; 18.688 ;
; numerator13 ; business11  ; 16.300 ; 16.226 ; 16.125 ; 16.051 ;
; numerator13 ; business12  ; 13.462 ; 13.685 ; 13.317 ; 13.510 ;
; numerator13 ; business13  ; 8.329  ;        ;        ; 8.273  ;
; numerator13 ; remain0     ; 48.736 ; 48.695 ; 48.561 ; 48.520 ;
; numerator13 ; remain1     ; 48.434 ; 48.388 ; 48.259 ; 48.213 ;
; numerator13 ; remain2     ; 48.829 ; 48.773 ; 48.654 ; 48.598 ;
; numerator13 ; remain3     ; 49.115 ; 49.062 ; 48.940 ; 48.887 ;
; numerator13 ; remain4     ; 49.148 ; 49.055 ; 48.973 ; 48.880 ;
; numerator13 ; remain5     ; 48.718 ; 48.673 ; 48.543 ; 48.498 ;
; numerator13 ; remain6     ; 49.143 ; 49.117 ; 48.968 ; 48.942 ;
; numerator13 ; remain7     ; 50.133 ; 50.220 ; 49.958 ; 50.045 ;
; numerator14 ; business0   ; 54.008 ; 53.999 ; 54.432 ; 54.423 ;
; numerator14 ; business1   ; 50.010 ; 50.037 ; 50.434 ; 50.461 ;
; numerator14 ; business2   ; 47.797 ; 47.674 ; 48.221 ; 48.098 ;
; numerator14 ; business3   ; 44.903 ; 44.720 ; 45.327 ; 45.144 ;
; numerator14 ; business4   ; 41.608 ; 41.436 ; 42.032 ; 41.860 ;
; numerator14 ; business5   ; 38.127 ; 37.863 ; 38.551 ; 38.287 ;
; numerator14 ; business6   ; 34.345 ; 34.115 ; 34.769 ; 34.539 ;
; numerator14 ; business7   ; 31.151 ; 31.214 ; 31.575 ; 31.638 ;
; numerator14 ; business8   ; 28.226 ; 28.312 ; 28.650 ; 28.736 ;
; numerator14 ; business9   ; 26.727 ; 26.716 ; 27.151 ; 27.140 ;
; numerator14 ; business10  ; 23.376 ; 23.442 ; 23.800 ; 23.866 ;
; numerator14 ; business11  ; 20.879 ; 20.805 ; 21.303 ; 21.229 ;
; numerator14 ; business12  ; 18.058 ; 18.264 ; 18.465 ; 18.688 ;
; numerator14 ; business13  ; 12.908 ; 13.014 ; 13.332 ; 13.410 ;
; numerator14 ; business14  ; 9.741  ;        ;        ; 10.218 ;
; numerator14 ; remain0     ; 53.315 ; 53.274 ; 53.739 ; 53.698 ;
; numerator14 ; remain1     ; 53.013 ; 52.967 ; 53.437 ; 53.391 ;
; numerator14 ; remain2     ; 53.408 ; 53.352 ; 53.832 ; 53.776 ;
; numerator14 ; remain3     ; 53.694 ; 53.641 ; 54.118 ; 54.065 ;
; numerator14 ; remain4     ; 53.727 ; 53.634 ; 54.151 ; 54.058 ;
; numerator14 ; remain5     ; 53.297 ; 53.252 ; 53.721 ; 53.676 ;
; numerator14 ; remain6     ; 53.722 ; 53.696 ; 54.146 ; 54.120 ;
; numerator14 ; remain7     ; 54.712 ; 54.799 ; 55.136 ; 55.223 ;
; numerator15 ; business0   ; 53.628 ; 53.619 ; 54.004 ; 53.995 ;
; numerator15 ; business1   ; 49.630 ; 49.657 ; 50.006 ; 50.033 ;
; numerator15 ; business2   ; 47.417 ; 47.294 ; 47.793 ; 47.670 ;
; numerator15 ; business3   ; 44.523 ; 44.340 ; 44.899 ; 44.716 ;
; numerator15 ; business4   ; 41.228 ; 41.056 ; 41.604 ; 41.432 ;
; numerator15 ; business5   ; 37.747 ; 37.483 ; 38.123 ; 37.859 ;
; numerator15 ; business6   ; 33.965 ; 33.735 ; 34.341 ; 34.111 ;
; numerator15 ; business7   ; 30.771 ; 30.834 ; 31.147 ; 31.210 ;
; numerator15 ; business8   ; 27.846 ; 27.932 ; 28.222 ; 28.308 ;
; numerator15 ; business9   ; 26.347 ; 26.336 ; 26.723 ; 26.712 ;
; numerator15 ; business10  ; 22.996 ; 23.062 ; 23.372 ; 23.438 ;
; numerator15 ; business11  ; 20.499 ; 20.425 ; 20.875 ; 20.801 ;
; numerator15 ; business12  ; 17.678 ; 17.884 ; 18.065 ; 18.260 ;
; numerator15 ; business13  ; 12.528 ; 12.634 ; 12.904 ; 13.021 ;
; numerator15 ; business14  ; 9.361  ;        ;        ; 9.829  ;
; numerator15 ; business15  ; 8.682  ;        ;        ; 9.208  ;
; numerator15 ; remain0     ; 52.935 ; 52.894 ; 53.311 ; 53.270 ;
; numerator15 ; remain1     ; 52.633 ; 52.587 ; 53.009 ; 52.963 ;
; numerator15 ; remain2     ; 53.028 ; 52.972 ; 53.404 ; 53.348 ;
; numerator15 ; remain3     ; 53.314 ; 53.261 ; 53.690 ; 53.637 ;
; numerator15 ; remain4     ; 53.347 ; 53.254 ; 53.723 ; 53.630 ;
; numerator15 ; remain5     ; 52.917 ; 52.872 ; 53.293 ; 53.248 ;
; numerator15 ; remain6     ; 53.342 ; 53.316 ; 53.718 ; 53.692 ;
; numerator15 ; remain7     ; 54.332 ; 54.419 ; 54.708 ; 54.795 ;
+-------------+-------------+--------+--------+--------+--------+


+---------------------------------------------------------------+
; Minimum Propagation Delay                                     ;
+-------------+-------------+--------+--------+--------+--------+
; Input Port  ; Output Port ; RR     ; RF     ; FR     ; FF     ;
+-------------+-------------+--------+--------+--------+--------+
; denom0      ; business0   ; 12.356 ; 11.237 ; 11.718 ; 12.705 ;
; denom0      ; business1   ; 11.327 ; 9.718  ; 10.126 ; 11.759 ;
; denom0      ; business2   ; 11.392 ; 10.174 ; 10.563 ; 11.841 ;
; denom0      ; business3   ; 11.389 ; 10.345 ; 10.713 ; 11.834 ;
; denom0      ; business4   ; 11.611 ; 9.796  ; 10.202 ; 11.993 ;
; denom0      ; business5   ; 11.139 ; 9.804  ; 10.218 ; 11.623 ;
; denom0      ; business6   ; 11.393 ; 9.560  ; 9.989  ; 11.800 ;
; denom0      ; business7   ; 11.259 ; 9.894  ; 10.319 ; 11.643 ;
; denom0      ; business8   ; 11.724 ; 10.064 ; 10.331 ; 12.176 ;
; denom0      ; business9   ; 12.672 ; 11.280 ; 11.642 ; 13.010 ;
; denom0      ; business10  ; 11.903 ; 10.860 ; 11.098 ; 12.432 ;
; denom0      ; business11  ; 13.633 ; 11.344 ; 11.895 ; 13.839 ;
; denom0      ; business12  ; 13.164 ; 12.254 ; 12.662 ; 13.553 ;
; denom0      ; business13  ; 11.494 ; 10.846 ; 11.235 ; 11.883 ;
; denom0      ; business14  ;        ; 9.307  ; 9.645  ;        ;
; denom0      ; business15  ;        ; 8.540  ; 8.850  ;        ;
; denom0      ; remain0     ; 9.711  ; 9.718  ; 10.100 ; 10.041 ;
; denom0      ; remain1     ; 9.516  ; 9.494  ; 9.941  ; 9.884  ;
; denom0      ; remain2     ; 9.986  ; 9.924  ; 10.277 ; 10.250 ;
; denom0      ; remain3     ; 10.540 ; 10.520 ; 10.875 ; 10.890 ;
; denom0      ; remain4     ; 10.709 ; 10.661 ; 11.124 ; 11.051 ;
; denom0      ; remain5     ; 10.270 ; 10.278 ; 10.687 ; 10.654 ;
; denom0      ; remain6     ; 10.597 ; 10.559 ; 10.888 ; 10.885 ;
; denom0      ; remain7     ; 11.597 ; 11.708 ; 12.022 ; 12.098 ;
; denom1      ; business0   ; 12.464 ; 11.552 ; 12.058 ; 12.771 ;
; denom1      ; business1   ; 10.850 ; 10.037 ; 10.471 ; 11.330 ;
; denom1      ; business2   ; 11.893 ; 9.886  ; 10.318 ; 12.341 ;
; denom1      ; business3   ; 11.405 ; 11.078 ; 11.487 ; 11.856 ;
; denom1      ; business4   ; 11.711 ; 9.756  ; 10.208 ; 12.243 ;
; denom1      ; business5   ; 11.430 ; 9.827  ; 10.306 ; 11.920 ;
; denom1      ; business6   ; 11.885 ; 9.851  ; 10.286 ; 12.276 ;
; denom1      ; business7   ; 11.334 ; 10.386 ; 10.795 ; 11.780 ;
; denom1      ; business8   ; 11.868 ; 10.139 ; 10.445 ; 12.429 ;
; denom1      ; business9   ; 12.735 ; 11.381 ; 11.806 ; 13.148 ;
; denom1      ; business10  ; 12.923 ; 11.017 ; 11.313 ; 13.473 ;
; denom1      ; business11  ; 14.443 ; 12.251 ; 12.810 ; 14.691 ;
; denom1      ; business12  ; 13.853 ; 12.959 ; 13.402 ; 14.271 ;
; denom1      ; business13  ; 12.137 ; 11.547 ; 11.975 ; 12.616 ;
; denom1      ; business14  ;        ; 9.611  ; 10.007 ;        ;
; denom1      ; business15  ;        ; 8.752  ; 9.091  ;        ;
; denom1      ; remain0     ; 10.838 ; 10.779 ; 11.312 ; 11.291 ;
; denom1      ; remain1     ; 9.620  ; 9.595  ; 9.996  ; 9.925  ;
; denom1      ; remain2     ; 10.301 ; 10.239 ; 10.617 ; 10.590 ;
; denom1      ; remain3     ; 10.859 ; 10.839 ; 11.220 ; 11.235 ;
; denom1      ; remain4     ; 11.028 ; 10.980 ; 11.464 ; 11.391 ;
; denom1      ; remain5     ; 10.585 ; 10.593 ; 11.032 ; 10.999 ;
; denom1      ; remain6     ; 10.912 ; 10.874 ; 11.228 ; 11.225 ;
; denom1      ; remain7     ; 11.912 ; 12.023 ; 12.362 ; 12.438 ;
; denom2      ; business0   ; 12.303 ; 10.857 ; 11.368 ; 12.571 ;
; denom2      ; business1   ; 10.921 ; 9.622  ; 10.004 ; 11.371 ;
; denom2      ; business2   ; 11.055 ; 9.810  ; 10.173 ; 11.429 ;
; denom2      ; business3   ; 11.223 ; 10.179 ; 10.511 ; 11.602 ;
; denom2      ; business4   ; 11.302 ; 9.578  ; 9.960  ; 11.841 ;
; denom2      ; business5   ; 11.219 ; 9.418  ; 9.868  ; 11.605 ;
; denom2      ; business6   ; 10.575 ; 9.640  ; 10.038 ; 10.983 ;
; denom2      ; business7   ; 10.828 ; 9.401  ; 9.800  ; 11.276 ;
; denom2      ; business8   ; 11.316 ; 9.633  ; 9.941  ; 11.867 ;
; denom2      ; business9   ; 11.972 ; 11.238 ; 11.627 ; 12.382 ;
; denom2      ; business10  ; 11.683 ; 10.271 ; 10.560 ; 12.248 ;
; denom2      ; business11  ; 13.154 ; 11.181 ; 11.743 ; 13.459 ;
; denom2      ; business12  ; 12.776 ; 11.886 ; 12.320 ; 13.208 ;
; denom2      ; business13  ; 11.546 ; 10.477 ; 10.895 ; 11.903 ;
; denom2      ; business14  ;        ; 8.219  ; 8.515  ;        ;
; denom2      ; business15  ;        ; 8.760  ; 9.024  ;        ;
; denom2      ; remain0     ; 10.143 ; 10.084 ; 10.622 ; 10.601 ;
; denom2      ; remain1     ; 9.857  ; 9.797  ; 10.333 ; 10.310 ;
; denom2      ; remain2     ; 9.280  ; 9.241  ; 9.692  ; 9.622  ;
; denom2      ; remain3     ; 10.119 ; 10.126 ; 10.498 ; 10.470 ;
; denom2      ; remain4     ; 10.447 ; 10.331 ; 10.774 ; 10.701 ;
; denom2      ; remain5     ; 9.890  ; 9.898  ; 10.345 ; 10.318 ;
; denom2      ; remain6     ; 10.217 ; 10.179 ; 10.538 ; 10.535 ;
; denom2      ; remain7     ; 11.217 ; 11.328 ; 11.672 ; 11.748 ;
; denom3      ; business0   ; 12.486 ; 11.125 ; 11.633 ; 12.810 ;
; denom3      ; business1   ; 10.937 ; 9.805  ; 10.180 ; 11.349 ;
; denom3      ; business2   ; 11.652 ; 9.955  ; 10.316 ; 12.068 ;
; denom3      ; business3   ; 11.164 ; 10.766 ; 11.159 ; 11.583 ;
; denom3      ; business4   ; 11.659 ; 9.515  ; 9.935  ; 12.111 ;
; denom3      ; business5   ; 11.288 ; 9.986  ; 10.437 ; 11.680 ;
; denom3      ; business6   ; 11.284 ; 9.858  ; 10.264 ; 11.671 ;
; denom3      ; business7   ; 10.919 ; 9.941  ; 10.351 ; 11.396 ;
; denom3      ; business8   ; 11.805 ; 9.835  ; 10.162 ; 12.375 ;
; denom3      ; business9   ; 12.379 ; 11.105 ; 11.522 ; 12.790 ;
; denom3      ; business10  ; 11.592 ; 10.723 ; 11.007 ; 12.149 ;
; denom3      ; business11  ; 13.747 ; 11.092 ; 11.651 ; 14.046 ;
; denom3      ; business12  ; 13.774 ; 12.343 ; 12.748 ; 14.133 ;
; denom3      ; business13  ; 12.807 ; 9.347  ; 9.594  ; 13.115 ;
; denom3      ; business14  ;        ; 9.461  ; 9.733  ;        ;
; denom3      ; business15  ;        ; 10.021 ; 10.236 ;        ;
; denom3      ; remain0     ; 10.411 ; 10.352 ; 10.887 ; 10.866 ;
; denom3      ; remain1     ; 10.125 ; 10.065 ; 10.598 ; 10.575 ;
; denom3      ; remain2     ; 10.432 ; 10.359 ; 10.955 ; 10.872 ;
; denom3      ; remain3     ; 10.266 ; 10.254 ; 10.644 ; 10.586 ;
; denom3      ; remain4     ; 10.585 ; 10.534 ; 10.947 ; 10.850 ;
; denom3      ; remain5     ; 10.158 ; 10.166 ; 10.610 ; 10.583 ;
; denom3      ; remain6     ; 10.485 ; 10.447 ; 10.803 ; 10.800 ;
; denom3      ; remain7     ; 11.485 ; 11.596 ; 11.937 ; 12.013 ;
; denom4      ; business0   ; 12.481 ; 11.300 ; 11.799 ; 12.740 ;
; denom4      ; business1   ; 11.479 ; 10.016 ; 10.399 ; 11.950 ;
; denom4      ; business2   ; 11.274 ; 10.259 ; 10.646 ; 11.657 ;
; denom4      ; business3   ; 11.376 ; 10.400 ; 10.762 ; 11.814 ;
; denom4      ; business4   ; 11.051 ; 9.773  ; 10.200 ; 11.505 ;
; denom4      ; business5   ; 10.633 ; 9.323  ; 9.767  ; 11.047 ;
; denom4      ; business6   ; 11.760 ; 9.260  ; 9.660  ; 12.189 ;
; denom4      ; business7   ; 10.698 ; 10.288 ; 10.698 ; 11.136 ;
; denom4      ; business8   ; 10.883 ; 9.503  ; 9.801  ; 11.388 ;
; denom4      ; business9   ; 11.700 ; 10.416 ; 10.813 ; 12.112 ;
; denom4      ; business10  ; 11.631 ; 10.143 ; 10.425 ; 12.166 ;
; denom4      ; business11  ; 13.534 ; 11.050 ; 11.601 ; 13.812 ;
; denom4      ; business12  ; 14.216 ; 11.135 ; 11.577 ; 14.649 ;
; denom4      ; business13  ; 12.994 ; 9.789  ; 10.110 ; 13.345 ;
; denom4      ; business14  ;        ; 9.632  ; 9.963  ;        ;
; denom4      ; business15  ;        ; 10.208 ; 10.466 ;        ;
; denom4      ; remain0     ; 10.586 ; 10.527 ; 11.053 ; 11.032 ;
; denom4      ; remain1     ; 10.300 ; 10.240 ; 10.764 ; 10.741 ;
; denom4      ; remain2     ; 10.607 ; 10.534 ; 11.121 ; 11.038 ;
; denom4      ; remain3     ; 10.953 ; 10.901 ; 11.399 ; 11.338 ;
; denom4      ; remain4     ; 10.571 ; 10.490 ; 10.950 ; 10.834 ;
; denom4      ; remain5     ; 10.325 ; 10.284 ; 10.705 ; 10.629 ;
; denom4      ; remain6     ; 10.660 ; 10.622 ; 10.969 ; 10.966 ;
; denom4      ; remain7     ; 11.660 ; 11.771 ; 12.103 ; 12.179 ;
; denom5      ; business0   ; 11.780 ; 10.629 ; 11.194 ; 12.107 ;
; denom5      ; business1   ; 10.554 ; 9.310  ; 9.759  ; 11.018 ;
; denom5      ; business2   ; 10.971 ; 9.472  ; 9.885  ; 11.548 ;
; denom5      ; business3   ; 10.945 ; 9.677  ; 10.132 ; 11.422 ;
; denom5      ; business4   ; 10.969 ; 9.352  ; 9.827  ; 11.437 ;
; denom5      ; business5   ; 10.525 ; 9.160  ; 9.668  ; 10.978 ;
; denom5      ; business6   ; 11.092 ; 9.117  ; 9.601  ; 11.627 ;
; denom5      ; business7   ; 10.330 ; 9.411  ; 9.873  ; 10.854 ;
; denom5      ; business8   ; 10.828 ; 9.346  ; 9.730  ; 11.449 ;
; denom5      ; business9   ; 11.691 ; 10.345 ; 10.844 ; 12.180 ;
; denom5      ; business10  ; 11.343 ; 10.007 ; 10.362 ; 11.907 ;
; denom5      ; business11  ; 13.842 ; 9.789  ; 10.253 ; 14.156 ;
; denom5      ; business12  ; 14.524 ; 11.443 ; 11.921 ; 14.993 ;
; denom5      ; business13  ; 13.302 ; 10.097 ; 10.454 ; 13.689 ;
; denom5      ; business14  ;        ; 9.940  ; 10.307 ;        ;
; denom5      ; business15  ;        ; 10.516 ; 10.810 ;        ;
; denom5      ; remain0     ; 9.915  ; 9.856  ; 10.448 ; 10.427 ;
; denom5      ; remain1     ; 9.629  ; 9.569  ; 10.159 ; 10.136 ;
; denom5      ; remain2     ; 9.936  ; 9.863  ; 10.516 ; 10.433 ;
; denom5      ; remain3     ; 10.282 ; 10.230 ; 10.794 ; 10.733 ;
; denom5      ; remain4     ; 10.219 ; 10.103 ; 10.727 ; 10.602 ;
; denom5      ; remain5     ; 9.451  ; 9.456  ; 9.886  ; 9.845  ;
; denom5      ; remain6     ; 9.989  ; 9.951  ; 10.364 ; 10.361 ;
; denom5      ; remain7     ; 10.989 ; 11.100 ; 11.498 ; 11.574 ;
; denom6      ; business0   ; 12.843 ; 11.695 ; 12.285 ; 13.186 ;
; denom6      ; business1   ; 11.790 ; 10.373 ; 10.854 ; 12.348 ;
; denom6      ; business2   ; 11.470 ; 10.570 ; 11.040 ; 11.975 ;
; denom6      ; business3   ; 11.061 ; 10.372 ; 10.837 ; 11.627 ;
; denom6      ; business4   ; 11.732 ; 9.738  ; 10.257 ; 12.229 ;
; denom6      ; business5   ; 11.121 ; 9.799  ; 10.284 ; 11.693 ;
; denom6      ; business6   ; 11.489 ; 9.542  ; 10.059 ; 12.038 ;
; denom6      ; business7   ; 10.754 ; 9.808  ; 10.284 ; 11.292 ;
; denom6      ; business8   ; 11.394 ; 9.717  ; 10.107 ; 12.014 ;
; denom6      ; business9   ; 11.759 ; 10.974 ; 11.451 ; 12.272 ;
; denom6      ; business10  ; 12.369 ; 9.383  ; 9.763  ; 12.989 ;
; denom6      ; business11  ; 14.249 ; 10.815 ; 11.335 ; 14.590 ;
; denom6      ; business12  ; 14.931 ; 11.850 ; 12.355 ; 15.427 ;
; denom6      ; business13  ; 13.709 ; 10.504 ; 10.888 ; 14.123 ;
; denom6      ; business14  ;        ; 10.347 ; 10.741 ;        ;
; denom6      ; business15  ;        ; 10.923 ; 11.244 ;        ;
; denom6      ; remain0     ; 10.981 ; 10.922 ; 11.539 ; 11.518 ;
; denom6      ; remain1     ; 10.695 ; 10.635 ; 11.250 ; 11.227 ;
; denom6      ; remain2     ; 11.002 ; 10.929 ; 11.607 ; 11.524 ;
; denom6      ; remain3     ; 11.348 ; 11.296 ; 11.885 ; 11.824 ;
; denom6      ; remain4     ; 11.285 ; 11.169 ; 11.818 ; 11.693 ;
; denom6      ; remain5     ; 10.963 ; 10.898 ; 11.523 ; 11.496 ;
; denom6      ; remain6     ; 10.730 ; 10.719 ; 11.200 ; 11.154 ;
; denom6      ; remain7     ; 12.055 ; 12.166 ; 12.589 ; 12.665 ;
; denom7      ; business0   ; 12.362 ; 10.755 ; 11.294 ; 12.683 ;
; denom7      ; business1   ; 10.741 ; 9.219  ; 9.661  ; 11.196 ;
; denom7      ; business2   ; 10.917 ; 9.675  ; 10.092 ; 11.414 ;
; denom7      ; business3   ; 11.104 ; 9.834  ; 10.265 ; 11.572 ;
; denom7      ; business4   ; 11.656 ; 9.560  ; 9.985  ; 12.039 ;
; denom7      ; business5   ; 10.425 ; 9.562  ; 9.998  ; 10.828 ;
; denom7      ; business6   ; 10.531 ; 8.992  ; 9.418  ; 10.941 ;
; denom7      ; business7   ; 10.470 ; 9.061  ; 9.486  ; 10.864 ;
; denom7      ; business8   ; 10.010 ; 9.495  ; 9.790  ; 10.489 ;
; denom7      ; business9   ; 11.761 ; 9.408  ; 9.751  ; 12.167 ;
; denom7      ; business10  ; 11.855 ; 9.385  ; 9.658  ; 12.406 ;
; denom7      ; business11  ; 13.945 ; 10.301 ; 10.752 ; 14.203 ;
; denom7      ; business12  ; 14.627 ; 11.546 ; 11.968 ; 15.040 ;
; denom7      ; business13  ; 13.405 ; 10.200 ; 10.501 ; 13.736 ;
; denom7      ; business14  ;        ; 10.043 ; 10.354 ;        ;
; denom7      ; business15  ;        ; 10.619 ; 10.857 ;        ;
; denom7      ; remain0     ; 10.041 ; 9.982  ; 10.548 ; 10.527 ;
; denom7      ; remain1     ; 9.755  ; 9.695  ; 10.259 ; 10.236 ;
; denom7      ; remain2     ; 10.062 ; 9.989  ; 10.616 ; 10.533 ;
; denom7      ; remain3     ; 10.408 ; 10.356 ; 10.894 ; 10.833 ;
; denom7      ; remain4     ; 10.345 ; 10.229 ; 10.827 ; 10.702 ;
; denom7      ; remain5     ; 10.023 ; 9.958  ; 10.532 ; 10.505 ;
; denom7      ; remain6     ; 10.436 ; 10.396 ; 10.940 ; 10.937 ;
; denom7      ; remain7     ; 10.898 ; 11.007 ; 11.315 ; 11.377 ;
; numerator0  ; business0   ; 11.025 ;        ;        ; 11.299 ;
; numerator0  ; remain0     ; 8.592  ; 9.428  ; 9.835  ; 8.914  ;
; numerator0  ; remain1     ; 9.248  ; 9.191  ; 9.578  ; 9.556  ;
; numerator0  ; remain2     ; 9.584  ; 9.557  ; 10.048 ; 9.986  ;
; numerator0  ; remain3     ; 10.321 ; 10.277 ; 10.651 ; 10.642 ;
; numerator0  ; remain4     ; 10.431 ; 10.358 ; 10.889 ; 10.773 ;
; numerator0  ; remain5     ; 10.002 ; 9.975  ; 10.332 ; 10.340 ;
; numerator0  ; remain6     ; 10.195 ; 10.192 ; 10.659 ; 10.621 ;
; numerator0  ; remain7     ; 11.329 ; 11.405 ; 11.659 ; 11.770 ;
; numerator1  ; business0   ; 11.205 ; 11.916 ; 12.402 ; 11.520 ;
; numerator1  ; business1   ; 9.317  ;        ;        ; 9.764  ;
; numerator1  ; remain0     ; 10.459 ; 10.438 ; 10.806 ; 10.747 ;
; numerator1  ; remain1     ; 8.743  ; 9.076  ; 9.544  ; 9.116  ;
; numerator1  ; remain2     ; 9.764  ; 9.737  ; 10.267 ; 10.207 ;
; numerator1  ; remain3     ; 10.066 ; 10.081 ; 10.586 ; 10.566 ;
; numerator1  ; remain4     ; 10.369 ; 10.286 ; 10.755 ; 10.707 ;
; numerator1  ; remain5     ; 9.878  ; 9.845  ; 10.398 ; 10.330 ;
; numerator1  ; remain6     ; 10.375 ; 10.372 ; 10.880 ; 10.842 ;
; numerator1  ; remain7     ; 11.509 ; 11.585 ; 11.880 ; 11.991 ;
; numerator2  ; business0   ; 10.199 ; 10.479 ; 10.688 ; 10.223 ;
; numerator2  ; business1   ; 8.175  ; 8.938  ; 8.997  ; 8.305  ;
; numerator2  ; business2   ; 7.662  ;        ;        ; 7.822  ;
; numerator2  ; remain0     ; 9.453  ; 9.432  ; 9.509  ; 9.450  ;
; numerator2  ; remain1     ; 9.164  ; 9.141  ; 9.223  ; 9.163  ;
; numerator2  ; remain2     ; 8.064  ; 8.382  ; 8.553  ; 8.126  ;
; numerator2  ; remain3     ; 8.924  ; 8.939  ; 9.127  ; 9.107  ;
; numerator2  ; remain4     ; 9.063  ; 9.067  ; 9.279  ; 9.248  ;
; numerator2  ; remain5     ; 8.736  ; 8.703  ; 8.939  ; 8.871  ;
; numerator2  ; remain6     ; 9.369  ; 9.366  ; 9.583  ; 9.545  ;
; numerator2  ; remain7     ; 10.503 ; 10.579 ; 10.583 ; 10.694 ;
; numerator3  ; business0   ; 11.003 ; 11.189 ; 11.429 ; 11.001 ;
; numerator3  ; business1   ; 8.600  ; 9.171  ; 9.223  ; 8.748  ;
; numerator3  ; business2   ; 8.163  ; 8.780  ; 8.810  ; 8.303  ;
; numerator3  ; business3   ; 7.614  ;        ;        ; 7.763  ;
; numerator3  ; remain0     ; 10.257 ; 10.236 ; 10.287 ; 10.228 ;
; numerator3  ; remain1     ; 9.714  ; 9.704  ; 9.780  ; 9.732  ;
; numerator3  ; remain2     ; 9.938  ; 9.882  ; 9.990  ; 9.932  ;
; numerator3  ; remain3     ; 8.789  ; 9.142  ; 9.286  ; 8.900  ;
; numerator3  ; remain4     ; 9.226  ; 9.179  ; 9.289  ; 9.277  ;
; numerator3  ; remain5     ; 9.161  ; 9.128  ; 9.382  ; 9.314  ;
; numerator3  ; remain6     ; 9.950  ; 9.921  ; 10.037 ; 10.043 ;
; numerator3  ; remain7     ; 10.881 ; 11.018 ; 11.078 ; 11.180 ;
; numerator4  ; business0   ; 14.200 ; 14.417 ; 14.996 ; 14.626 ;
; numerator4  ; business1   ; 11.995 ; 12.397 ; 12.820 ; 12.499 ;
; numerator4  ; business2   ; 11.536 ; 11.949 ; 12.361 ; 12.029 ;
; numerator4  ; business3   ; 11.078 ; 11.678 ; 12.146 ; 11.569 ;
; numerator4  ; business4   ; 10.030 ;        ;        ; 10.501 ;
; numerator4  ; remain0     ; 13.454 ; 13.433 ; 13.912 ; 13.853 ;
; numerator4  ; remain1     ; 13.109 ; 13.099 ; 13.531 ; 13.483 ;
; numerator4  ; remain2     ; 13.322 ; 13.255 ; 13.716 ; 13.658 ;
; numerator4  ; remain3     ; 13.468 ; 13.444 ; 13.863 ; 13.848 ;
; numerator4  ; remain4     ; 12.015 ; 12.348 ; 12.840 ; 12.428 ;
; numerator4  ; remain5     ; 12.556 ; 12.523 ; 13.133 ; 13.065 ;
; numerator4  ; remain6     ; 13.061 ; 13.110 ; 13.604 ; 13.618 ;
; numerator4  ; remain7     ; 14.337 ; 14.454 ; 14.884 ; 14.986 ;
; numerator5  ; business0   ; 15.126 ; 15.101 ; 15.662 ; 15.481 ;
; numerator5  ; business1   ; 12.986 ; 13.081 ; 13.582 ; 13.469 ;
; numerator5  ; business2   ; 12.515 ; 12.847 ; 13.304 ; 12.979 ;
; numerator5  ; business3   ; 11.926 ; 12.362 ; 12.816 ; 12.416 ;
; numerator5  ; business4   ; 10.714 ; 11.503 ; 11.906 ; 11.167 ;
; numerator5  ; business5   ; 9.625  ;        ;        ; 10.047 ;
; numerator5  ; remain0     ; 14.380 ; 14.328 ; 14.767 ; 14.708 ;
; numerator5  ; remain1     ; 14.091 ; 14.041 ; 14.481 ; 14.421 ;
; numerator5  ; remain2     ; 14.301 ; 14.234 ; 14.666 ; 14.608 ;
; numerator5  ; remain3     ; 14.447 ; 14.423 ; 14.813 ; 14.798 ;
; numerator5  ; remain4     ; 14.140 ; 14.129 ; 14.509 ; 14.461 ;
; numerator5  ; remain5     ; 12.970 ; 13.291 ; 13.790 ; 13.370 ;
; numerator5  ; remain6     ; 13.745 ; 13.794 ; 14.270 ; 14.284 ;
; numerator5  ; remain7     ; 15.193 ; 15.330 ; 15.731 ; 15.833 ;
; numerator6  ; business0   ; 15.723 ; 16.014 ; 16.455 ; 16.037 ;
; numerator6  ; business1   ; 13.662 ; 14.033 ; 14.394 ; 14.075 ;
; numerator6  ; business2   ; 13.539 ; 13.607 ; 14.046 ; 14.079 ;
; numerator6  ; business3   ; 13.051 ; 13.115 ; 13.464 ; 13.523 ;
; numerator6  ; business4   ; 11.864 ; 12.052 ; 12.491 ; 12.244 ;
; numerator6  ; business5   ; 10.703 ; 11.137 ; 11.511 ; 11.065 ;
; numerator6  ; business6   ; 9.503  ;        ;        ; 9.932  ;
; numerator6  ; remain0     ; 14.977 ; 14.956 ; 15.323 ; 15.264 ;
; numerator6  ; remain1     ; 14.688 ; 14.665 ; 15.037 ; 14.977 ;
; numerator6  ; remain2     ; 15.000 ; 14.962 ; 15.330 ; 15.266 ;
; numerator6  ; remain3     ; 15.184 ; 15.198 ; 15.515 ; 15.492 ;
; numerator6  ; remain4     ; 15.039 ; 14.924 ; 15.382 ; 15.276 ;
; numerator6  ; remain5     ; 14.852 ; 14.819 ; 15.185 ; 15.115 ;
; numerator6  ; remain6     ; 14.331 ; 14.668 ; 15.063 ; 14.711 ;
; numerator6  ; remain7     ; 16.004 ; 16.103 ; 16.397 ; 16.508 ;
; numerator7  ; business0   ; 16.197 ; 16.358 ; 16.932 ; 16.564 ;
; numerator7  ; business1   ; 14.038 ; 14.338 ; 14.844 ; 14.546 ;
; numerator7  ; business2   ; 13.701 ; 14.086 ; 14.545 ; 14.182 ;
; numerator7  ; business3   ; 13.115 ; 13.619 ; 14.076 ; 13.630 ;
; numerator7  ; business4   ; 11.971 ; 12.509 ; 12.937 ; 12.429 ;
; numerator7  ; business5   ; 11.248 ; 11.574 ; 12.025 ; 11.667 ;
; numerator7  ; business6   ; 10.434 ; 10.896 ; 11.362 ; 10.861 ;
; numerator7  ; business7   ; 9.415  ;        ;        ; 9.863  ;
; numerator7  ; remain0     ; 15.451 ; 15.430 ; 15.850 ; 15.791 ;
; numerator7  ; remain1     ; 15.152 ; 15.139 ; 15.564 ; 15.504 ;
; numerator7  ; remain2     ; 15.376 ; 15.349 ; 15.801 ; 15.737 ;
; numerator7  ; remain3     ; 15.560 ; 15.574 ; 15.986 ; 15.963 ;
; numerator7  ; remain4     ; 15.397 ; 15.300 ; 15.771 ; 15.723 ;
; numerator7  ; remain5     ; 15.228 ; 15.195 ; 15.656 ; 15.586 ;
; numerator7  ; remain6     ; 15.753 ; 15.802 ; 16.127 ; 16.139 ;
; numerator7  ; remain7     ; 15.817 ; 16.275 ; 16.661 ; 16.393 ;
; numerator8  ; business0   ; 17.094 ; 17.395 ; 17.855 ; 17.405 ;
; numerator8  ; business1   ; 15.006 ; 15.375 ; 15.767 ; 15.385 ;
; numerator8  ; business2   ; 15.295 ; 15.363 ; 15.773 ; 15.806 ;
; numerator8  ; business3   ; 14.519 ; 14.878 ; 15.169 ; 14.930 ;
; numerator8  ; business4   ; 13.230 ; 13.428 ; 13.919 ; 13.636 ;
; numerator8  ; business5   ; 12.345 ; 12.752 ; 13.071 ; 12.720 ;
; numerator8  ; business6   ; 11.527 ; 12.074 ; 12.408 ; 11.969 ;
; numerator8  ; business7   ; 10.702 ; 11.163 ; 11.574 ; 11.109 ;
; numerator8  ; business8   ; 9.828  ;        ;        ; 10.379 ;
; numerator8  ; remain0     ; 16.348 ; 16.327 ; 16.691 ; 16.632 ;
; numerator8  ; remain1     ; 16.059 ; 16.036 ; 16.405 ; 16.345 ;
; numerator8  ; remain2     ; 16.344 ; 16.317 ; 16.640 ; 16.576 ;
; numerator8  ; remain3     ; 16.528 ; 16.542 ; 16.825 ; 16.802 ;
; numerator8  ; remain4     ; 16.383 ; 16.268 ; 16.692 ; 16.586 ;
; numerator8  ; remain5     ; 16.196 ; 16.163 ; 16.495 ; 16.425 ;
; numerator8  ; remain6     ; 16.740 ; 16.737 ; 17.086 ; 17.046 ;
; numerator8  ; remain7     ; 17.744 ; 17.854 ; 18.090 ; 18.163 ;
; numerator9  ; business0   ; 18.046 ; 18.001 ; 18.368 ; 18.286 ;
; numerator9  ; business1   ; 15.416 ; 15.815 ; 16.180 ; 15.835 ;
; numerator9  ; business2   ; 14.995 ; 15.132 ; 15.542 ; 15.399 ;
; numerator9  ; business3   ; 14.185 ; 14.598 ; 14.954 ; 14.618 ;
; numerator9  ; business4   ; 12.999 ; 13.591 ; 13.953 ; 13.405 ;
; numerator9  ; business5   ; 12.087 ; 12.842 ; 13.166 ; 12.470 ;
; numerator9  ; business6   ; 11.424 ; 12.187 ; 12.503 ; 11.792 ;
; numerator9  ; business7   ; 10.928 ; 11.593 ; 11.905 ; 11.301 ;
; numerator9  ; business8   ; 10.258 ; 11.226 ; 11.507 ; 10.710 ;
; numerator9  ; business9   ; 10.612 ;        ;        ; 11.001 ;
; numerator9  ; remain0     ; 17.287 ; 17.228 ; 17.572 ; 17.513 ;
; numerator9  ; remain1     ; 16.530 ; 16.520 ; 16.867 ; 16.819 ;
; numerator9  ; remain2     ; 16.754 ; 16.714 ; 17.086 ; 17.026 ;
; numerator9  ; remain3     ; 16.799 ; 16.835 ; 17.123 ; 17.122 ;
; numerator9  ; remain4     ; 16.425 ; 16.414 ; 16.747 ; 16.699 ;
; numerator9  ; remain5     ; 16.545 ; 16.523 ; 16.870 ; 16.811 ;
; numerator9  ; remain6     ; 16.781 ; 16.830 ; 17.103 ; 17.115 ;
; numerator9  ; remain7     ; 18.068 ; 18.204 ; 18.393 ; 18.492 ;
; numerator10 ; business0   ; 18.825 ; 18.743 ; 19.300 ; 19.218 ;
; numerator10 ; business1   ; 16.737 ; 16.723 ; 17.212 ; 17.198 ;
; numerator10 ; business2   ; 15.826 ; 16.238 ; 16.658 ; 16.325 ;
; numerator10 ; business3   ; 15.338 ; 15.746 ; 16.170 ; 15.840 ;
; numerator10 ; business4   ; 13.821 ; 13.862 ; 14.331 ; 14.337 ;
; numerator10 ; business5   ; 13.304 ; 13.302 ; 13.814 ; 13.777 ;
; numerator10 ; business6   ; 12.685 ; 13.166 ; 13.619 ; 13.163 ;
; numerator10 ; business7   ; 11.844 ; 12.403 ; 12.814 ; 12.295 ;
; numerator10 ; business8   ; 11.068 ; 11.895 ; 12.195 ; 11.671 ;
; numerator10 ; business9   ; 11.270 ; 12.429 ; 12.871 ; 11.727 ;
; numerator10 ; business10  ; 10.444 ;        ;        ; 11.007 ;
; numerator10 ; remain0     ; 18.029 ; 17.970 ; 18.504 ; 18.445 ;
; numerator10 ; remain1     ; 17.743 ; 17.683 ; 18.218 ; 18.158 ;
; numerator10 ; remain2     ; 17.612 ; 17.545 ; 18.012 ; 17.954 ;
; numerator10 ; remain3     ; 17.758 ; 17.734 ; 18.159 ; 18.144 ;
; numerator10 ; remain4     ; 17.204 ; 17.156 ; 17.679 ; 17.631 ;
; numerator10 ; remain5     ; 17.445 ; 17.371 ; 17.844 ; 17.779 ;
; numerator10 ; remain6     ; 17.560 ; 17.572 ; 18.035 ; 18.047 ;
; numerator10 ; remain7     ; 19.074 ; 19.147 ; 19.473 ; 19.555 ;
; numerator11 ; business0   ; 19.529 ; 19.447 ; 19.922 ; 19.840 ;
; numerator11 ; business1   ; 17.441 ; 17.427 ; 17.834 ; 17.820 ;
; numerator11 ; business2   ; 17.028 ; 17.059 ; 17.421 ; 17.452 ;
; numerator11 ; business3   ; 16.428 ; 16.450 ; 16.821 ; 16.843 ;
; numerator11 ; business4   ; 14.559 ; 14.566 ; 14.917 ; 14.959 ;
; numerator11 ; business5   ; 14.042 ; 14.006 ; 14.400 ; 14.399 ;
; numerator11 ; business6   ; 13.926 ; 13.904 ; 14.284 ; 14.297 ;
; numerator11 ; business7   ; 12.956 ; 13.308 ; 13.724 ; 13.369 ;
; numerator11 ; business8   ; 12.378 ; 12.753 ; 12.963 ; 12.889 ;
; numerator11 ; business9   ; 12.474 ; 13.147 ; 13.531 ; 12.887 ;
; numerator11 ; business10  ; 11.332 ; 12.237 ; 12.482 ; 11.857 ;
; numerator11 ; business11  ; 11.597 ;        ;        ; 11.871 ;
; numerator11 ; remain0     ; 18.733 ; 18.674 ; 19.126 ; 19.067 ;
; numerator11 ; remain1     ; 18.447 ; 18.387 ; 18.840 ; 18.780 ;
; numerator11 ; remain2     ; 18.682 ; 18.618 ; 19.075 ; 19.011 ;
; numerator11 ; remain3     ; 18.867 ; 18.844 ; 19.260 ; 19.237 ;
; numerator11 ; remain4     ; 17.908 ; 17.860 ; 18.301 ; 18.253 ;
; numerator11 ; remain5     ; 18.403 ; 18.326 ; 18.796 ; 18.719 ;
; numerator11 ; remain6     ; 18.264 ; 18.276 ; 18.657 ; 18.669 ;
; numerator11 ; remain7     ; 19.900 ; 19.998 ; 20.293 ; 20.391 ;
; numerator12 ; business0   ; 17.314 ; 17.269 ; 17.372 ; 17.290 ;
; numerator12 ; business1   ; 15.226 ; 15.249 ; 15.284 ; 15.270 ;
; numerator12 ; business2   ; 14.813 ; 14.881 ; 14.871 ; 14.902 ;
; numerator12 ; business3   ; 14.216 ; 14.276 ; 14.271 ; 14.293 ;
; numerator12 ; business4   ; 12.267 ; 12.751 ; 12.904 ; 12.409 ;
; numerator12 ; business5   ; 11.750 ; 12.191 ; 12.387 ; 11.849 ;
; numerator12 ; business6   ; 11.634 ; 12.089 ; 12.271 ; 11.747 ;
; numerator12 ; business7   ; 11.110 ; 11.439 ; 11.616 ; 11.229 ;
; numerator12 ; business8   ; 10.313 ; 10.938 ; 10.950 ; 10.596 ;
; numerator12 ; business9   ; 10.969 ; 11.349 ; 11.449 ; 11.111 ;
; numerator12 ; business10  ; 10.110 ; 10.365 ; 10.389 ; 10.400 ;
; numerator12 ; business11  ; 10.112 ; 10.436 ; 10.752 ; 10.094 ;
; numerator12 ; business12  ; 9.179  ;        ;        ; 9.311  ;
; numerator12 ; remain0     ; 16.555 ; 16.496 ; 16.576 ; 16.517 ;
; numerator12 ; remain1     ; 16.269 ; 16.209 ; 16.290 ; 16.230 ;
; numerator12 ; remain2     ; 16.504 ; 16.440 ; 16.525 ; 16.461 ;
; numerator12 ; remain3     ; 16.689 ; 16.666 ; 16.710 ; 16.687 ;
; numerator12 ; remain4     ; 15.693 ; 15.682 ; 15.751 ; 15.703 ;
; numerator12 ; remain5     ; 16.164 ; 16.078 ; 16.246 ; 16.169 ;
; numerator12 ; remain6     ; 16.049 ; 16.098 ; 16.107 ; 16.119 ;
; numerator12 ; remain7     ; 17.661 ; 17.750 ; 17.743 ; 17.841 ;
; numerator13 ; business0   ; 18.989 ; 18.907 ; 19.189 ; 19.107 ;
; numerator13 ; business1   ; 16.901 ; 16.887 ; 17.101 ; 17.087 ;
; numerator13 ; business2   ; 16.488 ; 16.519 ; 16.688 ; 16.719 ;
; numerator13 ; business3   ; 15.888 ; 15.910 ; 16.088 ; 16.110 ;
; numerator13 ; business4   ; 14.059 ; 14.026 ; 14.250 ; 14.226 ;
; numerator13 ; business5   ; 13.263 ; 13.466 ; 13.733 ; 13.486 ;
; numerator13 ; business6   ; 12.532 ; 12.500 ; 12.612 ; 12.615 ;
; numerator13 ; business7   ; 11.409 ; 11.585 ; 11.687 ; 11.654 ;
; numerator13 ; business8   ; 10.847 ; 11.329 ; 11.300 ; 11.162 ;
; numerator13 ; business9   ; 11.078 ; 11.521 ; 11.641 ; 11.286 ;
; numerator13 ; business10  ; 9.962  ; 10.511 ; 10.460 ; 10.285 ;
; numerator13 ; business11  ; 10.252 ; 10.649 ; 10.885 ; 10.304 ;
; numerator13 ; business12  ; 9.616  ; 10.125 ; 10.249 ; 9.780  ;
; numerator13 ; business13  ; 7.727  ;        ;        ; 7.869  ;
; numerator13 ; remain0     ; 18.193 ; 18.134 ; 18.393 ; 18.334 ;
; numerator13 ; remain1     ; 17.907 ; 17.847 ; 18.107 ; 18.047 ;
; numerator13 ; remain2     ; 18.142 ; 18.078 ; 18.342 ; 18.278 ;
; numerator13 ; remain3     ; 18.327 ; 18.304 ; 18.527 ; 18.504 ;
; numerator13 ; remain4     ; 17.368 ; 17.320 ; 17.568 ; 17.520 ;
; numerator13 ; remain5     ; 17.863 ; 17.786 ; 18.063 ; 17.986 ;
; numerator13 ; remain6     ; 17.724 ; 17.736 ; 17.924 ; 17.936 ;
; numerator13 ; remain7     ; 19.133 ; 19.255 ; 19.297 ; 19.428 ;
; numerator14 ; business0   ; 22.573 ; 22.491 ; 23.023 ; 22.930 ;
; numerator14 ; business1   ; 20.485 ; 20.471 ; 20.935 ; 20.910 ;
; numerator14 ; business2   ; 20.072 ; 20.103 ; 20.522 ; 20.553 ;
; numerator14 ; business3   ; 19.369 ; 19.389 ; 19.781 ; 19.801 ;
; numerator14 ; business4   ; 17.643 ; 17.610 ; 18.093 ; 18.060 ;
; numerator14 ; business5   ; 17.126 ; 17.050 ; 17.576 ; 17.500 ;
; numerator14 ; business6   ; 15.698 ; 15.710 ; 16.148 ; 16.122 ;
; numerator14 ; business7   ; 14.773 ; 14.795 ; 15.223 ; 15.207 ;
; numerator14 ; business8   ; 14.386 ; 14.539 ; 14.836 ; 14.951 ;
; numerator14 ; business9   ; 14.788 ; 14.804 ; 15.238 ; 15.216 ;
; numerator14 ; business10  ; 13.546 ; 13.721 ; 13.996 ; 14.133 ;
; numerator14 ; business11  ; 14.062 ; 13.952 ; 14.512 ; 14.364 ;
; numerator14 ; business12  ; 13.472 ; 13.532 ; 13.922 ; 13.944 ;
; numerator14 ; business13  ; 11.572 ; 11.618 ; 12.022 ; 12.030 ;
; numerator14 ; business14  ; 9.378  ;        ;        ; 9.830  ;
; numerator14 ; remain0     ; 21.777 ; 21.718 ; 22.216 ; 22.157 ;
; numerator14 ; remain1     ; 21.491 ; 21.431 ; 21.930 ; 21.870 ;
; numerator14 ; remain2     ; 21.726 ; 21.662 ; 22.165 ; 22.101 ;
; numerator14 ; remain3     ; 21.894 ; 21.888 ; 22.306 ; 22.305 ;
; numerator14 ; remain4     ; 20.952 ; 20.904 ; 21.402 ; 21.354 ;
; numerator14 ; remain5     ; 21.447 ; 21.370 ; 21.897 ; 21.820 ;
; numerator14 ; remain6     ; 21.308 ; 21.320 ; 21.758 ; 21.770 ;
; numerator14 ; remain7     ; 22.438 ; 22.569 ; 22.850 ; 22.981 ;
; numerator15 ; business0   ; 22.321 ; 22.239 ; 22.894 ; 22.812 ;
; numerator15 ; business1   ; 20.233 ; 20.219 ; 20.806 ; 20.792 ;
; numerator15 ; business2   ; 19.820 ; 19.851 ; 20.393 ; 20.424 ;
; numerator15 ; business3   ; 19.215 ; 19.226 ; 19.684 ; 19.704 ;
; numerator15 ; business4   ; 17.476 ; 17.358 ; 17.854 ; 17.931 ;
; numerator15 ; business5   ; 16.959 ; 16.798 ; 17.337 ; 17.371 ;
; numerator15 ; business6   ; 16.015 ; 16.010 ; 16.385 ; 16.390 ;
; numerator15 ; business7   ; 14.559 ; 15.022 ; 15.389 ; 15.110 ;
; numerator15 ; business8   ; 14.099 ; 14.647 ; 14.929 ; 14.735 ;
; numerator15 ; business9   ; 14.253 ; 14.690 ; 15.083 ; 14.778 ;
; numerator15 ; business10  ; 13.494 ; 13.983 ; 14.233 ; 14.071 ;
; numerator15 ; business11  ; 13.736 ; 14.016 ; 14.566 ; 14.104 ;
; numerator15 ; business12  ; 13.106 ; 13.487 ; 13.936 ; 13.575 ;
; numerator15 ; business13  ; 11.118 ; 11.918 ; 12.259 ; 11.594 ;
; numerator15 ; business14  ; 9.035  ;        ;        ; 9.493  ;
; numerator15 ; business15  ; 8.385  ;        ;        ; 8.898  ;
; numerator15 ; remain0     ; 21.525 ; 21.466 ; 22.098 ; 22.039 ;
; numerator15 ; remain1     ; 21.239 ; 21.179 ; 21.812 ; 21.752 ;
; numerator15 ; remain2     ; 21.474 ; 21.410 ; 22.047 ; 21.983 ;
; numerator15 ; remain3     ; 21.659 ; 21.636 ; 22.209 ; 22.208 ;
; numerator15 ; remain4     ; 20.700 ; 20.652 ; 21.273 ; 21.225 ;
; numerator15 ; remain5     ; 21.195 ; 21.118 ; 21.751 ; 21.665 ;
; numerator15 ; remain6     ; 21.056 ; 21.068 ; 21.629 ; 21.641 ;
; numerator15 ; remain7     ; 22.283 ; 22.405 ; 22.753 ; 22.884 ;
+-------------+-------------+--------+--------+--------+--------+


-----------------------------------------------
; Slow 1200mV 125C Model Metastability Report ;
-----------------------------------------------
No synchronizer chains to report.


---------------------------------------
; Slow 1200mV -40C Model Fmax Summary ;
---------------------------------------
No paths to report.


----------------------------------------
; Slow 1200mV -40C Model Setup Summary ;
----------------------------------------
No paths to report.


---------------------------------------
; Slow 1200mV -40C Model Hold Summary ;
---------------------------------------
No paths to report.


-------------------------------------------
; Slow 1200mV -40C Model Recovery Summary ;
-------------------------------------------
No paths to report.


------------------------------------------
; Slow 1200mV -40C Model Removal Summary ;
------------------------------------------
No paths to report.


------------------------------------------------------
; Slow 1200mV -40C Model Minimum Pulse Width Summary ;
------------------------------------------------------
No paths to report.


+---------------------------------------------------------------+
; Propagation Delay                                             ;
+-------------+-------------+--------+--------+--------+--------+
; Input Port  ; Output Port ; RR     ; RF     ; FR     ; FF     ;
+-------------+-------------+--------+--------+--------+--------+
; denom0      ; business0   ; 45.344 ; 45.417 ; 45.500 ; 45.573 ;
; denom0      ; business1   ; 42.111 ; 42.107 ; 42.267 ; 42.263 ;
; denom0      ; business2   ; 40.242 ; 40.149 ; 40.398 ; 40.305 ;
; denom0      ; business3   ; 37.772 ; 37.631 ; 37.928 ; 37.787 ;
; denom0      ; business4   ; 34.973 ; 34.849 ; 35.129 ; 35.005 ;
; denom0      ; business5   ; 32.010 ; 31.813 ; 32.166 ; 31.969 ;
; denom0      ; business6   ; 28.835 ; 28.647 ; 28.991 ; 28.803 ;
; denom0      ; business7   ; 26.127 ; 26.150 ; 26.283 ; 26.306 ;
; denom0      ; business8   ; 23.591 ; 23.710 ; 23.747 ; 23.866 ;
; denom0      ; business9   ; 22.309 ; 22.428 ; 22.465 ; 22.584 ;
; denom0      ; business10  ; 19.503 ; 19.639 ; 19.659 ; 19.795 ;
; denom0      ; business11  ; 17.234 ; 17.255 ; 17.390 ; 17.411 ;
; denom0      ; business12  ; 14.804 ; 15.171 ; 14.960 ; 15.327 ;
; denom0      ; business13  ; 10.602 ; 10.744 ; 10.770 ; 10.900 ;
; denom0      ; business14  ;        ; 8.022  ; 8.025  ;        ;
; denom0      ; business15  ;        ; 7.324  ; 7.327  ;        ;
; denom0      ; remain0     ; 45.009 ; 44.899 ; 45.165 ; 45.055 ;
; denom0      ; remain1     ; 44.752 ; 44.639 ; 44.908 ; 44.795 ;
; denom0      ; remain2     ; 45.091 ; 44.986 ; 45.247 ; 45.142 ;
; denom0      ; remain3     ; 45.301 ; 45.158 ; 45.457 ; 45.314 ;
; denom0      ; remain4     ; 45.361 ; 45.137 ; 45.517 ; 45.293 ;
; denom0      ; remain5     ; 44.989 ; 44.877 ; 45.145 ; 45.033 ;
; denom0      ; remain6     ; 45.394 ; 45.255 ; 45.550 ; 45.411 ;
; denom0      ; remain7     ; 46.100 ; 46.021 ; 46.256 ; 46.177 ;
; denom1      ; business0   ; 45.685 ; 45.758 ; 45.896 ; 45.969 ;
; denom1      ; business1   ; 42.452 ; 42.448 ; 42.663 ; 42.659 ;
; denom1      ; business2   ; 40.583 ; 40.490 ; 40.794 ; 40.701 ;
; denom1      ; business3   ; 38.113 ; 37.972 ; 38.324 ; 38.183 ;
; denom1      ; business4   ; 35.314 ; 35.190 ; 35.525 ; 35.401 ;
; denom1      ; business5   ; 32.351 ; 32.154 ; 32.562 ; 32.365 ;
; denom1      ; business6   ; 29.176 ; 28.988 ; 29.387 ; 29.199 ;
; denom1      ; business7   ; 26.468 ; 26.491 ; 26.679 ; 26.702 ;
; denom1      ; business8   ; 23.932 ; 24.051 ; 24.143 ; 24.262 ;
; denom1      ; business9   ; 22.650 ; 22.769 ; 22.861 ; 22.980 ;
; denom1      ; business10  ; 19.844 ; 19.980 ; 20.055 ; 20.191 ;
; denom1      ; business11  ; 17.575 ; 17.596 ; 17.786 ; 17.807 ;
; denom1      ; business12  ; 15.145 ; 15.512 ; 15.356 ; 15.723 ;
; denom1      ; business13  ; 10.919 ; 11.085 ; 11.141 ; 11.296 ;
; denom1      ; business14  ;        ; 8.363  ; 8.421  ;        ;
; denom1      ; business15  ;        ; 7.517  ; 7.565  ;        ;
; denom1      ; remain0     ; 45.350 ; 45.240 ; 45.561 ; 45.451 ;
; denom1      ; remain1     ; 45.093 ; 44.980 ; 45.304 ; 45.191 ;
; denom1      ; remain2     ; 45.432 ; 45.327 ; 45.643 ; 45.538 ;
; denom1      ; remain3     ; 45.642 ; 45.499 ; 45.853 ; 45.710 ;
; denom1      ; remain4     ; 45.702 ; 45.478 ; 45.913 ; 45.689 ;
; denom1      ; remain5     ; 45.330 ; 45.218 ; 45.541 ; 45.429 ;
; denom1      ; remain6     ; 45.735 ; 45.596 ; 45.946 ; 45.807 ;
; denom1      ; remain7     ; 46.441 ; 46.362 ; 46.652 ; 46.573 ;
; denom2      ; business0   ; 44.900 ; 44.973 ; 44.989 ; 45.062 ;
; denom2      ; business1   ; 41.667 ; 41.663 ; 41.756 ; 41.752 ;
; denom2      ; business2   ; 39.798 ; 39.705 ; 39.887 ; 39.794 ;
; denom2      ; business3   ; 37.328 ; 37.187 ; 37.417 ; 37.276 ;
; denom2      ; business4   ; 34.529 ; 34.405 ; 34.618 ; 34.494 ;
; denom2      ; business5   ; 31.566 ; 31.369 ; 31.655 ; 31.458 ;
; denom2      ; business6   ; 28.391 ; 28.203 ; 28.480 ; 28.292 ;
; denom2      ; business7   ; 25.683 ; 25.706 ; 25.772 ; 25.795 ;
; denom2      ; business8   ; 23.147 ; 23.266 ; 23.236 ; 23.355 ;
; denom2      ; business9   ; 21.865 ; 21.984 ; 21.954 ; 22.073 ;
; denom2      ; business10  ; 19.059 ; 19.195 ; 19.148 ; 19.284 ;
; denom2      ; business11  ; 16.790 ; 16.811 ; 16.879 ; 16.900 ;
; denom2      ; business12  ; 14.329 ; 14.727 ; 14.449 ; 14.816 ;
; denom2      ; business13  ; 10.223 ; 10.253 ; 10.255 ; 10.389 ;
; denom2      ; business14  ;        ; 7.030  ; 7.034  ;        ;
; denom2      ; business15  ;        ; 7.532  ; 7.550  ;        ;
; denom2      ; remain0     ; 44.565 ; 44.455 ; 44.654 ; 44.544 ;
; denom2      ; remain1     ; 44.308 ; 44.195 ; 44.397 ; 44.284 ;
; denom2      ; remain2     ; 44.647 ; 44.542 ; 44.736 ; 44.631 ;
; denom2      ; remain3     ; 44.857 ; 44.714 ; 44.946 ; 44.803 ;
; denom2      ; remain4     ; 44.917 ; 44.693 ; 45.006 ; 44.782 ;
; denom2      ; remain5     ; 44.545 ; 44.433 ; 44.634 ; 44.522 ;
; denom2      ; remain6     ; 44.950 ; 44.811 ; 45.039 ; 44.900 ;
; denom2      ; remain7     ; 45.656 ; 45.577 ; 45.745 ; 45.666 ;
; denom3      ; business0   ; 46.084 ; 46.157 ; 46.106 ; 46.179 ;
; denom3      ; business1   ; 42.851 ; 42.847 ; 42.873 ; 42.869 ;
; denom3      ; business2   ; 40.982 ; 40.889 ; 41.004 ; 40.911 ;
; denom3      ; business3   ; 38.512 ; 38.371 ; 38.534 ; 38.393 ;
; denom3      ; business4   ; 35.713 ; 35.589 ; 35.735 ; 35.611 ;
; denom3      ; business5   ; 32.750 ; 32.553 ; 32.772 ; 32.575 ;
; denom3      ; business6   ; 29.575 ; 29.387 ; 29.597 ; 29.409 ;
; denom3      ; business7   ; 26.867 ; 26.890 ; 26.889 ; 26.912 ;
; denom3      ; business8   ; 24.331 ; 24.450 ; 24.353 ; 24.472 ;
; denom3      ; business9   ; 23.049 ; 23.168 ; 23.071 ; 23.190 ;
; denom3      ; business10  ; 20.243 ; 20.379 ; 20.265 ; 20.401 ;
; denom3      ; business11  ; 17.974 ; 17.995 ; 17.996 ; 18.017 ;
; denom3      ; business12  ; 15.513 ; 15.911 ; 15.566 ; 15.933 ;
; denom3      ; business13  ; 11.407 ; 11.437 ; 11.372 ; 11.506 ;
; denom3      ; business14  ;        ; 8.171  ; 8.132  ;        ;
; denom3      ; business15  ;        ; 8.716  ; 8.667  ;        ;
; denom3      ; remain0     ; 45.749 ; 45.639 ; 45.771 ; 45.661 ;
; denom3      ; remain1     ; 45.492 ; 45.379 ; 45.514 ; 45.401 ;
; denom3      ; remain2     ; 45.831 ; 45.726 ; 45.853 ; 45.748 ;
; denom3      ; remain3     ; 46.041 ; 45.898 ; 46.063 ; 45.920 ;
; denom3      ; remain4     ; 46.101 ; 45.877 ; 46.123 ; 45.899 ;
; denom3      ; remain5     ; 45.729 ; 45.617 ; 45.751 ; 45.639 ;
; denom3      ; remain6     ; 46.134 ; 45.995 ; 46.156 ; 46.017 ;
; denom3      ; remain7     ; 46.840 ; 46.761 ; 46.862 ; 46.783 ;
; denom4      ; business0   ; 46.161 ; 46.234 ; 46.366 ; 46.439 ;
; denom4      ; business1   ; 42.928 ; 42.924 ; 43.133 ; 43.129 ;
; denom4      ; business2   ; 41.059 ; 40.966 ; 41.264 ; 41.171 ;
; denom4      ; business3   ; 38.589 ; 38.448 ; 38.794 ; 38.653 ;
; denom4      ; business4   ; 35.790 ; 35.666 ; 35.995 ; 35.871 ;
; denom4      ; business5   ; 32.827 ; 32.630 ; 33.032 ; 32.835 ;
; denom4      ; business6   ; 29.652 ; 29.464 ; 29.857 ; 29.669 ;
; denom4      ; business7   ; 26.944 ; 26.967 ; 27.149 ; 27.172 ;
; denom4      ; business8   ; 24.408 ; 24.527 ; 24.613 ; 24.732 ;
; denom4      ; business9   ; 23.126 ; 23.245 ; 23.331 ; 23.450 ;
; denom4      ; business10  ; 20.320 ; 20.456 ; 20.525 ; 20.661 ;
; denom4      ; business11  ; 18.051 ; 18.072 ; 18.256 ; 18.277 ;
; denom4      ; business12  ; 15.590 ; 15.988 ; 15.826 ; 16.193 ;
; denom4      ; business13  ; 11.484 ; 11.514 ; 11.632 ; 11.766 ;
; denom4      ; business14  ;        ; 8.259  ; 8.414  ;        ;
; denom4      ; business15  ;        ; 8.793  ; 8.927  ;        ;
; denom4      ; remain0     ; 45.826 ; 45.716 ; 46.031 ; 45.921 ;
; denom4      ; remain1     ; 45.569 ; 45.456 ; 45.774 ; 45.661 ;
; denom4      ; remain2     ; 45.908 ; 45.803 ; 46.113 ; 46.008 ;
; denom4      ; remain3     ; 46.118 ; 45.975 ; 46.323 ; 46.180 ;
; denom4      ; remain4     ; 46.178 ; 45.954 ; 46.383 ; 46.159 ;
; denom4      ; remain5     ; 45.806 ; 45.694 ; 46.011 ; 45.899 ;
; denom4      ; remain6     ; 46.211 ; 46.072 ; 46.416 ; 46.277 ;
; denom4      ; remain7     ; 46.917 ; 46.838 ; 47.122 ; 47.043 ;
; denom5      ; business0   ; 46.436 ; 46.509 ; 46.669 ; 46.742 ;
; denom5      ; business1   ; 43.203 ; 43.199 ; 43.436 ; 43.432 ;
; denom5      ; business2   ; 41.334 ; 41.241 ; 41.567 ; 41.474 ;
; denom5      ; business3   ; 38.864 ; 38.723 ; 39.097 ; 38.956 ;
; denom5      ; business4   ; 36.065 ; 35.941 ; 36.298 ; 36.174 ;
; denom5      ; business5   ; 33.102 ; 32.905 ; 33.335 ; 33.138 ;
; denom5      ; business6   ; 29.927 ; 29.739 ; 30.160 ; 29.972 ;
; denom5      ; business7   ; 27.219 ; 27.242 ; 27.452 ; 27.475 ;
; denom5      ; business8   ; 24.683 ; 24.802 ; 24.916 ; 25.035 ;
; denom5      ; business9   ; 23.401 ; 23.520 ; 23.634 ; 23.753 ;
; denom5      ; business10  ; 20.595 ; 20.731 ; 20.828 ; 20.964 ;
; denom5      ; business11  ; 18.326 ; 18.347 ; 18.559 ; 18.580 ;
; denom5      ; business12  ; 15.865 ; 16.263 ; 16.129 ; 16.496 ;
; denom5      ; business13  ; 11.759 ; 11.789 ; 11.935 ; 12.069 ;
; denom5      ; business14  ;        ; 8.534  ; 8.717  ;        ;
; denom5      ; business15  ;        ; 9.068  ; 9.230  ;        ;
; denom5      ; remain0     ; 46.101 ; 45.991 ; 46.334 ; 46.224 ;
; denom5      ; remain1     ; 45.844 ; 45.731 ; 46.077 ; 45.964 ;
; denom5      ; remain2     ; 46.183 ; 46.078 ; 46.416 ; 46.311 ;
; denom5      ; remain3     ; 46.393 ; 46.250 ; 46.626 ; 46.483 ;
; denom5      ; remain4     ; 46.453 ; 46.229 ; 46.686 ; 46.462 ;
; denom5      ; remain5     ; 46.081 ; 45.969 ; 46.314 ; 46.202 ;
; denom5      ; remain6     ; 46.486 ; 46.347 ; 46.719 ; 46.580 ;
; denom5      ; remain7     ; 47.192 ; 47.113 ; 47.425 ; 47.346 ;
; denom6      ; business0   ; 46.805 ; 46.878 ; 47.049 ; 47.122 ;
; denom6      ; business1   ; 43.572 ; 43.568 ; 43.816 ; 43.812 ;
; denom6      ; business2   ; 41.703 ; 41.610 ; 41.947 ; 41.854 ;
; denom6      ; business3   ; 39.233 ; 39.092 ; 39.477 ; 39.336 ;
; denom6      ; business4   ; 36.434 ; 36.310 ; 36.678 ; 36.554 ;
; denom6      ; business5   ; 33.471 ; 33.274 ; 33.715 ; 33.518 ;
; denom6      ; business6   ; 30.296 ; 30.108 ; 30.540 ; 30.352 ;
; denom6      ; business7   ; 27.588 ; 27.611 ; 27.832 ; 27.855 ;
; denom6      ; business8   ; 25.052 ; 25.171 ; 25.296 ; 25.415 ;
; denom6      ; business9   ; 23.770 ; 23.889 ; 24.014 ; 24.133 ;
; denom6      ; business10  ; 20.964 ; 21.100 ; 21.208 ; 21.344 ;
; denom6      ; business11  ; 18.695 ; 18.716 ; 18.939 ; 18.960 ;
; denom6      ; business12  ; 16.234 ; 16.632 ; 16.509 ; 16.876 ;
; denom6      ; business13  ; 12.128 ; 12.158 ; 12.315 ; 12.449 ;
; denom6      ; business14  ;        ; 8.903  ; 9.097  ;        ;
; denom6      ; business15  ;        ; 9.437  ; 9.610  ;        ;
; denom6      ; remain0     ; 46.470 ; 46.360 ; 46.714 ; 46.604 ;
; denom6      ; remain1     ; 46.213 ; 46.100 ; 46.457 ; 46.344 ;
; denom6      ; remain2     ; 46.552 ; 46.447 ; 46.796 ; 46.691 ;
; denom6      ; remain3     ; 46.762 ; 46.619 ; 47.006 ; 46.863 ;
; denom6      ; remain4     ; 46.822 ; 46.598 ; 47.066 ; 46.842 ;
; denom6      ; remain5     ; 46.450 ; 46.338 ; 46.694 ; 46.582 ;
; denom6      ; remain6     ; 46.855 ; 46.716 ; 47.099 ; 46.960 ;
; denom6      ; remain7     ; 47.561 ; 47.482 ; 47.805 ; 47.726 ;
; denom7      ; business0   ; 46.545 ; 46.618 ; 46.728 ; 46.801 ;
; denom7      ; business1   ; 43.312 ; 43.308 ; 43.495 ; 43.491 ;
; denom7      ; business2   ; 41.443 ; 41.350 ; 41.626 ; 41.533 ;
; denom7      ; business3   ; 38.973 ; 38.832 ; 39.156 ; 39.015 ;
; denom7      ; business4   ; 36.174 ; 36.050 ; 36.357 ; 36.233 ;
; denom7      ; business5   ; 33.211 ; 33.014 ; 33.394 ; 33.197 ;
; denom7      ; business6   ; 30.036 ; 29.848 ; 30.219 ; 30.031 ;
; denom7      ; business7   ; 27.328 ; 27.351 ; 27.511 ; 27.534 ;
; denom7      ; business8   ; 24.792 ; 24.911 ; 24.975 ; 25.094 ;
; denom7      ; business9   ; 23.510 ; 23.629 ; 23.693 ; 23.812 ;
; denom7      ; business10  ; 20.704 ; 20.840 ; 20.887 ; 21.023 ;
; denom7      ; business11  ; 18.435 ; 18.456 ; 18.618 ; 18.639 ;
; denom7      ; business12  ; 15.974 ; 16.372 ; 16.188 ; 16.555 ;
; denom7      ; business13  ; 11.868 ; 11.898 ; 11.994 ; 12.128 ;
; denom7      ; business14  ;        ; 8.643  ; 8.776  ;        ;
; denom7      ; business15  ;        ; 9.177  ; 9.289  ;        ;
; denom7      ; remain0     ; 46.210 ; 46.100 ; 46.393 ; 46.283 ;
; denom7      ; remain1     ; 45.953 ; 45.840 ; 46.136 ; 46.023 ;
; denom7      ; remain2     ; 46.292 ; 46.187 ; 46.475 ; 46.370 ;
; denom7      ; remain3     ; 46.502 ; 46.359 ; 46.685 ; 46.542 ;
; denom7      ; remain4     ; 46.562 ; 46.338 ; 46.745 ; 46.521 ;
; denom7      ; remain5     ; 46.190 ; 46.078 ; 46.373 ; 46.261 ;
; denom7      ; remain6     ; 46.595 ; 46.456 ; 46.778 ; 46.639 ;
; denom7      ; remain7     ; 47.301 ; 47.222 ; 47.484 ; 47.405 ;
; numerator0  ; business0   ; 9.429  ;        ;        ; 9.503  ;
; numerator0  ; remain0     ; 9.094  ; 8.984  ; 9.025  ; 8.881  ;
; numerator0  ; remain1     ; 8.837  ; 8.724  ; 8.774  ; 8.626  ;
; numerator0  ; remain2     ; 9.176  ; 9.071  ; 9.093  ; 8.963  ;
; numerator0  ; remain3     ; 9.386  ; 9.241  ; 9.384  ; 9.244  ;
; numerator0  ; remain4     ; 9.317  ; 9.170  ; 9.447  ; 9.223  ;
; numerator0  ; remain5     ; 9.074  ; 8.962  ; 9.007  ; 8.861  ;
; numerator0  ; remain6     ; 9.479  ; 9.340  ; 9.415  ; 9.241  ;
; numerator0  ; remain7     ; 10.185 ; 10.106 ; 10.119 ; 10.005 ;
; numerator1  ; business0   ; 11.331 ; 11.404 ; 11.382 ; 11.420 ;
; numerator1  ; business1   ; 8.098  ;        ;        ; 8.270  ;
; numerator1  ; remain0     ; 10.996 ; 10.886 ; 11.047 ; 10.937 ;
; numerator1  ; remain1     ; 10.739 ; 10.626 ; 10.790 ; 10.677 ;
; numerator1  ; remain2     ; 11.078 ; 10.973 ; 11.129 ; 11.024 ;
; numerator1  ; remain3     ; 11.288 ; 11.145 ; 11.339 ; 11.194 ;
; numerator1  ; remain4     ; 11.348 ; 11.124 ; 11.364 ; 11.140 ;
; numerator1  ; remain5     ; 10.976 ; 10.864 ; 11.027 ; 10.915 ;
; numerator1  ; remain6     ; 11.381 ; 11.242 ; 11.432 ; 11.293 ;
; numerator1  ; remain7     ; 12.087 ; 12.008 ; 12.138 ; 12.059 ;
; numerator2  ; business0   ; 11.915 ; 11.988 ; 11.981 ; 12.033 ;
; numerator2  ; business1   ; 8.682  ; 8.678  ; 8.727  ; 8.869  ;
; numerator2  ; business2   ; 6.813  ;        ;        ; 6.989  ;
; numerator2  ; remain0     ; 11.580 ; 11.470 ; 11.646 ; 11.536 ;
; numerator2  ; remain1     ; 11.323 ; 11.210 ; 11.389 ; 11.276 ;
; numerator2  ; remain2     ; 11.662 ; 11.557 ; 11.728 ; 11.623 ;
; numerator2  ; remain3     ; 11.872 ; 11.729 ; 11.938 ; 11.793 ;
; numerator2  ; remain4     ; 11.932 ; 11.708 ; 11.977 ; 11.753 ;
; numerator2  ; remain5     ; 11.560 ; 11.448 ; 11.626 ; 11.514 ;
; numerator2  ; remain6     ; 11.965 ; 11.826 ; 12.031 ; 11.892 ;
; numerator2  ; remain7     ; 12.671 ; 12.592 ; 12.737 ; 12.658 ;
; numerator3  ; business0   ; 14.346 ; 14.419 ; 14.405 ; 14.478 ;
; numerator3  ; business1   ; 11.113 ; 11.109 ; 11.172 ; 11.168 ;
; numerator3  ; business2   ; 9.244  ; 9.151  ; 9.303  ; 9.176  ;
; numerator3  ; business3   ; 6.774  ;        ;        ; 6.924  ;
; numerator3  ; remain0     ; 14.011 ; 13.901 ; 14.070 ; 13.960 ;
; numerator3  ; remain1     ; 13.754 ; 13.641 ; 13.813 ; 13.700 ;
; numerator3  ; remain2     ; 14.093 ; 13.988 ; 14.152 ; 14.047 ;
; numerator3  ; remain3     ; 14.303 ; 14.160 ; 14.362 ; 14.219 ;
; numerator3  ; remain4     ; 14.363 ; 14.139 ; 14.422 ; 14.198 ;
; numerator3  ; remain5     ; 13.991 ; 13.879 ; 14.050 ; 13.938 ;
; numerator3  ; remain6     ; 14.396 ; 14.257 ; 14.455 ; 14.316 ;
; numerator3  ; remain7     ; 15.102 ; 15.023 ; 15.161 ; 15.082 ;
; numerator4  ; business0   ; 19.120 ; 19.193 ; 19.239 ; 19.312 ;
; numerator4  ; business1   ; 15.887 ; 15.883 ; 16.006 ; 16.002 ;
; numerator4  ; business2   ; 14.018 ; 13.925 ; 14.137 ; 14.044 ;
; numerator4  ; business3   ; 11.548 ; 11.407 ; 11.667 ; 11.531 ;
; numerator4  ; business4   ; 8.749  ;        ;        ; 8.941  ;
; numerator4  ; remain0     ; 18.785 ; 18.675 ; 18.904 ; 18.794 ;
; numerator4  ; remain1     ; 18.528 ; 18.415 ; 18.647 ; 18.534 ;
; numerator4  ; remain2     ; 18.867 ; 18.762 ; 18.986 ; 18.881 ;
; numerator4  ; remain3     ; 19.077 ; 18.934 ; 19.196 ; 19.053 ;
; numerator4  ; remain4     ; 19.137 ; 18.913 ; 19.256 ; 19.032 ;
; numerator4  ; remain5     ; 18.765 ; 18.653 ; 18.884 ; 18.772 ;
; numerator4  ; remain6     ; 19.170 ; 19.031 ; 19.289 ; 19.150 ;
; numerator4  ; remain7     ; 19.876 ; 19.797 ; 19.995 ; 19.916 ;
; numerator5  ; business0   ; 21.716 ; 21.789 ; 21.700 ; 21.773 ;
; numerator5  ; business1   ; 18.483 ; 18.479 ; 18.467 ; 18.463 ;
; numerator5  ; business2   ; 16.614 ; 16.521 ; 16.598 ; 16.505 ;
; numerator5  ; business3   ; 14.144 ; 14.003 ; 14.128 ; 13.987 ;
; numerator5  ; business4   ; 11.345 ; 11.221 ; 11.329 ; 11.311 ;
; numerator5  ; business5   ; 8.382  ;        ;        ; 8.532  ;
; numerator5  ; remain0     ; 21.381 ; 21.271 ; 21.365 ; 21.255 ;
; numerator5  ; remain1     ; 21.124 ; 21.011 ; 21.108 ; 20.995 ;
; numerator5  ; remain2     ; 21.463 ; 21.358 ; 21.447 ; 21.342 ;
; numerator5  ; remain3     ; 21.673 ; 21.530 ; 21.657 ; 21.514 ;
; numerator5  ; remain4     ; 21.733 ; 21.509 ; 21.717 ; 21.493 ;
; numerator5  ; remain5     ; 21.361 ; 21.249 ; 21.345 ; 21.233 ;
; numerator5  ; remain6     ; 21.766 ; 21.627 ; 21.750 ; 21.611 ;
; numerator5  ; remain7     ; 22.472 ; 22.393 ; 22.456 ; 22.377 ;
; numerator6  ; business0   ; 24.792 ; 24.865 ; 24.893 ; 24.966 ;
; numerator6  ; business1   ; 21.559 ; 21.555 ; 21.660 ; 21.656 ;
; numerator6  ; business2   ; 19.690 ; 19.597 ; 19.791 ; 19.698 ;
; numerator6  ; business3   ; 17.220 ; 17.079 ; 17.321 ; 17.180 ;
; numerator6  ; business4   ; 14.421 ; 14.297 ; 14.522 ; 14.398 ;
; numerator6  ; business5   ; 11.458 ; 11.261 ; 11.559 ; 11.473 ;
; numerator6  ; business6   ; 8.283  ;        ;        ; 8.438  ;
; numerator6  ; remain0     ; 24.457 ; 24.347 ; 24.558 ; 24.448 ;
; numerator6  ; remain1     ; 24.200 ; 24.087 ; 24.301 ; 24.188 ;
; numerator6  ; remain2     ; 24.539 ; 24.434 ; 24.640 ; 24.535 ;
; numerator6  ; remain3     ; 24.749 ; 24.606 ; 24.850 ; 24.707 ;
; numerator6  ; remain4     ; 24.809 ; 24.585 ; 24.910 ; 24.686 ;
; numerator6  ; remain5     ; 24.437 ; 24.325 ; 24.538 ; 24.426 ;
; numerator6  ; remain6     ; 24.842 ; 24.703 ; 24.943 ; 24.804 ;
; numerator6  ; remain7     ; 25.548 ; 25.469 ; 25.649 ; 25.570 ;
; numerator7  ; business0   ; 27.423 ; 27.496 ; 27.543 ; 27.616 ;
; numerator7  ; business1   ; 24.190 ; 24.186 ; 24.310 ; 24.306 ;
; numerator7  ; business2   ; 22.321 ; 22.228 ; 22.441 ; 22.348 ;
; numerator7  ; business3   ; 19.851 ; 19.710 ; 19.971 ; 19.830 ;
; numerator7  ; business4   ; 17.052 ; 16.928 ; 17.172 ; 17.048 ;
; numerator7  ; business5   ; 14.089 ; 13.892 ; 14.209 ; 14.012 ;
; numerator7  ; business6   ; 10.914 ; 10.718 ; 11.034 ; 10.812 ;
; numerator7  ; business7   ; 8.198  ;        ;        ; 8.367  ;
; numerator7  ; remain0     ; 27.088 ; 26.978 ; 27.208 ; 27.098 ;
; numerator7  ; remain1     ; 26.831 ; 26.718 ; 26.951 ; 26.838 ;
; numerator7  ; remain2     ; 27.170 ; 27.065 ; 27.290 ; 27.185 ;
; numerator7  ; remain3     ; 27.380 ; 27.237 ; 27.500 ; 27.357 ;
; numerator7  ; remain4     ; 27.440 ; 27.216 ; 27.560 ; 27.336 ;
; numerator7  ; remain5     ; 27.068 ; 26.956 ; 27.188 ; 27.076 ;
; numerator7  ; remain6     ; 27.473 ; 27.334 ; 27.593 ; 27.454 ;
; numerator7  ; remain7     ; 28.179 ; 28.100 ; 28.299 ; 28.220 ;
; numerator8  ; business0   ; 30.264 ; 30.337 ; 30.546 ; 30.619 ;
; numerator8  ; business1   ; 27.031 ; 27.027 ; 27.313 ; 27.309 ;
; numerator8  ; business2   ; 25.162 ; 25.069 ; 25.444 ; 25.351 ;
; numerator8  ; business3   ; 22.692 ; 22.551 ; 22.974 ; 22.833 ;
; numerator8  ; business4   ; 19.893 ; 19.769 ; 20.175 ; 20.051 ;
; numerator8  ; business5   ; 16.930 ; 16.733 ; 17.212 ; 17.015 ;
; numerator8  ; business6   ; 13.755 ; 13.567 ; 14.037 ; 13.849 ;
; numerator8  ; business7   ; 11.047 ; 11.071 ; 11.329 ; 11.352 ;
; numerator8  ; business8   ; 8.551  ;        ;        ; 8.912  ;
; numerator8  ; remain0     ; 29.929 ; 29.819 ; 30.211 ; 30.101 ;
; numerator8  ; remain1     ; 29.672 ; 29.559 ; 29.954 ; 29.841 ;
; numerator8  ; remain2     ; 30.011 ; 29.906 ; 30.293 ; 30.188 ;
; numerator8  ; remain3     ; 30.221 ; 30.078 ; 30.503 ; 30.360 ;
; numerator8  ; remain4     ; 30.281 ; 30.057 ; 30.563 ; 30.339 ;
; numerator8  ; remain5     ; 29.909 ; 29.797 ; 30.191 ; 30.079 ;
; numerator8  ; remain6     ; 30.314 ; 30.175 ; 30.596 ; 30.457 ;
; numerator8  ; remain7     ; 31.020 ; 30.941 ; 31.302 ; 31.223 ;
; numerator9  ; business0   ; 32.353 ; 32.426 ; 32.374 ; 32.447 ;
; numerator9  ; business1   ; 29.120 ; 29.116 ; 29.141 ; 29.137 ;
; numerator9  ; business2   ; 27.251 ; 27.158 ; 27.272 ; 27.179 ;
; numerator9  ; business3   ; 24.781 ; 24.640 ; 24.802 ; 24.661 ;
; numerator9  ; business4   ; 21.982 ; 21.858 ; 22.003 ; 21.879 ;
; numerator9  ; business5   ; 19.019 ; 18.822 ; 19.040 ; 18.843 ;
; numerator9  ; business6   ; 15.844 ; 15.656 ; 15.865 ; 15.677 ;
; numerator9  ; business7   ; 13.136 ; 13.159 ; 13.157 ; 13.180 ;
; numerator9  ; business8   ; 10.600 ; 10.719 ; 10.577 ; 10.740 ;
; numerator9  ; business9   ; 9.318  ;        ;        ; 9.532  ;
; numerator9  ; remain0     ; 32.018 ; 31.908 ; 32.039 ; 31.929 ;
; numerator9  ; remain1     ; 31.761 ; 31.648 ; 31.782 ; 31.669 ;
; numerator9  ; remain2     ; 32.100 ; 31.995 ; 32.121 ; 32.016 ;
; numerator9  ; remain3     ; 32.310 ; 32.167 ; 32.331 ; 32.188 ;
; numerator9  ; remain4     ; 32.370 ; 32.146 ; 32.391 ; 32.167 ;
; numerator9  ; remain5     ; 31.998 ; 31.886 ; 32.019 ; 31.907 ;
; numerator9  ; remain6     ; 32.403 ; 32.264 ; 32.424 ; 32.285 ;
; numerator9  ; remain7     ; 33.109 ; 33.030 ; 33.130 ; 33.051 ;
; numerator10 ; business0   ; 34.985 ; 35.058 ; 35.176 ; 35.249 ;
; numerator10 ; business1   ; 31.752 ; 31.748 ; 31.943 ; 31.939 ;
; numerator10 ; business2   ; 29.883 ; 29.790 ; 30.074 ; 29.981 ;
; numerator10 ; business3   ; 27.413 ; 27.272 ; 27.604 ; 27.463 ;
; numerator10 ; business4   ; 24.614 ; 24.490 ; 24.805 ; 24.681 ;
; numerator10 ; business5   ; 21.651 ; 21.454 ; 21.842 ; 21.645 ;
; numerator10 ; business6   ; 18.476 ; 18.288 ; 18.667 ; 18.479 ;
; numerator10 ; business7   ; 15.768 ; 15.791 ; 15.959 ; 15.982 ;
; numerator10 ; business8   ; 13.232 ; 13.351 ; 13.423 ; 13.542 ;
; numerator10 ; business9   ; 11.950 ; 12.069 ; 12.141 ; 12.317 ;
; numerator10 ; business10  ; 9.144  ;        ;        ; 9.546  ;
; numerator10 ; remain0     ; 34.650 ; 34.540 ; 34.841 ; 34.731 ;
; numerator10 ; remain1     ; 34.393 ; 34.280 ; 34.584 ; 34.471 ;
; numerator10 ; remain2     ; 34.732 ; 34.627 ; 34.923 ; 34.818 ;
; numerator10 ; remain3     ; 34.942 ; 34.799 ; 35.133 ; 34.990 ;
; numerator10 ; remain4     ; 35.002 ; 34.778 ; 35.193 ; 34.969 ;
; numerator10 ; remain5     ; 34.630 ; 34.518 ; 34.821 ; 34.709 ;
; numerator10 ; remain6     ; 35.035 ; 34.896 ; 35.226 ; 35.087 ;
; numerator10 ; remain7     ; 35.741 ; 35.662 ; 35.932 ; 35.853 ;
; numerator11 ; business0   ; 38.040 ; 38.113 ; 38.048 ; 38.121 ;
; numerator11 ; business1   ; 34.807 ; 34.803 ; 34.815 ; 34.811 ;
; numerator11 ; business2   ; 32.938 ; 32.845 ; 32.946 ; 32.853 ;
; numerator11 ; business3   ; 30.468 ; 30.327 ; 30.476 ; 30.335 ;
; numerator11 ; business4   ; 27.669 ; 27.545 ; 27.677 ; 27.553 ;
; numerator11 ; business5   ; 24.706 ; 24.509 ; 24.714 ; 24.517 ;
; numerator11 ; business6   ; 21.531 ; 21.343 ; 21.539 ; 21.351 ;
; numerator11 ; business7   ; 18.823 ; 18.846 ; 18.831 ; 18.854 ;
; numerator11 ; business8   ; 16.287 ; 16.406 ; 16.295 ; 16.414 ;
; numerator11 ; business9   ; 15.005 ; 15.124 ; 15.013 ; 15.132 ;
; numerator11 ; business10  ; 12.199 ; 12.335 ; 12.207 ; 12.327 ;
; numerator11 ; business11  ; 9.930  ;        ;        ; 10.047 ;
; numerator11 ; remain0     ; 37.705 ; 37.595 ; 37.713 ; 37.603 ;
; numerator11 ; remain1     ; 37.448 ; 37.335 ; 37.456 ; 37.343 ;
; numerator11 ; remain2     ; 37.787 ; 37.682 ; 37.795 ; 37.690 ;
; numerator11 ; remain3     ; 37.997 ; 37.854 ; 38.005 ; 37.862 ;
; numerator11 ; remain4     ; 38.057 ; 37.833 ; 38.065 ; 37.841 ;
; numerator11 ; remain5     ; 37.685 ; 37.573 ; 37.693 ; 37.581 ;
; numerator11 ; remain6     ; 38.090 ; 37.951 ; 38.098 ; 37.959 ;
; numerator11 ; remain7     ; 38.796 ; 38.717 ; 38.804 ; 38.725 ;
; numerator12 ; business0   ; 38.261 ; 38.334 ; 38.485 ; 38.558 ;
; numerator12 ; business1   ; 35.028 ; 35.024 ; 35.252 ; 35.248 ;
; numerator12 ; business2   ; 33.159 ; 33.066 ; 33.383 ; 33.290 ;
; numerator12 ; business3   ; 30.689 ; 30.548 ; 30.913 ; 30.772 ;
; numerator12 ; business4   ; 27.890 ; 27.766 ; 28.114 ; 27.990 ;
; numerator12 ; business5   ; 24.927 ; 24.730 ; 25.151 ; 24.954 ;
; numerator12 ; business6   ; 21.752 ; 21.564 ; 21.976 ; 21.788 ;
; numerator12 ; business7   ; 19.044 ; 19.067 ; 19.268 ; 19.291 ;
; numerator12 ; business8   ; 16.508 ; 16.627 ; 16.732 ; 16.851 ;
; numerator12 ; business9   ; 15.226 ; 15.345 ; 15.450 ; 15.569 ;
; numerator12 ; business10  ; 12.420 ; 12.556 ; 12.644 ; 12.780 ;
; numerator12 ; business11  ; 10.151 ; 10.204 ; 10.375 ; 10.396 ;
; numerator12 ; business12  ; 7.931  ;        ;        ; 8.312  ;
; numerator12 ; remain0     ; 37.926 ; 37.816 ; 38.150 ; 38.040 ;
; numerator12 ; remain1     ; 37.669 ; 37.556 ; 37.893 ; 37.780 ;
; numerator12 ; remain2     ; 38.008 ; 37.903 ; 38.232 ; 38.127 ;
; numerator12 ; remain3     ; 38.218 ; 38.075 ; 38.442 ; 38.299 ;
; numerator12 ; remain4     ; 38.278 ; 38.054 ; 38.502 ; 38.278 ;
; numerator12 ; remain5     ; 37.906 ; 37.794 ; 38.130 ; 38.018 ;
; numerator12 ; remain6     ; 38.311 ; 38.172 ; 38.535 ; 38.396 ;
; numerator12 ; remain7     ; 39.017 ; 38.938 ; 39.241 ; 39.162 ;
; numerator13 ; business0   ; 41.581 ; 41.654 ; 41.697 ; 41.770 ;
; numerator13 ; business1   ; 38.348 ; 38.344 ; 38.464 ; 38.460 ;
; numerator13 ; business2   ; 36.479 ; 36.386 ; 36.595 ; 36.502 ;
; numerator13 ; business3   ; 34.009 ; 33.868 ; 34.125 ; 33.984 ;
; numerator13 ; business4   ; 31.210 ; 31.086 ; 31.326 ; 31.202 ;
; numerator13 ; business5   ; 28.247 ; 28.050 ; 28.363 ; 28.166 ;
; numerator13 ; business6   ; 25.072 ; 24.884 ; 25.188 ; 25.000 ;
; numerator13 ; business7   ; 22.364 ; 22.387 ; 22.480 ; 22.503 ;
; numerator13 ; business8   ; 19.828 ; 19.947 ; 19.944 ; 20.063 ;
; numerator13 ; business9   ; 18.546 ; 18.665 ; 18.662 ; 18.781 ;
; numerator13 ; business10  ; 15.740 ; 15.876 ; 15.856 ; 15.992 ;
; numerator13 ; business11  ; 13.471 ; 13.492 ; 13.587 ; 13.608 ;
; numerator13 ; business12  ; 11.010 ; 11.408 ; 11.157 ; 11.524 ;
; numerator13 ; business13  ; 6.904  ;        ;        ; 7.097  ;
; numerator13 ; remain0     ; 41.246 ; 41.136 ; 41.362 ; 41.252 ;
; numerator13 ; remain1     ; 40.989 ; 40.876 ; 41.105 ; 40.992 ;
; numerator13 ; remain2     ; 41.328 ; 41.223 ; 41.444 ; 41.339 ;
; numerator13 ; remain3     ; 41.538 ; 41.395 ; 41.654 ; 41.511 ;
; numerator13 ; remain4     ; 41.598 ; 41.374 ; 41.714 ; 41.490 ;
; numerator13 ; remain5     ; 41.226 ; 41.114 ; 41.342 ; 41.230 ;
; numerator13 ; remain6     ; 41.631 ; 41.492 ; 41.747 ; 41.608 ;
; numerator13 ; remain7     ; 42.337 ; 42.258 ; 42.453 ; 42.374 ;
; numerator14 ; business0   ; 45.474 ; 45.547 ; 45.649 ; 45.722 ;
; numerator14 ; business1   ; 42.241 ; 42.237 ; 42.416 ; 42.412 ;
; numerator14 ; business2   ; 40.372 ; 40.279 ; 40.547 ; 40.454 ;
; numerator14 ; business3   ; 37.902 ; 37.761 ; 38.077 ; 37.936 ;
; numerator14 ; business4   ; 35.103 ; 34.979 ; 35.278 ; 35.154 ;
; numerator14 ; business5   ; 32.140 ; 31.943 ; 32.315 ; 32.118 ;
; numerator14 ; business6   ; 28.965 ; 28.777 ; 29.140 ; 28.952 ;
; numerator14 ; business7   ; 26.257 ; 26.280 ; 26.432 ; 26.455 ;
; numerator14 ; business8   ; 23.721 ; 23.840 ; 23.896 ; 24.015 ;
; numerator14 ; business9   ; 22.439 ; 22.558 ; 22.614 ; 22.733 ;
; numerator14 ; business10  ; 19.633 ; 19.769 ; 19.808 ; 19.944 ;
; numerator14 ; business11  ; 17.364 ; 17.385 ; 17.539 ; 17.560 ;
; numerator14 ; business12  ; 14.934 ; 15.301 ; 15.109 ; 15.476 ;
; numerator14 ; business13  ; 10.719 ; 10.874 ; 10.907 ; 11.049 ;
; numerator14 ; business14  ; 7.999  ;        ;        ; 8.327  ;
; numerator14 ; remain0     ; 45.139 ; 45.029 ; 45.314 ; 45.204 ;
; numerator14 ; remain1     ; 44.882 ; 44.769 ; 45.057 ; 44.944 ;
; numerator14 ; remain2     ; 45.221 ; 45.116 ; 45.396 ; 45.291 ;
; numerator14 ; remain3     ; 45.431 ; 45.288 ; 45.606 ; 45.463 ;
; numerator14 ; remain4     ; 45.491 ; 45.267 ; 45.666 ; 45.442 ;
; numerator14 ; remain5     ; 45.119 ; 45.007 ; 45.294 ; 45.182 ;
; numerator14 ; remain6     ; 45.524 ; 45.385 ; 45.699 ; 45.560 ;
; numerator14 ; remain7     ; 46.230 ; 46.151 ; 46.405 ; 46.326 ;
; numerator15 ; business0   ; 45.130 ; 45.203 ; 45.375 ; 45.448 ;
; numerator15 ; business1   ; 41.897 ; 41.893 ; 42.142 ; 42.138 ;
; numerator15 ; business2   ; 40.028 ; 39.935 ; 40.273 ; 40.180 ;
; numerator15 ; business3   ; 37.558 ; 37.417 ; 37.803 ; 37.662 ;
; numerator15 ; business4   ; 34.759 ; 34.635 ; 35.004 ; 34.880 ;
; numerator15 ; business5   ; 31.796 ; 31.599 ; 32.041 ; 31.844 ;
; numerator15 ; business6   ; 28.621 ; 28.433 ; 28.866 ; 28.678 ;
; numerator15 ; business7   ; 25.913 ; 25.936 ; 26.158 ; 26.181 ;
; numerator15 ; business8   ; 23.377 ; 23.496 ; 23.622 ; 23.741 ;
; numerator15 ; business9   ; 22.095 ; 22.214 ; 22.340 ; 22.459 ;
; numerator15 ; business10  ; 19.289 ; 19.425 ; 19.534 ; 19.670 ;
; numerator15 ; business11  ; 17.020 ; 17.041 ; 17.265 ; 17.286 ;
; numerator15 ; business12  ; 14.590 ; 14.957 ; 14.835 ; 15.202 ;
; numerator15 ; business13  ; 10.375 ; 10.530 ; 10.609 ; 10.775 ;
; numerator15 ; business14  ; 7.655  ;        ;        ; 8.053  ;
; numerator15 ; business15  ; 7.089  ;        ;        ; 7.485  ;
; numerator15 ; remain0     ; 44.795 ; 44.685 ; 45.040 ; 44.930 ;
; numerator15 ; remain1     ; 44.538 ; 44.425 ; 44.783 ; 44.670 ;
; numerator15 ; remain2     ; 44.877 ; 44.772 ; 45.122 ; 45.017 ;
; numerator15 ; remain3     ; 45.087 ; 44.944 ; 45.332 ; 45.189 ;
; numerator15 ; remain4     ; 45.147 ; 44.923 ; 45.392 ; 45.168 ;
; numerator15 ; remain5     ; 44.775 ; 44.663 ; 45.020 ; 44.908 ;
; numerator15 ; remain6     ; 45.180 ; 45.041 ; 45.425 ; 45.286 ;
; numerator15 ; remain7     ; 45.886 ; 45.807 ; 46.131 ; 46.052 ;
+-------------+-------------+--------+--------+--------+--------+


+---------------------------------------------------------------+
; Minimum Propagation Delay                                     ;
+-------------+-------------+--------+--------+--------+--------+
; Input Port  ; Output Port ; RR     ; RF     ; FR     ; FF     ;
+-------------+-------------+--------+--------+--------+--------+
; denom0      ; business0   ; 10.046 ; 9.233  ; 9.264  ; 10.260 ;
; denom0      ; business1   ; 9.380  ; 8.004  ; 8.096  ; 9.506  ;
; denom0      ; business2   ; 9.425  ; 8.405  ; 8.468  ; 9.616  ;
; denom0      ; business3   ; 9.412  ; 8.578  ; 8.598  ; 9.620  ;
; denom0      ; business4   ; 9.605  ; 8.083  ; 8.140  ; 9.744  ;
; denom0      ; business5   ; 9.175  ; 8.073  ; 8.152  ; 9.397  ;
; denom0      ; business6   ; 9.421  ; 7.852  ; 7.973  ; 9.573  ;
; denom0      ; business7   ; 9.302  ; 8.169  ; 8.265  ; 9.447  ;
; denom0      ; business8   ; 9.740  ; 8.318  ; 8.273  ; 9.911  ;
; denom0      ; business9   ; 10.497 ; 9.456  ; 9.362  ; 10.714 ;
; denom0      ; business10  ; 9.843  ; 9.050  ; 8.921  ; 10.166 ;
; denom0      ; business11  ; 11.204 ; 9.320  ; 9.434  ; 11.238 ;
; denom0      ; business12  ; 10.754 ; 10.165 ; 10.070 ; 11.035 ;
; denom0      ; business13  ; 9.514  ; 9.084  ; 9.045  ; 9.736  ;
; denom0      ; business14  ;        ; 7.709  ; 7.712  ;        ;
; denom0      ; business15  ;        ; 7.041  ; 7.043  ;        ;
; denom0      ; remain0     ; 8.083  ; 7.962  ; 8.223  ; 8.055  ;
; denom0      ; remain1     ; 7.913  ; 7.778  ; 8.086  ; 7.922  ;
; denom0      ; remain2     ; 8.305  ; 8.166  ; 8.376  ; 8.266  ;
; denom0      ; remain3     ; 8.801  ; 8.611  ; 8.917  ; 8.756  ;
; denom0      ; remain4     ; 8.965  ; 8.783  ; 9.116  ; 8.924  ;
; denom0      ; remain5     ; 8.525  ; 8.403  ; 8.698  ; 8.548  ;
; denom0      ; remain6     ; 8.838  ; 8.649  ; 8.909  ; 8.749  ;
; denom0      ; remain7     ; 9.555  ; 9.455  ; 9.728  ; 9.599  ;
; denom1      ; business0   ; 10.146 ; 9.515  ; 9.566  ; 10.342 ;
; denom1      ; business1   ; 8.952  ; 8.290  ; 8.403  ; 9.190  ;
; denom1      ; business2   ; 9.878  ; 8.152  ; 8.280  ; 10.033 ;
; denom1      ; business3   ; 9.414  ; 9.246  ; 9.259  ; 9.658  ;
; denom1      ; business4   ; 9.707  ; 8.047  ; 8.154  ; 9.980  ;
; denom1      ; business5   ; 9.438  ; 8.096  ; 8.243  ; 9.664  ;
; denom1      ; business6   ; 9.864  ; 8.115  ; 8.240  ; 9.971  ;
; denom1      ; business7   ; 9.381  ; 8.612  ; 8.663  ; 9.559  ;
; denom1      ; business8   ; 9.871  ; 8.397  ; 8.377  ; 10.130 ;
; denom1      ; business9   ; 10.577 ; 9.553  ; 9.505  ; 10.827 ;
; denom1      ; business10  ; 10.767 ; 9.199  ; 9.111  ; 11.064 ;
; denom1      ; business11  ; 11.915 ; 10.135 ; 10.215 ; 11.975 ;
; denom1      ; business12  ; 11.353 ; 10.787 ; 10.712 ; 11.663 ;
; denom1      ; business13  ; 10.080 ; 9.704  ; 9.684  ; 10.377 ;
; denom1      ; business14  ;        ; 7.963  ; 8.031  ;        ;
; denom1      ; business15  ;        ; 7.223  ; 7.272  ;        ;
; denom1      ; remain0     ; 9.010  ; 8.873  ; 9.198  ; 9.093  ;
; denom1      ; remain1     ; 8.009  ; 7.880  ; 8.146  ; 7.976  ;
; denom1      ; remain2     ; 8.587  ; 8.448  ; 8.678  ; 8.568  ;
; denom1      ; remain3     ; 9.087  ; 8.897  ; 9.224  ; 9.063  ;
; denom1      ; remain4     ; 9.251  ; 9.069  ; 9.418  ; 9.226  ;
; denom1      ; remain5     ; 8.807  ; 8.689  ; 9.000  ; 8.855  ;
; denom1      ; remain6     ; 9.120  ; 8.931  ; 9.211  ; 9.051  ;
; denom1      ; remain7     ; 9.837  ; 9.737  ; 10.030 ; 9.901  ;
; denom2      ; business0   ; 10.005 ; 8.895  ; 8.966  ; 10.149 ;
; denom2      ; business1   ; 9.012  ; 7.923  ; 7.989  ; 9.186  ;
; denom2      ; business2   ; 9.122  ; 8.083  ; 8.144  ; 9.277  ;
; denom2      ; business3   ; 9.253  ; 8.422  ; 8.438  ; 9.436  ;
; denom2      ; business4   ; 9.352  ; 7.886  ; 7.947  ; 9.643  ;
; denom2      ; business5   ; 9.276  ; 7.741  ; 7.874  ; 9.388  ;
; denom2      ; business6   ; 8.705  ; 7.953  ; 8.015  ; 8.890  ;
; denom2      ; business7   ; 8.933  ; 7.728  ; 7.829  ; 9.118  ;
; denom2      ; business8   ; 9.389  ; 7.949  ; 7.936  ; 9.643  ;
; denom2      ; business9   ; 9.880  ; 9.431  ; 9.349  ; 10.160 ;
; denom2      ; business10  ; 9.669  ; 8.542  ; 8.459  ; 10.022 ;
; denom2      ; business11  ; 10.762 ; 9.191  ; 9.313  ; 10.929 ;
; denom2      ; business12  ; 10.402 ; 9.838  ; 9.794  ; 10.761 ;
; denom2      ; business13  ; 9.532  ; 8.757  ; 8.768  ; 9.779  ;
; denom2      ; business14  ;        ; 6.758  ; 6.761  ;        ;
; denom2      ; business15  ;        ; 7.197  ; 7.200  ;        ;
; denom2      ; remain0     ; 8.390  ; 8.253  ; 8.598  ; 8.493  ;
; denom2      ; remain1     ; 8.154  ; 8.011  ; 8.357  ; 8.247  ;
; denom2      ; remain2     ; 7.694  ; 7.581  ; 7.873  ; 7.730  ;
; denom2      ; remain3     ; 8.445  ; 8.286  ; 8.596  ; 8.402  ;
; denom2      ; remain4     ; 8.676  ; 8.486  ; 8.818  ; 8.626  ;
; denom2      ; remain5     ; 8.187  ; 8.073  ; 8.400  ; 8.257  ;
; denom2      ; remain6     ; 8.500  ; 8.311  ; 8.611  ; 8.451  ;
; denom2      ; remain7     ; 9.217  ; 9.117  ; 9.430  ; 9.301  ;
; denom3      ; business0   ; 10.189 ; 9.157  ; 9.192  ; 10.371 ;
; denom3      ; business1   ; 9.057  ; 8.107  ; 8.153  ; 9.217  ;
; denom3      ; business2   ; 9.686  ; 8.226  ; 8.279  ; 9.817  ;
; denom3      ; business3   ; 9.222  ; 9.001  ; 9.001  ; 9.442  ;
; denom3      ; business4   ; 9.694  ; 7.855  ; 7.938  ; 9.876  ;
; denom3      ; business5   ; 9.347  ; 8.269  ; 8.355  ; 9.468  ;
; denom3      ; business6   ; 9.363  ; 8.146  ; 8.223  ; 9.462  ;
; denom3      ; business7   ; 9.013  ; 8.232  ; 8.282  ; 9.231  ;
; denom3      ; business8   ; 9.836  ; 8.136  ; 8.139  ; 10.067 ;
; denom3      ; business9   ; 10.247 ; 9.320  ; 9.254  ; 10.509 ;
; denom3      ; business10  ; 9.591  ; 8.953  ; 8.840  ; 9.938  ;
; denom3      ; business11  ; 11.308 ; 9.115  ; 9.229  ; 11.433 ;
; denom3      ; business12  ; 11.322 ; 10.270 ; 10.171 ; 11.575 ;
; denom3      ; business13  ; 10.649 ; 7.758  ; 7.724  ; 10.825 ;
; denom3      ; business14  ;        ; 7.852  ; 7.815  ;        ;
; denom3      ; business15  ;        ; 8.314  ; 8.246  ;        ;
; denom3      ; remain0     ; 8.652  ; 8.515  ; 8.824  ; 8.719  ;
; denom3      ; remain1     ; 8.416  ; 8.273  ; 8.583  ; 8.473  ;
; denom3      ; remain2     ; 8.671  ; 8.555  ; 8.871  ; 8.742  ;
; denom3      ; remain3     ; 8.595  ; 8.432  ; 8.716  ; 8.512  ;
; denom3      ; remain4     ; 8.882  ; 8.706  ; 8.998  ; 8.781  ;
; denom3      ; remain5     ; 8.449  ; 8.335  ; 8.626  ; 8.483  ;
; denom3      ; remain6     ; 8.762  ; 8.573  ; 8.837  ; 8.677  ;
; denom3      ; remain7     ; 9.479  ; 9.379  ; 9.656  ; 9.527  ;
; denom4      ; business0   ; 10.215 ; 9.340  ; 9.341  ; 10.311 ;
; denom4      ; business1   ; 9.547  ; 8.319  ; 8.337  ; 9.703  ;
; denom4      ; business2   ; 9.352  ; 8.533  ; 8.558  ; 9.491  ;
; denom4      ; business3   ; 9.440  ; 8.657  ; 8.662  ; 9.640  ;
; denom4      ; business4   ; 9.138  ; 8.100  ; 8.160  ; 9.361  ;
; denom4      ; business5   ; 8.759  ; 7.663  ; 7.802  ; 8.932  ;
; denom4      ; business6   ; 9.794  ; 7.604  ; 7.716  ; 9.896  ;
; denom4      ; business7   ; 8.825  ; 8.555  ; 8.579  ; 9.021  ;
; denom4      ; business8   ; 8.986  ; 7.841  ; 7.839  ; 9.249  ;
; denom4      ; business9   ; 9.649  ; 8.688  ; 8.674  ; 9.946  ;
; denom4      ; business10  ; 9.634  ; 8.430  ; 8.347  ; 9.972  ;
; denom4      ; business11  ; 11.025 ; 9.076  ; 9.198  ; 11.317 ;
; denom4      ; business12  ; 11.640 ; 9.121  ; 9.277  ; 12.077 ;
; denom4      ; business13  ; 10.744 ; 8.076  ; 8.226  ; 11.101 ;
; denom4      ; business14  ;        ; 7.938  ; 8.088  ;        ;
; denom4      ; business15  ;        ; 8.409  ; 8.522  ;        ;
; denom4      ; remain0     ; 8.835  ; 8.698  ; 8.973  ; 8.868  ;
; denom4      ; remain1     ; 8.599  ; 8.456  ; 8.732  ; 8.622  ;
; denom4      ; remain2     ; 8.854  ; 8.738  ; 9.020  ; 8.891  ;
; denom4      ; remain3     ; 9.186  ; 9.050  ; 9.258  ; 9.117  ;
; denom4      ; remain4     ; 8.880  ; 8.687  ; 8.982  ; 8.754  ;
; denom4      ; remain5     ; 8.632  ; 8.474  ; 8.773  ; 8.542  ;
; denom4      ; remain6     ; 8.945  ; 8.756  ; 8.986  ; 8.826  ;
; denom4      ; remain7     ; 9.662  ; 9.562  ; 9.805  ; 9.676  ;
; denom5      ; business0   ; 9.566  ; 8.727  ; 8.842  ; 9.789  ;
; denom5      ; business1   ; 8.709  ; 7.670  ; 7.812  ; 8.953  ;
; denom5      ; business2   ; 9.067  ; 7.811  ; 7.939  ; 9.399  ;
; denom5      ; business3   ; 9.039  ; 8.009  ; 8.137  ; 9.309  ;
; denom5      ; business4   ; 9.058  ; 7.715  ; 7.859  ; 9.322  ;
; denom5      ; business5   ; 8.677  ; 7.525  ; 7.737  ; 8.887  ;
; denom5      ; business6   ; 9.177  ; 7.492  ; 7.679  ; 9.452  ;
; denom5      ; business7   ; 8.517  ; 7.755  ; 7.911  ; 8.811  ;
; denom5      ; business8   ; 8.972  ; 7.719  ; 7.798  ; 9.307  ;
; denom5      ; business9   ; 9.639  ; 8.644  ; 8.708  ; 10.014 ;
; denom5      ; business10  ; 9.381  ; 8.310  ; 8.319  ; 9.740  ;
; denom5      ; business11  ; 11.288 ; 7.997  ; 8.097  ; 11.610 ;
; denom5      ; business12  ; 11.903 ; 9.384  ; 9.570  ; 12.370 ;
; denom5      ; business13  ; 11.007 ; 8.339  ; 8.519  ; 11.394 ;
; denom5      ; business14  ;        ; 8.201  ; 8.381  ;        ;
; denom5      ; business15  ;        ; 8.672  ; 8.815  ;        ;
; denom5      ; remain0     ; 8.222  ; 8.085  ; 8.474  ; 8.369  ;
; denom5      ; remain1     ; 7.986  ; 7.843  ; 8.233  ; 8.123  ;
; denom5      ; remain2     ; 8.241  ; 8.125  ; 8.521  ; 8.392  ;
; denom5      ; remain3     ; 8.573  ; 8.437  ; 8.759  ; 8.618  ;
; denom5      ; remain4     ; 8.508  ; 8.370  ; 8.694  ; 8.551  ;
; denom5      ; remain5     ; 7.833  ; 7.725  ; 8.034  ; 7.885  ;
; denom5      ; remain6     ; 8.332  ; 8.143  ; 8.487  ; 8.327  ;
; denom5      ; remain7     ; 9.049  ; 8.949  ; 9.306  ; 9.177  ;
; denom6      ; business0   ; 10.535 ; 9.693  ; 9.771  ; 10.709 ;
; denom6      ; business1   ; 9.819  ; 8.639  ; 8.738  ; 10.044 ;
; denom6      ; business2   ; 9.535  ; 8.805  ; 8.896  ; 9.775  ;
; denom6      ; business3   ; 9.168  ; 8.644  ; 8.751  ; 9.495  ;
; denom6      ; business4   ; 9.768  ; 8.074  ; 8.229  ; 9.974  ;
; denom6      ; business5   ; 9.206  ; 8.098  ; 8.255  ; 9.482  ;
; denom6      ; business6   ; 9.536  ; 7.883  ; 8.058  ; 9.785  ;
; denom6      ; business7   ; 8.884  ; 8.114  ; 8.244  ; 9.159  ;
; denom6      ; business8   ; 9.446  ; 8.045  ; 8.103  ; 9.795  ;
; denom6      ; business9   ; 9.712  ; 9.198  ; 9.229  ; 10.105 ;
; denom6      ; business10  ; 10.285 ; 7.779  ; 7.845  ; 10.643 ;
; denom6      ; business11  ; 11.642 ; 8.901  ; 9.000  ; 11.975 ;
; denom6      ; business12  ; 12.257 ; 9.738  ; 9.935  ; 12.735 ;
; denom6      ; business13  ; 11.361 ; 8.693  ; 8.884  ; 11.759 ;
; denom6      ; business14  ;        ; 8.555  ; 8.746  ;        ;
; denom6      ; business15  ;        ; 9.026  ; 9.180  ;        ;
; denom6      ; remain0     ; 9.188  ; 9.051  ; 9.403  ; 9.298  ;
; denom6      ; remain1     ; 8.952  ; 8.809  ; 9.162  ; 9.052  ;
; denom6      ; remain2     ; 9.207  ; 9.091  ; 9.450  ; 9.321  ;
; denom6      ; remain3     ; 9.539  ; 9.403  ; 9.688  ; 9.547  ;
; denom6      ; remain4     ; 9.474  ; 9.336  ; 9.623  ; 9.480  ;
; denom6      ; remain5     ; 9.173  ; 9.033  ; 9.386  ; 9.278  ;
; denom6      ; remain6     ; 9.023  ; 8.865  ; 9.202  ; 9.009  ;
; denom6      ; remain7     ; 10.015 ; 9.915  ; 10.235 ; 10.106 ;
; denom7      ; business0   ; 10.089 ; 8.868  ; 8.908  ; 10.241 ;
; denom7      ; business1   ; 8.920  ; 7.625  ; 7.711  ; 9.071  ;
; denom7      ; business2   ; 9.048  ; 8.028  ; 8.085  ; 9.260  ;
; denom7      ; business3   ; 9.206  ; 8.176  ; 8.235  ; 9.445  ;
; denom7      ; business4   ; 9.748  ; 7.938  ; 8.000  ; 9.839  ;
; denom7      ; business5   ; 8.599  ; 7.922  ; 8.018  ; 8.756  ;
; denom7      ; business6   ; 8.703  ; 7.399  ; 7.518  ; 8.872  ;
; denom7      ; business7   ; 8.689  ; 7.467  ; 7.579  ; 8.808  ;
; denom7      ; business8   ; 8.253  ; 7.881  ; 7.825  ; 8.514  ;
; denom7      ; business9   ; 9.723  ; 7.830  ; 7.833  ; 9.996  ;
; denom7      ; business10  ; 9.839  ; 7.790  ; 7.736  ; 10.168 ;
; denom7      ; business11  ; 11.393 ; 8.455  ; 8.525  ; 11.664 ;
; denom7      ; business12  ; 12.008 ; 9.489  ; 9.624  ; 12.424 ;
; denom7      ; business13  ; 11.112 ; 8.444  ; 8.573  ; 11.448 ;
; denom7      ; business14  ;        ; 8.306  ; 8.435  ;        ;
; denom7      ; business15  ;        ; 8.777  ; 8.869  ;        ;
; denom7      ; remain0     ; 8.363  ; 8.226  ; 8.540  ; 8.435  ;
; denom7      ; remain1     ; 8.127  ; 7.984  ; 8.299  ; 8.189  ;
; denom7      ; remain2     ; 8.382  ; 8.266  ; 8.587  ; 8.458  ;
; denom7      ; remain3     ; 8.714  ; 8.578  ; 8.825  ; 8.684  ;
; denom7      ; remain4     ; 8.649  ; 8.511  ; 8.760  ; 8.617  ;
; denom7      ; remain5     ; 8.348  ; 8.208  ; 8.523  ; 8.415  ;
; denom7      ; remain6     ; 8.743  ; 8.575  ; 8.915  ; 8.780  ;
; denom7      ; remain7     ; 9.002  ; 8.906  ; 9.137  ; 9.001  ;
; numerator0  ; business0   ; 8.864  ;        ;        ; 9.080  ;
; numerator0  ; remain0     ; 7.115  ; 7.721  ; 7.979  ; 7.101  ;
; numerator0  ; remain1     ; 7.686  ; 7.522  ; 7.760  ; 7.625  ;
; numerator0  ; remain2     ; 7.976  ; 7.866  ; 8.152  ; 8.013  ;
; numerator0  ; remain3     ; 8.630  ; 8.432  ; 8.704  ; 8.535  ;
; numerator0  ; remain4     ; 8.716  ; 8.524  ; 8.861  ; 8.671  ;
; numerator0  ; remain5     ; 8.298  ; 8.155  ; 8.372  ; 8.258  ;
; numerator0  ; remain6     ; 8.509  ; 8.349  ; 8.685  ; 8.496  ;
; numerator0  ; remain7     ; 9.328  ; 9.199  ; 9.402  ; 9.302  ;
; numerator1  ; business0   ; 9.008  ; 9.728  ; 9.896  ; 9.271  ;
; numerator1  ; business1   ; 7.541  ;        ;        ; 7.854  ;
; numerator1  ; remain0     ; 8.640  ; 8.535  ; 8.766  ; 8.629  ;
; numerator1  ; remain1     ; 7.230  ; 7.422  ; 7.736  ; 7.265  ;
; numerator1  ; remain2     ; 8.120  ; 8.006  ; 8.343  ; 8.204  ;
; numerator1  ; remain3     ; 8.362  ; 8.201  ; 8.651  ; 8.461  ;
; numerator1  ; remain4     ; 8.628  ; 8.417  ; 8.815  ; 8.633  ;
; numerator1  ; remain5     ; 8.191  ; 7.993  ; 8.480  ; 8.253  ;
; numerator1  ; remain6     ; 8.653  ; 8.493  ; 8.876  ; 8.687  ;
; numerator1  ; remain7     ; 9.472  ; 9.343  ; 9.593  ; 9.493  ;
; numerator2  ; business0   ; 8.389  ; 8.757  ; 8.815  ; 8.536  ;
; numerator2  ; business1   ; 6.814  ; 7.420  ; 7.618  ; 6.988  ;
; numerator2  ; business2   ; 6.316  ;        ;        ; 6.632  ;
; numerator2  ; remain0     ; 8.021  ; 7.916  ; 8.031  ; 7.894  ;
; numerator2  ; remain1     ; 7.780  ; 7.670  ; 7.795  ; 7.652  ;
; numerator2  ; remain2     ; 6.886  ; 7.035  ; 7.312  ; 6.814  ;
; numerator2  ; remain3     ; 7.635  ; 7.474  ; 7.785  ; 7.595  ;
; numerator2  ; remain4     ; 7.727  ; 7.530  ; 7.949  ; 7.767  ;
; numerator2  ; remain5     ; 7.464  ; 7.266  ; 7.614  ; 7.387  ;
; numerator2  ; remain6     ; 8.034  ; 7.874  ; 8.141  ; 7.952  ;
; numerator2  ; remain7     ; 8.853  ; 8.714  ; 8.858  ; 8.758  ;
; numerator3  ; business0   ; 9.132  ; 9.273  ; 9.422  ; 9.155  ;
; numerator3  ; business1   ; 7.206  ; 7.648  ; 7.764  ; 7.340  ;
; numerator3  ; business2   ; 6.783  ; 7.324  ; 7.424  ; 6.993  ;
; numerator3  ; business3   ; 6.275  ;        ;        ; 6.577  ;
; numerator3  ; remain0     ; 8.764  ; 8.631  ; 8.650  ; 8.513  ;
; numerator3  ; remain1     ; 8.276  ; 8.117  ; 8.290  ; 8.099  ;
; numerator3  ; remain2     ; 8.467  ; 8.203  ; 8.483  ; 8.272  ;
; numerator3  ; remain3     ; 7.527  ; 7.680  ; 7.897  ; 7.408  ;
; numerator3  ; remain4     ; 7.913  ; 7.629  ; 8.038  ; 7.783  ;
; numerator3  ; remain5     ; 7.856  ; 7.588  ; 7.966  ; 7.739  ;
; numerator3  ; remain6     ; 8.560  ; 8.308  ; 8.568  ; 8.345  ;
; numerator3  ; remain7     ; 9.229  ; 8.955  ; 9.379  ; 9.153  ;
; numerator4  ; business0   ; 11.754 ; 11.851 ; 12.217 ; 11.856 ;
; numerator4  ; business1   ; 10.008 ; 10.224 ; 10.488 ; 10.135 ;
; numerator4  ; business2   ; 9.556  ; 9.929  ; 10.036 ; 9.764  ;
; numerator4  ; business3   ; 9.124  ; 9.670  ; 9.876  ; 9.404  ;
; numerator4  ; business4   ; 8.166  ;        ;        ; 8.509  ;
; numerator4  ; remain0     ; 11.346 ; 11.209 ; 11.351 ; 11.214 ;
; numerator4  ; remain1     ; 11.078 ; 10.919 ; 11.085 ; 10.894 ;
; numerator4  ; remain2     ; 11.246 ; 10.976 ; 11.278 ; 11.043 ;
; numerator4  ; remain3     ; 11.362 ; 11.118 ; 11.424 ; 11.185 ;
; numerator4  ; remain4     ; 10.170 ; 10.234 ; 10.650 ; 10.069 ;
; numerator4  ; remain5     ; 10.658 ; 10.437 ; 10.761 ; 10.534 ;
; numerator4  ; remain6     ; 11.090 ; 10.750 ; 11.363 ; 11.005 ;
; numerator4  ; remain7     ; 12.071 ; 11.804 ; 12.174 ; 11.980 ;
; numerator5  ; business0   ; 12.582 ; 12.489 ; 12.810 ; 12.581 ;
; numerator5  ; business1   ; 10.939 ; 10.862 ; 11.194 ; 10.963 ;
; numerator5  ; business2   ; 10.474 ; 10.683 ; 10.874 ; 10.576 ;
; numerator5  ; business3   ; 9.929  ; 10.308 ; 10.458 ; 10.135 ;
; numerator5  ; business4   ; 8.804  ; 9.482  ; 9.689  ; 9.091  ;
; numerator5  ; business5   ; 7.813  ;        ;        ; 8.116  ;
; numerator5  ; remain0     ; 11.984 ; 11.847 ; 12.076 ; 11.939 ;
; numerator5  ; remain1     ; 11.748 ; 11.605 ; 11.840 ; 11.697 ;
; numerator5  ; remain2     ; 12.003 ; 11.827 ; 12.095 ; 11.855 ;
; numerator5  ; remain3     ; 12.160 ; 11.992 ; 12.236 ; 11.997 ;
; numerator5  ; remain4     ; 11.984 ; 11.692 ; 12.090 ; 11.793 ;
; numerator5  ; remain5     ; 11.069 ; 11.058 ; 11.349 ; 10.812 ;
; numerator5  ; remain6     ; 11.728 ; 11.388 ; 11.956 ; 11.587 ;
; numerator5  ; remain7     ; 12.833 ; 12.609 ; 12.903 ; 12.711 ;
; numerator6  ; business0   ; 13.154 ; 13.204 ; 13.357 ; 13.071 ;
; numerator6  ; business1   ; 11.542 ; 11.577 ; 11.860 ; 11.490 ;
; numerator6  ; business2   ; 11.394 ; 11.244 ; 11.674 ; 11.495 ;
; numerator6  ; business3   ; 10.930 ; 10.839 ; 11.163 ; 11.046 ;
; numerator6  ; business4   ; 9.878  ; 9.960  ; 10.248 ; 9.993  ;
; numerator6  ; business5   ; 8.805  ; 9.146  ; 9.342  ; 8.970  ;
; numerator6  ; business6   ; 7.722  ;        ;        ; 8.019  ;
; numerator6  ; remain0     ; 12.699 ; 12.562 ; 12.566 ; 12.429 ;
; numerator6  ; remain1     ; 12.463 ; 12.320 ; 12.330 ; 12.187 ;
; numerator6  ; remain2     ; 12.718 ; 12.523 ; 12.585 ; 12.455 ;
; numerator6  ; remain3     ; 12.875 ; 12.665 ; 12.788 ; 12.620 ;
; numerator6  ; remain4     ; 12.758 ; 12.527 ; 12.689 ; 12.516 ;
; numerator6  ; remain5     ; 12.592 ; 12.366 ; 12.505 ; 12.300 ;
; numerator6  ; remain6     ; 12.300 ; 12.200 ; 12.436 ; 11.948 ;
; numerator6  ; remain7     ; 13.605 ; 13.442 ; 13.393 ; 13.293 ;
; numerator7  ; business0   ; 13.595 ; 13.640 ; 13.806 ; 13.500 ;
; numerator7  ; business1   ; 11.901 ; 12.013 ; 12.227 ; 11.875 ;
; numerator7  ; business2   ; 11.554 ; 11.738 ; 11.880 ; 11.578 ;
; numerator7  ; business3   ; 11.013 ; 11.355 ; 11.495 ; 11.150 ;
; numerator7  ; business4   ; 9.955  ; 10.334 ; 10.667 ; 10.128 ;
; numerator7  ; business5   ; 9.320  ; 9.509  ; 9.827  ; 9.477  ;
; numerator7  ; business6   ; 8.560  ; 8.945  ; 9.210  ; 8.778  ;
; numerator7  ; business7   ; 7.637  ;        ;        ; 7.958  ;
; numerator7  ; remain0     ; 13.135 ; 12.998 ; 12.995 ; 12.858 ;
; numerator7  ; remain1     ; 12.899 ; 12.756 ; 12.759 ; 12.616 ;
; numerator7  ; remain2     ; 13.154 ; 12.974 ; 13.014 ; 12.840 ;
; numerator7  ; remain3     ; 13.311 ; 13.116 ; 13.173 ; 12.999 ;
; numerator7  ; remain4     ; 13.135 ; 12.843 ; 13.074 ; 12.830 ;
; numerator7  ; remain5     ; 13.028 ; 12.816 ; 12.890 ; 12.685 ;
; numerator7  ; remain6     ; 13.455 ; 13.141 ; 13.375 ; 13.129 ;
; numerator7  ; remain7     ; 13.463 ; 13.507 ; 13.615 ; 13.182 ;
; numerator8  ; business0   ; 14.457 ; 14.476 ; 14.638 ; 14.197 ;
; numerator8  ; business1   ; 12.828 ; 12.849 ; 13.009 ; 12.570 ;
; numerator8  ; business2   ; 13.061 ; 12.904 ; 12.977 ; 12.937 ;
; numerator8  ; business3   ; 12.340 ; 12.352 ; 12.513 ; 12.239 ;
; numerator8  ; business4   ; 11.171 ; 11.144 ; 11.522 ; 11.146 ;
; numerator8  ; business5   ; 10.348 ; 10.506 ; 10.761 ; 10.335 ;
; numerator8  ; business6   ; 9.592  ; 9.942  ; 10.144 ; 9.711  ;
; numerator8  ; business7   ; 8.827  ; 9.202  ; 9.404  ; 8.992  ;
; numerator8  ; business8   ; 8.020  ;        ;        ; 8.420  ;
; numerator8  ; remain0     ; 13.971 ; 13.834 ; 13.692 ; 13.555 ;
; numerator8  ; remain1     ; 13.735 ; 13.592 ; 13.456 ; 13.313 ;
; numerator8  ; remain2     ; 13.990 ; 13.814 ; 13.711 ; 13.535 ;
; numerator8  ; remain3     ; 14.147 ; 13.979 ; 13.868 ; 13.700 ;
; numerator8  ; remain4     ; 14.048 ; 13.846 ; 13.769 ; 13.596 ;
; numerator8  ; remain5     ; 13.864 ; 13.659 ; 13.585 ; 13.380 ;
; numerator8  ; remain6     ; 14.351 ; 14.145 ; 14.072 ; 13.904 ;
; numerator8  ; remain7     ; 15.068 ; 14.961 ; 14.789 ; 14.682 ;
; numerator9  ; business0   ; 15.220 ; 15.139 ; 15.041 ; 14.927 ;
; numerator9  ; business1   ; 13.187 ; 13.377 ; 13.298 ; 12.917 ;
; numerator9  ; business2   ; 12.770 ; 12.836 ; 12.761 ; 12.576 ;
; numerator9  ; business3   ; 12.034 ; 12.411 ; 12.225 ; 11.951 ;
; numerator9  ; business4   ; 10.957 ; 11.253 ; 11.563 ; 10.930 ;
; numerator9  ; business5   ; 10.117 ; 10.660 ; 10.723 ; 10.105 ;
; numerator9  ; business6   ; 9.500  ; 10.096 ; 10.164 ; 9.541  ;
; numerator9  ; business7   ; 9.049  ; 9.597  ; 9.664  ; 9.152  ;
; numerator9  ; business8   ; 8.415  ; 9.249  ; 9.335  ; 8.680  ;
; numerator9  ; business9   ; 8.634  ;        ;        ; 9.002  ;
; numerator9  ; remain0     ; 14.634 ; 14.497 ; 14.422 ; 14.285 ;
; numerator9  ; remain1     ; 14.257 ; 14.098 ; 13.867 ; 13.676 ;
; numerator9  ; remain2     ; 14.380 ; 14.115 ; 14.060 ; 13.855 ;
; numerator9  ; remain3     ; 14.461 ; 14.209 ; 14.209 ; 13.924 ;
; numerator9  ; remain4     ; 14.137 ; 13.845 ; 13.957 ; 13.632 ;
; numerator9  ; remain5     ; 14.236 ; 13.949 ; 13.932 ; 13.665 ;
; numerator9  ; remain6     ; 14.457 ; 14.143 ; 14.278 ; 13.931 ;
; numerator9  ; remain7     ; 15.460 ; 15.211 ; 15.209 ; 14.927 ;
; numerator10 ; business0   ; 15.621 ; 15.507 ; 15.846 ; 15.732 ;
; numerator10 ; business1   ; 13.992 ; 13.880 ; 14.217 ; 14.105 ;
; numerator10 ; business2   ; 13.516 ; 13.595 ; 13.711 ; 13.371 ;
; numerator10 ; business3   ; 13.052 ; 13.124 ; 13.247 ; 12.996 ;
; numerator10 ; business4   ; 11.632 ; 11.510 ; 11.886 ; 11.735 ;
; numerator10 ; business5   ; 11.162 ; 10.998 ; 11.416 ; 11.223 ;
; numerator10 ; business6   ; 10.627 ; 10.901 ; 11.081 ; 10.692 ;
; numerator10 ; business7   ; 9.852  ; 10.232 ; 10.453 ; 9.969  ;
; numerator10 ; business8   ; 9.134  ; 9.837  ; 9.914  ; 9.469  ;
; numerator10 ; business9   ; 9.211  ; 10.372 ; 10.459 ; 9.615  ;
; numerator10 ; business10  ; 8.526  ;        ;        ; 8.977  ;
; numerator10 ; remain0     ; 15.002 ; 14.865 ; 15.227 ; 15.090 ;
; numerator10 ; remain1     ; 14.766 ; 14.623 ; 14.991 ; 14.848 ;
; numerator10 ; remain2     ; 15.021 ; 14.845 ; 14.915 ; 14.650 ;
; numerator10 ; remain3     ; 15.178 ; 15.010 ; 15.031 ; 14.792 ;
; numerator10 ; remain4     ; 14.537 ; 14.212 ; 14.762 ; 14.437 ;
; numerator10 ; remain5     ; 14.895 ; 14.575 ; 14.771 ; 14.493 ;
; numerator10 ; remain6     ; 14.858 ; 14.511 ; 15.083 ; 14.736 ;
; numerator10 ; remain7     ; 15.956 ; 15.829 ; 16.060 ; 15.821 ;
; numerator11 ; business0   ; 16.231 ; 16.117 ; 16.416 ; 16.302 ;
; numerator11 ; business1   ; 14.602 ; 14.490 ; 14.787 ; 14.675 ;
; numerator11 ; business2   ; 14.224 ; 14.205 ; 14.409 ; 14.390 ;
; numerator11 ; business3   ; 13.665 ; 13.734 ; 13.850 ; 13.919 ;
; numerator11 ; business4   ; 12.316 ; 12.120 ; 12.472 ; 12.305 ;
; numerator11 ; business5   ; 11.846 ; 11.608 ; 12.002 ; 11.793 ;
; numerator11 ; business6   ; 11.742 ; 11.511 ; 11.898 ; 11.696 ;
; numerator11 ; business7   ; 10.890 ; 11.054 ; 11.345 ; 10.875 ;
; numerator11 ; business8   ; 10.352 ; 10.567 ; 10.685 ; 10.500 ;
; numerator11 ; business9   ; 10.347 ; 10.980 ; 11.057 ; 10.607 ;
; numerator11 ; business10  ; 9.348  ; 10.154 ; 10.179 ; 9.708  ;
; numerator11 ; business11  ; 9.345  ;        ;        ; 9.615  ;
; numerator11 ; remain0     ; 15.612 ; 15.475 ; 15.797 ; 15.660 ;
; numerator11 ; remain1     ; 15.376 ; 15.233 ; 15.561 ; 15.418 ;
; numerator11 ; remain2     ; 15.631 ; 15.455 ; 15.816 ; 15.640 ;
; numerator11 ; remain3     ; 15.788 ; 15.620 ; 15.973 ; 15.805 ;
; numerator11 ; remain4     ; 15.147 ; 14.822 ; 15.332 ; 15.007 ;
; numerator11 ; remain5     ; 15.505 ; 15.185 ; 15.690 ; 15.370 ;
; numerator11 ; remain6     ; 15.468 ; 15.121 ; 15.653 ; 15.306 ;
; numerator11 ; remain7     ; 16.566 ; 16.439 ; 16.751 ; 16.624 ;
; numerator12 ; business0   ; 14.804 ; 14.690 ; 14.598 ; 14.484 ;
; numerator12 ; business1   ; 13.175 ; 13.063 ; 12.969 ; 12.857 ;
; numerator12 ; business2   ; 12.797 ; 12.778 ; 12.591 ; 12.572 ;
; numerator12 ; business3   ; 12.238 ; 12.307 ; 12.032 ; 12.101 ;
; numerator12 ; business4   ; 10.565 ; 10.693 ; 11.101 ; 10.487 ;
; numerator12 ; business5   ; 10.095 ; 10.181 ; 10.631 ; 9.975  ;
; numerator12 ; business6   ; 9.991  ; 10.084 ; 10.527 ; 9.878  ;
; numerator12 ; business7   ; 9.520  ; 9.513  ; 9.918  ; 9.448  ;
; numerator12 ; business8   ; 8.778  ; 9.140  ; 9.314  ; 8.934  ;
; numerator12 ; business9   ; 9.269  ; 9.566  ; 9.719  ; 9.451  ;
; numerator12 ; business10  ; 8.528  ; 8.716  ; 8.820  ; 8.803  ;
; numerator12 ; business11  ; 8.300  ; 8.657  ; 8.924  ; 8.451  ;
; numerator12 ; business12  ; 7.423  ;        ;        ; 7.836  ;
; numerator12 ; remain0     ; 14.185 ; 14.048 ; 13.979 ; 13.842 ;
; numerator12 ; remain1     ; 13.949 ; 13.806 ; 13.743 ; 13.600 ;
; numerator12 ; remain2     ; 14.204 ; 14.028 ; 13.998 ; 13.822 ;
; numerator12 ; remain3     ; 14.361 ; 14.193 ; 14.155 ; 13.987 ;
; numerator12 ; remain4     ; 13.720 ; 13.395 ; 13.514 ; 13.189 ;
; numerator12 ; remain5     ; 14.078 ; 13.695 ; 13.872 ; 13.552 ;
; numerator12 ; remain6     ; 14.041 ; 13.694 ; 13.835 ; 13.488 ;
; numerator12 ; remain7     ; 15.139 ; 14.950 ; 14.933 ; 14.806 ;
; numerator13 ; business0   ; 16.024 ; 15.910 ; 16.146 ; 16.032 ;
; numerator13 ; business1   ; 14.395 ; 14.283 ; 14.517 ; 14.405 ;
; numerator13 ; business2   ; 14.017 ; 13.998 ; 14.139 ; 14.120 ;
; numerator13 ; business3   ; 13.458 ; 13.513 ; 13.580 ; 13.649 ;
; numerator13 ; business4   ; 12.067 ; 11.913 ; 12.181 ; 12.035 ;
; numerator13 ; business5   ; 11.491 ; 11.401 ; 11.711 ; 11.314 ;
; numerator13 ; business6   ; 10.832 ; 10.399 ; 10.961 ; 10.557 ;
; numerator13 ; business7   ; 9.793  ; 9.639  ; 10.122 ; 9.786  ;
; numerator13 ; business8   ; 9.269  ; 9.455  ; 9.744  ; 9.407  ;
; numerator13 ; business9   ; 9.377  ; 9.728  ; 9.901  ; 9.595  ;
; numerator13 ; business10  ; 8.413  ; 8.842  ; 8.904  ; 8.727  ;
; numerator13 ; business11  ; 8.441  ; 8.836  ; 9.046  ; 8.619  ;
; numerator13 ; business12  ; 7.834  ; 8.439  ; 8.439  ; 8.222  ;
; numerator13 ; business13  ; 6.383  ;        ;        ; 6.720  ;
; numerator13 ; remain0     ; 15.405 ; 15.268 ; 15.527 ; 15.390 ;
; numerator13 ; remain1     ; 15.169 ; 15.026 ; 15.291 ; 15.148 ;
; numerator13 ; remain2     ; 15.424 ; 15.248 ; 15.546 ; 15.370 ;
; numerator13 ; remain3     ; 15.581 ; 15.413 ; 15.703 ; 15.535 ;
; numerator13 ; remain4     ; 14.940 ; 14.615 ; 15.062 ; 14.737 ;
; numerator13 ; remain5     ; 15.298 ; 14.978 ; 15.420 ; 15.100 ;
; numerator13 ; remain6     ; 15.261 ; 14.914 ; 15.383 ; 15.036 ;
; numerator13 ; remain7     ; 16.326 ; 15.893 ; 16.473 ; 16.040 ;
; numerator14 ; business0   ; 18.849 ; 18.624 ; 19.003 ; 18.778 ;
; numerator14 ; business1   ; 17.220 ; 16.997 ; 17.374 ; 17.151 ;
; numerator14 ; business2   ; 16.842 ; 16.760 ; 16.996 ; 16.914 ;
; numerator14 ; business3   ; 16.264 ; 16.101 ; 16.418 ; 16.255 ;
; numerator14 ; business4   ; 14.884 ; 14.738 ; 15.038 ; 14.892 ;
; numerator14 ; business5   ; 14.310 ; 14.226 ; 14.464 ; 14.380 ;
; numerator14 ; business6   ; 13.434 ; 12.987 ; 13.588 ; 13.141 ;
; numerator14 ; business7   ; 12.607 ; 12.227 ; 12.798 ; 12.381 ;
; numerator14 ; business8   ; 12.229 ; 12.043 ; 12.420 ; 12.197 ;
; numerator14 ; business9   ; 12.464 ; 12.367 ; 12.655 ; 12.521 ;
; numerator14 ; business10  ; 11.389 ; 11.430 ; 11.580 ; 11.584 ;
; numerator14 ; business11  ; 11.602 ; 11.510 ; 11.793 ; 11.664 ;
; numerator14 ; business12  ; 11.040 ; 11.198 ; 11.231 ; 11.352 ;
; numerator14 ; business13  ; 9.591  ; 9.695  ; 9.782  ; 9.849  ;
; numerator14 ; business14  ; 7.669  ;        ;        ; 7.972  ;
; numerator14 ; remain0     ; 18.119 ; 17.982 ; 18.273 ; 18.136 ;
; numerator14 ; remain1     ; 17.883 ; 17.740 ; 18.037 ; 17.894 ;
; numerator14 ; remain2     ; 18.138 ; 17.962 ; 18.292 ; 18.116 ;
; numerator14 ; remain3     ; 18.295 ; 18.074 ; 18.449 ; 18.228 ;
; numerator14 ; remain4     ; 17.765 ; 17.440 ; 17.919 ; 17.594 ;
; numerator14 ; remain5     ; 18.012 ; 17.803 ; 18.166 ; 17.957 ;
; numerator14 ; remain6     ; 18.086 ; 17.739 ; 18.240 ; 17.893 ;
; numerator14 ; remain7     ; 18.914 ; 18.481 ; 19.068 ; 18.635 ;
; numerator15 ; business0   ; 18.792 ; 18.678 ; 18.950 ; 18.784 ;
; numerator15 ; business1   ; 17.163 ; 17.051 ; 17.321 ; 17.157 ;
; numerator15 ; business2   ; 16.785 ; 16.766 ; 16.943 ; 16.920 ;
; numerator15 ; business3   ; 16.226 ; 16.295 ; 16.384 ; 16.261 ;
; numerator15 ; business4   ; 14.876 ; 14.681 ; 14.875 ; 14.839 ;
; numerator15 ; business5   ; 14.406 ; 14.169 ; 14.405 ; 14.327 ;
; numerator15 ; business6   ; 13.652 ; 13.205 ; 13.854 ; 13.442 ;
; numerator15 ; business7   ; 12.381 ; 12.445 ; 12.896 ; 12.387 ;
; numerator15 ; business8   ; 11.945 ; 12.227 ; 12.460 ; 12.093 ;
; numerator15 ; business9   ; 11.975 ; 12.353 ; 12.490 ; 12.219 ;
; numerator15 ; business10  ; 11.345 ; 11.648 ; 11.851 ; 11.596 ;
; numerator15 ; business11  ; 11.318 ; 11.636 ; 11.833 ; 11.502 ;
; numerator15 ; business12  ; 10.712 ; 11.239 ; 11.227 ; 11.105 ;
; numerator15 ; business13  ; 9.192  ; 9.913  ; 10.053 ; 9.543  ;
; numerator15 ; business14  ; 7.356  ;        ;        ; 7.740  ;
; numerator15 ; business15  ; 6.813  ;        ;        ; 7.197  ;
; numerator15 ; remain0     ; 18.173 ; 18.036 ; 18.279 ; 18.142 ;
; numerator15 ; remain1     ; 17.937 ; 17.794 ; 18.043 ; 17.900 ;
; numerator15 ; remain2     ; 18.192 ; 18.016 ; 18.298 ; 18.122 ;
; numerator15 ; remain3     ; 18.349 ; 18.181 ; 18.455 ; 18.234 ;
; numerator15 ; remain4     ; 17.708 ; 17.383 ; 17.866 ; 17.541 ;
; numerator15 ; remain5     ; 18.066 ; 17.746 ; 18.172 ; 17.904 ;
; numerator15 ; remain6     ; 18.029 ; 17.682 ; 18.187 ; 17.840 ;
; numerator15 ; remain7     ; 19.127 ; 18.699 ; 19.074 ; 18.641 ;
+-------------+-------------+--------+--------+--------+--------+


-----------------------------------------------
; Slow 1200mV -40C Model Metastability Report ;
-----------------------------------------------
No synchronizer chains to report.


----------------------------------------
; Fast 1200mV -40C Model Setup Summary ;
----------------------------------------
No paths to report.


---------------------------------------
; Fast 1200mV -40C Model Hold Summary ;
---------------------------------------
No paths to report.


-------------------------------------------
; Fast 1200mV -40C Model Recovery Summary ;
-------------------------------------------
No paths to report.


------------------------------------------
; Fast 1200mV -40C Model Removal Summary ;
------------------------------------------
No paths to report.


------------------------------------------------------
; Fast 1200mV -40C Model Minimum Pulse Width Summary ;
------------------------------------------------------
No paths to report.


+---------------------------------------------------------------+
; Propagation Delay                                             ;
+-------------+-------------+--------+--------+--------+--------+
; Input Port  ; Output Port ; RR     ; RF     ; FR     ; FF     ;
+-------------+-------------+--------+--------+--------+--------+
; denom0      ; business0   ; 24.392 ; 24.353 ; 25.005 ; 24.966 ;
; denom0      ; business1   ; 22.453 ; 22.408 ; 23.066 ; 23.021 ;
; denom0      ; business2   ; 21.520 ; 21.394 ; 22.133 ; 22.007 ;
; denom0      ; business3   ; 20.236 ; 20.080 ; 20.849 ; 20.693 ;
; denom0      ; business4   ; 18.745 ; 18.665 ; 19.358 ; 19.278 ;
; denom0      ; business5   ; 17.187 ; 17.043 ; 17.800 ; 17.656 ;
; denom0      ; business6   ; 15.484 ; 15.384 ; 16.097 ; 15.997 ;
; denom0      ; business7   ; 14.072 ; 14.078 ; 14.685 ; 14.691 ;
; denom0      ; business8   ; 12.799 ; 12.754 ; 13.412 ; 13.367 ;
; denom0      ; business9   ; 12.184 ; 12.063 ; 12.797 ; 12.676 ;
; denom0      ; business10  ; 10.703 ; 10.636 ; 11.316 ; 11.249 ;
; denom0      ; business11  ; 9.802  ; 9.734  ; 10.415 ; 10.347 ;
; denom0      ; business12  ; 8.620  ; 8.568  ; 9.233  ; 9.181  ;
; denom0      ; business13  ; 6.048  ; 5.979  ; 6.661  ; 6.616  ;
; denom0      ; business14  ;        ; 4.519  ; 5.205  ;        ;
; denom0      ; business15  ;        ; 4.157  ; 4.798  ;        ;
; denom0      ; remain0     ; 23.848 ; 23.917 ; 24.461 ; 24.530 ;
; denom0      ; remain1     ; 23.699 ; 23.765 ; 24.312 ; 24.378 ;
; denom0      ; remain2     ; 23.886 ; 23.946 ; 24.499 ; 24.559 ;
; denom0      ; remain3     ; 24.027 ; 24.105 ; 24.640 ; 24.718 ;
; denom0      ; remain4     ; 24.023 ; 24.145 ; 24.636 ; 24.758 ;
; denom0      ; remain5     ; 23.837 ; 23.907 ; 24.450 ; 24.520 ;
; denom0      ; remain6     ; 24.050 ; 24.165 ; 24.663 ; 24.778 ;
; denom0      ; remain7     ; 24.685 ; 24.834 ; 25.298 ; 25.447 ;
; denom1      ; business0   ; 24.560 ; 24.521 ; 25.228 ; 25.189 ;
; denom1      ; business1   ; 22.621 ; 22.576 ; 23.289 ; 23.244 ;
; denom1      ; business2   ; 21.688 ; 21.562 ; 22.356 ; 22.230 ;
; denom1      ; business3   ; 20.404 ; 20.248 ; 21.072 ; 20.916 ;
; denom1      ; business4   ; 18.913 ; 18.833 ; 19.581 ; 19.501 ;
; denom1      ; business5   ; 17.355 ; 17.211 ; 18.023 ; 17.879 ;
; denom1      ; business6   ; 15.652 ; 15.552 ; 16.320 ; 16.220 ;
; denom1      ; business7   ; 14.240 ; 14.246 ; 14.908 ; 14.914 ;
; denom1      ; business8   ; 12.967 ; 12.922 ; 13.635 ; 13.590 ;
; denom1      ; business9   ; 12.352 ; 12.231 ; 13.020 ; 12.899 ;
; denom1      ; business10  ; 10.871 ; 10.804 ; 11.539 ; 11.472 ;
; denom1      ; business11  ; 9.970  ; 9.902  ; 10.638 ; 10.570 ;
; denom1      ; business12  ; 8.788  ; 8.736  ; 9.456  ; 9.404  ;
; denom1      ; business13  ; 6.216  ; 6.171  ; 6.884  ; 6.839  ;
; denom1      ; business14  ;        ; 4.711  ; 5.428  ;        ;
; denom1      ; business15  ;        ; 4.272  ; 4.928  ;        ;
; denom1      ; remain0     ; 24.016 ; 24.085 ; 24.684 ; 24.753 ;
; denom1      ; remain1     ; 23.867 ; 23.933 ; 24.535 ; 24.601 ;
; denom1      ; remain2     ; 24.054 ; 24.114 ; 24.722 ; 24.782 ;
; denom1      ; remain3     ; 24.195 ; 24.273 ; 24.863 ; 24.941 ;
; denom1      ; remain4     ; 24.191 ; 24.313 ; 24.859 ; 24.981 ;
; denom1      ; remain5     ; 24.005 ; 24.075 ; 24.673 ; 24.743 ;
; denom1      ; remain6     ; 24.218 ; 24.333 ; 24.886 ; 25.001 ;
; denom1      ; remain7     ; 24.853 ; 25.002 ; 25.521 ; 25.670 ;
; denom2      ; business0   ; 24.215 ; 24.176 ; 24.655 ; 24.616 ;
; denom2      ; business1   ; 22.276 ; 22.231 ; 22.716 ; 22.671 ;
; denom2      ; business2   ; 21.343 ; 21.217 ; 21.783 ; 21.657 ;
; denom2      ; business3   ; 20.059 ; 19.903 ; 20.499 ; 20.343 ;
; denom2      ; business4   ; 18.568 ; 18.488 ; 19.008 ; 18.928 ;
; denom2      ; business5   ; 17.010 ; 16.866 ; 17.450 ; 17.306 ;
; denom2      ; business6   ; 15.307 ; 15.207 ; 15.747 ; 15.647 ;
; denom2      ; business7   ; 13.895 ; 13.901 ; 14.335 ; 14.341 ;
; denom2      ; business8   ; 12.622 ; 12.577 ; 13.062 ; 13.017 ;
; denom2      ; business9   ; 12.007 ; 11.886 ; 12.447 ; 12.326 ;
; denom2      ; business10  ; 10.526 ; 10.459 ; 10.966 ; 10.899 ;
; denom2      ; business11  ; 9.625  ; 9.557  ; 10.065 ; 9.997  ;
; denom2      ; business12  ; 8.443  ; 8.391  ; 8.883  ; 8.831  ;
; denom2      ; business13  ; 5.871  ; 5.735  ; 6.311  ; 6.259  ;
; denom2      ; business14  ;        ; 4.003  ; 4.622  ;        ;
; denom2      ; business15  ;        ; 4.266  ; 4.834  ;        ;
; denom2      ; remain0     ; 23.671 ; 23.740 ; 24.111 ; 24.180 ;
; denom2      ; remain1     ; 23.522 ; 23.588 ; 23.962 ; 24.028 ;
; denom2      ; remain2     ; 23.709 ; 23.769 ; 24.149 ; 24.209 ;
; denom2      ; remain3     ; 23.850 ; 23.928 ; 24.290 ; 24.368 ;
; denom2      ; remain4     ; 23.846 ; 23.968 ; 24.286 ; 24.408 ;
; denom2      ; remain5     ; 23.660 ; 23.730 ; 24.100 ; 24.170 ;
; denom2      ; remain6     ; 23.873 ; 23.988 ; 24.313 ; 24.428 ;
; denom2      ; remain7     ; 24.508 ; 24.657 ; 24.948 ; 25.097 ;
; denom3      ; business0   ; 24.841 ; 24.802 ; 25.347 ; 25.308 ;
; denom3      ; business1   ; 22.902 ; 22.857 ; 23.408 ; 23.363 ;
; denom3      ; business2   ; 21.969 ; 21.843 ; 22.475 ; 22.349 ;
; denom3      ; business3   ; 20.685 ; 20.529 ; 21.191 ; 21.035 ;
; denom3      ; business4   ; 19.194 ; 19.114 ; 19.700 ; 19.620 ;
; denom3      ; business5   ; 17.636 ; 17.492 ; 18.142 ; 17.998 ;
; denom3      ; business6   ; 15.933 ; 15.833 ; 16.439 ; 16.339 ;
; denom3      ; business7   ; 14.521 ; 14.527 ; 15.027 ; 15.033 ;
; denom3      ; business8   ; 13.248 ; 13.203 ; 13.754 ; 13.709 ;
; denom3      ; business9   ; 12.633 ; 12.512 ; 13.139 ; 13.018 ;
; denom3      ; business10  ; 11.152 ; 11.085 ; 11.658 ; 11.591 ;
; denom3      ; business11  ; 10.251 ; 10.183 ; 10.757 ; 10.689 ;
; denom3      ; business12  ; 9.069  ; 9.017  ; 9.575  ; 9.523  ;
; denom3      ; business13  ; 6.497  ; 6.361  ; 7.003  ; 6.951  ;
; denom3      ; business14  ;        ; 4.614  ; 5.295  ;        ;
; denom3      ; business15  ;        ; 4.892  ; 5.526  ;        ;
; denom3      ; remain0     ; 24.297 ; 24.366 ; 24.803 ; 24.872 ;
; denom3      ; remain1     ; 24.148 ; 24.214 ; 24.654 ; 24.720 ;
; denom3      ; remain2     ; 24.335 ; 24.395 ; 24.841 ; 24.901 ;
; denom3      ; remain3     ; 24.476 ; 24.554 ; 24.982 ; 25.060 ;
; denom3      ; remain4     ; 24.472 ; 24.594 ; 24.978 ; 25.100 ;
; denom3      ; remain5     ; 24.286 ; 24.356 ; 24.792 ; 24.862 ;
; denom3      ; remain6     ; 24.499 ; 24.614 ; 25.005 ; 25.120 ;
; denom3      ; remain7     ; 25.134 ; 25.283 ; 25.640 ; 25.789 ;
; denom4      ; business0   ; 24.988 ; 24.949 ; 25.363 ; 25.324 ;
; denom4      ; business1   ; 23.049 ; 23.004 ; 23.424 ; 23.379 ;
; denom4      ; business2   ; 22.116 ; 21.990 ; 22.491 ; 22.365 ;
; denom4      ; business3   ; 20.832 ; 20.676 ; 21.207 ; 21.051 ;
; denom4      ; business4   ; 19.341 ; 19.261 ; 19.716 ; 19.636 ;
; denom4      ; business5   ; 17.783 ; 17.639 ; 18.158 ; 18.014 ;
; denom4      ; business6   ; 16.080 ; 15.980 ; 16.455 ; 16.355 ;
; denom4      ; business7   ; 14.668 ; 14.674 ; 15.043 ; 15.049 ;
; denom4      ; business8   ; 13.395 ; 13.350 ; 13.770 ; 13.725 ;
; denom4      ; business9   ; 12.780 ; 12.659 ; 13.155 ; 13.034 ;
; denom4      ; business10  ; 11.299 ; 11.232 ; 11.674 ; 11.607 ;
; denom4      ; business11  ; 10.398 ; 10.330 ; 10.773 ; 10.705 ;
; denom4      ; business12  ; 9.216  ; 9.164  ; 9.591  ; 9.539  ;
; denom4      ; business13  ; 6.644  ; 6.508  ; 7.019  ; 6.967  ;
; denom4      ; business14  ;        ; 4.761  ; 5.334  ;        ;
; denom4      ; business15  ;        ; 5.039  ; 5.542  ;        ;
; denom4      ; remain0     ; 24.444 ; 24.513 ; 24.819 ; 24.888 ;
; denom4      ; remain1     ; 24.295 ; 24.361 ; 24.670 ; 24.736 ;
; denom4      ; remain2     ; 24.482 ; 24.542 ; 24.857 ; 24.917 ;
; denom4      ; remain3     ; 24.623 ; 24.701 ; 24.998 ; 25.076 ;
; denom4      ; remain4     ; 24.619 ; 24.741 ; 24.994 ; 25.116 ;
; denom4      ; remain5     ; 24.433 ; 24.503 ; 24.808 ; 24.878 ;
; denom4      ; remain6     ; 24.646 ; 24.761 ; 25.021 ; 25.136 ;
; denom4      ; remain7     ; 25.281 ; 25.430 ; 25.656 ; 25.805 ;
; denom5      ; business0   ; 25.140 ; 25.101 ; 25.542 ; 25.503 ;
; denom5      ; business1   ; 23.201 ; 23.156 ; 23.603 ; 23.558 ;
; denom5      ; business2   ; 22.268 ; 22.142 ; 22.670 ; 22.544 ;
; denom5      ; business3   ; 20.984 ; 20.828 ; 21.386 ; 21.230 ;
; denom5      ; business4   ; 19.493 ; 19.413 ; 19.895 ; 19.815 ;
; denom5      ; business5   ; 17.935 ; 17.791 ; 18.337 ; 18.193 ;
; denom5      ; business6   ; 16.232 ; 16.132 ; 16.634 ; 16.534 ;
; denom5      ; business7   ; 14.820 ; 14.826 ; 15.222 ; 15.228 ;
; denom5      ; business8   ; 13.547 ; 13.502 ; 13.949 ; 13.904 ;
; denom5      ; business9   ; 12.932 ; 12.811 ; 13.334 ; 13.213 ;
; denom5      ; business10  ; 11.451 ; 11.384 ; 11.853 ; 11.786 ;
; denom5      ; business11  ; 10.550 ; 10.482 ; 10.952 ; 10.884 ;
; denom5      ; business12  ; 9.368  ; 9.316  ; 9.770  ; 9.718  ;
; denom5      ; business13  ; 6.796  ; 6.660  ; 7.198  ; 7.146  ;
; denom5      ; business14  ;        ; 4.913  ; 5.513  ;        ;
; denom5      ; business15  ;        ; 5.191  ; 5.721  ;        ;
; denom5      ; remain0     ; 24.596 ; 24.665 ; 24.998 ; 25.067 ;
; denom5      ; remain1     ; 24.447 ; 24.513 ; 24.849 ; 24.915 ;
; denom5      ; remain2     ; 24.634 ; 24.694 ; 25.036 ; 25.096 ;
; denom5      ; remain3     ; 24.775 ; 24.853 ; 25.177 ; 25.255 ;
; denom5      ; remain4     ; 24.771 ; 24.893 ; 25.173 ; 25.295 ;
; denom5      ; remain5     ; 24.585 ; 24.655 ; 24.987 ; 25.057 ;
; denom5      ; remain6     ; 24.798 ; 24.913 ; 25.200 ; 25.315 ;
; denom5      ; remain7     ; 25.433 ; 25.582 ; 25.835 ; 25.984 ;
; denom6      ; business0   ; 25.329 ; 25.290 ; 25.776 ; 25.737 ;
; denom6      ; business1   ; 23.390 ; 23.345 ; 23.837 ; 23.792 ;
; denom6      ; business2   ; 22.457 ; 22.331 ; 22.904 ; 22.778 ;
; denom6      ; business3   ; 21.173 ; 21.017 ; 21.620 ; 21.464 ;
; denom6      ; business4   ; 19.682 ; 19.602 ; 20.129 ; 20.049 ;
; denom6      ; business5   ; 18.124 ; 17.980 ; 18.571 ; 18.427 ;
; denom6      ; business6   ; 16.421 ; 16.321 ; 16.868 ; 16.768 ;
; denom6      ; business7   ; 15.009 ; 15.015 ; 15.456 ; 15.462 ;
; denom6      ; business8   ; 13.736 ; 13.691 ; 14.183 ; 14.138 ;
; denom6      ; business9   ; 13.121 ; 13.000 ; 13.568 ; 13.447 ;
; denom6      ; business10  ; 11.640 ; 11.573 ; 12.087 ; 12.020 ;
; denom6      ; business11  ; 10.739 ; 10.671 ; 11.186 ; 11.118 ;
; denom6      ; business12  ; 9.557  ; 9.505  ; 10.004 ; 9.952  ;
; denom6      ; business13  ; 6.985  ; 6.849  ; 7.432  ; 7.380  ;
; denom6      ; business14  ;        ; 5.102  ; 5.747  ;        ;
; denom6      ; business15  ;        ; 5.380  ; 5.955  ;        ;
; denom6      ; remain0     ; 24.785 ; 24.854 ; 25.232 ; 25.301 ;
; denom6      ; remain1     ; 24.636 ; 24.702 ; 25.083 ; 25.149 ;
; denom6      ; remain2     ; 24.823 ; 24.883 ; 25.270 ; 25.330 ;
; denom6      ; remain3     ; 24.964 ; 25.042 ; 25.411 ; 25.489 ;
; denom6      ; remain4     ; 24.960 ; 25.082 ; 25.407 ; 25.529 ;
; denom6      ; remain5     ; 24.774 ; 24.844 ; 25.221 ; 25.291 ;
; denom6      ; remain6     ; 24.987 ; 25.102 ; 25.434 ; 25.549 ;
; denom6      ; remain7     ; 25.622 ; 25.771 ; 26.069 ; 26.218 ;
; denom7      ; business0   ; 25.183 ; 25.144 ; 25.573 ; 25.534 ;
; denom7      ; business1   ; 23.244 ; 23.199 ; 23.634 ; 23.589 ;
; denom7      ; business2   ; 22.311 ; 22.185 ; 22.701 ; 22.575 ;
; denom7      ; business3   ; 21.027 ; 20.871 ; 21.417 ; 21.261 ;
; denom7      ; business4   ; 19.536 ; 19.456 ; 19.926 ; 19.846 ;
; denom7      ; business5   ; 17.978 ; 17.834 ; 18.368 ; 18.224 ;
; denom7      ; business6   ; 16.275 ; 16.175 ; 16.665 ; 16.565 ;
; denom7      ; business7   ; 14.863 ; 14.869 ; 15.253 ; 15.259 ;
; denom7      ; business8   ; 13.590 ; 13.545 ; 13.980 ; 13.935 ;
; denom7      ; business9   ; 12.975 ; 12.854 ; 13.365 ; 13.244 ;
; denom7      ; business10  ; 11.494 ; 11.427 ; 11.884 ; 11.817 ;
; denom7      ; business11  ; 10.593 ; 10.525 ; 10.983 ; 10.915 ;
; denom7      ; business12  ; 9.411  ; 9.359  ; 9.801  ; 9.749  ;
; denom7      ; business13  ; 6.839  ; 6.703  ; 7.229  ; 7.177  ;
; denom7      ; business14  ;        ; 4.956  ; 5.544  ;        ;
; denom7      ; business15  ;        ; 5.234  ; 5.752  ;        ;
; denom7      ; remain0     ; 24.639 ; 24.708 ; 25.029 ; 25.098 ;
; denom7      ; remain1     ; 24.490 ; 24.556 ; 24.880 ; 24.946 ;
; denom7      ; remain2     ; 24.677 ; 24.737 ; 25.067 ; 25.127 ;
; denom7      ; remain3     ; 24.818 ; 24.896 ; 25.208 ; 25.286 ;
; denom7      ; remain4     ; 24.814 ; 24.936 ; 25.204 ; 25.326 ;
; denom7      ; remain5     ; 24.628 ; 24.698 ; 25.018 ; 25.088 ;
; denom7      ; remain6     ; 24.841 ; 24.956 ; 25.231 ; 25.346 ;
; denom7      ; remain7     ; 25.476 ; 25.625 ; 25.866 ; 26.015 ;
; numerator0  ; business0   ; 5.722  ;        ;        ; 6.085  ;
; numerator0  ; remain0     ; 5.114  ; 5.202  ; 5.580  ; 5.649  ;
; numerator0  ; remain1     ; 4.965  ; 5.049  ; 5.431  ; 5.497  ;
; numerator0  ; remain2     ; 5.173  ; 5.251  ; 5.618  ; 5.678  ;
; numerator0  ; remain3     ; 5.311  ; 5.383  ; 5.759  ; 5.837  ;
; numerator0  ; remain4     ; 5.282  ; 5.346  ; 5.755  ; 5.877  ;
; numerator0  ; remain5     ; 5.102  ; 5.191  ; 5.569  ; 5.639  ;
; numerator0  ; remain6     ; 5.315  ; 5.448  ; 5.782  ; 5.897  ;
; numerator0  ; remain7     ; 5.952  ; 6.119  ; 6.417  ; 6.566  ;
; numerator1  ; business0   ; 6.702  ; 6.663  ; 7.169  ; 7.114  ;
; numerator1  ; business1   ; 4.763  ;        ;        ; 5.193  ;
; numerator1  ; remain0     ; 6.158  ; 6.227  ; 6.609  ; 6.678  ;
; numerator1  ; remain1     ; 6.009  ; 6.075  ; 6.460  ; 6.526  ;
; numerator1  ; remain2     ; 6.196  ; 6.256  ; 6.647  ; 6.707  ;
; numerator1  ; remain3     ; 6.337  ; 6.415  ; 6.788  ; 6.866  ;
; numerator1  ; remain4     ; 6.333  ; 6.455  ; 6.784  ; 6.906  ;
; numerator1  ; remain5     ; 6.147  ; 6.217  ; 6.598  ; 6.668  ;
; numerator1  ; remain6     ; 6.360  ; 6.475  ; 6.811  ; 6.926  ;
; numerator1  ; remain7     ; 6.995  ; 7.144  ; 7.446  ; 7.595  ;
; numerator2  ; business0   ; 6.937  ; 6.898  ; 7.114  ; 7.059  ;
; numerator2  ; business1   ; 4.998  ; 4.953  ; 5.126  ; 5.138  ;
; numerator2  ; business2   ; 4.065  ;        ;        ; 4.174  ;
; numerator2  ; remain0     ; 6.393  ; 6.462  ; 6.554  ; 6.623  ;
; numerator2  ; remain1     ; 6.244  ; 6.310  ; 6.405  ; 6.471  ;
; numerator2  ; remain2     ; 6.431  ; 6.491  ; 6.592  ; 6.652  ;
; numerator2  ; remain3     ; 6.572  ; 6.650  ; 6.733  ; 6.811  ;
; numerator2  ; remain4     ; 6.568  ; 6.690  ; 6.729  ; 6.851  ;
; numerator2  ; remain5     ; 6.382  ; 6.452  ; 6.543  ; 6.613  ;
; numerator2  ; remain6     ; 6.595  ; 6.710  ; 6.756  ; 6.871  ;
; numerator2  ; remain7     ; 7.230  ; 7.379  ; 7.391  ; 7.540  ;
; numerator3  ; business0   ; 8.208  ; 8.169  ; 8.381  ; 8.342  ;
; numerator3  ; business1   ; 6.269  ; 6.224  ; 6.442  ; 6.397  ;
; numerator3  ; business2   ; 5.336  ; 5.210  ; 5.509  ; 5.365  ;
; numerator3  ; business3   ; 4.052  ;        ;        ; 4.156  ;
; numerator3  ; remain0     ; 7.664  ; 7.733  ; 7.837  ; 7.906  ;
; numerator3  ; remain1     ; 7.515  ; 7.581  ; 7.688  ; 7.754  ;
; numerator3  ; remain2     ; 7.702  ; 7.762  ; 7.875  ; 7.935  ;
; numerator3  ; remain3     ; 7.843  ; 7.921  ; 8.016  ; 8.094  ;
; numerator3  ; remain4     ; 7.839  ; 7.961  ; 8.012  ; 8.134  ;
; numerator3  ; remain5     ; 7.653  ; 7.723  ; 7.826  ; 7.896  ;
; numerator3  ; remain6     ; 7.866  ; 7.981  ; 8.039  ; 8.154  ;
; numerator3  ; remain7     ; 8.501  ; 8.650  ; 8.674  ; 8.823  ;
; numerator4  ; business0   ; 10.788 ; 10.749 ; 11.266 ; 11.227 ;
; numerator4  ; business1   ; 8.849  ; 8.804  ; 9.327  ; 9.282  ;
; numerator4  ; business2   ; 7.916  ; 7.790  ; 8.394  ; 8.268  ;
; numerator4  ; business3   ; 6.632  ; 6.476  ; 7.110  ; 6.960  ;
; numerator4  ; business4   ; 5.141  ;        ;        ; 5.579  ;
; numerator4  ; remain0     ; 10.244 ; 10.313 ; 10.722 ; 10.791 ;
; numerator4  ; remain1     ; 10.095 ; 10.161 ; 10.573 ; 10.639 ;
; numerator4  ; remain2     ; 10.282 ; 10.342 ; 10.760 ; 10.820 ;
; numerator4  ; remain3     ; 10.423 ; 10.501 ; 10.901 ; 10.979 ;
; numerator4  ; remain4     ; 10.419 ; 10.541 ; 10.897 ; 11.019 ;
; numerator4  ; remain5     ; 10.233 ; 10.303 ; 10.711 ; 10.781 ;
; numerator4  ; remain6     ; 10.446 ; 10.561 ; 10.924 ; 11.039 ;
; numerator4  ; remain7     ; 11.081 ; 11.230 ; 11.559 ; 11.708 ;
; numerator5  ; business0   ; 12.114 ; 12.075 ; 12.550 ; 12.511 ;
; numerator5  ; business1   ; 10.175 ; 10.130 ; 10.611 ; 10.566 ;
; numerator5  ; business2   ; 9.242  ; 9.116  ; 9.678  ; 9.552  ;
; numerator5  ; business3   ; 7.958  ; 7.802  ; 8.394  ; 8.238  ;
; numerator5  ; business4   ; 6.467  ; 6.387  ; 6.903  ; 6.846  ;
; numerator5  ; business5   ; 4.909  ;        ;        ; 5.346  ;
; numerator5  ; remain0     ; 11.570 ; 11.639 ; 12.006 ; 12.075 ;
; numerator5  ; remain1     ; 11.421 ; 11.487 ; 11.857 ; 11.923 ;
; numerator5  ; remain2     ; 11.608 ; 11.668 ; 12.044 ; 12.104 ;
; numerator5  ; remain3     ; 11.749 ; 11.827 ; 12.185 ; 12.263 ;
; numerator5  ; remain4     ; 11.745 ; 11.867 ; 12.181 ; 12.303 ;
; numerator5  ; remain5     ; 11.559 ; 11.629 ; 11.995 ; 12.065 ;
; numerator5  ; remain6     ; 11.772 ; 11.887 ; 12.208 ; 12.323 ;
; numerator5  ; remain7     ; 12.407 ; 12.556 ; 12.843 ; 12.992 ;
; numerator6  ; business0   ; 13.773 ; 13.734 ; 14.186 ; 14.147 ;
; numerator6  ; business1   ; 11.834 ; 11.789 ; 12.247 ; 12.202 ;
; numerator6  ; business2   ; 10.901 ; 10.775 ; 11.314 ; 11.188 ;
; numerator6  ; business3   ; 9.617  ; 9.461  ; 10.030 ; 9.874  ;
; numerator6  ; business4   ; 8.126  ; 8.046  ; 8.539  ; 8.459  ;
; numerator6  ; business5   ; 6.568  ; 6.424  ; 6.981  ; 6.902  ;
; numerator6  ; business6   ; 4.865  ;        ;        ; 5.308  ;
; numerator6  ; remain0     ; 13.229 ; 13.298 ; 13.642 ; 13.711 ;
; numerator6  ; remain1     ; 13.080 ; 13.146 ; 13.493 ; 13.559 ;
; numerator6  ; remain2     ; 13.267 ; 13.327 ; 13.680 ; 13.740 ;
; numerator6  ; remain3     ; 13.408 ; 13.486 ; 13.821 ; 13.899 ;
; numerator6  ; remain4     ; 13.404 ; 13.526 ; 13.817 ; 13.939 ;
; numerator6  ; remain5     ; 13.218 ; 13.288 ; 13.631 ; 13.701 ;
; numerator6  ; remain6     ; 13.431 ; 13.546 ; 13.844 ; 13.959 ;
; numerator6  ; remain7     ; 14.066 ; 14.215 ; 14.479 ; 14.628 ;
; numerator7  ; business0   ; 15.121 ; 15.082 ; 15.572 ; 15.533 ;
; numerator7  ; business1   ; 13.182 ; 13.137 ; 13.633 ; 13.588 ;
; numerator7  ; business2   ; 12.249 ; 12.123 ; 12.700 ; 12.574 ;
; numerator7  ; business3   ; 10.965 ; 10.809 ; 11.416 ; 11.260 ;
; numerator7  ; business4   ; 9.474  ; 9.394  ; 9.925  ; 9.845  ;
; numerator7  ; business5   ; 7.916  ; 7.772  ; 8.367  ; 8.223  ;
; numerator7  ; business6   ; 6.213  ; 6.111  ; 6.664  ; 6.564  ;
; numerator7  ; business7   ; 4.848  ;        ;        ; 5.258  ;
; numerator7  ; remain0     ; 14.577 ; 14.646 ; 15.028 ; 15.097 ;
; numerator7  ; remain1     ; 14.428 ; 14.494 ; 14.879 ; 14.945 ;
; numerator7  ; remain2     ; 14.615 ; 14.675 ; 15.066 ; 15.126 ;
; numerator7  ; remain3     ; 14.756 ; 14.834 ; 15.207 ; 15.285 ;
; numerator7  ; remain4     ; 14.752 ; 14.874 ; 15.203 ; 15.325 ;
; numerator7  ; remain5     ; 14.566 ; 14.636 ; 15.017 ; 15.087 ;
; numerator7  ; remain6     ; 14.779 ; 14.894 ; 15.230 ; 15.345 ;
; numerator7  ; remain7     ; 15.414 ; 15.563 ; 15.865 ; 16.014 ;
; numerator8  ; business0   ; 16.632 ; 16.593 ; 17.167 ; 17.128 ;
; numerator8  ; business1   ; 14.693 ; 14.648 ; 15.228 ; 15.183 ;
; numerator8  ; business2   ; 13.760 ; 13.634 ; 14.295 ; 14.169 ;
; numerator8  ; business3   ; 12.476 ; 12.320 ; 13.011 ; 12.855 ;
; numerator8  ; business4   ; 10.985 ; 10.905 ; 11.520 ; 11.440 ;
; numerator8  ; business5   ; 9.427  ; 9.283  ; 9.962  ; 9.818  ;
; numerator8  ; business6   ; 7.724  ; 7.624  ; 8.259  ; 8.159  ;
; numerator8  ; business7   ; 6.312  ; 6.318  ; 6.854  ; 6.853  ;
; numerator8  ; business8   ; 5.039  ;        ;        ; 5.539  ;
; numerator8  ; remain0     ; 16.088 ; 16.157 ; 16.623 ; 16.692 ;
; numerator8  ; remain1     ; 15.939 ; 16.005 ; 16.474 ; 16.540 ;
; numerator8  ; remain2     ; 16.126 ; 16.186 ; 16.661 ; 16.721 ;
; numerator8  ; remain3     ; 16.267 ; 16.345 ; 16.802 ; 16.880 ;
; numerator8  ; remain4     ; 16.263 ; 16.385 ; 16.798 ; 16.920 ;
; numerator8  ; remain5     ; 16.077 ; 16.147 ; 16.612 ; 16.682 ;
; numerator8  ; remain6     ; 16.290 ; 16.405 ; 16.825 ; 16.940 ;
; numerator8  ; remain7     ; 16.925 ; 17.074 ; 17.460 ; 17.609 ;
; numerator9  ; business0   ; 17.678 ; 17.639 ; 18.092 ; 18.053 ;
; numerator9  ; business1   ; 15.739 ; 15.694 ; 16.153 ; 16.108 ;
; numerator9  ; business2   ; 14.806 ; 14.680 ; 15.220 ; 15.094 ;
; numerator9  ; business3   ; 13.522 ; 13.366 ; 13.936 ; 13.780 ;
; numerator9  ; business4   ; 12.031 ; 11.951 ; 12.445 ; 12.365 ;
; numerator9  ; business5   ; 10.473 ; 10.329 ; 10.887 ; 10.743 ;
; numerator9  ; business6   ; 8.770  ; 8.670  ; 9.184  ; 9.084  ;
; numerator9  ; business7   ; 7.358  ; 7.364  ; 7.779  ; 7.778  ;
; numerator9  ; business8   ; 6.085  ; 6.040  ; 6.466  ; 6.464  ;
; numerator9  ; business9   ; 5.470  ;        ;        ; 5.786  ;
; numerator9  ; remain0     ; 17.134 ; 17.203 ; 17.548 ; 17.617 ;
; numerator9  ; remain1     ; 16.985 ; 17.051 ; 17.399 ; 17.465 ;
; numerator9  ; remain2     ; 17.172 ; 17.232 ; 17.586 ; 17.646 ;
; numerator9  ; remain3     ; 17.313 ; 17.391 ; 17.727 ; 17.805 ;
; numerator9  ; remain4     ; 17.309 ; 17.431 ; 17.723 ; 17.845 ;
; numerator9  ; remain5     ; 17.123 ; 17.193 ; 17.537 ; 17.607 ;
; numerator9  ; remain6     ; 17.336 ; 17.451 ; 17.750 ; 17.865 ;
; numerator9  ; remain7     ; 17.971 ; 18.120 ; 18.385 ; 18.534 ;
; numerator10 ; business0   ; 19.042 ; 19.003 ; 19.579 ; 19.540 ;
; numerator10 ; business1   ; 17.103 ; 17.058 ; 17.640 ; 17.595 ;
; numerator10 ; business2   ; 16.170 ; 16.044 ; 16.707 ; 16.581 ;
; numerator10 ; business3   ; 14.886 ; 14.730 ; 15.423 ; 15.267 ;
; numerator10 ; business4   ; 13.395 ; 13.315 ; 13.932 ; 13.852 ;
; numerator10 ; business5   ; 11.837 ; 11.693 ; 12.374 ; 12.230 ;
; numerator10 ; business6   ; 10.134 ; 10.034 ; 10.671 ; 10.571 ;
; numerator10 ; business7   ; 8.722  ; 8.728  ; 9.259  ; 9.265  ;
; numerator10 ; business8   ; 7.449  ; 7.404  ; 7.986  ; 7.941  ;
; numerator10 ; business9   ; 6.834  ; 6.713  ; 7.371  ; 7.250  ;
; numerator10 ; business10  ; 5.353  ;        ;        ; 5.833  ;
; numerator10 ; remain0     ; 18.498 ; 18.567 ; 19.035 ; 19.104 ;
; numerator10 ; remain1     ; 18.349 ; 18.415 ; 18.886 ; 18.952 ;
; numerator10 ; remain2     ; 18.536 ; 18.596 ; 19.073 ; 19.133 ;
; numerator10 ; remain3     ; 18.677 ; 18.755 ; 19.214 ; 19.292 ;
; numerator10 ; remain4     ; 18.673 ; 18.795 ; 19.210 ; 19.332 ;
; numerator10 ; remain5     ; 18.487 ; 18.557 ; 19.024 ; 19.094 ;
; numerator10 ; remain6     ; 18.700 ; 18.815 ; 19.237 ; 19.352 ;
; numerator10 ; remain7     ; 19.335 ; 19.484 ; 19.872 ; 20.021 ;
; numerator11 ; business0   ; 20.607 ; 20.568 ; 21.046 ; 21.007 ;
; numerator11 ; business1   ; 18.668 ; 18.623 ; 19.107 ; 19.062 ;
; numerator11 ; business2   ; 17.735 ; 17.609 ; 18.174 ; 18.048 ;
; numerator11 ; business3   ; 16.451 ; 16.295 ; 16.890 ; 16.734 ;
; numerator11 ; business4   ; 14.960 ; 14.880 ; 15.399 ; 15.319 ;
; numerator11 ; business5   ; 13.402 ; 13.258 ; 13.841 ; 13.697 ;
; numerator11 ; business6   ; 11.699 ; 11.599 ; 12.138 ; 12.038 ;
; numerator11 ; business7   ; 10.287 ; 10.293 ; 10.726 ; 10.732 ;
; numerator11 ; business8   ; 9.014  ; 8.969  ; 9.453  ; 9.408  ;
; numerator11 ; business9   ; 8.399  ; 8.278  ; 8.838  ; 8.717  ;
; numerator11 ; business10  ; 6.910  ; 6.861  ; 7.357  ; 7.290  ;
; numerator11 ; business11  ; 6.040  ;        ;        ; 6.388  ;
; numerator11 ; remain0     ; 20.063 ; 20.132 ; 20.502 ; 20.571 ;
; numerator11 ; remain1     ; 19.914 ; 19.980 ; 20.353 ; 20.419 ;
; numerator11 ; remain2     ; 20.101 ; 20.161 ; 20.540 ; 20.600 ;
; numerator11 ; remain3     ; 20.242 ; 20.320 ; 20.681 ; 20.759 ;
; numerator11 ; remain4     ; 20.238 ; 20.360 ; 20.677 ; 20.799 ;
; numerator11 ; remain5     ; 20.052 ; 20.122 ; 20.491 ; 20.561 ;
; numerator11 ; remain6     ; 20.265 ; 20.380 ; 20.704 ; 20.819 ;
; numerator11 ; remain7     ; 20.900 ; 21.049 ; 21.339 ; 21.488 ;
; numerator12 ; business0   ; 20.633 ; 20.594 ; 20.878 ; 20.839 ;
; numerator12 ; business1   ; 18.694 ; 18.649 ; 18.939 ; 18.894 ;
; numerator12 ; business2   ; 17.761 ; 17.635 ; 18.006 ; 17.880 ;
; numerator12 ; business3   ; 16.477 ; 16.321 ; 16.722 ; 16.566 ;
; numerator12 ; business4   ; 14.986 ; 14.906 ; 15.231 ; 15.151 ;
; numerator12 ; business5   ; 13.428 ; 13.284 ; 13.673 ; 13.529 ;
; numerator12 ; business6   ; 11.725 ; 11.625 ; 11.970 ; 11.870 ;
; numerator12 ; business7   ; 10.313 ; 10.319 ; 10.558 ; 10.564 ;
; numerator12 ; business8   ; 9.040  ; 8.995  ; 9.285  ; 9.240  ;
; numerator12 ; business9   ; 8.425  ; 8.304  ; 8.670  ; 8.549  ;
; numerator12 ; business10  ; 6.944  ; 6.877  ; 7.189  ; 7.122  ;
; numerator12 ; business11  ; 6.031  ; 5.975  ; 6.288  ; 6.220  ;
; numerator12 ; business12  ; 4.943  ;        ;        ; 5.054  ;
; numerator12 ; remain0     ; 20.089 ; 20.158 ; 20.334 ; 20.403 ;
; numerator12 ; remain1     ; 19.940 ; 20.006 ; 20.185 ; 20.251 ;
; numerator12 ; remain2     ; 20.127 ; 20.187 ; 20.372 ; 20.432 ;
; numerator12 ; remain3     ; 20.268 ; 20.346 ; 20.513 ; 20.591 ;
; numerator12 ; remain4     ; 20.264 ; 20.386 ; 20.509 ; 20.631 ;
; numerator12 ; remain5     ; 20.078 ; 20.148 ; 20.323 ; 20.393 ;
; numerator12 ; remain6     ; 20.291 ; 20.406 ; 20.536 ; 20.651 ;
; numerator12 ; remain7     ; 20.926 ; 21.075 ; 21.171 ; 21.320 ;
; numerator13 ; business0   ; 22.429 ; 22.390 ; 22.504 ; 22.465 ;
; numerator13 ; business1   ; 20.490 ; 20.445 ; 20.565 ; 20.520 ;
; numerator13 ; business2   ; 19.557 ; 19.431 ; 19.632 ; 19.506 ;
; numerator13 ; business3   ; 18.273 ; 18.117 ; 18.348 ; 18.192 ;
; numerator13 ; business4   ; 16.782 ; 16.702 ; 16.857 ; 16.777 ;
; numerator13 ; business5   ; 15.224 ; 15.080 ; 15.299 ; 15.155 ;
; numerator13 ; business6   ; 13.521 ; 13.421 ; 13.596 ; 13.496 ;
; numerator13 ; business7   ; 12.109 ; 12.115 ; 12.184 ; 12.190 ;
; numerator13 ; business8   ; 10.836 ; 10.791 ; 10.911 ; 10.866 ;
; numerator13 ; business9   ; 10.221 ; 10.100 ; 10.296 ; 10.175 ;
; numerator13 ; business10  ; 8.740  ; 8.673  ; 8.815  ; 8.748  ;
; numerator13 ; business11  ; 7.839  ; 7.771  ; 7.914  ; 7.846  ;
; numerator13 ; business12  ; 6.657  ; 6.605  ; 6.742  ; 6.680  ;
; numerator13 ; business13  ; 4.085  ;        ;        ; 4.162  ;
; numerator13 ; remain0     ; 21.885 ; 21.954 ; 21.960 ; 22.029 ;
; numerator13 ; remain1     ; 21.736 ; 21.802 ; 21.811 ; 21.877 ;
; numerator13 ; remain2     ; 21.923 ; 21.983 ; 21.998 ; 22.058 ;
; numerator13 ; remain3     ; 22.064 ; 22.142 ; 22.139 ; 22.217 ;
; numerator13 ; remain4     ; 22.060 ; 22.182 ; 22.135 ; 22.257 ;
; numerator13 ; remain5     ; 21.874 ; 21.944 ; 21.949 ; 22.019 ;
; numerator13 ; remain6     ; 22.087 ; 22.202 ; 22.162 ; 22.277 ;
; numerator13 ; remain7     ; 22.722 ; 22.871 ; 22.797 ; 22.946 ;
; numerator14 ; business0   ; 24.479 ; 24.440 ; 25.065 ; 25.026 ;
; numerator14 ; business1   ; 22.540 ; 22.495 ; 23.126 ; 23.081 ;
; numerator14 ; business2   ; 21.607 ; 21.481 ; 22.193 ; 22.067 ;
; numerator14 ; business3   ; 20.323 ; 20.167 ; 20.909 ; 20.753 ;
; numerator14 ; business4   ; 18.832 ; 18.752 ; 19.418 ; 19.338 ;
; numerator14 ; business5   ; 17.274 ; 17.130 ; 17.860 ; 17.716 ;
; numerator14 ; business6   ; 15.571 ; 15.471 ; 16.157 ; 16.057 ;
; numerator14 ; business7   ; 14.159 ; 14.165 ; 14.745 ; 14.751 ;
; numerator14 ; business8   ; 12.886 ; 12.841 ; 13.472 ; 13.427 ;
; numerator14 ; business9   ; 12.271 ; 12.150 ; 12.857 ; 12.736 ;
; numerator14 ; business10  ; 10.790 ; 10.723 ; 11.376 ; 11.309 ;
; numerator14 ; business11  ; 9.889  ; 9.821  ; 10.475 ; 10.407 ;
; numerator14 ; business12  ; 8.707  ; 8.655  ; 9.293  ; 9.241  ;
; numerator14 ; business13  ; 6.135  ; 6.090  ; 6.721  ; 6.654  ;
; numerator14 ; business14  ; 4.679  ;        ;        ; 5.194  ;
; numerator14 ; remain0     ; 23.935 ; 24.004 ; 24.521 ; 24.590 ;
; numerator14 ; remain1     ; 23.786 ; 23.852 ; 24.372 ; 24.438 ;
; numerator14 ; remain2     ; 23.973 ; 24.033 ; 24.559 ; 24.619 ;
; numerator14 ; remain3     ; 24.114 ; 24.192 ; 24.700 ; 24.778 ;
; numerator14 ; remain4     ; 24.110 ; 24.232 ; 24.696 ; 24.818 ;
; numerator14 ; remain5     ; 23.924 ; 23.994 ; 24.510 ; 24.580 ;
; numerator14 ; remain6     ; 24.137 ; 24.252 ; 24.723 ; 24.838 ;
; numerator14 ; remain7     ; 24.772 ; 24.921 ; 25.358 ; 25.507 ;
; numerator15 ; business0   ; 24.331 ; 24.292 ; 24.877 ; 24.838 ;
; numerator15 ; business1   ; 22.392 ; 22.347 ; 22.938 ; 22.893 ;
; numerator15 ; business2   ; 21.459 ; 21.333 ; 22.005 ; 21.879 ;
; numerator15 ; business3   ; 20.175 ; 20.019 ; 20.721 ; 20.565 ;
; numerator15 ; business4   ; 18.684 ; 18.604 ; 19.230 ; 19.150 ;
; numerator15 ; business5   ; 17.126 ; 16.982 ; 17.672 ; 17.528 ;
; numerator15 ; business6   ; 15.423 ; 15.323 ; 15.969 ; 15.869 ;
; numerator15 ; business7   ; 14.011 ; 14.017 ; 14.557 ; 14.563 ;
; numerator15 ; business8   ; 12.738 ; 12.693 ; 13.284 ; 13.239 ;
; numerator15 ; business9   ; 12.123 ; 12.002 ; 12.669 ; 12.548 ;
; numerator15 ; business10  ; 10.642 ; 10.575 ; 11.188 ; 11.121 ;
; numerator15 ; business11  ; 9.741  ; 9.673  ; 10.287 ; 10.219 ;
; numerator15 ; business12  ; 8.559  ; 8.507  ; 9.105  ; 9.053  ;
; numerator15 ; business13  ; 5.987  ; 5.942  ; 6.533  ; 6.488  ;
; numerator15 ; business14  ; 4.531  ;        ;        ; 5.028  ;
; numerator15 ; business15  ; 4.187  ;        ;        ; 4.754  ;
; numerator15 ; remain0     ; 23.787 ; 23.856 ; 24.333 ; 24.402 ;
; numerator15 ; remain1     ; 23.638 ; 23.704 ; 24.184 ; 24.250 ;
; numerator15 ; remain2     ; 23.825 ; 23.885 ; 24.371 ; 24.431 ;
; numerator15 ; remain3     ; 23.966 ; 24.044 ; 24.512 ; 24.590 ;
; numerator15 ; remain4     ; 23.962 ; 24.084 ; 24.508 ; 24.630 ;
; numerator15 ; remain5     ; 23.776 ; 23.846 ; 24.322 ; 24.392 ;
; numerator15 ; remain6     ; 23.989 ; 24.104 ; 24.535 ; 24.650 ;
; numerator15 ; remain7     ; 24.624 ; 24.773 ; 25.170 ; 25.319 ;
+-------------+-------------+--------+--------+--------+--------+


+---------------------------------------------------------------+
; Minimum Propagation Delay                                     ;
+-------------+-------------+--------+--------+--------+--------+
; Input Port  ; Output Port ; RR     ; RF     ; FR     ; FF     ;
+-------------+-------------+--------+--------+--------+--------+
; denom0      ; business0   ; 6.003  ; 5.431  ; 6.186  ; 6.524  ;
; denom0      ; business1   ; 5.337  ; 4.575  ; 5.264  ; 5.915  ;
; denom0      ; business2   ; 5.406  ; 4.776  ; 5.491  ; 5.943  ;
; denom0      ; business3   ; 5.418  ; 4.858  ; 5.574  ; 5.935  ;
; denom0      ; business4   ; 5.483  ; 4.598  ; 5.286  ; 6.032  ;
; denom0      ; business5   ; 5.238  ; 4.585  ; 5.266  ; 5.830  ;
; denom0      ; business6   ; 5.368  ; 4.488  ; 5.179  ; 5.934  ;
; denom0      ; business7   ; 5.324  ; 4.663  ; 5.374  ; 5.878  ;
; denom0      ; business8   ; 5.530  ; 4.720  ; 5.381  ; 6.130  ;
; denom0      ; business9   ; 5.992  ; 5.253  ; 6.017  ; 6.485  ;
; denom0      ; business10  ; 5.627  ; 5.062  ; 5.750  ; 6.194  ;
; denom0      ; business11  ; 6.605  ; 5.502  ; 6.267  ; 7.104  ;
; denom0      ; business12  ; 6.440  ; 5.907  ; 6.681  ; 6.923  ;
; denom0      ; business13  ; 5.490  ; 5.068  ; 5.836  ; 5.990  ;
; denom0      ; business14  ;        ; 4.364  ; 5.035  ;        ;
; denom0      ; business15  ;        ; 4.016  ; 4.646  ;        ;
; denom0      ; remain0     ; 4.546  ; 4.656  ; 5.164  ; 5.239  ;
; denom0      ; remain1     ; 4.449  ; 4.542  ; 5.082  ; 5.159  ;
; denom0      ; remain2     ; 4.668  ; 4.751  ; 5.245  ; 5.344  ;
; denom0      ; remain3     ; 4.916  ; 5.040  ; 5.488  ; 5.628  ;
; denom0      ; remain4     ; 4.980  ; 5.124  ; 5.608  ; 5.739  ;
; denom0      ; remain5     ; 4.791  ; 4.903  ; 5.395  ; 5.514  ;
; denom0      ; remain6     ; 4.962  ; 5.085  ; 5.539  ; 5.678  ;
; denom0      ; remain7     ; 5.603  ; 5.778  ; 6.236  ; 6.395  ;
; denom1      ; business0   ; 6.056  ; 5.577  ; 6.369  ; 6.584  ;
; denom1      ; business1   ; 5.145  ; 4.723  ; 5.447  ; 5.722  ;
; denom1      ; business2   ; 5.627  ; 4.666  ; 5.379  ; 6.174  ;
; denom1      ; business3   ; 5.449  ; 5.222  ; 6.008  ; 5.963  ;
; denom1      ; business4   ; 5.551  ; 4.600  ; 5.298  ; 6.181  ;
; denom1      ; business5   ; 5.385  ; 4.613  ; 5.327  ; 5.996  ;
; denom1      ; business6   ; 5.585  ; 4.635  ; 5.345  ; 6.174  ;
; denom1      ; business7   ; 5.367  ; 4.880  ; 5.614  ; 5.956  ;
; denom1      ; business8   ; 5.617  ; 4.763  ; 5.453  ; 6.258  ;
; denom1      ; business9   ; 6.026  ; 5.318  ; 6.115  ; 6.563  ;
; denom1      ; business10  ; 6.099  ; 5.143  ; 5.868  ; 6.744  ;
; denom1      ; business11  ; 6.983  ; 5.927  ; 6.757  ; 7.548  ;
; denom1      ; business12  ; 6.775  ; 6.248  ; 7.087  ; 7.323  ;
; denom1      ; business13  ; 5.786  ; 5.406  ; 6.239  ; 6.337  ;
; denom1      ; business14  ;        ; 4.513  ; 5.220  ;        ;
; denom1      ; business15  ;        ; 4.125  ; 4.770  ;        ;
; denom1      ; remain0     ; 5.058  ; 5.125  ; 5.748  ; 5.834  ;
; denom1      ; remain1     ; 4.500  ; 4.586  ; 5.139  ; 5.209  ;
; denom1      ; remain2     ; 4.814  ; 4.897  ; 5.428  ; 5.527  ;
; denom1      ; remain3     ; 5.064  ; 5.188  ; 5.671  ; 5.811  ;
; denom1      ; remain4     ; 5.128  ; 5.270  ; 5.791  ; 5.922  ;
; denom1      ; remain5     ; 4.937  ; 5.049  ; 5.578  ; 5.697  ;
; denom1      ; remain6     ; 5.108  ; 5.231  ; 5.722  ; 5.861  ;
; denom1      ; remain7     ; 5.749  ; 5.924  ; 6.419  ; 6.578  ;
; denom2      ; business0   ; 5.949  ; 5.251  ; 5.996  ; 6.456  ;
; denom2      ; business1   ; 5.136  ; 4.504  ; 5.193  ; 5.715  ;
; denom2      ; business2   ; 5.246  ; 4.593  ; 5.292  ; 5.746  ;
; denom2      ; business3   ; 5.330  ; 4.777  ; 5.474  ; 5.823  ;
; denom2      ; business4   ; 5.365  ; 4.495  ; 5.166  ; 5.963  ;
; denom2      ; business5   ; 5.262  ; 4.427  ; 5.104  ; 5.828  ;
; denom2      ; business6   ; 4.995  ; 4.517  ; 5.204  ; 5.530  ;
; denom2      ; business7   ; 5.124  ; 4.431  ; 5.108  ; 5.680  ;
; denom2      ; business8   ; 5.339  ; 4.520  ; 5.177  ; 5.932  ;
; denom2      ; business9   ; 5.672  ; 5.220  ; 6.002  ; 6.146  ;
; denom2      ; business10  ; 5.533  ; 4.789  ; 5.462  ; 6.105  ;
; denom2      ; business11  ; 6.397  ; 5.430  ; 6.190  ; 6.897  ;
; denom2      ; business12  ; 6.275  ; 5.747  ; 6.514  ; 6.757  ;
; denom2      ; business13  ; 5.489  ; 4.907  ; 5.669  ; 5.925  ;
; denom2      ; business14  ;        ; 3.868  ; 4.477  ;        ;
; denom2      ; business15  ;        ; 4.098  ; 4.652  ;        ;
; denom2      ; remain0     ; 4.732  ; 4.799  ; 5.375  ; 5.461  ;
; denom2      ; remain1     ; 4.591  ; 4.655  ; 5.234  ; 5.316  ;
; denom2      ; remain2     ; 4.347  ; 4.436  ; 4.948  ; 5.024  ;
; denom2      ; remain3     ; 4.704  ; 4.837  ; 5.301  ; 5.419  ;
; denom2      ; remain4     ; 4.867  ; 4.944  ; 5.434  ; 5.559  ;
; denom2      ; remain5     ; 4.611  ; 4.723  ; 5.234  ; 5.330  ;
; denom2      ; remain6     ; 4.782  ; 4.905  ; 5.349  ; 5.488  ;
; denom2      ; remain7     ; 5.423  ; 5.598  ; 6.046  ; 6.205  ;
; denom3      ; business0   ; 6.037  ; 5.373  ; 6.143  ; 6.581  ;
; denom3      ; business1   ; 5.166  ; 4.592  ; 5.293  ; 5.738  ;
; denom3      ; business2   ; 5.508  ; 4.678  ; 5.385  ; 6.036  ;
; denom3      ; business3   ; 5.330  ; 5.071  ; 5.834  ; 5.825  ;
; denom3      ; business4   ; 5.513  ; 4.481  ; 5.160  ; 6.114  ;
; denom3      ; business5   ; 5.301  ; 4.670  ; 5.388  ; 5.870  ;
; denom3      ; business6   ; 5.305  ; 4.623  ; 5.328  ; 5.894  ;
; denom3      ; business7   ; 5.170  ; 4.661  ; 5.377  ; 5.738  ;
; denom3      ; business8   ; 5.553  ; 4.617  ; 5.285  ; 6.199  ;
; denom3      ; business9   ; 5.854  ; 5.167  ; 5.943  ; 6.361  ;
; denom3      ; business10  ; 5.485  ; 4.992  ; 5.693  ; 6.055  ;
; denom3      ; business11  ; 6.668  ; 5.385  ; 6.142  ; 7.216  ;
; denom3      ; business12  ; 6.726  ; 5.956  ; 6.753  ; 7.261  ;
; denom3      ; business13  ; 6.074  ; 4.412  ; 5.087  ; 6.571  ;
; denom3      ; business14  ;        ; 4.455  ; 5.123  ;        ;
; denom3      ; business15  ;        ; 4.683  ; 5.298  ;        ;
; denom3      ; remain0     ; 4.854  ; 4.921  ; 5.522  ; 5.608  ;
; denom3      ; remain1     ; 4.713  ; 4.777  ; 5.381  ; 5.463  ;
; denom3      ; remain2     ; 4.864  ; 4.929  ; 5.562  ; 5.625  ;
; denom3      ; remain3     ; 4.789  ; 4.913  ; 5.406  ; 5.514  ;
; denom3      ; remain4     ; 4.902  ; 5.042  ; 5.511  ; 5.635  ;
; denom3      ; remain5     ; 4.733  ; 4.845  ; 5.381  ; 5.477  ;
; denom3      ; remain6     ; 4.904  ; 5.027  ; 5.496  ; 5.635  ;
; denom3      ; remain7     ; 5.545  ; 5.720  ; 6.193  ; 6.352  ;
; denom4      ; business0   ; 6.065  ; 5.479  ; 6.259  ; 6.589  ;
; denom4      ; business1   ; 5.433  ; 4.717  ; 5.435  ; 6.057  ;
; denom4      ; business2   ; 5.369  ; 4.834  ; 5.573  ; 5.903  ;
; denom4      ; business3   ; 5.442  ; 4.902  ; 5.638  ; 5.974  ;
; denom4      ; business4   ; 5.244  ; 4.614  ; 5.321  ; 5.812  ;
; denom4      ; business5   ; 5.008  ; 4.375  ; 5.059  ; 5.552  ;
; denom4      ; business6   ; 5.511  ; 4.350  ; 5.022  ; 6.094  ;
; denom4      ; business7   ; 5.063  ; 4.833  ; 5.581  ; 5.613  ;
; denom4      ; business8   ; 5.150  ; 4.459  ; 5.110  ; 5.717  ;
; denom4      ; business9   ; 5.540  ; 4.861  ; 5.591  ; 6.018  ;
; denom4      ; business10  ; 5.500  ; 4.721  ; 5.396  ; 6.074  ;
; denom4      ; business11  ; 6.639  ; 5.362  ; 6.123  ; 7.009  ;
; denom4      ; business12  ; 6.983  ; 5.481  ; 6.104  ; 7.419  ;
; denom4      ; business13  ; 6.231  ; 4.669  ; 5.245  ; 6.604  ;
; denom4      ; business14  ;        ; 4.596  ; 5.158  ;        ;
; denom4      ; business15  ;        ; 4.840  ; 5.331  ;        ;
; denom4      ; remain0     ; 4.960  ; 5.027  ; 5.638  ; 5.724  ;
; denom4      ; remain1     ; 4.819  ; 4.883  ; 5.497  ; 5.579  ;
; denom4      ; remain2     ; 4.970  ; 5.035  ; 5.678  ; 5.741  ;
; denom4      ; remain3     ; 5.131  ; 5.206  ; 5.825  ; 5.895  ;
; denom4      ; remain4     ; 4.954  ; 5.072  ; 5.581  ; 5.684  ;
; denom4      ; remain5     ; 4.824  ; 4.936  ; 5.450  ; 5.547  ;
; denom4      ; remain6     ; 5.010  ; 5.133  ; 5.612  ; 5.751  ;
; denom4      ; remain7     ; 5.651  ; 5.826  ; 6.309  ; 6.468  ;
; denom5      ; business0   ; 5.744  ; 5.167  ; 5.941  ; 6.261  ;
; denom5      ; business1   ; 5.005  ; 4.394  ; 5.103  ; 5.591  ;
; denom5      ; business2   ; 5.234  ; 4.473  ; 5.191  ; 5.823  ;
; denom5      ; business3   ; 5.228  ; 4.583  ; 5.315  ; 5.771  ;
; denom5      ; business4   ; 5.210  ; 4.415  ; 5.133  ; 5.804  ;
; denom5      ; business5   ; 4.965  ; 4.320  ; 5.033  ; 5.539  ;
; denom5      ; business6   ; 5.235  ; 4.300  ; 5.012  ; 5.869  ;
; denom5      ; business7   ; 4.937  ; 4.444  ; 5.163  ; 5.505  ;
; denom5      ; business8   ; 5.146  ; 4.428  ; 5.104  ; 5.765  ;
; denom5      ; business9   ; 5.564  ; 4.856  ; 5.628  ; 6.073  ;
; denom5      ; business10  ; 5.395  ; 4.689  ; 5.389  ; 5.966  ;
; denom5      ; business11  ; 6.785  ; 4.836  ; 5.537  ; 7.182  ;
; denom5      ; business12  ; 7.129  ; 5.627  ; 6.277  ; 7.592  ;
; denom5      ; business13  ; 6.377  ; 4.815  ; 5.418  ; 6.777  ;
; denom5      ; business14  ;        ; 4.742  ; 5.331  ;        ;
; denom5      ; business15  ;        ; 4.986  ; 5.504  ;        ;
; denom5      ; remain0     ; 4.648  ; 4.715  ; 5.320  ; 5.406  ;
; denom5      ; remain1     ; 4.507  ; 4.571  ; 5.179  ; 5.261  ;
; denom5      ; remain2     ; 4.658  ; 4.723  ; 5.360  ; 5.423  ;
; denom5      ; remain3     ; 4.819  ; 4.894  ; 5.507  ; 5.577  ;
; denom5      ; remain4     ; 4.792  ; 4.860  ; 5.480  ; 5.543  ;
; denom5      ; remain5     ; 4.432  ; 4.537  ; 5.053  ; 5.142  ;
; denom5      ; remain6     ; 4.698  ; 4.821  ; 5.294  ; 5.433  ;
; denom5      ; remain7     ; 5.339  ; 5.514  ; 5.991  ; 6.150  ;
; denom6      ; business0   ; 6.245  ; 5.668  ; 6.528  ; 6.836  ;
; denom6      ; business1   ; 5.582  ; 4.895  ; 5.686  ; 6.274  ;
; denom6      ; business2   ; 5.486  ; 4.983  ; 5.790  ; 6.082  ;
; denom6      ; business3   ; 5.326  ; 4.922  ; 5.704  ; 5.902  ;
; denom6      ; business4   ; 5.548  ; 4.618  ; 5.367  ; 6.192  ;
; denom6      ; business5   ; 5.254  ; 4.605  ; 5.351  ; 5.899  ;
; denom6      ; business6   ; 5.407  ; 4.504  ; 5.248  ; 6.079  ;
; denom6      ; business7   ; 5.117  ; 4.616  ; 5.373  ; 5.716  ;
; denom6      ; business8   ; 5.396  ; 4.580  ; 5.286  ; 6.045  ;
; denom6      ; business9   ; 5.606  ; 5.129  ; 5.937  ; 6.145  ;
; denom6      ; business10  ; 5.857  ; 4.431  ; 5.146  ; 6.500  ;
; denom6      ; business11  ; 6.966  ; 5.298  ; 6.071  ; 7.407  ;
; denom6      ; business12  ; 7.310  ; 5.808  ; 6.502  ; 7.817  ;
; denom6      ; business13  ; 6.558  ; 4.996  ; 5.643  ; 7.002  ;
; denom6      ; business14  ;        ; 4.923  ; 5.556  ;        ;
; denom6      ; business15  ;        ; 5.167  ; 5.729  ;        ;
; denom6      ; remain0     ; 5.149  ; 5.216  ; 5.907  ; 5.993  ;
; denom6      ; remain1     ; 5.008  ; 5.072  ; 5.766  ; 5.848  ;
; denom6      ; remain2     ; 5.159  ; 5.224  ; 5.947  ; 6.010  ;
; denom6      ; remain3     ; 5.320  ; 5.395  ; 6.094  ; 6.164  ;
; denom6      ; remain4     ; 5.293  ; 5.361  ; 6.067  ; 6.130  ;
; denom6      ; remain5     ; 5.139  ; 5.206  ; 5.896  ; 5.982  ;
; denom6      ; remain6     ; 5.058  ; 5.190  ; 5.765  ; 5.882  ;
; denom6      ; remain7     ; 5.840  ; 6.015  ; 6.578  ; 6.737  ;
; denom7      ; business0   ; 5.980  ; 5.210  ; 5.972  ; 6.499  ;
; denom7      ; business1   ; 5.075  ; 4.347  ; 5.032  ; 5.648  ;
; denom7      ; business2   ; 5.182  ; 4.549  ; 5.261  ; 5.725  ;
; denom7      ; business3   ; 5.312  ; 4.626  ; 5.350  ; 5.855  ;
; denom7      ; business4   ; 5.513  ; 4.516  ; 5.224  ; 6.108  ;
; denom7      ; business5   ; 4.907  ; 4.496  ; 5.201  ; 5.445  ;
; denom7      ; business6   ; 4.965  ; 4.230  ; 4.903  ; 5.527  ;
; denom7      ; business7   ; 4.954  ; 4.269  ; 4.954  ; 5.505  ;
; denom7      ; business8   ; 4.776  ; 4.450  ; 5.107  ; 5.325  ;
; denom7      ; business9   ; 5.587  ; 4.448  ; 5.143  ; 6.079  ;
; denom7      ; business10  ; 5.621  ; 4.412  ; 5.080  ; 6.208  ;
; denom7      ; business11  ; 6.825  ; 5.062  ; 5.779  ; 7.211  ;
; denom7      ; business12  ; 7.169  ; 5.667  ; 6.306  ; 7.621  ;
; denom7      ; business13  ; 6.417  ; 4.855  ; 5.447  ; 6.806  ;
; denom7      ; business14  ;        ; 4.782  ; 5.360  ;        ;
; denom7      ; business15  ;        ; 5.026  ; 5.533  ;        ;
; denom7      ; remain0     ; 4.691  ; 4.758  ; 5.351  ; 5.437  ;
; denom7      ; remain1     ; 4.550  ; 4.614  ; 5.210  ; 5.292  ;
; denom7      ; remain2     ; 4.701  ; 4.766  ; 5.391  ; 5.454  ;
; denom7      ; remain3     ; 4.862  ; 4.937  ; 5.538  ; 5.608  ;
; denom7      ; remain4     ; 4.835  ; 4.903  ; 5.511  ; 5.574  ;
; denom7      ; remain5     ; 4.681  ; 4.748  ; 5.340  ; 5.426  ;
; denom7      ; remain6     ; 4.887  ; 4.998  ; 5.546  ; 5.675  ;
; denom7      ; remain7     ; 5.286  ; 5.455  ; 5.895  ; 6.047  ;
; numerator0  ; business0   ; 5.426  ;        ;        ; 5.861  ;
; numerator0  ; remain0     ; 4.061  ; 4.520  ; 5.006  ; 4.696  ;
; numerator0  ; remain1     ; 4.322  ; 4.399  ; 4.879  ; 4.972  ;
; numerator0  ; remain2     ; 4.485  ; 4.584  ; 5.098  ; 5.181  ;
; numerator0  ; remain3     ; 4.815  ; 4.930  ; 5.372  ; 5.503  ;
; numerator0  ; remain4     ; 4.864  ; 4.989  ; 5.477  ; 5.554  ;
; numerator0  ; remain5     ; 4.664  ; 4.760  ; 5.221  ; 5.333  ;
; numerator0  ; remain6     ; 4.779  ; 4.918  ; 5.392  ; 5.515  ;
; numerator0  ; remain7     ; 5.476  ; 5.635  ; 6.033  ; 6.208  ;
; numerator1  ; business0   ; 5.491  ; 5.738  ; 6.399  ; 5.955  ;
; numerator1  ; business1   ; 4.468  ;        ;        ; 4.971  ;
; numerator1  ; remain0     ; 4.870  ; 4.956  ; 5.436  ; 5.503  ;
; numerator1  ; remain1     ; 4.094  ; 4.332  ; 4.856  ; 4.760  ;
; numerator1  ; remain2     ; 4.550  ; 4.649  ; 5.161  ; 5.275  ;
; numerator1  ; remain3     ; 4.692  ; 4.832  ; 5.312  ; 5.436  ;
; numerator1  ; remain4     ; 4.812  ; 4.943  ; 5.376  ; 5.523  ;
; numerator1  ; remain5     ; 4.599  ; 4.718  ; 5.219  ; 5.322  ;
; numerator1  ; remain6     ; 4.844  ; 4.983  ; 5.486  ; 5.609  ;
; numerator1  ; remain7     ; 5.541  ; 5.700  ; 6.127  ; 6.302  ;
; numerator2  ; business0   ; 5.046  ; 5.102  ; 5.550  ; 5.290  ;
; numerator2  ; business1   ; 3.964  ; 4.265  ; 4.568  ; 4.239  ;
; numerator2  ; business2   ; 3.800  ;        ;        ; 3.994  ;
; numerator2  ; remain0     ; 4.425  ; 4.511  ; 4.771  ; 4.838  ;
; numerator2  ; remain1     ; 4.284  ; 4.366  ; 4.630  ; 4.694  ;
; numerator2  ; remain2     ; 3.808  ; 4.079  ; 4.312  ; 4.267  ;
; numerator2  ; remain3     ; 4.188  ; 4.328  ; 4.553  ; 4.704  ;
; numerator2  ; remain4     ; 4.249  ; 4.439  ; 4.591  ; 4.769  ;
; numerator2  ; remain5     ; 4.095  ; 4.214  ; 4.462  ; 4.590  ;
; numerator2  ; remain6     ; 4.399  ; 4.538  ; 4.799  ; 4.944  ;
; numerator2  ; remain7     ; 5.096  ; 5.255  ; 5.462  ; 5.637  ;
; numerator3  ; business0   ; 5.357  ; 5.412  ; 5.822  ; 5.645  ;
; numerator3  ; business1   ; 4.124  ; 4.334  ; 4.674  ; 4.432  ;
; numerator3  ; business2   ; 3.990  ; 4.174  ; 4.530  ; 4.221  ;
; numerator3  ; business3   ; 3.787  ;        ;        ; 3.982  ;
; numerator3  ; remain0     ; 4.736  ; 4.822  ; 5.126  ; 5.193  ;
; numerator3  ; remain1     ; 4.497  ; 4.610  ; 4.846  ; 4.940  ;
; numerator3  ; remain2     ; 4.616  ; 4.739  ; 4.918  ; 5.067  ;
; numerator3  ; remain3     ; 4.109  ; 4.384  ; 4.649  ; 4.608  ;
; numerator3  ; remain4     ; 4.297  ; 4.490  ; 4.587  ; 4.796  ;
; numerator3  ; remain5     ; 4.255  ; 4.374  ; 4.627  ; 4.783  ;
; numerator3  ; remain6     ; 4.623  ; 4.780  ; 4.992  ; 5.165  ;
; numerator3  ; remain7     ; 5.234  ; 5.463  ; 5.580  ; 5.853  ;
; numerator4  ; business0   ; 6.797  ; 6.918  ; 7.545  ; 7.423  ;
; numerator4  ; business1   ; 5.630  ; 5.799  ; 6.420  ; 6.272  ;
; numerator4  ; business2   ; 5.486  ; 5.573  ; 6.276  ; 6.046  ;
; numerator4  ; business3   ; 5.318  ; 5.495  ; 6.190  ; 5.845  ;
; numerator4  ; business4   ; 4.830  ;        ;        ; 5.345  ;
; numerator4  ; remain0     ; 6.176  ; 6.262  ; 6.904  ; 6.971  ;
; numerator4  ; remain1     ; 6.003  ; 6.116  ; 6.686  ; 6.780  ;
; numerator4  ; remain2     ; 6.114  ; 6.245  ; 6.743  ; 6.895  ;
; numerator4  ; remain3     ; 6.190  ; 6.343  ; 6.818  ; 6.979  ;
; numerator4  ; remain4     ; 5.543  ; 5.889  ; 6.333  ; 6.362  ;
; numerator4  ; remain5     ; 5.761  ; 5.880  ; 6.490  ; 6.623  ;
; numerator4  ; remain6     ; 6.016  ; 6.286  ; 6.662  ; 6.917  ;
; numerator4  ; remain7     ; 6.762  ; 6.969  ; 7.443  ; 7.712  ;
; numerator5  ; business0   ; 7.171  ; 7.213  ; 7.881  ; 7.856  ;
; numerator5  ; business1   ; 6.046  ; 6.117  ; 6.772  ; 6.757  ;
; numerator5  ; business2   ; 5.895  ; 5.976  ; 6.708  ; 6.518  ;
; numerator5  ; business3   ; 5.676  ; 5.786  ; 6.530  ; 6.270  ;
; numerator5  ; business4   ; 5.121  ; 5.421  ; 6.043  ; 5.681  ;
; numerator5  ; business5   ; 4.606  ;        ;        ; 5.120  ;
; numerator5  ; remain0     ; 6.550  ; 6.636  ; 7.260  ; 7.346  ;
; numerator5  ; remain1     ; 6.409  ; 6.491  ; 7.119  ; 7.201  ;
; numerator5  ; remain2     ; 6.523  ; 6.653  ; 7.215  ; 7.363  ;
; numerator5  ; remain3     ; 6.599  ; 6.755  ; 7.290  ; 7.451  ;
; numerator5  ; remain4     ; 6.476  ; 6.659  ; 7.091  ; 7.302  ;
; numerator5  ; remain5     ; 5.930  ; 6.192  ; 6.789  ; 6.814  ;
; numerator5  ; remain6     ; 6.307  ; 6.578  ; 6.998  ; 7.253  ;
; numerator5  ; remain7     ; 7.123  ; 7.380  ; 7.868  ; 8.092  ;
; numerator6  ; business0   ; 7.420  ; 7.485  ; 8.225  ; 8.121  ;
; numerator6  ; business1   ; 6.326  ; 6.511  ; 7.116  ; 7.054  ;
; numerator6  ; business2   ; 6.326  ; 6.396  ; 6.966  ; 7.020  ;
; numerator6  ; business3   ; 6.148  ; 6.178  ; 6.744  ; 6.778  ;
; numerator6  ; business4   ; 5.590  ; 5.678  ; 6.296  ; 6.206  ;
; numerator6  ; business5   ; 5.051  ; 5.215  ; 5.830  ; 5.609  ;
; numerator6  ; business6   ; 4.564  ;        ;        ; 5.080  ;
; numerator6  ; remain0     ; 6.799  ; 6.885  ; 7.602  ; 7.669  ;
; numerator6  ; remain1     ; 6.658  ; 6.740  ; 7.461  ; 7.525  ;
; numerator6  ; remain2     ; 6.818  ; 6.902  ; 7.584  ; 7.677  ;
; numerator6  ; remain3     ; 6.909  ; 7.039  ; 7.670  ; 7.787  ;
; numerator6  ; remain4     ; 6.845  ; 6.939  ; 7.595  ; 7.707  ;
; numerator6  ; remain5     ; 6.747  ; 6.856  ; 7.516  ; 7.607  ;
; numerator6  ; remain6     ; 6.535  ; 6.808  ; 7.380  ; 7.486  ;
; numerator6  ; remain7     ; 7.458  ; 7.629  ; 8.245  ; 8.468  ;
; numerator7  ; business0   ; 7.644  ; 7.693  ; 8.459  ; 8.353  ;
; numerator7  ; business1   ; 6.509  ; 6.656  ; 7.350  ; 7.253  ;
; numerator7  ; business2   ; 6.412  ; 6.497  ; 7.158  ; 7.071  ;
; numerator7  ; business3   ; 6.198  ; 6.325  ; 6.980  ; 6.828  ;
; numerator7  ; business4   ; 5.660  ; 5.894  ; 6.450  ; 6.259  ;
; numerator7  ; business5   ; 5.316  ; 5.412  ; 6.008  ; 5.900  ;
; numerator7  ; business6   ; 4.962  ; 5.108  ; 5.741  ; 5.502  ;
; numerator7  ; business7   ; 4.548  ;        ;        ; 5.036  ;
; numerator7  ; remain0     ; 7.023  ; 7.109  ; 7.834  ; 7.901  ;
; numerator7  ; remain1     ; 6.882  ; 6.964  ; 7.667  ; 7.757  ;
; numerator7  ; remain2     ; 7.001  ; 7.124  ; 7.768  ; 7.888  ;
; numerator7  ; remain3     ; 7.092  ; 7.222  ; 7.843  ; 7.986  ;
; numerator7  ; remain4     ; 7.015  ; 7.122  ; 7.669  ; 7.880  ;
; numerator7  ; remain5     ; 6.930  ; 7.039  ; 7.693  ; 7.806  ;
; numerator7  ; remain6     ; 7.194  ; 7.347  ; 7.846  ; 8.089  ;
; numerator7  ; remain7     ; 7.402  ; 7.720  ; 8.263  ; 8.404  ;
; numerator8  ; business0   ; 8.020  ; 8.183  ; 8.839  ; 8.777  ;
; numerator8  ; business1   ; 6.911  ; 7.087  ; 7.730  ; 7.681  ;
; numerator8  ; business2   ; 7.091  ; 7.071  ; 7.765  ; 7.806  ;
; numerator8  ; business3   ; 6.789  ; 6.860  ; 7.474  ; 7.476  ;
; numerator8  ; business4   ; 6.195  ; 6.346  ; 6.905  ; 6.867  ;
; numerator8  ; business5   ; 5.768  ; 5.948  ; 6.488  ; 6.397  ;
; numerator8  ; business6   ; 5.435  ; 5.644  ; 6.221  ; 6.038  ;
; numerator8  ; business7   ; 5.100  ; 5.250  ; 5.889  ; 5.643  ;
; numerator8  ; business8   ; 4.747  ;        ;        ; 5.285  ;
; numerator8  ; remain0     ; 7.399  ; 7.485  ; 8.218  ; 8.304  ;
; numerator8  ; remain1     ; 7.258  ; 7.340  ; 8.077  ; 8.159  ;
; numerator8  ; remain2     ; 7.403  ; 7.502  ; 8.211  ; 8.316  ;
; numerator8  ; remain3     ; 7.494  ; 7.624  ; 8.302  ; 8.414  ;
; numerator8  ; remain4     ; 7.430  ; 7.524  ; 8.235  ; 8.334  ;
; numerator8  ; remain5     ; 7.332  ; 7.441  ; 8.143  ; 8.234  ;
; numerator8  ; remain6     ; 7.594  ; 7.723  ; 8.413  ; 8.542  ;
; numerator8  ; remain7     ; 8.238  ; 8.402  ; 9.057  ; 9.221  ;
; numerator9  ; business0   ; 8.408  ; 8.420  ; 9.090  ; 9.084  ;
; numerator9  ; business1   ; 7.041  ; 7.216  ; 7.918  ; 7.813  ;
; numerator9  ; business2   ; 6.910  ; 6.927  ; 7.708  ; 7.598  ;
; numerator9  ; business3   ; 6.595  ; 6.690  ; 7.472  ; 7.244  ;
; numerator9  ; business4   ; 6.051  ; 6.367  ; 6.863  ; 6.681  ;
; numerator9  ; business5   ; 5.609  ; 5.885  ; 6.503  ; 6.199  ;
; numerator9  ; business6   ; 5.342  ; 5.617  ; 6.236  ; 5.895  ;
; numerator9  ; business7   ; 5.161  ; 5.390  ; 6.013  ; 5.694  ;
; numerator9  ; business8   ; 4.887  ; 5.257  ; 5.814  ; 5.409  ;
; numerator9  ; business9   ; 5.103  ;        ;        ; 5.507  ;
; numerator9  ; remain0     ; 7.787  ; 7.873  ; 8.469  ; 8.555  ;
; numerator9  ; remain1     ; 7.414  ; 7.527  ; 8.227  ; 8.321  ;
; numerator9  ; remain2     ; 7.533  ; 7.656  ; 8.295  ; 8.447  ;
; numerator9  ; remain3     ; 7.560  ; 7.754  ; 8.283  ; 8.473  ;
; numerator9  ; remain4     ; 7.406  ; 7.636  ; 8.091  ; 8.302  ;
; numerator9  ; remain5     ; 7.437  ; 7.571  ; 8.159  ; 8.335  ;
; numerator9  ; remain6     ; 7.585  ; 7.846  ; 8.268  ; 8.511  ;
; numerator9  ; remain7     ; 8.330  ; 8.608  ; 9.051  ; 9.311  ;
; numerator10 ; business0   ; 8.786  ; 8.798  ; 9.424  ; 9.436  ;
; numerator10 ; business1   ; 7.677  ; 7.702  ; 8.315  ; 8.340  ;
; numerator10 ; business2   ; 7.281  ; 7.398  ; 8.179  ; 8.076  ;
; numerator10 ; business3   ; 7.103  ; 7.187  ; 7.960  ; 7.865  ;
; numerator10 ; business4   ; 6.429  ; 6.521  ; 7.067  ; 7.143  ;
; numerator10 ; business5   ; 6.162  ; 6.232  ; 6.800  ; 6.854  ;
; numerator10 ; business6   ; 5.899  ; 6.080  ; 6.757  ; 6.576  ;
; numerator10 ; business7   ; 5.562  ; 5.756  ; 6.405  ; 6.173  ;
; numerator10 ; business8   ; 5.253  ; 5.542  ; 6.151  ; 5.864  ;
; numerator10 ; business9   ; 5.398  ; 5.779  ; 6.495  ; 5.865  ;
; numerator10 ; business10  ; 5.019  ;        ;        ; 5.540  ;
; numerator10 ; remain0     ; 8.165  ; 8.251  ; 8.803  ; 8.889  ;
; numerator10 ; remain1     ; 8.024  ; 8.106  ; 8.662  ; 8.744  ;
; numerator10 ; remain2     ; 7.909  ; 8.056  ; 8.773  ; 8.906  ;
; numerator10 ; remain3     ; 7.985  ; 8.141  ; 8.848  ; 9.009  ;
; numerator10 ; remain4     ; 7.784  ; 8.014  ; 8.422  ; 8.652  ;
; numerator10 ; remain5     ; 7.834  ; 7.973  ; 8.623  ; 8.759  ;
; numerator10 ; remain6     ; 7.963  ; 8.224  ; 8.601  ; 8.862  ;
; numerator10 ; remain7     ; 8.769  ; 8.993  ; 9.509  ; 9.695  ;
; numerator11 ; business0   ; 9.097  ; 9.109  ; 9.675  ; 9.687  ;
; numerator11 ; business1   ; 7.988  ; 8.013  ; 8.566  ; 8.591  ;
; numerator11 ; business2   ; 7.863  ; 7.832  ; 8.441  ; 8.410  ;
; numerator11 ; business3   ; 7.610  ; 7.565  ; 8.211  ; 8.143  ;
; numerator11 ; business4   ; 6.740  ; 6.862  ; 7.318  ; 7.456  ;
; numerator11 ; business5   ; 6.473  ; 6.573  ; 7.051  ; 7.167  ;
; numerator11 ; business6   ; 6.430  ; 6.533  ; 7.008  ; 7.127  ;
; numerator11 ; business7   ; 6.026  ; 6.198  ; 6.811  ; 6.684  ;
; numerator11 ; business8   ; 5.794  ; 5.968  ; 6.482  ; 6.451  ;
; numerator11 ; business9   ; 5.902  ; 6.088  ; 6.785  ; 6.423  ;
; numerator11 ; business10  ; 5.392  ; 5.708  ; 6.308  ; 5.951  ;
; numerator11 ; business11  ; 5.732  ;        ;        ; 6.158  ;
; numerator11 ; remain0     ; 8.476  ; 8.562  ; 9.054  ; 9.140  ;
; numerator11 ; remain1     ; 8.335  ; 8.417  ; 8.913  ; 8.995  ;
; numerator11 ; remain2     ; 8.480  ; 8.579  ; 9.058  ; 9.157  ;
; numerator11 ; remain3     ; 8.567  ; 8.701  ; 9.145  ; 9.279  ;
; numerator11 ; remain4     ; 8.095  ; 8.325  ; 8.673  ; 8.903  ;
; numerator11 ; remain5     ; 8.296  ; 8.432  ; 8.874  ; 9.010  ;
; numerator11 ; remain6     ; 8.274  ; 8.535  ; 8.852  ; 9.113  ;
; numerator11 ; remain7     ; 9.182  ; 9.368  ; 9.760  ; 9.946  ;
; numerator12 ; business0   ; 8.039  ; 8.051  ; 8.579  ; 8.591  ;
; numerator12 ; business1   ; 6.930  ; 6.955  ; 7.470  ; 7.495  ;
; numerator12 ; business2   ; 6.805  ; 6.774  ; 7.345  ; 7.314  ;
; numerator12 ; business3   ; 6.575  ; 6.507  ; 7.115  ; 7.047  ;
; numerator12 ; business4   ; 5.682  ; 6.017  ; 6.222  ; 6.191  ;
; numerator12 ; business5   ; 5.415  ; 5.728  ; 5.955  ; 5.902  ;
; numerator12 ; business6   ; 5.372  ; 5.688  ; 5.912  ; 5.862  ;
; numerator12 ; business7   ; 5.175  ; 5.349  ; 5.649  ; 5.634  ;
; numerator12 ; business8   ; 4.846  ; 5.123  ; 5.386  ; 5.297  ;
; numerator12 ; business9   ; 5.179  ; 5.337  ; 5.664  ; 5.511  ;
; numerator12 ; business10  ; 4.790  ; 4.885  ; 5.183  ; 5.182  ;
; numerator12 ; business11  ; 5.020  ; 5.130  ; 5.560  ; 5.240  ;
; numerator12 ; business12  ; 4.666  ;        ;        ; 4.832  ;
; numerator12 ; remain0     ; 7.418  ; 7.504  ; 7.958  ; 8.044  ;
; numerator12 ; remain1     ; 7.277  ; 7.359  ; 7.817  ; 7.899  ;
; numerator12 ; remain2     ; 7.422  ; 7.521  ; 7.962  ; 8.061  ;
; numerator12 ; remain3     ; 7.509  ; 7.643  ; 8.049  ; 8.183  ;
; numerator12 ; remain4     ; 7.037  ; 7.267  ; 7.577  ; 7.807  ;
; numerator12 ; remain5     ; 7.238  ; 7.374  ; 7.778  ; 7.914  ;
; numerator12 ; remain6     ; 7.216  ; 7.477  ; 7.756  ; 8.017  ;
; numerator12 ; remain7     ; 8.124  ; 8.310  ; 8.664  ; 8.850  ;
; numerator13 ; business0   ; 8.831  ; 8.843  ; 9.217  ; 9.229  ;
; numerator13 ; business1   ; 7.722  ; 7.747  ; 8.108  ; 8.133  ;
; numerator13 ; business2   ; 7.597  ; 7.566  ; 7.983  ; 7.952  ;
; numerator13 ; business3   ; 7.331  ; 7.299  ; 7.740  ; 7.685  ;
; numerator13 ; business4   ; 6.474  ; 6.522  ; 6.860  ; 6.967  ;
; numerator13 ; business5   ; 6.041  ; 6.233  ; 6.580  ; 6.638  ;
; numerator13 ; business6   ; 5.752  ; 5.932  ; 6.053  ; 6.249  ;
; numerator13 ; business7   ; 5.282  ; 5.464  ; 5.679  ; 5.783  ;
; numerator13 ; business8   ; 5.062  ; 5.364  ; 5.525  ; 5.543  ;
; numerator13 ; business9   ; 5.224  ; 5.398  ; 5.742  ; 5.573  ;
; numerator13 ; business10  ; 4.729  ; 4.959  ; 5.213  ; 5.113  ;
; numerator13 ; business11  ; 5.075  ; 5.208  ; 5.614  ; 5.317  ;
; numerator13 ; business12  ; 4.844  ; 4.939  ; 5.383  ; 5.048  ;
; numerator13 ; business13  ; 3.811  ;        ;        ; 3.981  ;
; numerator13 ; remain0     ; 8.210  ; 8.296  ; 8.596  ; 8.682  ;
; numerator13 ; remain1     ; 8.069  ; 8.151  ; 8.455  ; 8.537  ;
; numerator13 ; remain2     ; 8.214  ; 8.313  ; 8.600  ; 8.699  ;
; numerator13 ; remain3     ; 8.296  ; 8.435  ; 8.687  ; 8.821  ;
; numerator13 ; remain4     ; 7.829  ; 8.059  ; 8.215  ; 8.445  ;
; numerator13 ; remain5     ; 8.004  ; 8.166  ; 8.416  ; 8.552  ;
; numerator13 ; remain6     ; 8.008  ; 8.269  ; 8.394  ; 8.655  ;
; numerator13 ; remain7     ; 8.729  ; 9.047  ; 9.126  ; 9.444  ;
; numerator14 ; business0   ; 10.407 ; 10.461 ; 11.007 ; 11.061 ;
; numerator14 ; business1   ; 9.298  ; 9.365  ; 9.898  ; 9.965  ;
; numerator14 ; business2   ; 9.194  ; 9.184  ; 9.794  ; 9.784  ;
; numerator14 ; business3   ; 8.874  ; 8.914  ; 9.474  ; 9.514  ;
; numerator14 ; business4   ; 8.092  ; 8.140  ; 8.692  ; 8.740  ;
; numerator14 ; business5   ; 7.825  ; 7.838  ; 8.425  ; 8.438  ;
; numerator14 ; business6   ; 7.187  ; 7.387  ; 7.787  ; 7.987  ;
; numerator14 ; business7   ; 6.813  ; 7.001  ; 7.413  ; 7.585  ;
; numerator14 ; business8   ; 6.659  ; 6.859  ; 7.259  ; 7.443  ;
; numerator14 ; business9   ; 6.892  ; 6.955  ; 7.492  ; 7.539  ;
; numerator14 ; business10  ; 6.347  ; 6.454  ; 6.947  ; 7.038  ;
; numerator14 ; business11  ; 6.787  ; 6.748  ; 7.387  ; 7.332  ;
; numerator14 ; business12  ; 6.579  ; 6.523  ; 7.179  ; 7.107  ;
; numerator14 ; business13  ; 5.534  ; 5.457  ; 6.134  ; 6.041  ;
; numerator14 ; business14  ; 4.501  ;        ;        ; 5.004  ;
; numerator14 ; remain0     ; 9.786  ; 9.872  ; 10.386 ; 10.472 ;
; numerator14 ; remain1     ; 9.645  ; 9.727  ; 10.245 ; 10.327 ;
; numerator14 ; remain2     ; 9.790  ; 9.889  ; 10.390 ; 10.489 ;
; numerator14 ; remain3     ; 9.839  ; 10.011 ; 10.439 ; 10.611 ;
; numerator14 ; remain4     ; 9.447  ; 9.677  ; 10.047 ; 10.277 ;
; numerator14 ; remain5     ; 9.648  ; 9.784  ; 10.248 ; 10.384 ;
; numerator14 ; remain6     ; 9.626  ; 9.887  ; 10.226 ; 10.487 ;
; numerator14 ; remain7     ; 10.260 ; 10.578 ; 10.860 ; 11.178 ;
; numerator15 ; business0   ; 10.331 ; 10.421 ; 11.110 ; 11.127 ;
; numerator15 ; business1   ; 9.222  ; 9.325  ; 10.001 ; 10.031 ;
; numerator15 ; business2   ; 9.118  ; 9.135  ; 9.881  ; 9.850  ;
; numerator15 ; business3   ; 8.798  ; 8.838  ; 9.577  ; 9.583  ;
; numerator15 ; business4   ; 8.052  ; 8.040  ; 8.758  ; 8.841  ;
; numerator15 ; business5   ; 7.785  ; 7.751  ; 8.491  ; 8.541  ;
; numerator15 ; business6   ; 7.350  ; 7.474  ; 7.890  ; 8.090  ;
; numerator15 ; business7   ; 6.737  ; 7.015  ; 7.516  ; 7.531  ;
; numerator15 ; business8   ; 6.559  ; 6.865  ; 7.362  ; 7.351  ;
; numerator15 ; business9   ; 6.693  ; 6.860  ; 7.497  ; 7.346  ;
; numerator15 ; business10  ; 6.345  ; 6.547  ; 7.050  ; 7.033  ;
; numerator15 ; business11  ; 6.669  ; 6.743  ; 7.473  ; 7.229  ;
; numerator15 ; business12  ; 6.441  ; 6.475  ; 7.245  ; 6.961  ;
; numerator15 ; business13  ; 5.359  ; 5.616  ; 6.237  ; 5.862  ;
; numerator15 ; business14  ; 4.372  ;        ;        ; 4.866  ;
; numerator15 ; business15  ; 4.044  ;        ;        ; 4.603  ;
; numerator15 ; remain0     ; 9.710  ; 9.796  ; 10.489 ; 10.575 ;
; numerator15 ; remain1     ; 9.569  ; 9.651  ; 10.348 ; 10.430 ;
; numerator15 ; remain2     ; 9.714  ; 9.813  ; 10.493 ; 10.592 ;
; numerator15 ; remain3     ; 9.763  ; 9.935  ; 10.542 ; 10.714 ;
; numerator15 ; remain4     ; 9.407  ; 9.637  ; 10.113 ; 10.343 ;
; numerator15 ; remain5     ; 9.608  ; 9.744  ; 10.314 ; 10.450 ;
; numerator15 ; remain6     ; 9.586  ; 9.847  ; 10.292 ; 10.553 ;
; numerator15 ; remain7     ; 10.184 ; 10.502 ; 10.963 ; 11.281 ;
+-------------+-------------+--------+--------+--------+--------+


-----------------------------------------------
; Fast 1200mV -40C Model Metastability Report ;
-----------------------------------------------
No synchronizer chains to report.


+----------------------------------------------------------------------------+
; Multicorner Timing Analysis Summary                                        ;
+------------------+-------+------+----------+---------+---------------------+
; Clock            ; Setup ; Hold ; Recovery ; Removal ; Minimum Pulse Width ;
+------------------+-------+------+----------+---------+---------------------+
; Worst-case Slack ; N/A   ; N/A  ; N/A      ; N/A     ; N/A                 ;
; Design-wide TNS  ; 0.0   ; 0.0  ; 0.0      ; 0.0     ; 0.0                 ;
+------------------+-------+------+----------+---------+---------------------+


+---------------------------------------------------------------+
; Progagation Delay                                             ;
+-------------+-------------+--------+--------+--------+--------+
; Input Port  ; Output Port ; RR     ; RF     ; FR     ; FF     ;
+-------------+-------------+--------+--------+--------+--------+
; denom0      ; business0   ; 53.853 ; 53.844 ; 54.253 ; 54.244 ;
; denom0      ; business1   ; 49.855 ; 49.882 ; 50.255 ; 50.282 ;
; denom0      ; business2   ; 47.642 ; 47.519 ; 48.042 ; 47.919 ;
; denom0      ; business3   ; 44.748 ; 44.565 ; 45.148 ; 44.965 ;
; denom0      ; business4   ; 41.453 ; 41.281 ; 41.853 ; 41.681 ;
; denom0      ; business5   ; 37.972 ; 37.708 ; 38.372 ; 38.108 ;
; denom0      ; business6   ; 34.190 ; 33.960 ; 34.590 ; 34.360 ;
; denom0      ; business7   ; 30.996 ; 31.059 ; 31.396 ; 31.459 ;
; denom0      ; business8   ; 28.071 ; 28.157 ; 28.471 ; 28.557 ;
; denom0      ; business9   ; 26.572 ; 26.561 ; 26.972 ; 26.961 ;
; denom0      ; business10  ; 23.221 ; 23.287 ; 23.621 ; 23.687 ;
; denom0      ; business11  ; 20.724 ; 20.650 ; 21.124 ; 21.050 ;
; denom0      ; business12  ; 17.886 ; 18.109 ; 18.303 ; 18.509 ;
; denom0      ; business13  ; 12.753 ; 12.830 ; 13.153 ; 13.259 ;
; denom0      ; business14  ;        ; 9.638  ; 9.986  ;        ;
; denom0      ; business15  ;        ; 8.838  ; 9.158  ;        ;
; denom0      ; remain0     ; 53.160 ; 53.119 ; 53.560 ; 53.519 ;
; denom0      ; remain1     ; 52.858 ; 52.812 ; 53.258 ; 53.212 ;
; denom0      ; remain2     ; 53.253 ; 53.197 ; 53.653 ; 53.597 ;
; denom0      ; remain3     ; 53.539 ; 53.486 ; 53.939 ; 53.886 ;
; denom0      ; remain4     ; 53.572 ; 53.479 ; 53.972 ; 53.879 ;
; denom0      ; remain5     ; 53.142 ; 53.097 ; 53.542 ; 53.497 ;
; denom0      ; remain6     ; 53.567 ; 53.541 ; 53.967 ; 53.941 ;
; denom0      ; remain7     ; 54.557 ; 54.644 ; 54.957 ; 55.044 ;
; denom1      ; business0   ; 54.209 ; 54.200 ; 54.702 ; 54.693 ;
; denom1      ; business1   ; 50.211 ; 50.238 ; 50.704 ; 50.731 ;
; denom1      ; business2   ; 47.998 ; 47.875 ; 48.491 ; 48.368 ;
; denom1      ; business3   ; 45.104 ; 44.921 ; 45.597 ; 45.414 ;
; denom1      ; business4   ; 41.809 ; 41.637 ; 42.302 ; 42.130 ;
; denom1      ; business5   ; 38.328 ; 38.064 ; 38.821 ; 38.557 ;
; denom1      ; business6   ; 34.546 ; 34.316 ; 35.039 ; 34.809 ;
; denom1      ; business7   ; 31.352 ; 31.415 ; 31.845 ; 31.908 ;
; denom1      ; business8   ; 28.427 ; 28.513 ; 28.920 ; 29.006 ;
; denom1      ; business9   ; 26.928 ; 26.917 ; 27.421 ; 27.410 ;
; denom1      ; business10  ; 23.577 ; 23.643 ; 24.070 ; 24.136 ;
; denom1      ; business11  ; 21.080 ; 21.006 ; 21.573 ; 21.499 ;
; denom1      ; business12  ; 18.270 ; 18.465 ; 18.752 ; 18.958 ;
; denom1      ; business13  ; 13.109 ; 13.226 ; 13.602 ; 13.708 ;
; denom1      ; business14  ;        ; 10.034 ; 10.435 ;        ;
; denom1      ; business15  ;        ; 9.061  ; 9.410  ;        ;
; denom1      ; remain0     ; 53.516 ; 53.475 ; 54.009 ; 53.968 ;
; denom1      ; remain1     ; 53.214 ; 53.168 ; 53.707 ; 53.661 ;
; denom1      ; remain2     ; 53.609 ; 53.553 ; 54.102 ; 54.046 ;
; denom1      ; remain3     ; 53.895 ; 53.842 ; 54.388 ; 54.335 ;
; denom1      ; remain4     ; 53.928 ; 53.835 ; 54.421 ; 54.328 ;
; denom1      ; remain5     ; 53.498 ; 53.453 ; 53.991 ; 53.946 ;
; denom1      ; remain6     ; 53.923 ; 53.897 ; 54.416 ; 54.390 ;
; denom1      ; remain7     ; 54.913 ; 55.000 ; 55.406 ; 55.493 ;
; denom2      ; business0   ; 53.457 ; 53.448 ; 53.638 ; 53.629 ;
; denom2      ; business1   ; 49.459 ; 49.486 ; 49.640 ; 49.667 ;
; denom2      ; business2   ; 47.246 ; 47.123 ; 47.427 ; 47.304 ;
; denom2      ; business3   ; 44.352 ; 44.169 ; 44.533 ; 44.350 ;
; denom2      ; business4   ; 41.057 ; 40.885 ; 41.238 ; 41.066 ;
; denom2      ; business5   ; 37.576 ; 37.312 ; 37.757 ; 37.493 ;
; denom2      ; business6   ; 33.794 ; 33.564 ; 33.975 ; 33.745 ;
; denom2      ; business7   ; 30.600 ; 30.663 ; 30.781 ; 30.844 ;
; denom2      ; business8   ; 27.675 ; 27.761 ; 27.856 ; 27.942 ;
; denom2      ; business9   ; 26.176 ; 26.165 ; 26.357 ; 26.346 ;
; denom2      ; business10  ; 22.825 ; 22.891 ; 23.006 ; 23.072 ;
; denom2      ; business11  ; 20.328 ; 20.254 ; 20.509 ; 20.435 ;
; denom2      ; business12  ; 17.490 ; 17.713 ; 17.672 ; 17.894 ;
; denom2      ; business13  ; 12.357 ; 12.294 ; 12.538 ; 12.628 ;
; denom2      ; business14  ;        ; 8.504  ; 8.809  ;        ;
; denom2      ; business15  ;        ; 9.122  ; 9.408  ;        ;
; denom2      ; remain0     ; 52.764 ; 52.723 ; 52.945 ; 52.904 ;
; denom2      ; remain1     ; 52.462 ; 52.416 ; 52.643 ; 52.597 ;
; denom2      ; remain2     ; 52.857 ; 52.801 ; 53.038 ; 52.982 ;
; denom2      ; remain3     ; 53.143 ; 53.090 ; 53.324 ; 53.271 ;
; denom2      ; remain4     ; 53.176 ; 53.083 ; 53.357 ; 53.264 ;
; denom2      ; remain5     ; 52.746 ; 52.701 ; 52.927 ; 52.882 ;
; denom2      ; remain6     ; 53.171 ; 53.145 ; 53.352 ; 53.326 ;
; denom2      ; remain7     ; 54.161 ; 54.248 ; 54.342 ; 54.429 ;
; denom3      ; business0   ; 54.798 ; 54.789 ; 54.933 ; 54.924 ;
; denom3      ; business1   ; 50.800 ; 50.827 ; 50.935 ; 50.962 ;
; denom3      ; business2   ; 48.587 ; 48.464 ; 48.722 ; 48.599 ;
; denom3      ; business3   ; 45.693 ; 45.510 ; 45.828 ; 45.645 ;
; denom3      ; business4   ; 42.398 ; 42.226 ; 42.533 ; 42.361 ;
; denom3      ; business5   ; 38.917 ; 38.653 ; 39.052 ; 38.788 ;
; denom3      ; business6   ; 35.135 ; 34.905 ; 35.270 ; 35.040 ;
; denom3      ; business7   ; 31.941 ; 32.004 ; 32.076 ; 32.139 ;
; denom3      ; business8   ; 29.016 ; 29.102 ; 29.151 ; 29.237 ;
; denom3      ; business9   ; 27.517 ; 27.506 ; 27.652 ; 27.641 ;
; denom3      ; business10  ; 24.166 ; 24.232 ; 24.301 ; 24.367 ;
; denom3      ; business11  ; 21.669 ; 21.595 ; 21.804 ; 21.730 ;
; denom3      ; business12  ; 18.831 ; 19.054 ; 18.967 ; 19.189 ;
; denom3      ; business13  ; 13.698 ; 13.635 ; 13.833 ; 13.923 ;
; denom3      ; business14  ;        ; 9.797  ; 10.077 ;        ;
; denom3      ; business15  ;        ; 10.463 ; 10.703 ;        ;
; denom3      ; remain0     ; 54.105 ; 54.064 ; 54.240 ; 54.199 ;
; denom3      ; remain1     ; 53.803 ; 53.757 ; 53.938 ; 53.892 ;
; denom3      ; remain2     ; 54.198 ; 54.142 ; 54.333 ; 54.277 ;
; denom3      ; remain3     ; 54.484 ; 54.431 ; 54.619 ; 54.566 ;
; denom3      ; remain4     ; 54.517 ; 54.424 ; 54.652 ; 54.559 ;
; denom3      ; remain5     ; 54.087 ; 54.042 ; 54.222 ; 54.177 ;
; denom3      ; remain6     ; 54.512 ; 54.486 ; 54.647 ; 54.621 ;
; denom3      ; remain7     ; 55.502 ; 55.589 ; 55.637 ; 55.724 ;
; denom4      ; business0   ; 54.966 ; 54.957 ; 55.140 ; 55.131 ;
; denom4      ; business1   ; 50.968 ; 50.995 ; 51.142 ; 51.169 ;
; denom4      ; business2   ; 48.755 ; 48.632 ; 48.929 ; 48.806 ;
; denom4      ; business3   ; 45.861 ; 45.678 ; 46.035 ; 45.852 ;
; denom4      ; business4   ; 42.566 ; 42.394 ; 42.740 ; 42.568 ;
; denom4      ; business5   ; 39.085 ; 38.821 ; 39.259 ; 38.995 ;
; denom4      ; business6   ; 35.303 ; 35.073 ; 35.477 ; 35.247 ;
; denom4      ; business7   ; 32.109 ; 32.172 ; 32.283 ; 32.346 ;
; denom4      ; business8   ; 29.184 ; 29.270 ; 29.358 ; 29.444 ;
; denom4      ; business9   ; 27.685 ; 27.674 ; 27.859 ; 27.848 ;
; denom4      ; business10  ; 24.334 ; 24.400 ; 24.508 ; 24.574 ;
; denom4      ; business11  ; 21.837 ; 21.763 ; 22.011 ; 21.937 ;
; denom4      ; business12  ; 18.999 ; 19.222 ; 19.174 ; 19.396 ;
; denom4      ; business13  ; 13.866 ; 13.803 ; 14.040 ; 14.130 ;
; denom4      ; business14  ;        ; 9.976  ; 10.316 ;        ;
; denom4      ; business15  ;        ; 10.631 ; 10.910 ;        ;
; denom4      ; remain0     ; 54.273 ; 54.232 ; 54.447 ; 54.406 ;
; denom4      ; remain1     ; 53.971 ; 53.925 ; 54.145 ; 54.099 ;
; denom4      ; remain2     ; 54.366 ; 54.310 ; 54.540 ; 54.484 ;
; denom4      ; remain3     ; 54.652 ; 54.599 ; 54.826 ; 54.773 ;
; denom4      ; remain4     ; 54.685 ; 54.592 ; 54.859 ; 54.766 ;
; denom4      ; remain5     ; 54.255 ; 54.210 ; 54.429 ; 54.384 ;
; denom4      ; remain6     ; 54.680 ; 54.654 ; 54.854 ; 54.828 ;
; denom4      ; remain7     ; 55.670 ; 55.757 ; 55.844 ; 55.931 ;
; denom5      ; business0   ; 55.291 ; 55.282 ; 55.500 ; 55.491 ;
; denom5      ; business1   ; 51.293 ; 51.320 ; 51.502 ; 51.529 ;
; denom5      ; business2   ; 49.080 ; 48.957 ; 49.289 ; 49.166 ;
; denom5      ; business3   ; 46.186 ; 46.003 ; 46.395 ; 46.212 ;
; denom5      ; business4   ; 42.891 ; 42.719 ; 43.100 ; 42.928 ;
; denom5      ; business5   ; 39.410 ; 39.146 ; 39.619 ; 39.355 ;
; denom5      ; business6   ; 35.628 ; 35.398 ; 35.837 ; 35.607 ;
; denom5      ; business7   ; 32.434 ; 32.497 ; 32.643 ; 32.706 ;
; denom5      ; business8   ; 29.509 ; 29.595 ; 29.718 ; 29.804 ;
; denom5      ; business9   ; 28.010 ; 27.999 ; 28.219 ; 28.208 ;
; denom5      ; business10  ; 24.659 ; 24.725 ; 24.868 ; 24.934 ;
; denom5      ; business11  ; 22.162 ; 22.088 ; 22.371 ; 22.297 ;
; denom5      ; business12  ; 19.324 ; 19.547 ; 19.534 ; 19.756 ;
; denom5      ; business13  ; 14.191 ; 14.128 ; 14.400 ; 14.490 ;
; denom5      ; business14  ;        ; 10.301 ; 10.676 ;        ;
; denom5      ; business15  ;        ; 10.956 ; 11.270 ;        ;
; denom5      ; remain0     ; 54.598 ; 54.557 ; 54.807 ; 54.766 ;
; denom5      ; remain1     ; 54.296 ; 54.250 ; 54.505 ; 54.459 ;
; denom5      ; remain2     ; 54.691 ; 54.635 ; 54.900 ; 54.844 ;
; denom5      ; remain3     ; 54.977 ; 54.924 ; 55.186 ; 55.133 ;
; denom5      ; remain4     ; 55.010 ; 54.917 ; 55.219 ; 55.126 ;
; denom5      ; remain5     ; 54.580 ; 54.535 ; 54.789 ; 54.744 ;
; denom5      ; remain6     ; 55.005 ; 54.979 ; 55.214 ; 55.188 ;
; denom5      ; remain7     ; 55.995 ; 56.082 ; 56.204 ; 56.291 ;
; denom6      ; business0   ; 55.715 ; 55.706 ; 55.952 ; 55.943 ;
; denom6      ; business1   ; 51.717 ; 51.744 ; 51.954 ; 51.981 ;
; denom6      ; business2   ; 49.504 ; 49.381 ; 49.741 ; 49.618 ;
; denom6      ; business3   ; 46.610 ; 46.427 ; 46.847 ; 46.664 ;
; denom6      ; business4   ; 43.315 ; 43.143 ; 43.552 ; 43.380 ;
; denom6      ; business5   ; 39.834 ; 39.570 ; 40.071 ; 39.807 ;
; denom6      ; business6   ; 36.052 ; 35.822 ; 36.289 ; 36.059 ;
; denom6      ; business7   ; 32.858 ; 32.921 ; 33.095 ; 33.158 ;
; denom6      ; business8   ; 29.933 ; 30.019 ; 30.170 ; 30.256 ;
; denom6      ; business9   ; 28.434 ; 28.423 ; 28.671 ; 28.660 ;
; denom6      ; business10  ; 25.083 ; 25.149 ; 25.320 ; 25.386 ;
; denom6      ; business11  ; 22.586 ; 22.512 ; 22.823 ; 22.749 ;
; denom6      ; business12  ; 19.748 ; 19.971 ; 19.986 ; 20.208 ;
; denom6      ; business13  ; 14.615 ; 14.552 ; 14.852 ; 14.942 ;
; denom6      ; business14  ;        ; 10.725 ; 11.128 ;        ;
; denom6      ; business15  ;        ; 11.380 ; 11.722 ;        ;
; denom6      ; remain0     ; 55.022 ; 54.981 ; 55.259 ; 55.218 ;
; denom6      ; remain1     ; 54.720 ; 54.674 ; 54.957 ; 54.911 ;
; denom6      ; remain2     ; 55.115 ; 55.059 ; 55.352 ; 55.296 ;
; denom6      ; remain3     ; 55.401 ; 55.348 ; 55.638 ; 55.585 ;
; denom6      ; remain4     ; 55.434 ; 55.341 ; 55.671 ; 55.578 ;
; denom6      ; remain5     ; 55.004 ; 54.959 ; 55.241 ; 55.196 ;
; denom6      ; remain6     ; 55.429 ; 55.403 ; 55.666 ; 55.640 ;
; denom6      ; remain7     ; 56.419 ; 56.506 ; 56.656 ; 56.743 ;
; denom7      ; business0   ; 55.394 ; 55.385 ; 55.547 ; 55.538 ;
; denom7      ; business1   ; 51.396 ; 51.423 ; 51.549 ; 51.576 ;
; denom7      ; business2   ; 49.183 ; 49.060 ; 49.336 ; 49.213 ;
; denom7      ; business3   ; 46.289 ; 46.106 ; 46.442 ; 46.259 ;
; denom7      ; business4   ; 42.994 ; 42.822 ; 43.147 ; 42.975 ;
; denom7      ; business5   ; 39.513 ; 39.249 ; 39.666 ; 39.402 ;
; denom7      ; business6   ; 35.731 ; 35.501 ; 35.884 ; 35.654 ;
; denom7      ; business7   ; 32.537 ; 32.600 ; 32.690 ; 32.753 ;
; denom7      ; business8   ; 29.612 ; 29.698 ; 29.765 ; 29.851 ;
; denom7      ; business9   ; 28.113 ; 28.102 ; 28.266 ; 28.255 ;
; denom7      ; business10  ; 24.762 ; 24.828 ; 24.915 ; 24.981 ;
; denom7      ; business11  ; 22.265 ; 22.191 ; 22.418 ; 22.344 ;
; denom7      ; business12  ; 19.427 ; 19.650 ; 19.581 ; 19.803 ;
; denom7      ; business13  ; 14.294 ; 14.231 ; 14.447 ; 14.537 ;
; denom7      ; business14  ;        ; 10.404 ; 10.723 ;        ;
; denom7      ; business15  ;        ; 11.059 ; 11.317 ;        ;
; denom7      ; remain0     ; 54.701 ; 54.660 ; 54.854 ; 54.813 ;
; denom7      ; remain1     ; 54.399 ; 54.353 ; 54.552 ; 54.506 ;
; denom7      ; remain2     ; 54.794 ; 54.738 ; 54.947 ; 54.891 ;
; denom7      ; remain3     ; 55.080 ; 55.027 ; 55.233 ; 55.180 ;
; denom7      ; remain4     ; 55.113 ; 55.020 ; 55.266 ; 55.173 ;
; denom7      ; remain5     ; 54.683 ; 54.638 ; 54.836 ; 54.791 ;
; denom7      ; remain6     ; 55.108 ; 55.082 ; 55.261 ; 55.235 ;
; denom7      ; remain7     ; 56.098 ; 56.185 ; 56.251 ; 56.338 ;
; numerator0  ; business0   ; 11.685 ;        ;        ; 11.784 ;
; numerator0  ; remain0     ; 10.972 ; 10.951 ; 11.100 ; 11.039 ;
; numerator0  ; remain1     ; 10.666 ; 10.644 ; 10.798 ; 10.737 ;
; numerator0  ; remain2     ; 11.085 ; 11.029 ; 11.185 ; 11.093 ;
; numerator0  ; remain3     ; 11.329 ; 11.267 ; 11.479 ; 11.426 ;
; numerator0  ; remain4     ; 11.259 ; 11.130 ; 11.512 ; 11.419 ;
; numerator0  ; remain5     ; 10.955 ; 10.929 ; 11.082 ; 11.016 ;
; numerator0  ; remain6     ; 11.376 ; 11.373 ; 11.507 ; 11.465 ;
; numerator0  ; remain7     ; 12.366 ; 12.476 ; 12.497 ; 12.568 ;
; numerator1  ; business0   ; 13.973 ; 13.964 ; 14.161 ; 14.113 ;
; numerator1  ; business1   ; 9.975  ;        ;        ; 10.247 ;
; numerator1  ; remain0     ; 13.280 ; 13.239 ; 13.448 ; 13.427 ;
; numerator1  ; remain1     ; 12.978 ; 12.932 ; 13.142 ; 13.120 ;
; numerator1  ; remain2     ; 13.373 ; 13.317 ; 13.561 ; 13.505 ;
; numerator1  ; remain3     ; 13.659 ; 13.606 ; 13.808 ; 13.755 ;
; numerator1  ; remain4     ; 13.692 ; 13.599 ; 13.841 ; 13.748 ;
; numerator1  ; remain5     ; 13.262 ; 13.217 ; 13.431 ; 13.405 ;
; numerator1  ; remain6     ; 13.687 ; 13.661 ; 13.852 ; 13.849 ;
; numerator1  ; remain7     ; 14.677 ; 14.764 ; 14.842 ; 14.952 ;
; numerator2  ; business0   ; 14.447 ; 14.438 ; 14.351 ; 14.303 ;
; numerator2  ; business1   ; 10.449 ; 10.476 ; 10.261 ; 10.437 ;
; numerator2  ; business2   ; 8.236  ;        ;        ; 8.210  ;
; numerator2  ; remain0     ; 13.754 ; 13.713 ; 13.638 ; 13.617 ;
; numerator2  ; remain1     ; 13.452 ; 13.406 ; 13.332 ; 13.310 ;
; numerator2  ; remain2     ; 13.847 ; 13.791 ; 13.751 ; 13.695 ;
; numerator2  ; remain3     ; 14.133 ; 14.080 ; 13.998 ; 13.945 ;
; numerator2  ; remain4     ; 14.166 ; 14.073 ; 14.031 ; 13.938 ;
; numerator2  ; remain5     ; 13.736 ; 13.691 ; 13.621 ; 13.595 ;
; numerator2  ; remain6     ; 14.161 ; 14.135 ; 14.042 ; 14.039 ;
; numerator2  ; remain7     ; 15.151 ; 15.238 ; 15.032 ; 15.142 ;
; numerator3  ; business0   ; 17.294 ; 17.285 ; 17.191 ; 17.182 ;
; numerator3  ; business1   ; 13.296 ; 13.323 ; 13.193 ; 13.220 ;
; numerator3  ; business2   ; 11.083 ; 10.960 ; 10.980 ; 10.817 ;
; numerator3  ; business3   ; 8.189  ;        ;        ; 8.139  ;
; numerator3  ; remain0     ; 16.601 ; 16.560 ; 16.498 ; 16.457 ;
; numerator3  ; remain1     ; 16.299 ; 16.253 ; 16.196 ; 16.150 ;
; numerator3  ; remain2     ; 16.694 ; 16.638 ; 16.591 ; 16.535 ;
; numerator3  ; remain3     ; 16.980 ; 16.927 ; 16.877 ; 16.824 ;
; numerator3  ; remain4     ; 17.013 ; 16.920 ; 16.910 ; 16.817 ;
; numerator3  ; remain5     ; 16.583 ; 16.538 ; 16.480 ; 16.435 ;
; numerator3  ; remain6     ; 17.008 ; 16.982 ; 16.905 ; 16.879 ;
; numerator3  ; remain7     ; 17.998 ; 18.085 ; 17.895 ; 17.982 ;
; numerator4  ; business0   ; 23.116 ; 23.107 ; 23.339 ; 23.330 ;
; numerator4  ; business1   ; 19.118 ; 19.145 ; 19.341 ; 19.368 ;
; numerator4  ; business2   ; 16.905 ; 16.782 ; 17.128 ; 17.005 ;
; numerator4  ; business3   ; 14.011 ; 13.828 ; 14.234 ; 14.060 ;
; numerator4  ; business4   ; 10.716 ;        ;        ; 11.001 ;
; numerator4  ; remain0     ; 22.423 ; 22.382 ; 22.646 ; 22.605 ;
; numerator4  ; remain1     ; 22.121 ; 22.075 ; 22.344 ; 22.298 ;
; numerator4  ; remain2     ; 22.516 ; 22.460 ; 22.739 ; 22.683 ;
; numerator4  ; remain3     ; 22.802 ; 22.749 ; 23.025 ; 22.972 ;
; numerator4  ; remain4     ; 22.835 ; 22.742 ; 23.058 ; 22.965 ;
; numerator4  ; remain5     ; 22.405 ; 22.360 ; 22.628 ; 22.583 ;
; numerator4  ; remain6     ; 22.830 ; 22.804 ; 23.053 ; 23.027 ;
; numerator4  ; remain7     ; 23.820 ; 23.907 ; 24.043 ; 24.130 ;
; numerator5  ; business0   ; 26.176 ; 26.167 ; 26.256 ; 26.247 ;
; numerator5  ; business1   ; 22.178 ; 22.205 ; 22.258 ; 22.285 ;
; numerator5  ; business2   ; 19.965 ; 19.842 ; 20.045 ; 19.922 ;
; numerator5  ; business3   ; 17.071 ; 16.888 ; 17.151 ; 16.968 ;
; numerator5  ; business4   ; 13.776 ; 13.604 ; 13.856 ; 13.789 ;
; numerator5  ; business5   ; 10.295 ;        ;        ; 10.527 ;
; numerator5  ; remain0     ; 25.483 ; 25.442 ; 25.563 ; 25.522 ;
; numerator5  ; remain1     ; 25.181 ; 25.135 ; 25.261 ; 25.215 ;
; numerator5  ; remain2     ; 25.576 ; 25.520 ; 25.656 ; 25.600 ;
; numerator5  ; remain3     ; 25.862 ; 25.809 ; 25.942 ; 25.889 ;
; numerator5  ; remain4     ; 25.895 ; 25.802 ; 25.975 ; 25.882 ;
; numerator5  ; remain5     ; 25.465 ; 25.420 ; 25.545 ; 25.500 ;
; numerator5  ; remain6     ; 25.890 ; 25.864 ; 25.970 ; 25.944 ;
; numerator5  ; remain7     ; 26.880 ; 26.967 ; 26.960 ; 27.047 ;
; numerator6  ; business0   ; 29.828 ; 29.819 ; 29.976 ; 29.967 ;
; numerator6  ; business1   ; 25.830 ; 25.857 ; 25.978 ; 26.005 ;
; numerator6  ; business2   ; 23.617 ; 23.494 ; 23.765 ; 23.642 ;
; numerator6  ; business3   ; 20.723 ; 20.540 ; 20.871 ; 20.688 ;
; numerator6  ; business4   ; 17.428 ; 17.256 ; 17.576 ; 17.404 ;
; numerator6  ; business5   ; 13.947 ; 13.683 ; 14.095 ; 13.967 ;
; numerator6  ; business6   ; 10.165 ;        ;        ; 10.418 ;
; numerator6  ; remain0     ; 29.135 ; 29.094 ; 29.283 ; 29.242 ;
; numerator6  ; remain1     ; 28.833 ; 28.787 ; 28.981 ; 28.935 ;
; numerator6  ; remain2     ; 29.228 ; 29.172 ; 29.376 ; 29.320 ;
; numerator6  ; remain3     ; 29.514 ; 29.461 ; 29.662 ; 29.609 ;
; numerator6  ; remain4     ; 29.547 ; 29.454 ; 29.695 ; 29.602 ;
; numerator6  ; remain5     ; 29.117 ; 29.072 ; 29.265 ; 29.220 ;
; numerator6  ; remain6     ; 29.542 ; 29.516 ; 29.690 ; 29.664 ;
; numerator6  ; remain7     ; 30.532 ; 30.619 ; 30.680 ; 30.767 ;
; numerator7  ; business0   ; 32.895 ; 32.886 ; 33.130 ; 33.121 ;
; numerator7  ; business1   ; 28.897 ; 28.924 ; 29.132 ; 29.159 ;
; numerator7  ; business2   ; 26.684 ; 26.561 ; 26.919 ; 26.796 ;
; numerator7  ; business3   ; 23.790 ; 23.607 ; 24.025 ; 23.842 ;
; numerator7  ; business4   ; 20.495 ; 20.323 ; 20.730 ; 20.558 ;
; numerator7  ; business5   ; 17.014 ; 16.750 ; 17.249 ; 16.985 ;
; numerator7  ; business6   ; 13.232 ; 13.041 ; 13.467 ; 13.236 ;
; numerator7  ; business7   ; 10.077 ;        ;        ; 10.336 ;
; numerator7  ; remain0     ; 32.202 ; 32.161 ; 32.437 ; 32.396 ;
; numerator7  ; remain1     ; 31.900 ; 31.854 ; 32.135 ; 32.089 ;
; numerator7  ; remain2     ; 32.295 ; 32.239 ; 32.530 ; 32.474 ;
; numerator7  ; remain3     ; 32.581 ; 32.528 ; 32.816 ; 32.763 ;
; numerator7  ; remain4     ; 32.614 ; 32.521 ; 32.849 ; 32.756 ;
; numerator7  ; remain5     ; 32.184 ; 32.139 ; 32.419 ; 32.374 ;
; numerator7  ; remain6     ; 32.609 ; 32.583 ; 32.844 ; 32.818 ;
; numerator7  ; remain7     ; 33.599 ; 33.686 ; 33.834 ; 33.921 ;
; numerator8  ; business0   ; 36.216 ; 36.207 ; 36.633 ; 36.624 ;
; numerator8  ; business1   ; 32.218 ; 32.245 ; 32.635 ; 32.662 ;
; numerator8  ; business2   ; 30.005 ; 29.882 ; 30.422 ; 30.299 ;
; numerator8  ; business3   ; 27.111 ; 26.928 ; 27.528 ; 27.345 ;
; numerator8  ; business4   ; 23.816 ; 23.644 ; 24.233 ; 24.061 ;
; numerator8  ; business5   ; 20.335 ; 20.071 ; 20.752 ; 20.488 ;
; numerator8  ; business6   ; 16.553 ; 16.322 ; 16.970 ; 16.740 ;
; numerator8  ; business7   ; 13.319 ; 13.422 ; 13.776 ; 13.839 ;
; numerator8  ; business8   ; 10.461 ;        ;        ; 10.937 ;
; numerator8  ; remain0     ; 35.523 ; 35.482 ; 35.940 ; 35.899 ;
; numerator8  ; remain1     ; 35.221 ; 35.175 ; 35.638 ; 35.592 ;
; numerator8  ; remain2     ; 35.616 ; 35.560 ; 36.033 ; 35.977 ;
; numerator8  ; remain3     ; 35.902 ; 35.849 ; 36.319 ; 36.266 ;
; numerator8  ; remain4     ; 35.935 ; 35.842 ; 36.352 ; 36.259 ;
; numerator8  ; remain5     ; 35.505 ; 35.460 ; 35.922 ; 35.877 ;
; numerator8  ; remain6     ; 35.930 ; 35.904 ; 36.347 ; 36.321 ;
; numerator8  ; remain7     ; 36.920 ; 37.007 ; 37.337 ; 37.424 ;
; numerator9  ; business0   ; 38.695 ; 38.686 ; 38.820 ; 38.811 ;
; numerator9  ; business1   ; 34.697 ; 34.724 ; 34.822 ; 34.849 ;
; numerator9  ; business2   ; 32.484 ; 32.361 ; 32.609 ; 32.486 ;
; numerator9  ; business3   ; 29.590 ; 29.407 ; 29.715 ; 29.532 ;
; numerator9  ; business4   ; 26.295 ; 26.123 ; 26.420 ; 26.248 ;
; numerator9  ; business5   ; 22.814 ; 22.550 ; 22.939 ; 22.675 ;
; numerator9  ; business6   ; 19.032 ; 18.802 ; 19.157 ; 18.927 ;
; numerator9  ; business7   ; 15.838 ; 15.901 ; 15.963 ; 16.026 ;
; numerator9  ; business8   ; 12.913 ; 12.999 ; 12.976 ; 13.124 ;
; numerator9  ; business9   ; 11.414 ;        ;        ; 11.607 ;
; numerator9  ; remain0     ; 38.002 ; 37.961 ; 38.127 ; 38.086 ;
; numerator9  ; remain1     ; 37.700 ; 37.654 ; 37.825 ; 37.779 ;
; numerator9  ; remain2     ; 38.095 ; 38.039 ; 38.220 ; 38.164 ;
; numerator9  ; remain3     ; 38.381 ; 38.328 ; 38.506 ; 38.453 ;
; numerator9  ; remain4     ; 38.414 ; 38.321 ; 38.539 ; 38.446 ;
; numerator9  ; remain5     ; 37.984 ; 37.939 ; 38.109 ; 38.064 ;
; numerator9  ; remain6     ; 38.409 ; 38.383 ; 38.534 ; 38.508 ;
; numerator9  ; remain7     ; 39.399 ; 39.486 ; 39.524 ; 39.611 ;
; numerator10 ; business0   ; 41.809 ; 41.800 ; 42.146 ; 42.137 ;
; numerator10 ; business1   ; 37.811 ; 37.838 ; 38.148 ; 38.175 ;
; numerator10 ; business2   ; 35.598 ; 35.475 ; 35.935 ; 35.812 ;
; numerator10 ; business3   ; 32.704 ; 32.521 ; 33.041 ; 32.858 ;
; numerator10 ; business4   ; 29.409 ; 29.237 ; 29.746 ; 29.574 ;
; numerator10 ; business5   ; 25.928 ; 25.664 ; 26.265 ; 26.001 ;
; numerator10 ; business6   ; 22.146 ; 21.916 ; 22.483 ; 22.253 ;
; numerator10 ; business7   ; 18.952 ; 19.015 ; 19.289 ; 19.352 ;
; numerator10 ; business8   ; 16.027 ; 16.113 ; 16.364 ; 16.450 ;
; numerator10 ; business9   ; 14.528 ; 14.517 ; 14.865 ; 14.878 ;
; numerator10 ; business10  ; 11.177 ;        ;        ; 11.654 ;
; numerator10 ; remain0     ; 41.116 ; 41.075 ; 41.453 ; 41.412 ;
; numerator10 ; remain1     ; 40.814 ; 40.768 ; 41.151 ; 41.105 ;
; numerator10 ; remain2     ; 41.209 ; 41.153 ; 41.546 ; 41.490 ;
; numerator10 ; remain3     ; 41.495 ; 41.442 ; 41.832 ; 41.779 ;
; numerator10 ; remain4     ; 41.528 ; 41.435 ; 41.865 ; 41.772 ;
; numerator10 ; remain5     ; 41.098 ; 41.053 ; 41.435 ; 41.390 ;
; numerator10 ; remain6     ; 41.523 ; 41.497 ; 41.860 ; 41.834 ;
; numerator10 ; remain7     ; 42.513 ; 42.600 ; 42.850 ; 42.937 ;
; numerator11 ; business0   ; 45.413 ; 45.404 ; 45.507 ; 45.498 ;
; numerator11 ; business1   ; 41.415 ; 41.442 ; 41.509 ; 41.536 ;
; numerator11 ; business2   ; 39.202 ; 39.079 ; 39.296 ; 39.173 ;
; numerator11 ; business3   ; 36.308 ; 36.125 ; 36.402 ; 36.219 ;
; numerator11 ; business4   ; 33.013 ; 32.841 ; 33.107 ; 32.935 ;
; numerator11 ; business5   ; 29.532 ; 29.268 ; 29.626 ; 29.362 ;
; numerator11 ; business6   ; 25.750 ; 25.520 ; 25.844 ; 25.614 ;
; numerator11 ; business7   ; 22.556 ; 22.619 ; 22.650 ; 22.713 ;
; numerator11 ; business8   ; 19.631 ; 19.717 ; 19.725 ; 19.811 ;
; numerator11 ; business9   ; 18.132 ; 18.121 ; 18.226 ; 18.215 ;
; numerator11 ; business10  ; 14.781 ; 14.847 ; 14.875 ; 14.910 ;
; numerator11 ; business11  ; 12.284 ;        ;        ; 12.367 ;
; numerator11 ; remain0     ; 44.720 ; 44.679 ; 44.814 ; 44.773 ;
; numerator11 ; remain1     ; 44.418 ; 44.372 ; 44.512 ; 44.466 ;
; numerator11 ; remain2     ; 44.813 ; 44.757 ; 44.907 ; 44.851 ;
; numerator11 ; remain3     ; 45.099 ; 45.046 ; 45.193 ; 45.140 ;
; numerator11 ; remain4     ; 45.132 ; 45.039 ; 45.226 ; 45.133 ;
; numerator11 ; remain5     ; 44.702 ; 44.657 ; 44.796 ; 44.751 ;
; numerator11 ; remain6     ; 45.127 ; 45.101 ; 45.221 ; 45.195 ;
; numerator11 ; remain7     ; 46.117 ; 46.204 ; 46.211 ; 46.298 ;
; numerator12 ; business0   ; 45.484 ; 45.475 ; 45.568 ; 45.559 ;
; numerator12 ; business1   ; 41.486 ; 41.513 ; 41.570 ; 41.597 ;
; numerator12 ; business2   ; 39.273 ; 39.150 ; 39.357 ; 39.234 ;
; numerator12 ; business3   ; 36.379 ; 36.196 ; 36.463 ; 36.280 ;
; numerator12 ; business4   ; 33.084 ; 32.912 ; 33.168 ; 32.996 ;
; numerator12 ; business5   ; 29.603 ; 29.339 ; 29.687 ; 29.423 ;
; numerator12 ; business6   ; 25.821 ; 25.591 ; 25.905 ; 25.675 ;
; numerator12 ; business7   ; 22.627 ; 22.690 ; 22.711 ; 22.774 ;
; numerator12 ; business8   ; 19.702 ; 19.788 ; 19.786 ; 19.872 ;
; numerator12 ; business9   ; 18.203 ; 18.192 ; 18.287 ; 18.276 ;
; numerator12 ; business10  ; 14.852 ; 14.918 ; 14.936 ; 15.002 ;
; numerator12 ; business11  ; 12.355 ; 12.317 ; 12.439 ; 12.365 ;
; numerator12 ; business12  ; 9.776  ;        ;        ; 9.824  ;
; numerator12 ; remain0     ; 44.791 ; 44.750 ; 44.875 ; 44.834 ;
; numerator12 ; remain1     ; 44.489 ; 44.443 ; 44.573 ; 44.527 ;
; numerator12 ; remain2     ; 44.884 ; 44.828 ; 44.968 ; 44.912 ;
; numerator12 ; remain3     ; 45.170 ; 45.117 ; 45.254 ; 45.201 ;
; numerator12 ; remain4     ; 45.203 ; 45.110 ; 45.287 ; 45.194 ;
; numerator12 ; remain5     ; 44.773 ; 44.728 ; 44.857 ; 44.812 ;
; numerator12 ; remain6     ; 45.198 ; 45.172 ; 45.282 ; 45.256 ;
; numerator12 ; remain7     ; 46.188 ; 46.275 ; 46.272 ; 46.359 ;
; numerator13 ; business0   ; 49.429 ; 49.420 ; 49.254 ; 49.245 ;
; numerator13 ; business1   ; 45.431 ; 45.458 ; 45.256 ; 45.283 ;
; numerator13 ; business2   ; 43.218 ; 43.095 ; 43.043 ; 42.920 ;
; numerator13 ; business3   ; 40.324 ; 40.141 ; 40.149 ; 39.966 ;
; numerator13 ; business4   ; 37.029 ; 36.857 ; 36.854 ; 36.682 ;
; numerator13 ; business5   ; 33.548 ; 33.284 ; 33.373 ; 33.109 ;
; numerator13 ; business6   ; 29.766 ; 29.536 ; 29.591 ; 29.361 ;
; numerator13 ; business7   ; 26.572 ; 26.635 ; 26.397 ; 26.460 ;
; numerator13 ; business8   ; 23.647 ; 23.733 ; 23.472 ; 23.558 ;
; numerator13 ; business9   ; 22.148 ; 22.137 ; 21.973 ; 21.962 ;
; numerator13 ; business10  ; 18.797 ; 18.863 ; 18.622 ; 18.688 ;
; numerator13 ; business11  ; 16.300 ; 16.226 ; 16.125 ; 16.051 ;
; numerator13 ; business12  ; 13.462 ; 13.685 ; 13.317 ; 13.510 ;
; numerator13 ; business13  ; 8.329  ;        ;        ; 8.273  ;
; numerator13 ; remain0     ; 48.736 ; 48.695 ; 48.561 ; 48.520 ;
; numerator13 ; remain1     ; 48.434 ; 48.388 ; 48.259 ; 48.213 ;
; numerator13 ; remain2     ; 48.829 ; 48.773 ; 48.654 ; 48.598 ;
; numerator13 ; remain3     ; 49.115 ; 49.062 ; 48.940 ; 48.887 ;
; numerator13 ; remain4     ; 49.148 ; 49.055 ; 48.973 ; 48.880 ;
; numerator13 ; remain5     ; 48.718 ; 48.673 ; 48.543 ; 48.498 ;
; numerator13 ; remain6     ; 49.143 ; 49.117 ; 48.968 ; 48.942 ;
; numerator13 ; remain7     ; 50.133 ; 50.220 ; 49.958 ; 50.045 ;
; numerator14 ; business0   ; 54.008 ; 53.999 ; 54.432 ; 54.423 ;
; numerator14 ; business1   ; 50.010 ; 50.037 ; 50.434 ; 50.461 ;
; numerator14 ; business2   ; 47.797 ; 47.674 ; 48.221 ; 48.098 ;
; numerator14 ; business3   ; 44.903 ; 44.720 ; 45.327 ; 45.144 ;
; numerator14 ; business4   ; 41.608 ; 41.436 ; 42.032 ; 41.860 ;
; numerator14 ; business5   ; 38.127 ; 37.863 ; 38.551 ; 38.287 ;
; numerator14 ; business6   ; 34.345 ; 34.115 ; 34.769 ; 34.539 ;
; numerator14 ; business7   ; 31.151 ; 31.214 ; 31.575 ; 31.638 ;
; numerator14 ; business8   ; 28.226 ; 28.312 ; 28.650 ; 28.736 ;
; numerator14 ; business9   ; 26.727 ; 26.716 ; 27.151 ; 27.140 ;
; numerator14 ; business10  ; 23.376 ; 23.442 ; 23.800 ; 23.866 ;
; numerator14 ; business11  ; 20.879 ; 20.805 ; 21.303 ; 21.229 ;
; numerator14 ; business12  ; 18.058 ; 18.264 ; 18.465 ; 18.688 ;
; numerator14 ; business13  ; 12.908 ; 13.014 ; 13.332 ; 13.410 ;
; numerator14 ; business14  ; 9.741  ;        ;        ; 10.218 ;
; numerator14 ; remain0     ; 53.315 ; 53.274 ; 53.739 ; 53.698 ;
; numerator14 ; remain1     ; 53.013 ; 52.967 ; 53.437 ; 53.391 ;
; numerator14 ; remain2     ; 53.408 ; 53.352 ; 53.832 ; 53.776 ;
; numerator14 ; remain3     ; 53.694 ; 53.641 ; 54.118 ; 54.065 ;
; numerator14 ; remain4     ; 53.727 ; 53.634 ; 54.151 ; 54.058 ;
; numerator14 ; remain5     ; 53.297 ; 53.252 ; 53.721 ; 53.676 ;
; numerator14 ; remain6     ; 53.722 ; 53.696 ; 54.146 ; 54.120 ;
; numerator14 ; remain7     ; 54.712 ; 54.799 ; 55.136 ; 55.223 ;
; numerator15 ; business0   ; 53.628 ; 53.619 ; 54.004 ; 53.995 ;
; numerator15 ; business1   ; 49.630 ; 49.657 ; 50.006 ; 50.033 ;
; numerator15 ; business2   ; 47.417 ; 47.294 ; 47.793 ; 47.670 ;
; numerator15 ; business3   ; 44.523 ; 44.340 ; 44.899 ; 44.716 ;
; numerator15 ; business4   ; 41.228 ; 41.056 ; 41.604 ; 41.432 ;
; numerator15 ; business5   ; 37.747 ; 37.483 ; 38.123 ; 37.859 ;
; numerator15 ; business6   ; 33.965 ; 33.735 ; 34.341 ; 34.111 ;
; numerator15 ; business7   ; 30.771 ; 30.834 ; 31.147 ; 31.210 ;
; numerator15 ; business8   ; 27.846 ; 27.932 ; 28.222 ; 28.308 ;
; numerator15 ; business9   ; 26.347 ; 26.336 ; 26.723 ; 26.712 ;
; numerator15 ; business10  ; 22.996 ; 23.062 ; 23.372 ; 23.438 ;
; numerator15 ; business11  ; 20.499 ; 20.425 ; 20.875 ; 20.801 ;
; numerator15 ; business12  ; 17.678 ; 17.884 ; 18.065 ; 18.260 ;
; numerator15 ; business13  ; 12.528 ; 12.634 ; 12.904 ; 13.021 ;
; numerator15 ; business14  ; 9.361  ;        ;        ; 9.829  ;
; numerator15 ; business15  ; 8.682  ;        ;        ; 9.208  ;
; numerator15 ; remain0     ; 52.935 ; 52.894 ; 53.311 ; 53.270 ;
; numerator15 ; remain1     ; 52.633 ; 52.587 ; 53.009 ; 52.963 ;
; numerator15 ; remain2     ; 53.028 ; 52.972 ; 53.404 ; 53.348 ;
; numerator15 ; remain3     ; 53.314 ; 53.261 ; 53.690 ; 53.637 ;
; numerator15 ; remain4     ; 53.347 ; 53.254 ; 53.723 ; 53.630 ;
; numerator15 ; remain5     ; 52.917 ; 52.872 ; 53.293 ; 53.248 ;
; numerator15 ; remain6     ; 53.342 ; 53.316 ; 53.718 ; 53.692 ;
; numerator15 ; remain7     ; 54.332 ; 54.419 ; 54.708 ; 54.795 ;
+-------------+-------------+--------+--------+--------+--------+


+---------------------------------------------------------------+
; Minimum Progagation Delay                                     ;
+-------------+-------------+--------+--------+--------+--------+
; Input Port  ; Output Port ; RR     ; RF     ; FR     ; FF     ;
+-------------+-------------+--------+--------+--------+--------+
; denom0      ; business0   ; 6.003  ; 5.431  ; 6.186  ; 6.524  ;
; denom0      ; business1   ; 5.337  ; 4.575  ; 5.264  ; 5.915  ;
; denom0      ; business2   ; 5.406  ; 4.776  ; 5.491  ; 5.943  ;
; denom0      ; business3   ; 5.418  ; 4.858  ; 5.574  ; 5.935  ;
; denom0      ; business4   ; 5.483  ; 4.598  ; 5.286  ; 6.032  ;
; denom0      ; business5   ; 5.238  ; 4.585  ; 5.266  ; 5.830  ;
; denom0      ; business6   ; 5.368  ; 4.488  ; 5.179  ; 5.934  ;
; denom0      ; business7   ; 5.324  ; 4.663  ; 5.374  ; 5.878  ;
; denom0      ; business8   ; 5.530  ; 4.720  ; 5.381  ; 6.130  ;
; denom0      ; business9   ; 5.992  ; 5.253  ; 6.017  ; 6.485  ;
; denom0      ; business10  ; 5.627  ; 5.062  ; 5.750  ; 6.194  ;
; denom0      ; business11  ; 6.605  ; 5.502  ; 6.267  ; 7.104  ;
; denom0      ; business12  ; 6.440  ; 5.907  ; 6.681  ; 6.923  ;
; denom0      ; business13  ; 5.490  ; 5.068  ; 5.836  ; 5.990  ;
; denom0      ; business14  ;        ; 4.364  ; 5.035  ;        ;
; denom0      ; business15  ;        ; 4.016  ; 4.646  ;        ;
; denom0      ; remain0     ; 4.546  ; 4.656  ; 5.164  ; 5.239  ;
; denom0      ; remain1     ; 4.449  ; 4.542  ; 5.082  ; 5.159  ;
; denom0      ; remain2     ; 4.668  ; 4.751  ; 5.245  ; 5.344  ;
; denom0      ; remain3     ; 4.916  ; 5.040  ; 5.488  ; 5.628  ;
; denom0      ; remain4     ; 4.980  ; 5.124  ; 5.608  ; 5.739  ;
; denom0      ; remain5     ; 4.791  ; 4.903  ; 5.395  ; 5.514  ;
; denom0      ; remain6     ; 4.962  ; 5.085  ; 5.539  ; 5.678  ;
; denom0      ; remain7     ; 5.603  ; 5.778  ; 6.236  ; 6.395  ;
; denom1      ; business0   ; 6.056  ; 5.577  ; 6.369  ; 6.584  ;
; denom1      ; business1   ; 5.145  ; 4.723  ; 5.447  ; 5.722  ;
; denom1      ; business2   ; 5.627  ; 4.666  ; 5.379  ; 6.174  ;
; denom1      ; business3   ; 5.449  ; 5.222  ; 6.008  ; 5.963  ;
; denom1      ; business4   ; 5.551  ; 4.600  ; 5.298  ; 6.181  ;
; denom1      ; business5   ; 5.385  ; 4.613  ; 5.327  ; 5.996  ;
; denom1      ; business6   ; 5.585  ; 4.635  ; 5.345  ; 6.174  ;
; denom1      ; business7   ; 5.367  ; 4.880  ; 5.614  ; 5.956  ;
; denom1      ; business8   ; 5.617  ; 4.763  ; 5.453  ; 6.258  ;
; denom1      ; business9   ; 6.026  ; 5.318  ; 6.115  ; 6.563  ;
; denom1      ; business10  ; 6.099  ; 5.143  ; 5.868  ; 6.744  ;
; denom1      ; business11  ; 6.983  ; 5.927  ; 6.757  ; 7.548  ;
; denom1      ; business12  ; 6.775  ; 6.248  ; 7.087  ; 7.323  ;
; denom1      ; business13  ; 5.786  ; 5.406  ; 6.239  ; 6.337  ;
; denom1      ; business14  ;        ; 4.513  ; 5.220  ;        ;
; denom1      ; business15  ;        ; 4.125  ; 4.770  ;        ;
; denom1      ; remain0     ; 5.058  ; 5.125  ; 5.748  ; 5.834  ;
; denom1      ; remain1     ; 4.500  ; 4.586  ; 5.139  ; 5.209  ;
; denom1      ; remain2     ; 4.814  ; 4.897  ; 5.428  ; 5.527  ;
; denom1      ; remain3     ; 5.064  ; 5.188  ; 5.671  ; 5.811  ;
; denom1      ; remain4     ; 5.128  ; 5.270  ; 5.791  ; 5.922  ;
; denom1      ; remain5     ; 4.937  ; 5.049  ; 5.578  ; 5.697  ;
; denom1      ; remain6     ; 5.108  ; 5.231  ; 5.722  ; 5.861  ;
; denom1      ; remain7     ; 5.749  ; 5.924  ; 6.419  ; 6.578  ;
; denom2      ; business0   ; 5.949  ; 5.251  ; 5.996  ; 6.456  ;
; denom2      ; business1   ; 5.136  ; 4.504  ; 5.193  ; 5.715  ;
; denom2      ; business2   ; 5.246  ; 4.593  ; 5.292  ; 5.746  ;
; denom2      ; business3   ; 5.330  ; 4.777  ; 5.474  ; 5.823  ;
; denom2      ; business4   ; 5.365  ; 4.495  ; 5.166  ; 5.963  ;
; denom2      ; business5   ; 5.262  ; 4.427  ; 5.104  ; 5.828  ;
; denom2      ; business6   ; 4.995  ; 4.517  ; 5.204  ; 5.530  ;
; denom2      ; business7   ; 5.124  ; 4.431  ; 5.108  ; 5.680  ;
; denom2      ; business8   ; 5.339  ; 4.520  ; 5.177  ; 5.932  ;
; denom2      ; business9   ; 5.672  ; 5.220  ; 6.002  ; 6.146  ;
; denom2      ; business10  ; 5.533  ; 4.789  ; 5.462  ; 6.105  ;
; denom2      ; business11  ; 6.397  ; 5.430  ; 6.190  ; 6.897  ;
; denom2      ; business12  ; 6.275  ; 5.747  ; 6.514  ; 6.757  ;
; denom2      ; business13  ; 5.489  ; 4.907  ; 5.669  ; 5.925  ;
; denom2      ; business14  ;        ; 3.868  ; 4.477  ;        ;
; denom2      ; business15  ;        ; 4.098  ; 4.652  ;        ;
; denom2      ; remain0     ; 4.732  ; 4.799  ; 5.375  ; 5.461  ;
; denom2      ; remain1     ; 4.591  ; 4.655  ; 5.234  ; 5.316  ;
; denom2      ; remain2     ; 4.347  ; 4.436  ; 4.948  ; 5.024  ;
; denom2      ; remain3     ; 4.704  ; 4.837  ; 5.301  ; 5.419  ;
; denom2      ; remain4     ; 4.867  ; 4.944  ; 5.434  ; 5.559  ;
; denom2      ; remain5     ; 4.611  ; 4.723  ; 5.234  ; 5.330  ;
; denom2      ; remain6     ; 4.782  ; 4.905  ; 5.349  ; 5.488  ;
; denom2      ; remain7     ; 5.423  ; 5.598  ; 6.046  ; 6.205  ;
; denom3      ; business0   ; 6.037  ; 5.373  ; 6.143  ; 6.581  ;
; denom3      ; business1   ; 5.166  ; 4.592  ; 5.293  ; 5.738  ;
; denom3      ; business2   ; 5.508  ; 4.678  ; 5.385  ; 6.036  ;
; denom3      ; business3   ; 5.330  ; 5.071  ; 5.834  ; 5.825  ;
; denom3      ; business4   ; 5.513  ; 4.481  ; 5.160  ; 6.114  ;
; denom3      ; business5   ; 5.301  ; 4.670  ; 5.388  ; 5.870  ;
; denom3      ; business6   ; 5.305  ; 4.623  ; 5.328  ; 5.894  ;
; denom3      ; business7   ; 5.170  ; 4.661  ; 5.377  ; 5.738  ;
; denom3      ; business8   ; 5.553  ; 4.617  ; 5.285  ; 6.199  ;
; denom3      ; business9   ; 5.854  ; 5.167  ; 5.943  ; 6.361  ;
; denom3      ; business10  ; 5.485  ; 4.992  ; 5.693  ; 6.055  ;
; denom3      ; business11  ; 6.668  ; 5.385  ; 6.142  ; 7.216  ;
; denom3      ; business12  ; 6.726  ; 5.956  ; 6.753  ; 7.261  ;
; denom3      ; business13  ; 6.074  ; 4.412  ; 5.087  ; 6.571  ;
; denom3      ; business14  ;        ; 4.455  ; 5.123  ;        ;
; denom3      ; business15  ;        ; 4.683  ; 5.298  ;        ;
; denom3      ; remain0     ; 4.854  ; 4.921  ; 5.522  ; 5.608  ;
; denom3      ; remain1     ; 4.713  ; 4.777  ; 5.381  ; 5.463  ;
; denom3      ; remain2     ; 4.864  ; 4.929  ; 5.562  ; 5.625  ;
; denom3      ; remain3     ; 4.789  ; 4.913  ; 5.406  ; 5.514  ;
; denom3      ; remain4     ; 4.902  ; 5.042  ; 5.511  ; 5.635  ;
; denom3      ; remain5     ; 4.733  ; 4.845  ; 5.381  ; 5.477  ;
; denom3      ; remain6     ; 4.904  ; 5.027  ; 5.496  ; 5.635  ;
; denom3      ; remain7     ; 5.545  ; 5.720  ; 6.193  ; 6.352  ;
; denom4      ; business0   ; 6.065  ; 5.479  ; 6.259  ; 6.589  ;
; denom4      ; business1   ; 5.433  ; 4.717  ; 5.435  ; 6.057  ;
; denom4      ; business2   ; 5.369  ; 4.834  ; 5.573  ; 5.903  ;
; denom4      ; business3   ; 5.442  ; 4.902  ; 5.638  ; 5.974  ;
; denom4      ; business4   ; 5.244  ; 4.614  ; 5.321  ; 5.812  ;
; denom4      ; business5   ; 5.008  ; 4.375  ; 5.059  ; 5.552  ;
; denom4      ; business6   ; 5.511  ; 4.350  ; 5.022  ; 6.094  ;
; denom4      ; business7   ; 5.063  ; 4.833  ; 5.581  ; 5.613  ;
; denom4      ; business8   ; 5.150  ; 4.459  ; 5.110  ; 5.717  ;
; denom4      ; business9   ; 5.540  ; 4.861  ; 5.591  ; 6.018  ;
; denom4      ; business10  ; 5.500  ; 4.721  ; 5.396  ; 6.074  ;
; denom4      ; business11  ; 6.639  ; 5.362  ; 6.123  ; 7.009  ;
; denom4      ; business12  ; 6.983  ; 5.481  ; 6.104  ; 7.419  ;
; denom4      ; business13  ; 6.231  ; 4.669  ; 5.245  ; 6.604  ;
; denom4      ; business14  ;        ; 4.596  ; 5.158  ;        ;
; denom4      ; business15  ;        ; 4.840  ; 5.331  ;        ;
; denom4      ; remain0     ; 4.960  ; 5.027  ; 5.638  ; 5.724  ;
; denom4      ; remain1     ; 4.819  ; 4.883  ; 5.497  ; 5.579  ;
; denom4      ; remain2     ; 4.970  ; 5.035  ; 5.678  ; 5.741  ;
; denom4      ; remain3     ; 5.131  ; 5.206  ; 5.825  ; 5.895  ;
; denom4      ; remain4     ; 4.954  ; 5.072  ; 5.581  ; 5.684  ;
; denom4      ; remain5     ; 4.824  ; 4.936  ; 5.450  ; 5.547  ;
; denom4      ; remain6     ; 5.010  ; 5.133  ; 5.612  ; 5.751  ;
; denom4      ; remain7     ; 5.651  ; 5.826  ; 6.309  ; 6.468  ;
; denom5      ; business0   ; 5.744  ; 5.167  ; 5.941  ; 6.261  ;
; denom5      ; business1   ; 5.005  ; 4.394  ; 5.103  ; 5.591  ;
; denom5      ; business2   ; 5.234  ; 4.473  ; 5.191  ; 5.823  ;
; denom5      ; business3   ; 5.228  ; 4.583  ; 5.315  ; 5.771  ;
; denom5      ; business4   ; 5.210  ; 4.415  ; 5.133  ; 5.804  ;
; denom5      ; business5   ; 4.965  ; 4.320  ; 5.033  ; 5.539  ;
; denom5      ; business6   ; 5.235  ; 4.300  ; 5.012  ; 5.869  ;
; denom5      ; business7   ; 4.937  ; 4.444  ; 5.163  ; 5.505  ;
; denom5      ; business8   ; 5.146  ; 4.428  ; 5.104  ; 5.765  ;
; denom5      ; business9   ; 5.564  ; 4.856  ; 5.628  ; 6.073  ;
; denom5      ; business10  ; 5.395  ; 4.689  ; 5.389  ; 5.966  ;
; denom5      ; business11  ; 6.785  ; 4.836  ; 5.537  ; 7.182  ;
; denom5      ; business12  ; 7.129  ; 5.627  ; 6.277  ; 7.592  ;
; denom5      ; business13  ; 6.377  ; 4.815  ; 5.418  ; 6.777  ;
; denom5      ; business14  ;        ; 4.742  ; 5.331  ;        ;
; denom5      ; business15  ;        ; 4.986  ; 5.504  ;        ;
; denom5      ; remain0     ; 4.648  ; 4.715  ; 5.320  ; 5.406  ;
; denom5      ; remain1     ; 4.507  ; 4.571  ; 5.179  ; 5.261  ;
; denom5      ; remain2     ; 4.658  ; 4.723  ; 5.360  ; 5.423  ;
; denom5      ; remain3     ; 4.819  ; 4.894  ; 5.507  ; 5.577  ;
; denom5      ; remain4     ; 4.792  ; 4.860  ; 5.480  ; 5.543  ;
; denom5      ; remain5     ; 4.432  ; 4.537  ; 5.053  ; 5.142  ;
; denom5      ; remain6     ; 4.698  ; 4.821  ; 5.294  ; 5.433  ;
; denom5      ; remain7     ; 5.339  ; 5.514  ; 5.991  ; 6.150  ;
; denom6      ; business0   ; 6.245  ; 5.668  ; 6.528  ; 6.836  ;
; denom6      ; business1   ; 5.582  ; 4.895  ; 5.686  ; 6.274  ;
; denom6      ; business2   ; 5.486  ; 4.983  ; 5.790  ; 6.082  ;
; denom6      ; business3   ; 5.326  ; 4.922  ; 5.704  ; 5.902  ;
; denom6      ; business4   ; 5.548  ; 4.618  ; 5.367  ; 6.192  ;
; denom6      ; business5   ; 5.254  ; 4.605  ; 5.351  ; 5.899  ;
; denom6      ; business6   ; 5.407  ; 4.504  ; 5.248  ; 6.079  ;
; denom6      ; business7   ; 5.117  ; 4.616  ; 5.373  ; 5.716  ;
; denom6      ; business8   ; 5.396  ; 4.580  ; 5.286  ; 6.045  ;
; denom6      ; business9   ; 5.606  ; 5.129  ; 5.937  ; 6.145  ;
; denom6      ; business10  ; 5.857  ; 4.431  ; 5.146  ; 6.500  ;
; denom6      ; business11  ; 6.966  ; 5.298  ; 6.071  ; 7.407  ;
; denom6      ; business12  ; 7.310  ; 5.808  ; 6.502  ; 7.817  ;
; denom6      ; business13  ; 6.558  ; 4.996  ; 5.643  ; 7.002  ;
; denom6      ; business14  ;        ; 4.923  ; 5.556  ;        ;
; denom6      ; business15  ;        ; 5.167  ; 5.729  ;        ;
; denom6      ; remain0     ; 5.149  ; 5.216  ; 5.907  ; 5.993  ;
; denom6      ; remain1     ; 5.008  ; 5.072  ; 5.766  ; 5.848  ;
; denom6      ; remain2     ; 5.159  ; 5.224  ; 5.947  ; 6.010  ;
; denom6      ; remain3     ; 5.320  ; 5.395  ; 6.094  ; 6.164  ;
; denom6      ; remain4     ; 5.293  ; 5.361  ; 6.067  ; 6.130  ;
; denom6      ; remain5     ; 5.139  ; 5.206  ; 5.896  ; 5.982  ;
; denom6      ; remain6     ; 5.058  ; 5.190  ; 5.765  ; 5.882  ;
; denom6      ; remain7     ; 5.840  ; 6.015  ; 6.578  ; 6.737  ;
; denom7      ; business0   ; 5.980  ; 5.210  ; 5.972  ; 6.499  ;
; denom7      ; business1   ; 5.075  ; 4.347  ; 5.032  ; 5.648  ;
; denom7      ; business2   ; 5.182  ; 4.549  ; 5.261  ; 5.725  ;
; denom7      ; business3   ; 5.312  ; 4.626  ; 5.350  ; 5.855  ;
; denom7      ; business4   ; 5.513  ; 4.516  ; 5.224  ; 6.108  ;
; denom7      ; business5   ; 4.907  ; 4.496  ; 5.201  ; 5.445  ;
; denom7      ; business6   ; 4.965  ; 4.230  ; 4.903  ; 5.527  ;
; denom7      ; business7   ; 4.954  ; 4.269  ; 4.954  ; 5.505  ;
; denom7      ; business8   ; 4.776  ; 4.450  ; 5.107  ; 5.325  ;
; denom7      ; business9   ; 5.587  ; 4.448  ; 5.143  ; 6.079  ;
; denom7      ; business10  ; 5.621  ; 4.412  ; 5.080  ; 6.208  ;
; denom7      ; business11  ; 6.825  ; 5.062  ; 5.779  ; 7.211  ;
; denom7      ; business12  ; 7.169  ; 5.667  ; 6.306  ; 7.621  ;
; denom7      ; business13  ; 6.417  ; 4.855  ; 5.447  ; 6.806  ;
; denom7      ; business14  ;        ; 4.782  ; 5.360  ;        ;
; denom7      ; business15  ;        ; 5.026  ; 5.533  ;        ;
; denom7      ; remain0     ; 4.691  ; 4.758  ; 5.351  ; 5.437  ;
; denom7      ; remain1     ; 4.550  ; 4.614  ; 5.210  ; 5.292  ;
; denom7      ; remain2     ; 4.701  ; 4.766  ; 5.391  ; 5.454  ;
; denom7      ; remain3     ; 4.862  ; 4.937  ; 5.538  ; 5.608  ;
; denom7      ; remain4     ; 4.835  ; 4.903  ; 5.511  ; 5.574  ;
; denom7      ; remain5     ; 4.681  ; 4.748  ; 5.340  ; 5.426  ;
; denom7      ; remain6     ; 4.887  ; 4.998  ; 5.546  ; 5.675  ;
; denom7      ; remain7     ; 5.286  ; 5.455  ; 5.895  ; 6.047  ;
; numerator0  ; business0   ; 5.426  ;        ;        ; 5.861  ;
; numerator0  ; remain0     ; 4.061  ; 4.520  ; 5.006  ; 4.696  ;
; numerator0  ; remain1     ; 4.322  ; 4.399  ; 4.879  ; 4.972  ;
; numerator0  ; remain2     ; 4.485  ; 4.584  ; 5.098  ; 5.181  ;
; numerator0  ; remain3     ; 4.815  ; 4.930  ; 5.372  ; 5.503  ;
; numerator0  ; remain4     ; 4.864  ; 4.989  ; 5.477  ; 5.554  ;
; numerator0  ; remain5     ; 4.664  ; 4.760  ; 5.221  ; 5.333  ;
; numerator0  ; remain6     ; 4.779  ; 4.918  ; 5.392  ; 5.515  ;
; numerator0  ; remain7     ; 5.476  ; 5.635  ; 6.033  ; 6.208  ;
; numerator1  ; business0   ; 5.491  ; 5.738  ; 6.399  ; 5.955  ;
; numerator1  ; business1   ; 4.468  ;        ;        ; 4.971  ;
; numerator1  ; remain0     ; 4.870  ; 4.956  ; 5.436  ; 5.503  ;
; numerator1  ; remain1     ; 4.094  ; 4.332  ; 4.856  ; 4.760  ;
; numerator1  ; remain2     ; 4.550  ; 4.649  ; 5.161  ; 5.275  ;
; numerator1  ; remain3     ; 4.692  ; 4.832  ; 5.312  ; 5.436  ;
; numerator1  ; remain4     ; 4.812  ; 4.943  ; 5.376  ; 5.523  ;
; numerator1  ; remain5     ; 4.599  ; 4.718  ; 5.219  ; 5.322  ;
; numerator1  ; remain6     ; 4.844  ; 4.983  ; 5.486  ; 5.609  ;
; numerator1  ; remain7     ; 5.541  ; 5.700  ; 6.127  ; 6.302  ;
; numerator2  ; business0   ; 5.046  ; 5.102  ; 5.550  ; 5.290  ;
; numerator2  ; business1   ; 3.964  ; 4.265  ; 4.568  ; 4.239  ;
; numerator2  ; business2   ; 3.800  ;        ;        ; 3.994  ;
; numerator2  ; remain0     ; 4.425  ; 4.511  ; 4.771  ; 4.838  ;
; numerator2  ; remain1     ; 4.284  ; 4.366  ; 4.630  ; 4.694  ;
; numerator2  ; remain2     ; 3.808  ; 4.079  ; 4.312  ; 4.267  ;
; numerator2  ; remain3     ; 4.188  ; 4.328  ; 4.553  ; 4.704  ;
; numerator2  ; remain4     ; 4.249  ; 4.439  ; 4.591  ; 4.769  ;
; numerator2  ; remain5     ; 4.095  ; 4.214  ; 4.462  ; 4.590  ;
; numerator2  ; remain6     ; 4.399  ; 4.538  ; 4.799  ; 4.944  ;
; numerator2  ; remain7     ; 5.096  ; 5.255  ; 5.462  ; 5.637  ;
; numerator3  ; business0   ; 5.357  ; 5.412  ; 5.822  ; 5.645  ;
; numerator3  ; business1   ; 4.124  ; 4.334  ; 4.674  ; 4.432  ;
; numerator3  ; business2   ; 3.990  ; 4.174  ; 4.530  ; 4.221  ;
; numerator3  ; business3   ; 3.787  ;        ;        ; 3.982  ;
; numerator3  ; remain0     ; 4.736  ; 4.822  ; 5.126  ; 5.193  ;
; numerator3  ; remain1     ; 4.497  ; 4.610  ; 4.846  ; 4.940  ;
; numerator3  ; remain2     ; 4.616  ; 4.739  ; 4.918  ; 5.067  ;
; numerator3  ; remain3     ; 4.109  ; 4.384  ; 4.649  ; 4.608  ;
; numerator3  ; remain4     ; 4.297  ; 4.490  ; 4.587  ; 4.796  ;
; numerator3  ; remain5     ; 4.255  ; 4.374  ; 4.627  ; 4.783  ;
; numerator3  ; remain6     ; 4.623  ; 4.780  ; 4.992  ; 5.165  ;
; numerator3  ; remain7     ; 5.234  ; 5.463  ; 5.580  ; 5.853  ;
; numerator4  ; business0   ; 6.797  ; 6.918  ; 7.545  ; 7.423  ;
; numerator4  ; business1   ; 5.630  ; 5.799  ; 6.420  ; 6.272  ;
; numerator4  ; business2   ; 5.486  ; 5.573  ; 6.276  ; 6.046  ;
; numerator4  ; business3   ; 5.318  ; 5.495  ; 6.190  ; 5.845  ;
; numerator4  ; business4   ; 4.830  ;        ;        ; 5.345  ;
; numerator4  ; remain0     ; 6.176  ; 6.262  ; 6.904  ; 6.971  ;
; numerator4  ; remain1     ; 6.003  ; 6.116  ; 6.686  ; 6.780  ;
; numerator4  ; remain2     ; 6.114  ; 6.245  ; 6.743  ; 6.895  ;
; numerator4  ; remain3     ; 6.190  ; 6.343  ; 6.818  ; 6.979  ;
; numerator4  ; remain4     ; 5.543  ; 5.889  ; 6.333  ; 6.362  ;
; numerator4  ; remain5     ; 5.761  ; 5.880  ; 6.490  ; 6.623  ;
; numerator4  ; remain6     ; 6.016  ; 6.286  ; 6.662  ; 6.917  ;
; numerator4  ; remain7     ; 6.762  ; 6.969  ; 7.443  ; 7.712  ;
; numerator5  ; business0   ; 7.171  ; 7.213  ; 7.881  ; 7.856  ;
; numerator5  ; business1   ; 6.046  ; 6.117  ; 6.772  ; 6.757  ;
; numerator5  ; business2   ; 5.895  ; 5.976  ; 6.708  ; 6.518  ;
; numerator5  ; business3   ; 5.676  ; 5.786  ; 6.530  ; 6.270  ;
; numerator5  ; business4   ; 5.121  ; 5.421  ; 6.043  ; 5.681  ;
; numerator5  ; business5   ; 4.606  ;        ;        ; 5.120  ;
; numerator5  ; remain0     ; 6.550  ; 6.636  ; 7.260  ; 7.346  ;
; numerator5  ; remain1     ; 6.409  ; 6.491  ; 7.119  ; 7.201  ;
; numerator5  ; remain2     ; 6.523  ; 6.653  ; 7.215  ; 7.363  ;
; numerator5  ; remain3     ; 6.599  ; 6.755  ; 7.290  ; 7.451  ;
; numerator5  ; remain4     ; 6.476  ; 6.659  ; 7.091  ; 7.302  ;
; numerator5  ; remain5     ; 5.930  ; 6.192  ; 6.789  ; 6.814  ;
; numerator5  ; remain6     ; 6.307  ; 6.578  ; 6.998  ; 7.253  ;
; numerator5  ; remain7     ; 7.123  ; 7.380  ; 7.868  ; 8.092  ;
; numerator6  ; business0   ; 7.420  ; 7.485  ; 8.225  ; 8.121  ;
; numerator6  ; business1   ; 6.326  ; 6.511  ; 7.116  ; 7.054  ;
; numerator6  ; business2   ; 6.326  ; 6.396  ; 6.966  ; 7.020  ;
; numerator6  ; business3   ; 6.148  ; 6.178  ; 6.744  ; 6.778  ;
; numerator6  ; business4   ; 5.590  ; 5.678  ; 6.296  ; 6.206  ;
; numerator6  ; business5   ; 5.051  ; 5.215  ; 5.830  ; 5.609  ;
; numerator6  ; business6   ; 4.564  ;        ;        ; 5.080  ;
; numerator6  ; remain0     ; 6.799  ; 6.885  ; 7.602  ; 7.669  ;
; numerator6  ; remain1     ; 6.658  ; 6.740  ; 7.461  ; 7.525  ;
; numerator6  ; remain2     ; 6.818  ; 6.902  ; 7.584  ; 7.677  ;
; numerator6  ; remain3     ; 6.909  ; 7.039  ; 7.670  ; 7.787  ;
; numerator6  ; remain4     ; 6.845  ; 6.939  ; 7.595  ; 7.707  ;
; numerator6  ; remain5     ; 6.747  ; 6.856  ; 7.516  ; 7.607  ;
; numerator6  ; remain6     ; 6.535  ; 6.808  ; 7.380  ; 7.486  ;
; numerator6  ; remain7     ; 7.458  ; 7.629  ; 8.245  ; 8.468  ;
; numerator7  ; business0   ; 7.644  ; 7.693  ; 8.459  ; 8.353  ;
; numerator7  ; business1   ; 6.509  ; 6.656  ; 7.350  ; 7.253  ;
; numerator7  ; business2   ; 6.412  ; 6.497  ; 7.158  ; 7.071  ;
; numerator7  ; business3   ; 6.198  ; 6.325  ; 6.980  ; 6.828  ;
; numerator7  ; business4   ; 5.660  ; 5.894  ; 6.450  ; 6.259  ;
; numerator7  ; business5   ; 5.316  ; 5.412  ; 6.008  ; 5.900  ;
; numerator7  ; business6   ; 4.962  ; 5.108  ; 5.741  ; 5.502  ;
; numerator7  ; business7   ; 4.548  ;        ;        ; 5.036  ;
; numerator7  ; remain0     ; 7.023  ; 7.109  ; 7.834  ; 7.901  ;
; numerator7  ; remain1     ; 6.882  ; 6.964  ; 7.667  ; 7.757  ;
; numerator7  ; remain2     ; 7.001  ; 7.124  ; 7.768  ; 7.888  ;
; numerator7  ; remain3     ; 7.092  ; 7.222  ; 7.843  ; 7.986  ;
; numerator7  ; remain4     ; 7.015  ; 7.122  ; 7.669  ; 7.880  ;
; numerator7  ; remain5     ; 6.930  ; 7.039  ; 7.693  ; 7.806  ;
; numerator7  ; remain6     ; 7.194  ; 7.347  ; 7.846  ; 8.089  ;
; numerator7  ; remain7     ; 7.402  ; 7.720  ; 8.263  ; 8.404  ;
; numerator8  ; business0   ; 8.020  ; 8.183  ; 8.839  ; 8.777  ;
; numerator8  ; business1   ; 6.911  ; 7.087  ; 7.730  ; 7.681  ;
; numerator8  ; business2   ; 7.091  ; 7.071  ; 7.765  ; 7.806  ;
; numerator8  ; business3   ; 6.789  ; 6.860  ; 7.474  ; 7.476  ;
; numerator8  ; business4   ; 6.195  ; 6.346  ; 6.905  ; 6.867  ;
; numerator8  ; business5   ; 5.768  ; 5.948  ; 6.488  ; 6.397  ;
; numerator8  ; business6   ; 5.435  ; 5.644  ; 6.221  ; 6.038  ;
; numerator8  ; business7   ; 5.100  ; 5.250  ; 5.889  ; 5.643  ;
; numerator8  ; business8   ; 4.747  ;        ;        ; 5.285  ;
; numerator8  ; remain0     ; 7.399  ; 7.485  ; 8.218  ; 8.304  ;
; numerator8  ; remain1     ; 7.258  ; 7.340  ; 8.077  ; 8.159  ;
; numerator8  ; remain2     ; 7.403  ; 7.502  ; 8.211  ; 8.316  ;
; numerator8  ; remain3     ; 7.494  ; 7.624  ; 8.302  ; 8.414  ;
; numerator8  ; remain4     ; 7.430  ; 7.524  ; 8.235  ; 8.334  ;
; numerator8  ; remain5     ; 7.332  ; 7.441  ; 8.143  ; 8.234  ;
; numerator8  ; remain6     ; 7.594  ; 7.723  ; 8.413  ; 8.542  ;
; numerator8  ; remain7     ; 8.238  ; 8.402  ; 9.057  ; 9.221  ;
; numerator9  ; business0   ; 8.408  ; 8.420  ; 9.090  ; 9.084  ;
; numerator9  ; business1   ; 7.041  ; 7.216  ; 7.918  ; 7.813  ;
; numerator9  ; business2   ; 6.910  ; 6.927  ; 7.708  ; 7.598  ;
; numerator9  ; business3   ; 6.595  ; 6.690  ; 7.472  ; 7.244  ;
; numerator9  ; business4   ; 6.051  ; 6.367  ; 6.863  ; 6.681  ;
; numerator9  ; business5   ; 5.609  ; 5.885  ; 6.503  ; 6.199  ;
; numerator9  ; business6   ; 5.342  ; 5.617  ; 6.236  ; 5.895  ;
; numerator9  ; business7   ; 5.161  ; 5.390  ; 6.013  ; 5.694  ;
; numerator9  ; business8   ; 4.887  ; 5.257  ; 5.814  ; 5.409  ;
; numerator9  ; business9   ; 5.103  ;        ;        ; 5.507  ;
; numerator9  ; remain0     ; 7.787  ; 7.873  ; 8.469  ; 8.555  ;
; numerator9  ; remain1     ; 7.414  ; 7.527  ; 8.227  ; 8.321  ;
; numerator9  ; remain2     ; 7.533  ; 7.656  ; 8.295  ; 8.447  ;
; numerator9  ; remain3     ; 7.560  ; 7.754  ; 8.283  ; 8.473  ;
; numerator9  ; remain4     ; 7.406  ; 7.636  ; 8.091  ; 8.302  ;
; numerator9  ; remain5     ; 7.437  ; 7.571  ; 8.159  ; 8.335  ;
; numerator9  ; remain6     ; 7.585  ; 7.846  ; 8.268  ; 8.511  ;
; numerator9  ; remain7     ; 8.330  ; 8.608  ; 9.051  ; 9.311  ;
; numerator10 ; business0   ; 8.786  ; 8.798  ; 9.424  ; 9.436  ;
; numerator10 ; business1   ; 7.677  ; 7.702  ; 8.315  ; 8.340  ;
; numerator10 ; business2   ; 7.281  ; 7.398  ; 8.179  ; 8.076  ;
; numerator10 ; business3   ; 7.103  ; 7.187  ; 7.960  ; 7.865  ;
; numerator10 ; business4   ; 6.429  ; 6.521  ; 7.067  ; 7.143  ;
; numerator10 ; business5   ; 6.162  ; 6.232  ; 6.800  ; 6.854  ;
; numerator10 ; business6   ; 5.899  ; 6.080  ; 6.757  ; 6.576  ;
; numerator10 ; business7   ; 5.562  ; 5.756  ; 6.405  ; 6.173  ;
; numerator10 ; business8   ; 5.253  ; 5.542  ; 6.151  ; 5.864  ;
; numerator10 ; business9   ; 5.398  ; 5.779  ; 6.495  ; 5.865  ;
; numerator10 ; business10  ; 5.019  ;        ;        ; 5.540  ;
; numerator10 ; remain0     ; 8.165  ; 8.251  ; 8.803  ; 8.889  ;
; numerator10 ; remain1     ; 8.024  ; 8.106  ; 8.662  ; 8.744  ;
; numerator10 ; remain2     ; 7.909  ; 8.056  ; 8.773  ; 8.906  ;
; numerator10 ; remain3     ; 7.985  ; 8.141  ; 8.848  ; 9.009  ;
; numerator10 ; remain4     ; 7.784  ; 8.014  ; 8.422  ; 8.652  ;
; numerator10 ; remain5     ; 7.834  ; 7.973  ; 8.623  ; 8.759  ;
; numerator10 ; remain6     ; 7.963  ; 8.224  ; 8.601  ; 8.862  ;
; numerator10 ; remain7     ; 8.769  ; 8.993  ; 9.509  ; 9.695  ;
; numerator11 ; business0   ; 9.097  ; 9.109  ; 9.675  ; 9.687  ;
; numerator11 ; business1   ; 7.988  ; 8.013  ; 8.566  ; 8.591  ;
; numerator11 ; business2   ; 7.863  ; 7.832  ; 8.441  ; 8.410  ;
; numerator11 ; business3   ; 7.610  ; 7.565  ; 8.211  ; 8.143  ;
; numerator11 ; business4   ; 6.740  ; 6.862  ; 7.318  ; 7.456  ;
; numerator11 ; business5   ; 6.473  ; 6.573  ; 7.051  ; 7.167  ;
; numerator11 ; business6   ; 6.430  ; 6.533  ; 7.008  ; 7.127  ;
; numerator11 ; business7   ; 6.026  ; 6.198  ; 6.811  ; 6.684  ;
; numerator11 ; business8   ; 5.794  ; 5.968  ; 6.482  ; 6.451  ;
; numerator11 ; business9   ; 5.902  ; 6.088  ; 6.785  ; 6.423  ;
; numerator11 ; business10  ; 5.392  ; 5.708  ; 6.308  ; 5.951  ;
; numerator11 ; business11  ; 5.732  ;        ;        ; 6.158  ;
; numerator11 ; remain0     ; 8.476  ; 8.562  ; 9.054  ; 9.140  ;
; numerator11 ; remain1     ; 8.335  ; 8.417  ; 8.913  ; 8.995  ;
; numerator11 ; remain2     ; 8.480  ; 8.579  ; 9.058  ; 9.157  ;
; numerator11 ; remain3     ; 8.567  ; 8.701  ; 9.145  ; 9.279  ;
; numerator11 ; remain4     ; 8.095  ; 8.325  ; 8.673  ; 8.903  ;
; numerator11 ; remain5     ; 8.296  ; 8.432  ; 8.874  ; 9.010  ;
; numerator11 ; remain6     ; 8.274  ; 8.535  ; 8.852  ; 9.113  ;
; numerator11 ; remain7     ; 9.182  ; 9.368  ; 9.760  ; 9.946  ;
; numerator12 ; business0   ; 8.039  ; 8.051  ; 8.579  ; 8.591  ;
; numerator12 ; business1   ; 6.930  ; 6.955  ; 7.470  ; 7.495  ;
; numerator12 ; business2   ; 6.805  ; 6.774  ; 7.345  ; 7.314  ;
; numerator12 ; business3   ; 6.575  ; 6.507  ; 7.115  ; 7.047  ;
; numerator12 ; business4   ; 5.682  ; 6.017  ; 6.222  ; 6.191  ;
; numerator12 ; business5   ; 5.415  ; 5.728  ; 5.955  ; 5.902  ;
; numerator12 ; business6   ; 5.372  ; 5.688  ; 5.912  ; 5.862  ;
; numerator12 ; business7   ; 5.175  ; 5.349  ; 5.649  ; 5.634  ;
; numerator12 ; business8   ; 4.846  ; 5.123  ; 5.386  ; 5.297  ;
; numerator12 ; business9   ; 5.179  ; 5.337  ; 5.664  ; 5.511  ;
; numerator12 ; business10  ; 4.790  ; 4.885  ; 5.183  ; 5.182  ;
; numerator12 ; business11  ; 5.020  ; 5.130  ; 5.560  ; 5.240  ;
; numerator12 ; business12  ; 4.666  ;        ;        ; 4.832  ;
; numerator12 ; remain0     ; 7.418  ; 7.504  ; 7.958  ; 8.044  ;
; numerator12 ; remain1     ; 7.277  ; 7.359  ; 7.817  ; 7.899  ;
; numerator12 ; remain2     ; 7.422  ; 7.521  ; 7.962  ; 8.061  ;
; numerator12 ; remain3     ; 7.509  ; 7.643  ; 8.049  ; 8.183  ;
; numerator12 ; remain4     ; 7.037  ; 7.267  ; 7.577  ; 7.807  ;
; numerator12 ; remain5     ; 7.238  ; 7.374  ; 7.778  ; 7.914  ;
; numerator12 ; remain6     ; 7.216  ; 7.477  ; 7.756  ; 8.017  ;
; numerator12 ; remain7     ; 8.124  ; 8.310  ; 8.664  ; 8.850  ;
; numerator13 ; business0   ; 8.831  ; 8.843  ; 9.217  ; 9.229  ;
; numerator13 ; business1   ; 7.722  ; 7.747  ; 8.108  ; 8.133  ;
; numerator13 ; business2   ; 7.597  ; 7.566  ; 7.983  ; 7.952  ;
; numerator13 ; business3   ; 7.331  ; 7.299  ; 7.740  ; 7.685  ;
; numerator13 ; business4   ; 6.474  ; 6.522  ; 6.860  ; 6.967  ;
; numerator13 ; business5   ; 6.041  ; 6.233  ; 6.580  ; 6.638  ;
; numerator13 ; business6   ; 5.752  ; 5.932  ; 6.053  ; 6.249  ;
; numerator13 ; business7   ; 5.282  ; 5.464  ; 5.679  ; 5.783  ;
; numerator13 ; business8   ; 5.062  ; 5.364  ; 5.525  ; 5.543  ;
; numerator13 ; business9   ; 5.224  ; 5.398  ; 5.742  ; 5.573  ;
; numerator13 ; business10  ; 4.729  ; 4.959  ; 5.213  ; 5.113  ;
; numerator13 ; business11  ; 5.075  ; 5.208  ; 5.614  ; 5.317  ;
; numerator13 ; business12  ; 4.844  ; 4.939  ; 5.383  ; 5.048  ;
; numerator13 ; business13  ; 3.811  ;        ;        ; 3.981  ;
; numerator13 ; remain0     ; 8.210  ; 8.296  ; 8.596  ; 8.682  ;
; numerator13 ; remain1     ; 8.069  ; 8.151  ; 8.455  ; 8.537  ;
; numerator13 ; remain2     ; 8.214  ; 8.313  ; 8.600  ; 8.699  ;
; numerator13 ; remain3     ; 8.296  ; 8.435  ; 8.687  ; 8.821  ;
; numerator13 ; remain4     ; 7.829  ; 8.059  ; 8.215  ; 8.445  ;
; numerator13 ; remain5     ; 8.004  ; 8.166  ; 8.416  ; 8.552  ;
; numerator13 ; remain6     ; 8.008  ; 8.269  ; 8.394  ; 8.655  ;
; numerator13 ; remain7     ; 8.729  ; 9.047  ; 9.126  ; 9.444  ;
; numerator14 ; business0   ; 10.407 ; 10.461 ; 11.007 ; 11.061 ;
; numerator14 ; business1   ; 9.298  ; 9.365  ; 9.898  ; 9.965  ;
; numerator14 ; business2   ; 9.194  ; 9.184  ; 9.794  ; 9.784  ;
; numerator14 ; business3   ; 8.874  ; 8.914  ; 9.474  ; 9.514  ;
; numerator14 ; business4   ; 8.092  ; 8.140  ; 8.692  ; 8.740  ;
; numerator14 ; business5   ; 7.825  ; 7.838  ; 8.425  ; 8.438  ;
; numerator14 ; business6   ; 7.187  ; 7.387  ; 7.787  ; 7.987  ;
; numerator14 ; business7   ; 6.813  ; 7.001  ; 7.413  ; 7.585  ;
; numerator14 ; business8   ; 6.659  ; 6.859  ; 7.259  ; 7.443  ;
; numerator14 ; business9   ; 6.892  ; 6.955  ; 7.492  ; 7.539  ;
; numerator14 ; business10  ; 6.347  ; 6.454  ; 6.947  ; 7.038  ;
; numerator14 ; business11  ; 6.787  ; 6.748  ; 7.387  ; 7.332  ;
; numerator14 ; business12  ; 6.579  ; 6.523  ; 7.179  ; 7.107  ;
; numerator14 ; business13  ; 5.534  ; 5.457  ; 6.134  ; 6.041  ;
; numerator14 ; business14  ; 4.501  ;        ;        ; 5.004  ;
; numerator14 ; remain0     ; 9.786  ; 9.872  ; 10.386 ; 10.472 ;
; numerator14 ; remain1     ; 9.645  ; 9.727  ; 10.245 ; 10.327 ;
; numerator14 ; remain2     ; 9.790  ; 9.889  ; 10.390 ; 10.489 ;
; numerator14 ; remain3     ; 9.839  ; 10.011 ; 10.439 ; 10.611 ;
; numerator14 ; remain4     ; 9.447  ; 9.677  ; 10.047 ; 10.277 ;
; numerator14 ; remain5     ; 9.648  ; 9.784  ; 10.248 ; 10.384 ;
; numerator14 ; remain6     ; 9.626  ; 9.887  ; 10.226 ; 10.487 ;
; numerator14 ; remain7     ; 10.260 ; 10.578 ; 10.860 ; 11.178 ;
; numerator15 ; business0   ; 10.331 ; 10.421 ; 11.110 ; 11.127 ;
; numerator15 ; business1   ; 9.222  ; 9.325  ; 10.001 ; 10.031 ;
; numerator15 ; business2   ; 9.118  ; 9.135  ; 9.881  ; 9.850  ;
; numerator15 ; business3   ; 8.798  ; 8.838  ; 9.577  ; 9.583  ;
; numerator15 ; business4   ; 8.052  ; 8.040  ; 8.758  ; 8.841  ;
; numerator15 ; business5   ; 7.785  ; 7.751  ; 8.491  ; 8.541  ;
; numerator15 ; business6   ; 7.350  ; 7.474  ; 7.890  ; 8.090  ;
; numerator15 ; business7   ; 6.737  ; 7.015  ; 7.516  ; 7.531  ;
; numerator15 ; business8   ; 6.559  ; 6.865  ; 7.362  ; 7.351  ;
; numerator15 ; business9   ; 6.693  ; 6.860  ; 7.497  ; 7.346  ;
; numerator15 ; business10  ; 6.345  ; 6.547  ; 7.050  ; 7.033  ;
; numerator15 ; business11  ; 6.669  ; 6.743  ; 7.473  ; 7.229  ;
; numerator15 ; business12  ; 6.441  ; 6.475  ; 7.245  ; 6.961  ;
; numerator15 ; business13  ; 5.359  ; 5.616  ; 6.237  ; 5.862  ;
; numerator15 ; business14  ; 4.372  ;        ;        ; 4.866  ;
; numerator15 ; business15  ; 4.044  ;        ;        ; 4.603  ;
; numerator15 ; remain0     ; 9.710  ; 9.796  ; 10.489 ; 10.575 ;
; numerator15 ; remain1     ; 9.569  ; 9.651  ; 10.348 ; 10.430 ;
; numerator15 ; remain2     ; 9.714  ; 9.813  ; 10.493 ; 10.592 ;
; numerator15 ; remain3     ; 9.763  ; 9.935  ; 10.542 ; 10.714 ;
; numerator15 ; remain4     ; 9.407  ; 9.637  ; 10.113 ; 10.343 ;
; numerator15 ; remain5     ; 9.608  ; 9.744  ; 10.314 ; 10.450 ;
; numerator15 ; remain6     ; 9.586  ; 9.847  ; 10.292 ; 10.553 ;
; numerator15 ; remain7     ; 10.184 ; 10.502 ; 10.963 ; 11.281 ;
+-------------+-------------+--------+--------+--------+--------+


+------------------------------------------------------------------------------------------------------------------------------------------------------------------------------------------------------------------------------------------------------------------------------------------------------------------------------------------------------------------------------------------------------------------+
; Board Trace Model Assignments                                                                                                                                                                                                                                                                                                                                                                                    ;
+---------------+--------------+-------------------+-------------------------+-------------------------+---------------+---------------------+----------------+------------------+--------+------------------+------------------------+------------------------+--------------+---------------+-----------------+-------+---------------------+--------------------+---------------+-----------------+-------------+
; Pin           ; I/O Standard ; Near Tline Length ; Near Tline L per Length ; Near Tline C per Length ; Near Series R ; Near Differential R ; Near Pull-up R ; Near Pull-down R ; Near C ; Far Tline Length ; Far Tline L per Length ; Far Tline C per Length ; Far Series R ; Far Pull-up R ; Far Pull-down R ; Far C ; Termination Voltage ; Far Differential R ; EBD File Name ; EBD Signal Name ; EBD Far-end ;
+---------------+--------------+-------------------+-------------------------+-------------------------+---------------+---------------------+----------------+------------------+--------+------------------+------------------------+------------------------+--------------+---------------+-----------------+-------+---------------------+--------------------+---------------+-----------------+-------------+
; business0     ; 2.5 V        ; 0 in              ; 0 H/in                  ; 0 F/in                  ; short         ; -                   ; open           ; open             ; open   ; 0 in             ; 0 H/in                 ; 0 F/in                 ; short        ; open          ; open            ; open  ; 0 V                 ; -                  ; n/a           ; n/a             ; n/a         ;
; business1     ; 2.5 V        ; 0 in              ; 0 H/in                  ; 0 F/in                  ; short         ; -                   ; open           ; open             ; open   ; 0 in             ; 0 H/in                 ; 0 F/in                 ; short        ; open          ; open            ; open  ; 0 V                 ; -                  ; n/a           ; n/a             ; n/a         ;
; business15    ; 2.5 V        ; 0 in              ; 0 H/in                  ; 0 F/in                  ; short         ; -                   ; open           ; open             ; open   ; 0 in             ; 0 H/in                 ; 0 F/in                 ; short        ; open          ; open            ; open  ; 0 V                 ; -                  ; n/a           ; n/a             ; n/a         ;
; business14    ; 2.5 V        ; 0 in              ; 0 H/in                  ; 0 F/in                  ; short         ; -                   ; open           ; open             ; open   ; 0 in             ; 0 H/in                 ; 0 F/in                 ; short        ; open          ; open            ; open  ; 0 V                 ; -                  ; n/a           ; n/a             ; n/a         ;
; business13    ; 2.5 V        ; 0 in              ; 0 H/in                  ; 0 F/in                  ; short         ; -                   ; open           ; open             ; open   ; 0 in             ; 0 H/in                 ; 0 F/in                 ; short        ; open          ; open            ; open  ; 0 V                 ; -                  ; n/a           ; n/a             ; n/a         ;
; business12    ; 2.5 V        ; 0 in              ; 0 H/in                  ; 0 F/in                  ; short         ; -                   ; open           ; open             ; open   ; 0 in             ; 0 H/in                 ; 0 F/in                 ; short        ; open          ; open            ; open  ; 0 V                 ; -                  ; n/a           ; n/a             ; n/a         ;
; business11    ; 2.5 V        ; 0 in              ; 0 H/in                  ; 0 F/in                  ; short         ; -                   ; open           ; open             ; open   ; 0 in             ; 0 H/in                 ; 0 F/in                 ; short        ; open          ; open            ; open  ; 0 V                 ; -                  ; n/a           ; n/a             ; n/a         ;
; business10    ; 2.5 V        ; 0 in              ; 0 H/in                  ; 0 F/in                  ; short         ; -                   ; open           ; open             ; open   ; 0 in             ; 0 H/in                 ; 0 F/in                 ; short        ; open          ; open            ; open  ; 0 V                 ; -                  ; n/a           ; n/a             ; n/a         ;
; business9     ; 2.5 V        ; 0 in              ; 0 H/in                  ; 0 F/in                  ; short         ; -                   ; open           ; open             ; open   ; 0 in             ; 0 H/in                 ; 0 F/in                 ; short        ; open          ; open            ; open  ; 0 V                 ; -                  ; n/a           ; n/a             ; n/a         ;
; business8     ; 2.5 V        ; 0 in              ; 0 H/in                  ; 0 F/in                  ; short         ; -                   ; open           ; open             ; open   ; 0 in             ; 0 H/in                 ; 0 F/in                 ; short        ; open          ; open            ; open  ; 0 V                 ; -                  ; n/a           ; n/a             ; n/a         ;
; business7     ; 2.5 V        ; 0 in              ; 0 H/in                  ; 0 F/in                  ; short         ; -                   ; open           ; open             ; open   ; 0 in             ; 0 H/in                 ; 0 F/in                 ; short        ; open          ; open            ; open  ; 0 V                 ; -                  ; n/a           ; n/a             ; n/a         ;
; business6     ; 2.5 V        ; 0 in              ; 0 H/in                  ; 0 F/in                  ; short         ; -                   ; open           ; open             ; open   ; 0 in             ; 0 H/in                 ; 0 F/in                 ; short        ; open          ; open            ; open  ; 0 V                 ; -                  ; n/a           ; n/a             ; n/a         ;
; business5     ; 2.5 V        ; 0 in              ; 0 H/in                  ; 0 F/in                  ; short         ; -                   ; open           ; open             ; open   ; 0 in             ; 0 H/in                 ; 0 F/in                 ; short        ; open          ; open            ; open  ; 0 V                 ; -                  ; n/a           ; n/a             ; n/a         ;
; business4     ; 2.5 V        ; 0 in              ; 0 H/in                  ; 0 F/in                  ; short         ; -                   ; open           ; open             ; open   ; 0 in             ; 0 H/in                 ; 0 F/in                 ; short        ; open          ; open            ; open  ; 0 V                 ; -                  ; n/a           ; n/a             ; n/a         ;
; business3     ; 2.5 V        ; 0 in              ; 0 H/in                  ; 0 F/in                  ; short         ; -                   ; open           ; open             ; open   ; 0 in             ; 0 H/in                 ; 0 F/in                 ; short        ; open          ; open            ; open  ; 0 V                 ; -                  ; n/a           ; n/a             ; n/a         ;
; business2     ; 2.5 V        ; 0 in              ; 0 H/in                  ; 0 F/in                  ; short         ; -                   ; open           ; open             ; open   ; 0 in             ; 0 H/in                 ; 0 F/in                 ; short        ; open          ; open            ; open  ; 0 V                 ; -                  ; n/a           ; n/a             ; n/a         ;
; remain7       ; 2.5 V        ; 0 in              ; 0 H/in                  ; 0 F/in                  ; short         ; -                   ; open           ; open             ; open   ; 0 in             ; 0 H/in                 ; 0 F/in                 ; short        ; open          ; open            ; open  ; 0 V                 ; -                  ; n/a           ; n/a             ; n/a         ;
; remain6       ; 2.5 V        ; 0 in              ; 0 H/in                  ; 0 F/in                  ; short         ; -                   ; open           ; open             ; open   ; 0 in             ; 0 H/in                 ; 0 F/in                 ; short        ; open          ; open            ; open  ; 0 V                 ; -                  ; n/a           ; n/a             ; n/a         ;
; remain5       ; 2.5 V        ; 0 in              ; 0 H/in                  ; 0 F/in                  ; short         ; -                   ; open           ; open             ; open   ; 0 in             ; 0 H/in                 ; 0 F/in                 ; short        ; open          ; open            ; open  ; 0 V                 ; -                  ; n/a           ; n/a             ; n/a         ;
; remain4       ; 2.5 V        ; 0 in              ; 0 H/in                  ; 0 F/in                  ; short         ; -                   ; open           ; open             ; open   ; 0 in             ; 0 H/in                 ; 0 F/in                 ; short        ; open          ; open            ; open  ; 0 V                 ; -                  ; n/a           ; n/a             ; n/a         ;
; remain3       ; 2.5 V        ; 0 in              ; 0 H/in                  ; 0 F/in                  ; short         ; -                   ; open           ; open             ; open   ; 0 in             ; 0 H/in                 ; 0 F/in                 ; short        ; open          ; open            ; open  ; 0 V                 ; -                  ; n/a           ; n/a             ; n/a         ;
; remain2       ; 2.5 V        ; 0 in              ; 0 H/in                  ; 0 F/in                  ; short         ; -                   ; open           ; open             ; open   ; 0 in             ; 0 H/in                 ; 0 F/in                 ; short        ; open          ; open            ; open  ; 0 V                 ; -                  ; n/a           ; n/a             ; n/a         ;
; remain1       ; 2.5 V        ; 0 in              ; 0 H/in                  ; 0 F/in                  ; short         ; -                   ; open           ; open             ; open   ; 0 in             ; 0 H/in                 ; 0 F/in                 ; short        ; open          ; open            ; open  ; 0 V                 ; -                  ; n/a           ; n/a             ; n/a         ;
; remain0       ; 2.5 V        ; 0 in              ; 0 H/in                  ; 0 F/in                  ; short         ; -                   ; open           ; open             ; open   ; 0 in             ; 0 H/in                 ; 0 F/in                 ; short        ; open          ; open            ; open  ; 0 V                 ; -                  ; n/a           ; n/a             ; n/a         ;
; ~ALTERA_DCLK~ ; 2.5 V        ; 0 in              ; 0 H/in                  ; 0 F/in                  ; short         ; -                   ; open           ; open             ; open   ; 0 in             ; 0 H/in                 ; 0 F/in                 ; short        ; open          ; open            ; open  ; 0 V                 ; -                  ; n/a           ; n/a             ; n/a         ;
; ~ALTERA_nCEO~ ; 2.5 V        ; 0 in              ; 0 H/in                  ; 0 F/in                  ; short         ; -                   ; open           ; open             ; open   ; 0 in             ; 0 H/in                 ; 0 F/in                 ; short        ; open          ; open            ; open  ; 0 V                 ; -                  ; n/a           ; n/a             ; n/a         ;
+---------------+--------------+-------------------+-------------------------+-------------------------+---------------+---------------------+----------------+------------------+--------+------------------+------------------------+------------------------+--------------+---------------+-----------------+-------+---------------------+--------------------+---------------+-----------------+-------------+


+----------------------------------------------------------------------------+
; Input Transition Times                                                     ;
+-------------------------+--------------+-----------------+-----------------+
; Pin                     ; I/O Standard ; 10-90 Rise Time ; 90-10 Fall Time ;
+-------------------------+--------------+-----------------+-----------------+
; numerator8              ; 2.5 V        ; 2000 ps         ; 2000 ps         ;
; denom0                  ; 2.5 V        ; 2000 ps         ; 2000 ps         ;
; numerator15             ; 2.5 V        ; 2000 ps         ; 2000 ps         ;
; denom1                  ; 2.5 V        ; 2000 ps         ; 2000 ps         ;
; numerator14             ; 2.5 V        ; 2000 ps         ; 2000 ps         ;
; denom7                  ; 2.5 V        ; 2000 ps         ; 2000 ps         ;
; denom4                  ; 2.5 V        ; 2000 ps         ; 2000 ps         ;
; denom5                  ; 2.5 V        ; 2000 ps         ; 2000 ps         ;
; denom6                  ; 2.5 V        ; 2000 ps         ; 2000 ps         ;
; denom2                  ; 2.5 V        ; 2000 ps         ; 2000 ps         ;
; denom3                  ; 2.5 V        ; 2000 ps         ; 2000 ps         ;
; numerator13             ; 2.5 V        ; 2000 ps         ; 2000 ps         ;
; numerator12             ; 2.5 V        ; 2000 ps         ; 2000 ps         ;
; numerator11             ; 2.5 V        ; 2000 ps         ; 2000 ps         ;
; numerator10             ; 2.5 V        ; 2000 ps         ; 2000 ps         ;
; numerator9              ; 2.5 V        ; 2000 ps         ; 2000 ps         ;
; numerator7              ; 2.5 V        ; 2000 ps         ; 2000 ps         ;
; numerator6              ; 2.5 V        ; 2000 ps         ; 2000 ps         ;
; numerator5              ; 2.5 V        ; 2000 ps         ; 2000 ps         ;
; numerator4              ; 2.5 V        ; 2000 ps         ; 2000 ps         ;
; numerator3              ; 2.5 V        ; 2000 ps         ; 2000 ps         ;
; numerator2              ; 2.5 V        ; 2000 ps         ; 2000 ps         ;
; numerator1              ; 2.5 V        ; 2000 ps         ; 2000 ps         ;
; numerator0              ; 2.5 V        ; 2000 ps         ; 2000 ps         ;
; ~ALTERA_ASDO_DATA1~     ; 2.5 V        ; 2000 ps         ; 2000 ps         ;
; ~ALTERA_FLASH_nCE_nCSO~ ; 2.5 V        ; 2000 ps         ; 2000 ps         ;
; ~ALTERA_DATA0~          ; 2.5 V        ; 2000 ps         ; 2000 ps         ;
+-------------------------+--------------+-----------------+-----------------+


+--------------------------------------------------------------------------------------------------------------------------------------------------------------------------------------------------------------------------------------------------------------------------------------------------------------------------------------------------------------------------------------------------------------------------------------------------------------------------------------------------------------------------------------------------------------------------------------------------------------------------------------------------------------------------------------------+
; Signal Integrity Metrics (Slow 1200mv n40c Model)                                                                                                                                                                                                                                                                                                                                                                                                                                                                                                                                                                                                                                          ;
+---------------+--------------+---------------------+---------------------+------------------------------+------------------------------+---------------------+---------------------+--------------------------------------+--------------------------------------+-----------------------------+-----------------------------+----------------------------+----------------------------+-----------------------------+-----------------------------+--------------------+--------------------+-------------------------------------+-------------------------------------+----------------------------+----------------------------+---------------------------+---------------------------+
; Pin           ; I/O Standard ; Board Delay on Rise ; Board Delay on Fall ; Steady State Voh at FPGA Pin ; Steady State Vol at FPGA Pin ; Voh Max at FPGA Pin ; Vol Min at FPGA Pin ; Ringback Voltage on Rise at FPGA Pin ; Ringback Voltage on Fall at FPGA Pin ; 10-90 Rise Time at FPGA Pin ; 90-10 Fall Time at FPGA Pin ; Monotonic Rise at FPGA Pin ; Monotonic Fall at FPGA Pin ; Steady State Voh at Far-end ; Steady State Vol at Far-end ; Voh Max at Far-end ; Vol Min at Far-end ; Ringback Voltage on Rise at Far-end ; Ringback Voltage on Fall at Far-end ; 10-90 Rise Time at Far-end ; 90-10 Fall Time at Far-end ; Monotonic Rise at Far-end ; Monotonic Fall at Far-end ;
+---------------+--------------+---------------------+---------------------+------------------------------+------------------------------+---------------------+---------------------+--------------------------------------+--------------------------------------+-----------------------------+-----------------------------+----------------------------+----------------------------+-----------------------------+-----------------------------+--------------------+--------------------+-------------------------------------+-------------------------------------+----------------------------+----------------------------+---------------------------+---------------------------+
; business0     ; 2.5 V        ; 0 s                 ; 0 s                 ; 2.32 V                       ; 1.4e-09 V                    ; 2.34 V              ; -0.00664 V          ; 0.204 V                              ; 0.106 V                              ; 2.63e-09 s                  ; 2.46e-09 s                  ; No                         ; Yes                        ; 2.32 V                      ; 1.4e-09 V                   ; 2.34 V             ; -0.00664 V         ; 0.204 V                             ; 0.106 V                             ; 2.63e-09 s                 ; 2.46e-09 s                 ; No                        ; Yes                       ;
; business1     ; 2.5 V        ; 0 s                 ; 0 s                 ; 2.32 V                       ; 1.4e-09 V                    ; 2.4 V               ; -0.0306 V           ; 0.178 V                              ; 0.087 V                              ; 2.81e-10 s                  ; 2.95e-10 s                  ; Yes                        ; Yes                        ; 2.32 V                      ; 1.4e-09 V                   ; 2.4 V              ; -0.0306 V          ; 0.178 V                             ; 0.087 V                             ; 2.81e-10 s                 ; 2.95e-10 s                 ; Yes                       ; Yes                       ;
; business15    ; 2.5 V        ; 0 s                 ; 0 s                 ; 2.32 V                       ; 1.4e-09 V                    ; 2.4 V               ; -0.0306 V           ; 0.178 V                              ; 0.087 V                              ; 2.81e-10 s                  ; 2.95e-10 s                  ; Yes                        ; Yes                        ; 2.32 V                      ; 1.4e-09 V                   ; 2.4 V              ; -0.0306 V          ; 0.178 V                             ; 0.087 V                             ; 2.81e-10 s                 ; 2.95e-10 s                 ; Yes                       ; Yes                       ;
; business14    ; 2.5 V        ; 0 s                 ; 0 s                 ; 2.32 V                       ; 1.4e-09 V                    ; 2.4 V               ; -0.0306 V           ; 0.178 V                              ; 0.087 V                              ; 2.81e-10 s                  ; 2.95e-10 s                  ; Yes                        ; Yes                        ; 2.32 V                      ; 1.4e-09 V                   ; 2.4 V              ; -0.0306 V          ; 0.178 V                             ; 0.087 V                             ; 2.81e-10 s                 ; 2.95e-10 s                 ; Yes                       ; Yes                       ;
; business13    ; 2.5 V        ; 0 s                 ; 0 s                 ; 2.32 V                       ; 1.74e-09 V                   ; 2.4 V               ; -0.0195 V           ; 0.196 V                              ; 0.023 V                              ; 2.87e-10 s                  ; 3.09e-10 s                  ; Yes                        ; Yes                        ; 2.32 V                      ; 1.74e-09 V                  ; 2.4 V              ; -0.0195 V          ; 0.196 V                             ; 0.023 V                             ; 2.87e-10 s                 ; 3.09e-10 s                 ; Yes                       ; Yes                       ;
; business12    ; 2.5 V        ; 0 s                 ; 0 s                 ; 2.32 V                       ; 1.74e-09 V                   ; 2.34 V              ; -0.00643 V          ; 0.21 V                               ; 0.072 V                              ; 2.63e-09 s                  ; 2.47e-09 s                  ; No                         ; Yes                        ; 2.32 V                      ; 1.74e-09 V                  ; 2.34 V             ; -0.00643 V         ; 0.21 V                              ; 0.072 V                             ; 2.63e-09 s                 ; 2.47e-09 s                 ; No                        ; Yes                       ;
; business11    ; 2.5 V        ; 0 s                 ; 0 s                 ; 2.32 V                       ; 1.74e-09 V                   ; 2.34 V              ; -0.00643 V          ; 0.21 V                               ; 0.072 V                              ; 2.63e-09 s                  ; 2.47e-09 s                  ; No                         ; Yes                        ; 2.32 V                      ; 1.74e-09 V                  ; 2.34 V             ; -0.00643 V         ; 0.21 V                              ; 0.072 V                             ; 2.63e-09 s                 ; 2.47e-09 s                 ; No                        ; Yes                       ;
; business10    ; 2.5 V        ; 0 s                 ; 0 s                 ; 2.32 V                       ; 1.74e-09 V                   ; 2.4 V               ; -0.0195 V           ; 0.196 V                              ; 0.023 V                              ; 2.87e-10 s                  ; 3.09e-10 s                  ; Yes                        ; Yes                        ; 2.32 V                      ; 1.74e-09 V                  ; 2.4 V              ; -0.0195 V          ; 0.196 V                             ; 0.023 V                             ; 2.87e-10 s                 ; 3.09e-10 s                 ; Yes                       ; Yes                       ;
; business9     ; 2.5 V        ; 0 s                 ; 0 s                 ; 2.32 V                       ; 1.74e-09 V                   ; 2.4 V               ; -0.0195 V           ; 0.196 V                              ; 0.023 V                              ; 2.87e-10 s                  ; 3.09e-10 s                  ; Yes                        ; Yes                        ; 2.32 V                      ; 1.74e-09 V                  ; 2.4 V              ; -0.0195 V          ; 0.196 V                             ; 0.023 V                             ; 2.87e-10 s                 ; 3.09e-10 s                 ; Yes                       ; Yes                       ;
; business8     ; 2.5 V        ; 0 s                 ; 0 s                 ; 2.32 V                       ; 1.74e-09 V                   ; 2.4 V               ; -0.0195 V           ; 0.196 V                              ; 0.023 V                              ; 2.87e-10 s                  ; 3.09e-10 s                  ; Yes                        ; Yes                        ; 2.32 V                      ; 1.74e-09 V                  ; 2.4 V              ; -0.0195 V          ; 0.196 V                             ; 0.023 V                             ; 2.87e-10 s                 ; 3.09e-10 s                 ; Yes                       ; Yes                       ;
; business7     ; 2.5 V        ; 0 s                 ; 0 s                 ; 2.32 V                       ; 1.74e-09 V                   ; 2.4 V               ; -0.0195 V           ; 0.196 V                              ; 0.023 V                              ; 2.87e-10 s                  ; 3.09e-10 s                  ; Yes                        ; Yes                        ; 2.32 V                      ; 1.74e-09 V                  ; 2.4 V              ; -0.0195 V          ; 0.196 V                             ; 0.023 V                             ; 2.87e-10 s                 ; 3.09e-10 s                 ; Yes                       ; Yes                       ;
; business6     ; 2.5 V        ; 0 s                 ; 0 s                 ; 2.32 V                       ; 1.74e-09 V                   ; 2.4 V               ; -0.0195 V           ; 0.196 V                              ; 0.023 V                              ; 2.87e-10 s                  ; 3.09e-10 s                  ; Yes                        ; Yes                        ; 2.32 V                      ; 1.74e-09 V                  ; 2.4 V              ; -0.0195 V          ; 0.196 V                             ; 0.023 V                             ; 2.87e-10 s                 ; 3.09e-10 s                 ; Yes                       ; Yes                       ;
; business5     ; 2.5 V        ; 0 s                 ; 0 s                 ; 2.32 V                       ; 1.74e-09 V                   ; 2.4 V               ; -0.0195 V           ; 0.196 V                              ; 0.023 V                              ; 2.87e-10 s                  ; 3.09e-10 s                  ; Yes                        ; Yes                        ; 2.32 V                      ; 1.74e-09 V                  ; 2.4 V              ; -0.0195 V          ; 0.196 V                             ; 0.023 V                             ; 2.87e-10 s                 ; 3.09e-10 s                 ; Yes                       ; Yes                       ;
; business4     ; 2.5 V        ; 0 s                 ; 0 s                 ; 2.32 V                       ; 1.74e-09 V                   ; 2.4 V               ; -0.0195 V           ; 0.196 V                              ; 0.023 V                              ; 2.87e-10 s                  ; 3.09e-10 s                  ; Yes                        ; Yes                        ; 2.32 V                      ; 1.74e-09 V                  ; 2.4 V              ; -0.0195 V          ; 0.196 V                             ; 0.023 V                             ; 2.87e-10 s                 ; 3.09e-10 s                 ; Yes                       ; Yes                       ;
; business3     ; 2.5 V        ; 0 s                 ; 0 s                 ; 2.32 V                       ; 1.74e-09 V                   ; 2.4 V               ; -0.0195 V           ; 0.196 V                              ; 0.023 V                              ; 2.87e-10 s                  ; 3.09e-10 s                  ; Yes                        ; Yes                        ; 2.32 V                      ; 1.74e-09 V                  ; 2.4 V              ; -0.0195 V          ; 0.196 V                             ; 0.023 V                             ; 2.87e-10 s                 ; 3.09e-10 s                 ; Yes                       ; Yes                       ;
; business2     ; 2.5 V        ; 0 s                 ; 0 s                 ; 2.32 V                       ; 1.74e-09 V                   ; 2.4 V               ; -0.0195 V           ; 0.196 V                              ; 0.023 V                              ; 2.87e-10 s                  ; 3.09e-10 s                  ; Yes                        ; Yes                        ; 2.32 V                      ; 1.74e-09 V                  ; 2.4 V              ; -0.0195 V          ; 0.196 V                             ; 0.023 V                             ; 2.87e-10 s                 ; 3.09e-10 s                 ; Yes                       ; Yes                       ;
; remain7       ; 2.5 V        ; 0 s                 ; 0 s                 ; 2.32 V                       ; 1.4e-09 V                    ; 2.34 V              ; -0.00664 V          ; 0.204 V                              ; 0.106 V                              ; 2.63e-09 s                  ; 2.46e-09 s                  ; No                         ; Yes                        ; 2.32 V                      ; 1.4e-09 V                   ; 2.34 V             ; -0.00664 V         ; 0.204 V                             ; 0.106 V                             ; 2.63e-09 s                 ; 2.46e-09 s                 ; No                        ; Yes                       ;
; remain6       ; 2.5 V        ; 0 s                 ; 0 s                 ; 2.32 V                       ; 1.4e-09 V                    ; 2.39 V              ; -0.0122 V           ; 0.154 V                              ; 0.017 V                              ; 4.74e-10 s                  ; 4.5e-10 s                   ; No                         ; Yes                        ; 2.32 V                      ; 1.4e-09 V                   ; 2.39 V             ; -0.0122 V          ; 0.154 V                             ; 0.017 V                             ; 4.74e-10 s                 ; 4.5e-10 s                  ; No                        ; Yes                       ;
; remain5       ; 2.5 V        ; 0 s                 ; 0 s                 ; 2.32 V                       ; 1.4e-09 V                    ; 2.4 V               ; -0.0306 V           ; 0.178 V                              ; 0.087 V                              ; 2.81e-10 s                  ; 2.95e-10 s                  ; Yes                        ; Yes                        ; 2.32 V                      ; 1.4e-09 V                   ; 2.4 V              ; -0.0306 V          ; 0.178 V                             ; 0.087 V                             ; 2.81e-10 s                 ; 2.95e-10 s                 ; Yes                       ; Yes                       ;
; remain4       ; 2.5 V        ; 0 s                 ; 0 s                 ; 2.32 V                       ; 1.74e-09 V                   ; 2.4 V               ; -0.0195 V           ; 0.196 V                              ; 0.023 V                              ; 2.87e-10 s                  ; 3.09e-10 s                  ; Yes                        ; Yes                        ; 2.32 V                      ; 1.74e-09 V                  ; 2.4 V              ; -0.0195 V          ; 0.196 V                             ; 0.023 V                             ; 2.87e-10 s                 ; 3.09e-10 s                 ; Yes                       ; Yes                       ;
; remain3       ; 2.5 V        ; 0 s                 ; 0 s                 ; 2.32 V                       ; 1.74e-09 V                   ; 2.4 V               ; -0.0195 V           ; 0.196 V                              ; 0.023 V                              ; 2.87e-10 s                  ; 3.09e-10 s                  ; Yes                        ; Yes                        ; 2.32 V                      ; 1.74e-09 V                  ; 2.4 V              ; -0.0195 V          ; 0.196 V                             ; 0.023 V                             ; 2.87e-10 s                 ; 3.09e-10 s                 ; Yes                       ; Yes                       ;
; remain2       ; 2.5 V        ; 0 s                 ; 0 s                 ; 2.32 V                       ; 1.4e-09 V                    ; 2.4 V               ; -0.0306 V           ; 0.178 V                              ; 0.087 V                              ; 2.81e-10 s                  ; 2.95e-10 s                  ; Yes                        ; Yes                        ; 2.32 V                      ; 1.4e-09 V                   ; 2.4 V              ; -0.0306 V          ; 0.178 V                             ; 0.087 V                             ; 2.81e-10 s                 ; 2.95e-10 s                 ; Yes                       ; Yes                       ;
; remain1       ; 2.5 V        ; 0 s                 ; 0 s                 ; 2.32 V                       ; 1.4e-09 V                    ; 2.39 V              ; -0.0122 V           ; 0.154 V                              ; 0.017 V                              ; 4.74e-10 s                  ; 4.5e-10 s                   ; No                         ; Yes                        ; 2.32 V                      ; 1.4e-09 V                   ; 2.39 V             ; -0.0122 V          ; 0.154 V                             ; 0.017 V                             ; 4.74e-10 s                 ; 4.5e-10 s                  ; No                        ; Yes                       ;
; remain0       ; 2.5 V        ; 0 s                 ; 0 s                 ; 2.32 V                       ; 1.4e-09 V                    ; 2.4 V               ; -0.0306 V           ; 0.178 V                              ; 0.087 V                              ; 2.81e-10 s                  ; 2.95e-10 s                  ; Yes                        ; Yes                        ; 2.32 V                      ; 1.4e-09 V                   ; 2.4 V              ; -0.0306 V          ; 0.178 V                             ; 0.087 V                             ; 2.81e-10 s                 ; 2.95e-10 s                 ; Yes                       ; Yes                       ;
; ~ALTERA_DCLK~ ; 2.5 V        ; 0 s                 ; 0 s                 ; 2.32 V                       ; 1.16e-09 V                   ; 2.39 V              ; -0.0798 V           ; 0.13 V                               ; 0.103 V                              ; 2.71e-10 s                  ; 2.5e-10 s                   ; Yes                        ; Yes                        ; 2.32 V                      ; 1.16e-09 V                  ; 2.39 V             ; -0.0798 V          ; 0.13 V                              ; 0.103 V                             ; 2.71e-10 s                 ; 2.5e-10 s                  ; Yes                       ; Yes                       ;
; ~ALTERA_nCEO~ ; 2.5 V        ; 0 s                 ; 0 s                 ; 2.32 V                       ; 1.64e-09 V                   ; 2.39 V              ; -0.00331 V          ; 0.132 V                              ; 0.006 V                              ; 4.59e-10 s                  ; 5.62e-10 s                  ; No                         ; Yes                        ; 2.32 V                      ; 1.64e-09 V                  ; 2.39 V             ; -0.00331 V         ; 0.132 V                             ; 0.006 V                             ; 4.59e-10 s                 ; 5.62e-10 s                 ; No                        ; Yes                       ;
+---------------+--------------+---------------------+---------------------+------------------------------+------------------------------+---------------------+---------------------+--------------------------------------+--------------------------------------+-----------------------------+-----------------------------+----------------------------+----------------------------+-----------------------------+-----------------------------+--------------------+--------------------+-------------------------------------+-------------------------------------+----------------------------+----------------------------+---------------------------+---------------------------+


+--------------------------------------------------------------------------------------------------------------------------------------------------------------------------------------------------------------------------------------------------------------------------------------------------------------------------------------------------------------------------------------------------------------------------------------------------------------------------------------------------------------------------------------------------------------------------------------------------------------------------------------------------------------------------------------------+
; Signal Integrity Metrics (Slow 1200mv 125c Model)                                                                                                                                                                                                                                                                                                                                                                                                                                                                                                                                                                                                                                          ;
+---------------+--------------+---------------------+---------------------+------------------------------+------------------------------+---------------------+---------------------+--------------------------------------+--------------------------------------+-----------------------------+-----------------------------+----------------------------+----------------------------+-----------------------------+-----------------------------+--------------------+--------------------+-------------------------------------+-------------------------------------+----------------------------+----------------------------+---------------------------+---------------------------+
; Pin           ; I/O Standard ; Board Delay on Rise ; Board Delay on Fall ; Steady State Voh at FPGA Pin ; Steady State Vol at FPGA Pin ; Voh Max at FPGA Pin ; Vol Min at FPGA Pin ; Ringback Voltage on Rise at FPGA Pin ; Ringback Voltage on Fall at FPGA Pin ; 10-90 Rise Time at FPGA Pin ; 90-10 Fall Time at FPGA Pin ; Monotonic Rise at FPGA Pin ; Monotonic Fall at FPGA Pin ; Steady State Voh at Far-end ; Steady State Vol at Far-end ; Voh Max at Far-end ; Vol Min at Far-end ; Ringback Voltage on Rise at Far-end ; Ringback Voltage on Fall at Far-end ; 10-90 Rise Time at Far-end ; 90-10 Fall Time at Far-end ; Monotonic Rise at Far-end ; Monotonic Fall at Far-end ;
+---------------+--------------+---------------------+---------------------+------------------------------+------------------------------+---------------------+---------------------+--------------------------------------+--------------------------------------+-----------------------------+-----------------------------+----------------------------+----------------------------+-----------------------------+-----------------------------+--------------------+--------------------+-------------------------------------+-------------------------------------+----------------------------+----------------------------+---------------------------+---------------------------+
; business0     ; 2.5 V        ; 0 s                 ; 0 s                 ; 2.32 V                       ; 2.91e-06 V                   ; 2.33 V              ; -0.00204 V          ; 0.091 V                              ; 0.053 V                              ; 3.77e-09 s                  ; 3.59e-09 s                  ; Yes                        ; Yes                        ; 2.32 V                      ; 2.91e-06 V                  ; 2.33 V             ; -0.00204 V         ; 0.091 V                             ; 0.053 V                             ; 3.77e-09 s                 ; 3.59e-09 s                 ; Yes                       ; Yes                       ;
; business1     ; 2.5 V        ; 0 s                 ; 0 s                 ; 2.32 V                       ; 2.91e-06 V                   ; 2.35 V              ; -0.00923 V          ; 0.127 V                              ; 0.041 V                              ; 4.74e-10 s                  ; 4.81e-10 s                  ; Yes                        ; Yes                        ; 2.32 V                      ; 2.91e-06 V                  ; 2.35 V             ; -0.00923 V         ; 0.127 V                             ; 0.041 V                             ; 4.74e-10 s                 ; 4.81e-10 s                 ; Yes                       ; Yes                       ;
; business15    ; 2.5 V        ; 0 s                 ; 0 s                 ; 2.32 V                       ; 2.91e-06 V                   ; 2.35 V              ; -0.00923 V          ; 0.127 V                              ; 0.041 V                              ; 4.74e-10 s                  ; 4.81e-10 s                  ; Yes                        ; Yes                        ; 2.32 V                      ; 2.91e-06 V                  ; 2.35 V             ; -0.00923 V         ; 0.127 V                             ; 0.041 V                             ; 4.74e-10 s                 ; 4.81e-10 s                 ; Yes                       ; Yes                       ;
; business14    ; 2.5 V        ; 0 s                 ; 0 s                 ; 2.32 V                       ; 2.91e-06 V                   ; 2.35 V              ; -0.00923 V          ; 0.127 V                              ; 0.041 V                              ; 4.74e-10 s                  ; 4.81e-10 s                  ; Yes                        ; Yes                        ; 2.32 V                      ; 2.91e-06 V                  ; 2.35 V             ; -0.00923 V         ; 0.127 V                             ; 0.041 V                             ; 4.74e-10 s                 ; 4.81e-10 s                 ; Yes                       ; Yes                       ;
; business13    ; 2.5 V        ; 0 s                 ; 0 s                 ; 2.32 V                       ; 4.32e-06 V                   ; 2.35 V              ; -0.0124 V           ; 0.057 V                              ; 0.05 V                               ; 4.87e-10 s                  ; 5.02e-10 s                  ; Yes                        ; Yes                        ; 2.32 V                      ; 4.32e-06 V                  ; 2.35 V             ; -0.0124 V          ; 0.057 V                             ; 0.05 V                              ; 4.87e-10 s                 ; 5.02e-10 s                 ; Yes                       ; Yes                       ;
; business12    ; 2.5 V        ; 0 s                 ; 0 s                 ; 2.32 V                       ; 4.32e-06 V                   ; 2.33 V              ; -0.00204 V          ; 0.094 V                              ; 0.055 V                              ; 3.78e-09 s                  ; 3.62e-09 s                  ; Yes                        ; Yes                        ; 2.32 V                      ; 4.32e-06 V                  ; 2.33 V             ; -0.00204 V         ; 0.094 V                             ; 0.055 V                             ; 3.78e-09 s                 ; 3.62e-09 s                 ; Yes                       ; Yes                       ;
; business11    ; 2.5 V        ; 0 s                 ; 0 s                 ; 2.32 V                       ; 4.32e-06 V                   ; 2.33 V              ; -0.00204 V          ; 0.094 V                              ; 0.055 V                              ; 3.78e-09 s                  ; 3.62e-09 s                  ; Yes                        ; Yes                        ; 2.32 V                      ; 4.32e-06 V                  ; 2.33 V             ; -0.00204 V         ; 0.094 V                             ; 0.055 V                             ; 3.78e-09 s                 ; 3.62e-09 s                 ; Yes                       ; Yes                       ;
; business10    ; 2.5 V        ; 0 s                 ; 0 s                 ; 2.32 V                       ; 4.32e-06 V                   ; 2.35 V              ; -0.0124 V           ; 0.057 V                              ; 0.05 V                               ; 4.87e-10 s                  ; 5.02e-10 s                  ; Yes                        ; Yes                        ; 2.32 V                      ; 4.32e-06 V                  ; 2.35 V             ; -0.0124 V          ; 0.057 V                             ; 0.05 V                              ; 4.87e-10 s                 ; 5.02e-10 s                 ; Yes                       ; Yes                       ;
; business9     ; 2.5 V        ; 0 s                 ; 0 s                 ; 2.32 V                       ; 4.32e-06 V                   ; 2.35 V              ; -0.0124 V           ; 0.057 V                              ; 0.05 V                               ; 4.87e-10 s                  ; 5.02e-10 s                  ; Yes                        ; Yes                        ; 2.32 V                      ; 4.32e-06 V                  ; 2.35 V             ; -0.0124 V          ; 0.057 V                             ; 0.05 V                              ; 4.87e-10 s                 ; 5.02e-10 s                 ; Yes                       ; Yes                       ;
; business8     ; 2.5 V        ; 0 s                 ; 0 s                 ; 2.32 V                       ; 4.32e-06 V                   ; 2.35 V              ; -0.0124 V           ; 0.057 V                              ; 0.05 V                               ; 4.87e-10 s                  ; 5.02e-10 s                  ; Yes                        ; Yes                        ; 2.32 V                      ; 4.32e-06 V                  ; 2.35 V             ; -0.0124 V          ; 0.057 V                             ; 0.05 V                              ; 4.87e-10 s                 ; 5.02e-10 s                 ; Yes                       ; Yes                       ;
; business7     ; 2.5 V        ; 0 s                 ; 0 s                 ; 2.32 V                       ; 4.32e-06 V                   ; 2.35 V              ; -0.0124 V           ; 0.057 V                              ; 0.05 V                               ; 4.87e-10 s                  ; 5.02e-10 s                  ; Yes                        ; Yes                        ; 2.32 V                      ; 4.32e-06 V                  ; 2.35 V             ; -0.0124 V          ; 0.057 V                             ; 0.05 V                              ; 4.87e-10 s                 ; 5.02e-10 s                 ; Yes                       ; Yes                       ;
; business6     ; 2.5 V        ; 0 s                 ; 0 s                 ; 2.32 V                       ; 4.32e-06 V                   ; 2.35 V              ; -0.0124 V           ; 0.057 V                              ; 0.05 V                               ; 4.87e-10 s                  ; 5.02e-10 s                  ; Yes                        ; Yes                        ; 2.32 V                      ; 4.32e-06 V                  ; 2.35 V             ; -0.0124 V          ; 0.057 V                             ; 0.05 V                              ; 4.87e-10 s                 ; 5.02e-10 s                 ; Yes                       ; Yes                       ;
; business5     ; 2.5 V        ; 0 s                 ; 0 s                 ; 2.32 V                       ; 4.32e-06 V                   ; 2.35 V              ; -0.0124 V           ; 0.057 V                              ; 0.05 V                               ; 4.87e-10 s                  ; 5.02e-10 s                  ; Yes                        ; Yes                        ; 2.32 V                      ; 4.32e-06 V                  ; 2.35 V             ; -0.0124 V          ; 0.057 V                             ; 0.05 V                              ; 4.87e-10 s                 ; 5.02e-10 s                 ; Yes                       ; Yes                       ;
; business4     ; 2.5 V        ; 0 s                 ; 0 s                 ; 2.32 V                       ; 4.32e-06 V                   ; 2.35 V              ; -0.0124 V           ; 0.057 V                              ; 0.05 V                               ; 4.87e-10 s                  ; 5.02e-10 s                  ; Yes                        ; Yes                        ; 2.32 V                      ; 4.32e-06 V                  ; 2.35 V             ; -0.0124 V          ; 0.057 V                             ; 0.05 V                              ; 4.87e-10 s                 ; 5.02e-10 s                 ; Yes                       ; Yes                       ;
; business3     ; 2.5 V        ; 0 s                 ; 0 s                 ; 2.32 V                       ; 4.32e-06 V                   ; 2.35 V              ; -0.0124 V           ; 0.057 V                              ; 0.05 V                               ; 4.87e-10 s                  ; 5.02e-10 s                  ; Yes                        ; Yes                        ; 2.32 V                      ; 4.32e-06 V                  ; 2.35 V             ; -0.0124 V          ; 0.057 V                             ; 0.05 V                              ; 4.87e-10 s                 ; 5.02e-10 s                 ; Yes                       ; Yes                       ;
; business2     ; 2.5 V        ; 0 s                 ; 0 s                 ; 2.32 V                       ; 4.32e-06 V                   ; 2.35 V              ; -0.0124 V           ; 0.057 V                              ; 0.05 V                               ; 4.87e-10 s                  ; 5.02e-10 s                  ; Yes                        ; Yes                        ; 2.32 V                      ; 4.32e-06 V                  ; 2.35 V             ; -0.0124 V          ; 0.057 V                             ; 0.05 V                              ; 4.87e-10 s                 ; 5.02e-10 s                 ; Yes                       ; Yes                       ;
; remain7       ; 2.5 V        ; 0 s                 ; 0 s                 ; 2.32 V                       ; 2.91e-06 V                   ; 2.33 V              ; -0.00204 V          ; 0.091 V                              ; 0.053 V                              ; 3.77e-09 s                  ; 3.59e-09 s                  ; Yes                        ; Yes                        ; 2.32 V                      ; 2.91e-06 V                  ; 2.33 V             ; -0.00204 V         ; 0.091 V                             ; 0.053 V                             ; 3.77e-09 s                 ; 3.59e-09 s                 ; Yes                       ; Yes                       ;
; remain6       ; 2.5 V        ; 0 s                 ; 0 s                 ; 2.32 V                       ; 2.91e-06 V                   ; 2.34 V              ; -0.0096 V           ; 0.063 V                              ; 0.023 V                              ; 6.92e-10 s                  ; 6.75e-10 s                  ; Yes                        ; Yes                        ; 2.32 V                      ; 2.91e-06 V                  ; 2.34 V             ; -0.0096 V          ; 0.063 V                             ; 0.023 V                             ; 6.92e-10 s                 ; 6.75e-10 s                 ; Yes                       ; Yes                       ;
; remain5       ; 2.5 V        ; 0 s                 ; 0 s                 ; 2.32 V                       ; 2.91e-06 V                   ; 2.35 V              ; -0.00923 V          ; 0.127 V                              ; 0.041 V                              ; 4.74e-10 s                  ; 4.81e-10 s                  ; Yes                        ; Yes                        ; 2.32 V                      ; 2.91e-06 V                  ; 2.35 V             ; -0.00923 V         ; 0.127 V                             ; 0.041 V                             ; 4.74e-10 s                 ; 4.81e-10 s                 ; Yes                       ; Yes                       ;
; remain4       ; 2.5 V        ; 0 s                 ; 0 s                 ; 2.32 V                       ; 4.32e-06 V                   ; 2.35 V              ; -0.0124 V           ; 0.057 V                              ; 0.05 V                               ; 4.87e-10 s                  ; 5.02e-10 s                  ; Yes                        ; Yes                        ; 2.32 V                      ; 4.32e-06 V                  ; 2.35 V             ; -0.0124 V          ; 0.057 V                             ; 0.05 V                              ; 4.87e-10 s                 ; 5.02e-10 s                 ; Yes                       ; Yes                       ;
; remain3       ; 2.5 V        ; 0 s                 ; 0 s                 ; 2.32 V                       ; 4.32e-06 V                   ; 2.35 V              ; -0.0124 V           ; 0.057 V                              ; 0.05 V                               ; 4.87e-10 s                  ; 5.02e-10 s                  ; Yes                        ; Yes                        ; 2.32 V                      ; 4.32e-06 V                  ; 2.35 V             ; -0.0124 V          ; 0.057 V                             ; 0.05 V                              ; 4.87e-10 s                 ; 5.02e-10 s                 ; Yes                       ; Yes                       ;
; remain2       ; 2.5 V        ; 0 s                 ; 0 s                 ; 2.32 V                       ; 2.91e-06 V                   ; 2.35 V              ; -0.00923 V          ; 0.127 V                              ; 0.041 V                              ; 4.74e-10 s                  ; 4.81e-10 s                  ; Yes                        ; Yes                        ; 2.32 V                      ; 2.91e-06 V                  ; 2.35 V             ; -0.00923 V         ; 0.127 V                             ; 0.041 V                             ; 4.74e-10 s                 ; 4.81e-10 s                 ; Yes                       ; Yes                       ;
; remain1       ; 2.5 V        ; 0 s                 ; 0 s                 ; 2.32 V                       ; 2.91e-06 V                   ; 2.34 V              ; -0.0096 V           ; 0.063 V                              ; 0.023 V                              ; 6.92e-10 s                  ; 6.75e-10 s                  ; Yes                        ; Yes                        ; 2.32 V                      ; 2.91e-06 V                  ; 2.34 V             ; -0.0096 V          ; 0.063 V                             ; 0.023 V                             ; 6.92e-10 s                 ; 6.75e-10 s                 ; Yes                       ; Yes                       ;
; remain0       ; 2.5 V        ; 0 s                 ; 0 s                 ; 2.32 V                       ; 2.91e-06 V                   ; 2.35 V              ; -0.00923 V          ; 0.127 V                              ; 0.041 V                              ; 4.74e-10 s                  ; 4.81e-10 s                  ; Yes                        ; Yes                        ; 2.32 V                      ; 2.91e-06 V                  ; 2.35 V             ; -0.00923 V         ; 0.127 V                             ; 0.041 V                             ; 4.74e-10 s                 ; 4.81e-10 s                 ; Yes                       ; Yes                       ;
; ~ALTERA_DCLK~ ; 2.5 V        ; 0 s                 ; 0 s                 ; 2.32 V                       ; 2.33e-06 V                   ; 2.35 V              ; -0.00598 V          ; 0.095 V                              ; 0.012 V                              ; 4.54e-10 s                  ; 3.98e-10 s                  ; Yes                        ; Yes                        ; 2.32 V                      ; 2.33e-06 V                  ; 2.35 V             ; -0.00598 V         ; 0.095 V                             ; 0.012 V                             ; 4.54e-10 s                 ; 3.98e-10 s                 ; Yes                       ; Yes                       ;
; ~ALTERA_nCEO~ ; 2.5 V        ; 0 s                 ; 0 s                 ; 2.32 V                       ; 3.86e-06 V                   ; 2.34 V              ; -0.00776 V          ; 0.107 V                              ; 0.033 V                              ; 6.63e-10 s                  ; 8.55e-10 s                  ; Yes                        ; Yes                        ; 2.32 V                      ; 3.86e-06 V                  ; 2.34 V             ; -0.00776 V         ; 0.107 V                             ; 0.033 V                             ; 6.63e-10 s                 ; 8.55e-10 s                 ; Yes                       ; Yes                       ;
+---------------+--------------+---------------------+---------------------+------------------------------+------------------------------+---------------------+---------------------+--------------------------------------+--------------------------------------+-----------------------------+-----------------------------+----------------------------+----------------------------+-----------------------------+-----------------------------+--------------------+--------------------+-------------------------------------+-------------------------------------+----------------------------+----------------------------+---------------------------+---------------------------+


+--------------------------------------------------------------------------------------------------------------------------------------------------------------------------------------------------------------------------------------------------------------------------------------------------------------------------------------------------------------------------------------------------------------------------------------------------------------------------------------------------------------------------------------------------------------------------------------------------------------------------------------------------------------------------------------------+
; Signal Integrity Metrics (Fast 1200mv n40c Model)                                                                                                                                                                                                                                                                                                                                                                                                                                                                                                                                                                                                                                          ;
+---------------+--------------+---------------------+---------------------+------------------------------+------------------------------+---------------------+---------------------+--------------------------------------+--------------------------------------+-----------------------------+-----------------------------+----------------------------+----------------------------+-----------------------------+-----------------------------+--------------------+--------------------+-------------------------------------+-------------------------------------+----------------------------+----------------------------+---------------------------+---------------------------+
; Pin           ; I/O Standard ; Board Delay on Rise ; Board Delay on Fall ; Steady State Voh at FPGA Pin ; Steady State Vol at FPGA Pin ; Voh Max at FPGA Pin ; Vol Min at FPGA Pin ; Ringback Voltage on Rise at FPGA Pin ; Ringback Voltage on Fall at FPGA Pin ; 10-90 Rise Time at FPGA Pin ; 90-10 Fall Time at FPGA Pin ; Monotonic Rise at FPGA Pin ; Monotonic Fall at FPGA Pin ; Steady State Voh at Far-end ; Steady State Vol at Far-end ; Voh Max at Far-end ; Vol Min at Far-end ; Ringback Voltage on Rise at Far-end ; Ringback Voltage on Fall at Far-end ; 10-90 Rise Time at Far-end ; 90-10 Fall Time at Far-end ; Monotonic Rise at Far-end ; Monotonic Fall at Far-end ;
+---------------+--------------+---------------------+---------------------+------------------------------+------------------------------+---------------------+---------------------+--------------------------------------+--------------------------------------+-----------------------------+-----------------------------+----------------------------+----------------------------+-----------------------------+-----------------------------+--------------------+--------------------+-------------------------------------+-------------------------------------+----------------------------+----------------------------+---------------------------+---------------------------+
; business0     ; 2.5 V        ; 0 s                 ; 0 s                 ; 2.62 V                       ; 2.24e-09 V                   ; 2.65 V              ; -0.0149 V           ; 0.207 V                              ; 0.176 V                              ; 2.15e-09 s                  ; 2.03e-09 s                  ; No                         ; Yes                        ; 2.62 V                      ; 2.24e-09 V                  ; 2.65 V             ; -0.0149 V          ; 0.207 V                             ; 0.176 V                             ; 2.15e-09 s                 ; 2.03e-09 s                 ; No                        ; Yes                       ;
; business1     ; 2.5 V        ; 0 s                 ; 0 s                 ; 2.62 V                       ; 2.24e-09 V                   ; 2.76 V              ; -0.0537 V           ; 0.17 V                               ; 0.079 V                              ; 2.61e-10 s                  ; 2.39e-10 s                  ; No                         ; Yes                        ; 2.62 V                      ; 2.24e-09 V                  ; 2.76 V             ; -0.0537 V          ; 0.17 V                              ; 0.079 V                             ; 2.61e-10 s                 ; 2.39e-10 s                 ; No                        ; Yes                       ;
; business15    ; 2.5 V        ; 0 s                 ; 0 s                 ; 2.62 V                       ; 2.24e-09 V                   ; 2.76 V              ; -0.0537 V           ; 0.17 V                               ; 0.079 V                              ; 2.61e-10 s                  ; 2.39e-10 s                  ; No                         ; Yes                        ; 2.62 V                      ; 2.24e-09 V                  ; 2.76 V             ; -0.0537 V          ; 0.17 V                              ; 0.079 V                             ; 2.61e-10 s                 ; 2.39e-10 s                 ; No                        ; Yes                       ;
; business14    ; 2.5 V        ; 0 s                 ; 0 s                 ; 2.62 V                       ; 2.24e-09 V                   ; 2.76 V              ; -0.0537 V           ; 0.17 V                               ; 0.079 V                              ; 2.61e-10 s                  ; 2.39e-10 s                  ; No                         ; Yes                        ; 2.62 V                      ; 2.24e-09 V                  ; 2.76 V             ; -0.0537 V          ; 0.17 V                              ; 0.079 V                             ; 2.61e-10 s                 ; 2.39e-10 s                 ; No                        ; Yes                       ;
; business13    ; 2.5 V        ; 0 s                 ; 0 s                 ; 2.62 V                       ; 3.18e-09 V                   ; 2.74 V              ; -0.0527 V           ; 0.162 V                              ; 0.083 V                              ; 2.61e-10 s                  ; 2.44e-10 s                  ; Yes                        ; Yes                        ; 2.62 V                      ; 3.18e-09 V                  ; 2.74 V             ; -0.0527 V          ; 0.162 V                             ; 0.083 V                             ; 2.61e-10 s                 ; 2.44e-10 s                 ; Yes                       ; Yes                       ;
; business12    ; 2.5 V        ; 0 s                 ; 0 s                 ; 2.62 V                       ; 3.18e-09 V                   ; 2.65 V              ; -0.0147 V           ; 0.207 V                              ; 0.176 V                              ; 2.16e-09 s                  ; 2.03e-09 s                  ; No                         ; Yes                        ; 2.62 V                      ; 3.18e-09 V                  ; 2.65 V             ; -0.0147 V          ; 0.207 V                             ; 0.176 V                             ; 2.16e-09 s                 ; 2.03e-09 s                 ; No                        ; Yes                       ;
; business11    ; 2.5 V        ; 0 s                 ; 0 s                 ; 2.62 V                       ; 3.18e-09 V                   ; 2.65 V              ; -0.0147 V           ; 0.207 V                              ; 0.176 V                              ; 2.16e-09 s                  ; 2.03e-09 s                  ; No                         ; Yes                        ; 2.62 V                      ; 3.18e-09 V                  ; 2.65 V             ; -0.0147 V          ; 0.207 V                             ; 0.176 V                             ; 2.16e-09 s                 ; 2.03e-09 s                 ; No                        ; Yes                       ;
; business10    ; 2.5 V        ; 0 s                 ; 0 s                 ; 2.62 V                       ; 3.18e-09 V                   ; 2.74 V              ; -0.0527 V           ; 0.162 V                              ; 0.083 V                              ; 2.61e-10 s                  ; 2.44e-10 s                  ; Yes                        ; Yes                        ; 2.62 V                      ; 3.18e-09 V                  ; 2.74 V             ; -0.0527 V          ; 0.162 V                             ; 0.083 V                             ; 2.61e-10 s                 ; 2.44e-10 s                 ; Yes                       ; Yes                       ;
; business9     ; 2.5 V        ; 0 s                 ; 0 s                 ; 2.62 V                       ; 3.18e-09 V                   ; 2.74 V              ; -0.0527 V           ; 0.162 V                              ; 0.083 V                              ; 2.61e-10 s                  ; 2.44e-10 s                  ; Yes                        ; Yes                        ; 2.62 V                      ; 3.18e-09 V                  ; 2.74 V             ; -0.0527 V          ; 0.162 V                             ; 0.083 V                             ; 2.61e-10 s                 ; 2.44e-10 s                 ; Yes                       ; Yes                       ;
; business8     ; 2.5 V        ; 0 s                 ; 0 s                 ; 2.62 V                       ; 3.18e-09 V                   ; 2.74 V              ; -0.0527 V           ; 0.162 V                              ; 0.083 V                              ; 2.61e-10 s                  ; 2.44e-10 s                  ; Yes                        ; Yes                        ; 2.62 V                      ; 3.18e-09 V                  ; 2.74 V             ; -0.0527 V          ; 0.162 V                             ; 0.083 V                             ; 2.61e-10 s                 ; 2.44e-10 s                 ; Yes                       ; Yes                       ;
; business7     ; 2.5 V        ; 0 s                 ; 0 s                 ; 2.62 V                       ; 3.18e-09 V                   ; 2.74 V              ; -0.0527 V           ; 0.162 V                              ; 0.083 V                              ; 2.61e-10 s                  ; 2.44e-10 s                  ; Yes                        ; Yes                        ; 2.62 V                      ; 3.18e-09 V                  ; 2.74 V             ; -0.0527 V          ; 0.162 V                             ; 0.083 V                             ; 2.61e-10 s                 ; 2.44e-10 s                 ; Yes                       ; Yes                       ;
; business6     ; 2.5 V        ; 0 s                 ; 0 s                 ; 2.62 V                       ; 3.18e-09 V                   ; 2.74 V              ; -0.0527 V           ; 0.162 V                              ; 0.083 V                              ; 2.61e-10 s                  ; 2.44e-10 s                  ; Yes                        ; Yes                        ; 2.62 V                      ; 3.18e-09 V                  ; 2.74 V             ; -0.0527 V          ; 0.162 V                             ; 0.083 V                             ; 2.61e-10 s                 ; 2.44e-10 s                 ; Yes                       ; Yes                       ;
; business5     ; 2.5 V        ; 0 s                 ; 0 s                 ; 2.62 V                       ; 3.18e-09 V                   ; 2.74 V              ; -0.0527 V           ; 0.162 V                              ; 0.083 V                              ; 2.61e-10 s                  ; 2.44e-10 s                  ; Yes                        ; Yes                        ; 2.62 V                      ; 3.18e-09 V                  ; 2.74 V             ; -0.0527 V          ; 0.162 V                             ; 0.083 V                             ; 2.61e-10 s                 ; 2.44e-10 s                 ; Yes                       ; Yes                       ;
; business4     ; 2.5 V        ; 0 s                 ; 0 s                 ; 2.62 V                       ; 3.18e-09 V                   ; 2.74 V              ; -0.0527 V           ; 0.162 V                              ; 0.083 V                              ; 2.61e-10 s                  ; 2.44e-10 s                  ; Yes                        ; Yes                        ; 2.62 V                      ; 3.18e-09 V                  ; 2.74 V             ; -0.0527 V          ; 0.162 V                             ; 0.083 V                             ; 2.61e-10 s                 ; 2.44e-10 s                 ; Yes                       ; Yes                       ;
; business3     ; 2.5 V        ; 0 s                 ; 0 s                 ; 2.62 V                       ; 3.18e-09 V                   ; 2.74 V              ; -0.0527 V           ; 0.162 V                              ; 0.083 V                              ; 2.61e-10 s                  ; 2.44e-10 s                  ; Yes                        ; Yes                        ; 2.62 V                      ; 3.18e-09 V                  ; 2.74 V             ; -0.0527 V          ; 0.162 V                             ; 0.083 V                             ; 2.61e-10 s                 ; 2.44e-10 s                 ; Yes                       ; Yes                       ;
; business2     ; 2.5 V        ; 0 s                 ; 0 s                 ; 2.62 V                       ; 3.18e-09 V                   ; 2.74 V              ; -0.0527 V           ; 0.162 V                              ; 0.083 V                              ; 2.61e-10 s                  ; 2.44e-10 s                  ; Yes                        ; Yes                        ; 2.62 V                      ; 3.18e-09 V                  ; 2.74 V             ; -0.0527 V          ; 0.162 V                             ; 0.083 V                             ; 2.61e-10 s                 ; 2.44e-10 s                 ; Yes                       ; Yes                       ;
; remain7       ; 2.5 V        ; 0 s                 ; 0 s                 ; 2.62 V                       ; 2.24e-09 V                   ; 2.65 V              ; -0.0149 V           ; 0.207 V                              ; 0.176 V                              ; 2.15e-09 s                  ; 2.03e-09 s                  ; No                         ; Yes                        ; 2.62 V                      ; 2.24e-09 V                  ; 2.65 V             ; -0.0149 V          ; 0.207 V                             ; 0.176 V                             ; 2.15e-09 s                 ; 2.03e-09 s                 ; No                        ; Yes                       ;
; remain6       ; 2.5 V        ; 0 s                 ; 0 s                 ; 2.62 V                       ; 2.24e-09 V                   ; 2.74 V              ; -0.0529 V           ; 0.285 V                              ; 0.071 V                              ; 2.99e-10 s                  ; 3.3e-10 s                   ; No                         ; Yes                        ; 2.62 V                      ; 2.24e-09 V                  ; 2.74 V             ; -0.0529 V          ; 0.285 V                             ; 0.071 V                             ; 2.99e-10 s                 ; 3.3e-10 s                  ; No                        ; Yes                       ;
; remain5       ; 2.5 V        ; 0 s                 ; 0 s                 ; 2.62 V                       ; 2.24e-09 V                   ; 2.76 V              ; -0.0537 V           ; 0.17 V                               ; 0.079 V                              ; 2.61e-10 s                  ; 2.39e-10 s                  ; No                         ; Yes                        ; 2.62 V                      ; 2.24e-09 V                  ; 2.76 V             ; -0.0537 V          ; 0.17 V                              ; 0.079 V                             ; 2.61e-10 s                 ; 2.39e-10 s                 ; No                        ; Yes                       ;
; remain4       ; 2.5 V        ; 0 s                 ; 0 s                 ; 2.62 V                       ; 3.18e-09 V                   ; 2.74 V              ; -0.0527 V           ; 0.162 V                              ; 0.083 V                              ; 2.61e-10 s                  ; 2.44e-10 s                  ; Yes                        ; Yes                        ; 2.62 V                      ; 3.18e-09 V                  ; 2.74 V             ; -0.0527 V          ; 0.162 V                             ; 0.083 V                             ; 2.61e-10 s                 ; 2.44e-10 s                 ; Yes                       ; Yes                       ;
; remain3       ; 2.5 V        ; 0 s                 ; 0 s                 ; 2.62 V                       ; 3.18e-09 V                   ; 2.74 V              ; -0.0527 V           ; 0.162 V                              ; 0.083 V                              ; 2.61e-10 s                  ; 2.44e-10 s                  ; Yes                        ; Yes                        ; 2.62 V                      ; 3.18e-09 V                  ; 2.74 V             ; -0.0527 V          ; 0.162 V                             ; 0.083 V                             ; 2.61e-10 s                 ; 2.44e-10 s                 ; Yes                       ; Yes                       ;
; remain2       ; 2.5 V        ; 0 s                 ; 0 s                 ; 2.62 V                       ; 2.24e-09 V                   ; 2.76 V              ; -0.0537 V           ; 0.17 V                               ; 0.079 V                              ; 2.61e-10 s                  ; 2.39e-10 s                  ; No                         ; Yes                        ; 2.62 V                      ; 2.24e-09 V                  ; 2.76 V             ; -0.0537 V          ; 0.17 V                              ; 0.079 V                             ; 2.61e-10 s                 ; 2.39e-10 s                 ; No                        ; Yes                       ;
; remain1       ; 2.5 V        ; 0 s                 ; 0 s                 ; 2.62 V                       ; 2.24e-09 V                   ; 2.74 V              ; -0.0529 V           ; 0.285 V                              ; 0.071 V                              ; 2.99e-10 s                  ; 3.3e-10 s                   ; No                         ; Yes                        ; 2.62 V                      ; 2.24e-09 V                  ; 2.74 V             ; -0.0529 V          ; 0.285 V                             ; 0.071 V                             ; 2.99e-10 s                 ; 3.3e-10 s                  ; No                        ; Yes                       ;
; remain0       ; 2.5 V        ; 0 s                 ; 0 s                 ; 2.62 V                       ; 2.24e-09 V                   ; 2.76 V              ; -0.0537 V           ; 0.17 V                               ; 0.079 V                              ; 2.61e-10 s                  ; 2.39e-10 s                  ; No                         ; Yes                        ; 2.62 V                      ; 2.24e-09 V                  ; 2.76 V             ; -0.0537 V          ; 0.17 V                              ; 0.079 V                             ; 2.61e-10 s                 ; 2.39e-10 s                 ; No                        ; Yes                       ;
; ~ALTERA_DCLK~ ; 2.5 V        ; 0 s                 ; 0 s                 ; 2.62 V                       ; 1.87e-09 V                   ; 2.79 V              ; -0.0524 V           ; 0.19 V                               ; 0.066 V                              ; 2.63e-10 s                  ; 1.96e-10 s                  ; No                         ; Yes                        ; 2.62 V                      ; 1.87e-09 V                  ; 2.79 V             ; -0.0524 V          ; 0.19 V                              ; 0.066 V                             ; 2.63e-10 s                 ; 1.96e-10 s                 ; No                        ; Yes                       ;
; ~ALTERA_nCEO~ ; 2.5 V        ; 0 s                 ; 0 s                 ; 2.62 V                       ; 2.91e-09 V                   ; 2.73 V              ; -0.0159 V           ; 0.231 V                              ; 0.026 V                              ; 2.89e-10 s                  ; 4.54e-10 s                  ; Yes                        ; Yes                        ; 2.62 V                      ; 2.91e-09 V                  ; 2.73 V             ; -0.0159 V          ; 0.231 V                             ; 0.026 V                             ; 2.89e-10 s                 ; 4.54e-10 s                 ; Yes                       ; Yes                       ;
+---------------+--------------+---------------------+---------------------+------------------------------+------------------------------+---------------------+---------------------+--------------------------------------+--------------------------------------+-----------------------------+-----------------------------+----------------------------+----------------------------+-----------------------------+-----------------------------+--------------------+--------------------+-------------------------------------+-------------------------------------+----------------------------+----------------------------+---------------------------+---------------------------+


-------------------
; Clock Transfers ;
-------------------
Nothing to report.


---------------
; Report TCCS ;
---------------
No dedicated SERDES Transmitter circuitry present in device or used in design


---------------
; Report RSKM ;
---------------
No dedicated SERDES Receiver circuitry present in device or used in design


+------------------------------------------------+
; Unconstrained Paths                            ;
+---------------------------------+-------+------+
; Property                        ; Setup ; Hold ;
+---------------------------------+-------+------+
; Illegal Clocks                  ; 0     ; 0    ;
; Unconstrained Clocks            ; 0     ; 0    ;
; Unconstrained Input Ports       ; 24    ; 24   ;
; Unconstrained Input Port Paths  ; 456   ; 456  ;
; Unconstrained Output Ports      ; 24    ; 24   ;
; Unconstrained Output Port Paths ; 456   ; 456  ;
+---------------------------------+-------+------+


+------------------------------------+
; TimeQuest Timing Analyzer Messages ;
+------------------------------------+
Info: *******************************************************************
Info: Running Quartus II 64-Bit TimeQuest Timing Analyzer
    Info: Version 13.0.1 Build 232 06/12/2013 Service Pack 1 SJ Full Version
    Info: Processing started: Sun Nov 24 17:26:06 2024
Info: Command: quartus_sta chufa -c chufa
Info: qsta_default_script.tcl version: #1
Info (11104): Parallel Compilation has detected 20 hyper-threaded processors. However, the extra hyper-threaded processors will not be used by default. Parallel Compilation will use 14 of the 14 physical processors detected instead.
Info (21077): Low junction temperature is -40 degrees C
Info (21077): High junction temperature is 125 degrees C
Critical Warning (332012): Synopsys Design Constraints File file not found: 'chufa.sdc'. A Synopsys Design Constraints File is required by the TimeQuest Timing Analyzer to get proper timing constraints. Without it, the Compiler will not properly optimize the design.
Info (332142): No user constrained base clocks found in the design. Calling "derive_clocks -period 1.0"
Info (332096): The command derive_clocks did not find any clocks to derive.  No clocks were created or changed.
Warning (332068): No clocks defined in design.
Info (332143): No user constrained clock uncertainty found in the design. Calling "derive_clock_uncertainty"
Info (332154): The derive_clock_uncertainty command did not apply clock uncertainty to any clock-to-clock transfers.
Info: Found TIMEQUEST_REPORT_SCRIPT_INCLUDE_DEFAULT_ANALYSIS = ON
Info (332159): No clocks to report
Info: Analyzing Slow 1200mV 125C Model
Info (332140): No fmax paths to report
Info (332140): No Setup paths to report
Info (332140): No Hold paths to report
Info (332140): No Recovery paths to report
Info (332140): No Removal paths to report
Info (332140): No Minimum Pulse Width paths to report
Info: Analyzing Slow 1200mV -40C Model
Info (334003): Started post-fitting delay annotation
Info (334004): Delay annotation completed successfully
Info (332142): No user constrained base clocks found in the design. Calling "derive_clocks -period 1.0"
Info (332096): The command derive_clocks did not find any clocks to derive.  No clocks were created or changed.
Warning (332068): No clocks defined in design.
Info (332154): The derive_clock_uncertainty command did not apply clock uncertainty to any clock-to-clock transfers.
Info (332140): No fmax paths to report
Info (332140): No Setup paths to report
Info (332140): No Hold paths to report
Info (332140): No Recovery paths to report
Info (332140): No Removal paths to report
Info (332140): No Minimum Pulse Width paths to report
Info: Analyzing Fast 1200mV -40C Model
Info (332142): No user constrained base clocks found in the design. Calling "derive_clocks -period 1.0"
Info (332096): The command derive_clocks did not find any clocks to derive.  No clocks were created or changed.
Warning (332068): No clocks defined in design.
Info (332154): The derive_clock_uncertainty command did not apply clock uncertainty to any clock-to-clock transfers.
Info (332140): No Setup paths to report
Info (332140): No Hold paths to report
Info (332140): No Recovery paths to report
Info (332140): No Removal paths to report
Info (332140): No Minimum Pulse Width paths to report
Info (332102): Design is not fully constrained for setup requirements
Info (332102): Design is not fully constrained for hold requirements
Info: Quartus II 64-Bit TimeQuest Timing Analyzer was successful. 0 errors, 4 warnings
    Info: Peak virtual memory: 4709 megabytes
    Info: Processing ended: Sun Nov 24 17:26:09 2024
    Info: Elapsed time: 00:00:03
    Info: Total CPU time (on all processors): 00:00:01


