TimeQuest Timing Analyzer report for chufa
Tue Nov 19 12:00:23 2024
Quartus II 64-Bit Version 13.0.1 Build 232 06/12/2013 Service Pack 1 SJ Full Version


---------------------
; Table of Contents ;
---------------------
  1. Legal Notice
  2. TimeQuest Timing Analyzer Summary
  3. Parallel Compilation
  4. Clocks
  5. Slow 1200mV 125C Model Fmax Summary
  6. Timing Closure Recommendations
  7. Slow 1200mV 125C Model Setup Summary
  8. Slow 1200mV 125C Model Hold Summary
  9. Slow 1200mV 125C Model Recovery Summary
 10. Slow 1200mV 125C Model Removal Summary
 11. Slow 1200mV 125C Model Minimum Pulse Width Summary
 12. Propagation Delay
 13. Minimum Propagation Delay
 14. Slow 1200mV 125C Model Metastability Report
 15. Slow 1200mV -40C Model Fmax Summary
 16. Slow 1200mV -40C Model Setup Summary
 17. Slow 1200mV -40C Model Hold Summary
 18. Slow 1200mV -40C Model Recovery Summary
 19. Slow 1200mV -40C Model Removal Summary
 20. Slow 1200mV -40C Model Minimum Pulse Width Summary
 21. Propagation Delay
 22. Minimum Propagation Delay
 23. Slow 1200mV -40C Model Metastability Report
 24. Fast 1200mV -40C Model Setup Summary
 25. Fast 1200mV -40C Model Hold Summary
 26. Fast 1200mV -40C Model Recovery Summary
 27. Fast 1200mV -40C Model Removal Summary
 28. Fast 1200mV -40C Model Minimum Pulse Width Summary
 29. Propagation Delay
 30. Minimum Propagation Delay
 31. Fast 1200mV -40C Model Metastability Report
 32. Multicorner Timing Analysis Summary
 33. Progagation Delay
 34. Minimum Progagation Delay
 35. Board Trace Model Assignments
 36. Input Transition Times
 37. Signal Integrity Metrics (Slow 1200mv n40c Model)
 38. Signal Integrity Metrics (Slow 1200mv 125c Model)
 39. Signal Integrity Metrics (Fast 1200mv n40c Model)
 40. Clock Transfers
 41. Report TCCS
 42. Report RSKM
 43. Unconstrained Paths
 44. TimeQuest Timing Analyzer Messages



----------------
; Legal Notice ;
----------------
Copyright (C) 1991-2013 Altera Corporation
Your use of Altera Corporation's design tools, logic functions 
and other software and tools, and its AMPP partner logic 
functions, and any output files from any of the foregoing 
(including device programming or simulation files), and any 
associated documentation or information are expressly subject 
to the terms and conditions of the Altera Program License 
Subscription Agreement, Altera MegaCore Function License 
Agreement, or other applicable license agreement, including, 
without limitation, that your use is for the sole purpose of 
programming logic devices manufactured by Altera and sold by 
Altera or its authorized distributors.  Please refer to the 
applicable agreement for further details.



+-----------------------------------------------------------------------------------------+
; TimeQuest Timing Analyzer Summary                                                       ;
+--------------------+--------------------------------------------------------------------+
; Quartus II Version ; Version 13.0.1 Build 232 06/12/2013 Service Pack 1 SJ Full Version ;
; Revision Name      ; chufa                                                              ;
; Device Family      ; Cyclone IV E                                                       ;
; Device Name        ; EP4CE6E22A7                                                        ;
; Timing Models      ; Final                                                              ;
; Delay Model        ; Combined                                                           ;
; Rise/Fall Delays   ; Enabled                                                            ;
+--------------------+--------------------------------------------------------------------+


+------------------------------------------+
; Parallel Compilation                     ;
+----------------------------+-------------+
; Processors                 ; Number      ;
+----------------------------+-------------+
; Number detected on machine ; 16          ;
; Maximum allowed            ; 10          ;
;                            ;             ;
; Average used               ; 1.00        ;
; Maximum used               ; 10          ;
;                            ;             ;
; Usage by Processor         ; % Time Used ;
;     Processor 1            ; 100.0%      ;
;     Processors 2-10        ; < 0.1%      ;
;     Processors 11-16       ;   0.0%      ;
+----------------------------+-------------+


----------
; Clocks ;
----------
No clocks to report.


---------------------------------------
; Slow 1200mV 125C Model Fmax Summary ;
---------------------------------------
No paths to report.


----------------------------------
; Timing Closure Recommendations ;
----------------------------------
HTML report is unavailable in plain text report export.


----------------------------------------
; Slow 1200mV 125C Model Setup Summary ;
----------------------------------------
No paths to report.


---------------------------------------
; Slow 1200mV 125C Model Hold Summary ;
---------------------------------------
No paths to report.


-------------------------------------------
; Slow 1200mV 125C Model Recovery Summary ;
-------------------------------------------
No paths to report.


------------------------------------------
; Slow 1200mV 125C Model Removal Summary ;
------------------------------------------
No paths to report.


------------------------------------------------------
; Slow 1200mV 125C Model Minimum Pulse Width Summary ;
------------------------------------------------------
No paths to report.


+---------------------------------------------------------------+
; Propagation Delay                                             ;
+-------------+-------------+--------+--------+--------+--------+
; Input Port  ; Output Port ; RR     ; RF     ; FR     ; FF     ;
+-------------+-------------+--------+--------+--------+--------+
; denom0      ; business0   ; 55.194 ; 55.022 ; 55.681 ; 55.509 ;
; denom0      ; business1   ; 52.356 ; 52.191 ; 52.843 ; 52.678 ;
; denom0      ; business2   ; 48.434 ; 48.073 ; 48.921 ; 48.560 ;
; denom0      ; business3   ; 44.517 ; 44.559 ; 45.004 ; 45.046 ;
; denom0      ; business4   ; 40.417 ; 40.396 ; 40.904 ; 40.883 ;
; denom0      ; business5   ; 36.403 ; 36.212 ; 36.890 ; 36.699 ;
; denom0      ; business6   ; 32.795 ; 32.662 ; 33.282 ; 33.149 ;
; denom0      ; business7   ; 31.445 ; 31.257 ; 31.932 ; 31.744 ;
; denom0      ; business8   ; 25.984 ; 26.067 ; 26.471 ; 26.554 ;
; denom0      ; business9   ; 23.919 ; 24.026 ; 24.406 ; 24.513 ;
; denom0      ; business10  ; 22.195 ; 22.203 ; 22.682 ; 22.690 ;
; denom0      ; business11  ; 17.899 ; 17.767 ; 18.386 ; 18.254 ;
; denom0      ; business12  ; 14.684 ; 14.978 ; 15.132 ; 15.465 ;
; denom0      ; business13  ; 11.802 ; 11.907 ; 12.294 ; 12.353 ;
; denom0      ; business14  ;        ; 9.860  ; 10.246 ;        ;
; denom0      ; business15  ;        ; 8.750  ; 9.070  ;        ;
; denom0      ; pin_name2   ; 55.711 ; 55.579 ; 56.198 ; 56.066 ;
; denom0      ; remain0     ; 54.796 ; 54.771 ; 55.283 ; 55.258 ;
; denom0      ; remain1     ; 54.661 ; 54.567 ; 55.148 ; 55.054 ;
; denom0      ; remain2     ; 54.452 ; 54.409 ; 54.939 ; 54.896 ;
; denom0      ; remain3     ; 54.366 ; 54.298 ; 54.853 ; 54.785 ;
; denom0      ; remain4     ; 54.764 ; 54.690 ; 55.251 ; 55.177 ;
; denom0      ; remain5     ; 54.481 ; 54.453 ; 54.968 ; 54.940 ;
; denom0      ; remain6     ; 54.866 ; 54.743 ; 55.353 ; 55.230 ;
; denom0      ; remain7     ; 54.398 ; 54.363 ; 54.885 ; 54.850 ;
; denom1      ; business0   ; 55.287 ; 55.115 ; 55.739 ; 55.567 ;
; denom1      ; business1   ; 52.449 ; 52.284 ; 52.901 ; 52.736 ;
; denom1      ; business2   ; 48.527 ; 48.166 ; 48.979 ; 48.618 ;
; denom1      ; business3   ; 44.610 ; 44.652 ; 45.062 ; 45.104 ;
; denom1      ; business4   ; 40.510 ; 40.489 ; 40.962 ; 40.941 ;
; denom1      ; business5   ; 36.496 ; 36.305 ; 36.948 ; 36.757 ;
; denom1      ; business6   ; 32.888 ; 32.755 ; 33.340 ; 33.207 ;
; denom1      ; business7   ; 31.538 ; 31.350 ; 31.990 ; 31.802 ;
; denom1      ; business8   ; 26.077 ; 26.160 ; 26.529 ; 26.612 ;
; denom1      ; business9   ; 24.012 ; 24.119 ; 24.464 ; 24.571 ;
; denom1      ; business10  ; 22.288 ; 22.296 ; 22.740 ; 22.748 ;
; denom1      ; business11  ; 17.992 ; 17.860 ; 18.444 ; 18.312 ;
; denom1      ; business12  ; 14.738 ; 15.071 ; 15.190 ; 15.523 ;
; denom1      ; business13  ; 11.900 ; 11.948 ; 12.352 ; 12.393 ;
; denom1      ; business14  ;        ; 9.901  ; 10.286 ;        ;
; denom1      ; business15  ;        ; 8.972  ; 9.311  ;        ;
; denom1      ; pin_name2   ; 55.804 ; 55.672 ; 56.256 ; 56.124 ;
; denom1      ; remain0     ; 54.889 ; 54.864 ; 55.341 ; 55.316 ;
; denom1      ; remain1     ; 54.754 ; 54.660 ; 55.206 ; 55.112 ;
; denom1      ; remain2     ; 54.545 ; 54.502 ; 54.997 ; 54.954 ;
; denom1      ; remain3     ; 54.459 ; 54.391 ; 54.911 ; 54.843 ;
; denom1      ; remain4     ; 54.857 ; 54.783 ; 55.309 ; 55.235 ;
; denom1      ; remain5     ; 54.574 ; 54.546 ; 55.026 ; 54.998 ;
; denom1      ; remain6     ; 54.959 ; 54.836 ; 55.411 ; 55.288 ;
; denom1      ; remain7     ; 54.491 ; 54.456 ; 54.943 ; 54.908 ;
; denom2      ; business0   ; 55.539 ; 55.367 ; 55.850 ; 55.678 ;
; denom2      ; business1   ; 52.701 ; 52.536 ; 53.012 ; 52.847 ;
; denom2      ; business2   ; 48.779 ; 48.418 ; 49.090 ; 48.729 ;
; denom2      ; business3   ; 44.862 ; 44.904 ; 45.173 ; 45.215 ;
; denom2      ; business4   ; 40.762 ; 40.741 ; 41.073 ; 41.052 ;
; denom2      ; business5   ; 36.748 ; 36.557 ; 37.059 ; 36.868 ;
; denom2      ; business6   ; 33.140 ; 33.007 ; 33.451 ; 33.318 ;
; denom2      ; business7   ; 31.790 ; 31.602 ; 32.101 ; 31.913 ;
; denom2      ; business8   ; 26.329 ; 26.412 ; 26.640 ; 26.723 ;
; denom2      ; business9   ; 24.264 ; 24.371 ; 24.575 ; 24.682 ;
; denom2      ; business10  ; 22.540 ; 22.548 ; 22.851 ; 22.859 ;
; denom2      ; business11  ; 18.244 ; 18.112 ; 18.555 ; 18.423 ;
; denom2      ; business12  ; 14.990 ; 15.323 ; 15.340 ; 15.634 ;
; denom2      ; business13  ; 12.152 ; 12.142 ; 12.412 ; 12.563 ;
; denom2      ; business14  ;        ; 9.104  ; 9.367  ;        ;
; denom2      ; business15  ;        ; 9.596  ; 9.874  ;        ;
; denom2      ; pin_name2   ; 56.056 ; 55.924 ; 56.367 ; 56.235 ;
; denom2      ; remain0     ; 55.141 ; 55.116 ; 55.452 ; 55.427 ;
; denom2      ; remain1     ; 55.006 ; 54.912 ; 55.317 ; 55.223 ;
; denom2      ; remain2     ; 54.797 ; 54.754 ; 55.108 ; 55.065 ;
; denom2      ; remain3     ; 54.711 ; 54.643 ; 55.022 ; 54.954 ;
; denom2      ; remain4     ; 55.109 ; 55.035 ; 55.420 ; 55.346 ;
; denom2      ; remain5     ; 54.826 ; 54.798 ; 55.137 ; 55.109 ;
; denom2      ; remain6     ; 55.211 ; 55.088 ; 55.522 ; 55.399 ;
; denom2      ; remain7     ; 54.743 ; 54.708 ; 55.054 ; 55.019 ;
; denom3      ; business0   ; 56.006 ; 55.834 ; 56.304 ; 56.132 ;
; denom3      ; business1   ; 53.168 ; 53.003 ; 53.466 ; 53.301 ;
; denom3      ; business2   ; 49.246 ; 48.885 ; 49.544 ; 49.183 ;
; denom3      ; business3   ; 45.329 ; 45.371 ; 45.627 ; 45.669 ;
; denom3      ; business4   ; 41.229 ; 41.208 ; 41.527 ; 41.506 ;
; denom3      ; business5   ; 37.215 ; 37.024 ; 37.513 ; 37.322 ;
; denom3      ; business6   ; 33.607 ; 33.474 ; 33.905 ; 33.772 ;
; denom3      ; business7   ; 32.257 ; 32.069 ; 32.555 ; 32.367 ;
; denom3      ; business8   ; 26.796 ; 26.879 ; 27.094 ; 27.177 ;
; denom3      ; business9   ; 24.731 ; 24.838 ; 25.029 ; 25.136 ;
; denom3      ; business10  ; 23.007 ; 23.015 ; 23.305 ; 23.313 ;
; denom3      ; business11  ; 18.711 ; 18.579 ; 19.009 ; 18.877 ;
; denom3      ; business12  ; 15.457 ; 15.790 ; 15.794 ; 16.088 ;
; denom3      ; business13  ; 12.619 ; 12.609 ; 12.866 ; 13.017 ;
; denom3      ; business14  ;        ; 9.577  ; 9.871  ;        ;
; denom3      ; business15  ;        ; 10.063 ; 10.328 ;        ;
; denom3      ; pin_name2   ; 56.523 ; 56.391 ; 56.821 ; 56.689 ;
; denom3      ; remain0     ; 55.608 ; 55.583 ; 55.906 ; 55.881 ;
; denom3      ; remain1     ; 55.473 ; 55.379 ; 55.771 ; 55.677 ;
; denom3      ; remain2     ; 55.264 ; 55.221 ; 55.562 ; 55.519 ;
; denom3      ; remain3     ; 55.178 ; 55.110 ; 55.476 ; 55.408 ;
; denom3      ; remain4     ; 55.576 ; 55.502 ; 55.874 ; 55.800 ;
; denom3      ; remain5     ; 55.293 ; 55.265 ; 55.591 ; 55.563 ;
; denom3      ; remain6     ; 55.678 ; 55.555 ; 55.976 ; 55.853 ;
; denom3      ; remain7     ; 55.210 ; 55.175 ; 55.508 ; 55.473 ;
; denom4      ; business0   ; 57.414 ; 57.242 ; 57.674 ; 57.502 ;
; denom4      ; business1   ; 54.576 ; 54.411 ; 54.836 ; 54.671 ;
; denom4      ; business2   ; 50.654 ; 50.293 ; 50.914 ; 50.553 ;
; denom4      ; business3   ; 46.737 ; 46.779 ; 46.997 ; 47.039 ;
; denom4      ; business4   ; 42.637 ; 42.616 ; 42.897 ; 42.876 ;
; denom4      ; business5   ; 38.623 ; 38.432 ; 38.883 ; 38.692 ;
; denom4      ; business6   ; 35.015 ; 34.882 ; 35.275 ; 35.142 ;
; denom4      ; business7   ; 33.665 ; 33.477 ; 33.925 ; 33.737 ;
; denom4      ; business8   ; 28.204 ; 28.287 ; 28.464 ; 28.547 ;
; denom4      ; business9   ; 26.139 ; 26.246 ; 26.399 ; 26.506 ;
; denom4      ; business10  ; 24.415 ; 24.423 ; 24.675 ; 24.683 ;
; denom4      ; business11  ; 20.119 ; 19.987 ; 20.379 ; 20.247 ;
; denom4      ; business12  ; 16.865 ; 17.198 ; 17.164 ; 17.458 ;
; denom4      ; business13  ; 14.027 ; 14.017 ; 14.236 ; 14.387 ;
; denom4      ; business14  ;        ; 10.943 ; 11.233 ;        ;
; denom4      ; business15  ;        ; 11.471 ; 11.698 ;        ;
; denom4      ; pin_name2   ; 57.931 ; 57.799 ; 58.191 ; 58.059 ;
; denom4      ; remain0     ; 57.016 ; 56.991 ; 57.276 ; 57.251 ;
; denom4      ; remain1     ; 56.881 ; 56.787 ; 57.141 ; 57.047 ;
; denom4      ; remain2     ; 56.672 ; 56.629 ; 56.932 ; 56.889 ;
; denom4      ; remain3     ; 56.586 ; 56.518 ; 56.846 ; 56.778 ;
; denom4      ; remain4     ; 56.984 ; 56.910 ; 57.244 ; 57.170 ;
; denom4      ; remain5     ; 56.701 ; 56.673 ; 56.961 ; 56.933 ;
; denom4      ; remain6     ; 57.086 ; 56.963 ; 57.346 ; 57.223 ;
; denom4      ; remain7     ; 56.618 ; 56.583 ; 56.878 ; 56.843 ;
; denom5      ; business0   ; 58.183 ; 58.011 ; 58.402 ; 58.230 ;
; denom5      ; business1   ; 55.345 ; 55.180 ; 55.564 ; 55.399 ;
; denom5      ; business2   ; 51.423 ; 51.062 ; 51.642 ; 51.281 ;
; denom5      ; business3   ; 47.506 ; 47.548 ; 47.725 ; 47.767 ;
; denom5      ; business4   ; 43.406 ; 43.385 ; 43.625 ; 43.604 ;
; denom5      ; business5   ; 39.392 ; 39.201 ; 39.611 ; 39.420 ;
; denom5      ; business6   ; 35.784 ; 35.651 ; 36.003 ; 35.870 ;
; denom5      ; business7   ; 34.434 ; 34.246 ; 34.653 ; 34.465 ;
; denom5      ; business8   ; 28.973 ; 29.056 ; 29.192 ; 29.275 ;
; denom5      ; business9   ; 26.908 ; 27.015 ; 27.127 ; 27.234 ;
; denom5      ; business10  ; 25.184 ; 25.192 ; 25.403 ; 25.411 ;
; denom5      ; business11  ; 20.888 ; 20.756 ; 21.107 ; 20.975 ;
; denom5      ; business12  ; 17.634 ; 17.967 ; 17.892 ; 18.186 ;
; denom5      ; business13  ; 14.796 ; 14.786 ; 14.964 ; 15.115 ;
; denom5      ; business14  ;        ; 11.712 ; 11.961 ;        ;
; denom5      ; business15  ;        ; 12.240 ; 12.426 ;        ;
; denom5      ; pin_name2   ; 58.700 ; 58.568 ; 58.919 ; 58.787 ;
; denom5      ; remain0     ; 57.785 ; 57.760 ; 58.004 ; 57.979 ;
; denom5      ; remain1     ; 57.650 ; 57.556 ; 57.869 ; 57.775 ;
; denom5      ; remain2     ; 57.441 ; 57.398 ; 57.660 ; 57.617 ;
; denom5      ; remain3     ; 57.355 ; 57.287 ; 57.574 ; 57.506 ;
; denom5      ; remain4     ; 57.753 ; 57.679 ; 57.972 ; 57.898 ;
; denom5      ; remain5     ; 57.470 ; 57.442 ; 57.689 ; 57.661 ;
; denom5      ; remain6     ; 57.855 ; 57.732 ; 58.074 ; 57.951 ;
; denom5      ; remain7     ; 57.387 ; 57.352 ; 57.606 ; 57.571 ;
; denom6      ; business0   ; 57.380 ; 57.208 ; 57.625 ; 57.453 ;
; denom6      ; business1   ; 54.542 ; 54.377 ; 54.787 ; 54.622 ;
; denom6      ; business2   ; 50.620 ; 50.259 ; 50.865 ; 50.504 ;
; denom6      ; business3   ; 46.703 ; 46.745 ; 46.948 ; 46.990 ;
; denom6      ; business4   ; 42.603 ; 42.582 ; 42.848 ; 42.827 ;
; denom6      ; business5   ; 38.589 ; 38.398 ; 38.834 ; 38.643 ;
; denom6      ; business6   ; 34.981 ; 34.848 ; 35.226 ; 35.093 ;
; denom6      ; business7   ; 33.631 ; 33.443 ; 33.876 ; 33.688 ;
; denom6      ; business8   ; 28.170 ; 28.253 ; 28.415 ; 28.498 ;
; denom6      ; business9   ; 26.105 ; 26.212 ; 26.350 ; 26.457 ;
; denom6      ; business10  ; 24.381 ; 24.389 ; 24.626 ; 24.634 ;
; denom6      ; business11  ; 20.085 ; 19.953 ; 20.330 ; 20.198 ;
; denom6      ; business12  ; 16.831 ; 17.164 ; 17.115 ; 17.409 ;
; denom6      ; business13  ; 13.993 ; 13.983 ; 14.187 ; 14.338 ;
; denom6      ; business14  ;        ; 10.909 ; 11.184 ;        ;
; denom6      ; business15  ;        ; 11.437 ; 11.649 ;        ;
; denom6      ; pin_name2   ; 57.897 ; 57.765 ; 58.142 ; 58.010 ;
; denom6      ; remain0     ; 56.982 ; 56.957 ; 57.227 ; 57.202 ;
; denom6      ; remain1     ; 56.847 ; 56.753 ; 57.092 ; 56.998 ;
; denom6      ; remain2     ; 56.638 ; 56.595 ; 56.883 ; 56.840 ;
; denom6      ; remain3     ; 56.552 ; 56.484 ; 56.797 ; 56.729 ;
; denom6      ; remain4     ; 56.950 ; 56.876 ; 57.195 ; 57.121 ;
; denom6      ; remain5     ; 56.667 ; 56.639 ; 56.912 ; 56.884 ;
; denom6      ; remain6     ; 57.052 ; 56.929 ; 57.297 ; 57.174 ;
; denom6      ; remain7     ; 56.584 ; 56.549 ; 56.829 ; 56.794 ;
; denom7      ; business0   ; 57.844 ; 57.672 ; 58.103 ; 57.931 ;
; denom7      ; business1   ; 55.006 ; 54.841 ; 55.265 ; 55.100 ;
; denom7      ; business2   ; 51.084 ; 50.723 ; 51.343 ; 50.982 ;
; denom7      ; business3   ; 47.167 ; 47.209 ; 47.426 ; 47.468 ;
; denom7      ; business4   ; 43.067 ; 43.046 ; 43.326 ; 43.305 ;
; denom7      ; business5   ; 39.053 ; 38.862 ; 39.312 ; 39.121 ;
; denom7      ; business6   ; 35.445 ; 35.312 ; 35.704 ; 35.571 ;
; denom7      ; business7   ; 34.095 ; 33.907 ; 34.354 ; 34.166 ;
; denom7      ; business8   ; 28.634 ; 28.717 ; 28.893 ; 28.976 ;
; denom7      ; business9   ; 26.569 ; 26.676 ; 26.828 ; 26.935 ;
; denom7      ; business10  ; 24.845 ; 24.853 ; 25.104 ; 25.112 ;
; denom7      ; business11  ; 20.549 ; 20.417 ; 20.808 ; 20.676 ;
; denom7      ; business12  ; 17.295 ; 17.628 ; 17.593 ; 17.887 ;
; denom7      ; business13  ; 14.457 ; 14.447 ; 14.665 ; 14.816 ;
; denom7      ; business14  ;        ; 11.373 ; 11.662 ;        ;
; denom7      ; business15  ;        ; 11.901 ; 12.127 ;        ;
; denom7      ; pin_name2   ; 58.361 ; 58.229 ; 58.620 ; 58.488 ;
; denom7      ; remain0     ; 57.446 ; 57.421 ; 57.705 ; 57.680 ;
; denom7      ; remain1     ; 57.311 ; 57.217 ; 57.570 ; 57.476 ;
; denom7      ; remain2     ; 57.102 ; 57.059 ; 57.361 ; 57.318 ;
; denom7      ; remain3     ; 57.016 ; 56.948 ; 57.275 ; 57.207 ;
; denom7      ; remain4     ; 57.414 ; 57.340 ; 57.673 ; 57.599 ;
; denom7      ; remain5     ; 57.131 ; 57.103 ; 57.390 ; 57.362 ;
; denom7      ; remain6     ; 57.516 ; 57.393 ; 57.775 ; 57.652 ;
; denom7      ; remain7     ; 57.048 ; 57.013 ; 57.307 ; 57.272 ;
; numerator0  ; business0   ; 11.396 ;        ;        ; 11.613 ;
; numerator0  ; pin_name1   ; 7.264  ;        ;        ; 7.556  ;
; numerator0  ; pin_name2   ; 11.913 ;        ;        ; 12.170 ;
; numerator0  ; remain0     ; 10.998 ; 10.973 ; 11.143 ; 11.078 ;
; numerator0  ; remain1     ; 10.863 ; 10.769 ; 11.024 ; 10.939 ;
; numerator0  ; remain2     ; 10.654 ; 10.611 ; 10.797 ; 10.714 ;
; numerator0  ; remain3     ; 10.568 ; 10.500 ; 10.710 ; 10.602 ;
; numerator0  ; remain4     ; 10.966 ; 10.892 ; 11.210 ; 11.152 ;
; numerator0  ; remain5     ; 10.683 ; 10.655 ; 10.826 ; 10.758 ;
; numerator0  ; remain6     ; 11.068 ; 10.945 ; 11.243 ; 11.126 ;
; numerator0  ; remain7     ; 10.600 ; 10.565 ; 10.740 ; 10.749 ;
; numerator1  ; business0   ; 14.797 ; 14.625 ; 14.968 ; 14.756 ;
; numerator1  ; business1   ; 11.959 ;        ;        ; 11.972 ;
; numerator1  ; pin_name2   ; 15.314 ; 15.182 ; 15.485 ; 15.313 ;
; numerator1  ; remain0     ; 14.399 ; 14.374 ; 14.570 ; 14.545 ;
; numerator1  ; remain1     ; 14.264 ; 14.170 ; 14.435 ; 14.341 ;
; numerator1  ; remain2     ; 14.055 ; 14.012 ; 14.226 ; 14.183 ;
; numerator1  ; remain3     ; 13.969 ; 13.901 ; 14.140 ; 14.072 ;
; numerator1  ; remain4     ; 14.367 ; 14.293 ; 14.538 ; 14.464 ;
; numerator1  ; remain5     ; 14.084 ; 14.056 ; 14.255 ; 14.227 ;
; numerator1  ; remain6     ; 14.469 ; 14.346 ; 14.640 ; 14.517 ;
; numerator1  ; remain7     ; 14.001 ; 13.966 ; 14.172 ; 14.137 ;
; numerator2  ; business0   ; 17.883 ; 17.711 ; 18.072 ; 17.860 ;
; numerator2  ; business1   ; 15.045 ; 14.880 ; 15.140 ; 15.076 ;
; numerator2  ; business2   ; 11.123 ;        ;        ; 11.199 ;
; numerator2  ; pin_name2   ; 18.400 ; 18.268 ; 18.589 ; 18.417 ;
; numerator2  ; remain0     ; 17.485 ; 17.460 ; 17.674 ; 17.649 ;
; numerator2  ; remain1     ; 17.350 ; 17.256 ; 17.539 ; 17.445 ;
; numerator2  ; remain2     ; 17.141 ; 17.098 ; 17.330 ; 17.287 ;
; numerator2  ; remain3     ; 17.055 ; 16.987 ; 17.244 ; 17.176 ;
; numerator2  ; remain4     ; 17.453 ; 17.379 ; 17.642 ; 17.568 ;
; numerator2  ; remain5     ; 17.170 ; 17.142 ; 17.359 ; 17.331 ;
; numerator2  ; remain6     ; 17.555 ; 17.432 ; 17.744 ; 17.621 ;
; numerator2  ; remain7     ; 17.087 ; 17.052 ; 17.276 ; 17.241 ;
; numerator3  ; business0   ; 18.834 ; 18.662 ; 18.594 ; 18.422 ;
; numerator3  ; business1   ; 15.996 ; 15.831 ; 15.756 ; 15.591 ;
; numerator3  ; business2   ; 12.074 ; 11.653 ; 11.834 ; 11.613 ;
; numerator3  ; business3   ; 8.157  ;        ;        ; 8.099  ;
; numerator3  ; pin_name2   ; 19.351 ; 19.219 ; 19.111 ; 18.979 ;
; numerator3  ; remain0     ; 18.436 ; 18.411 ; 18.196 ; 18.171 ;
; numerator3  ; remain1     ; 18.301 ; 18.207 ; 18.061 ; 17.967 ;
; numerator3  ; remain2     ; 18.092 ; 18.049 ; 17.852 ; 17.809 ;
; numerator3  ; remain3     ; 18.006 ; 17.938 ; 17.766 ; 17.698 ;
; numerator3  ; remain4     ; 18.404 ; 18.330 ; 18.164 ; 18.090 ;
; numerator3  ; remain5     ; 18.121 ; 18.093 ; 17.881 ; 17.853 ;
; numerator3  ; remain6     ; 18.506 ; 18.383 ; 18.266 ; 18.143 ;
; numerator3  ; remain7     ; 18.038 ; 18.003 ; 17.798 ; 17.763 ;
; numerator4  ; business0   ; 22.561 ; 22.389 ; 22.363 ; 22.191 ;
; numerator4  ; business1   ; 19.723 ; 19.558 ; 19.525 ; 19.360 ;
; numerator4  ; business2   ; 15.801 ; 15.440 ; 15.603 ; 15.382 ;
; numerator4  ; business3   ; 11.884 ; 11.926 ; 11.677 ; 11.868 ;
; numerator4  ; business4   ; 7.784  ;        ;        ; 7.754  ;
; numerator4  ; pin_name2   ; 23.078 ; 22.946 ; 22.880 ; 22.748 ;
; numerator4  ; remain0     ; 22.163 ; 22.138 ; 21.965 ; 21.940 ;
; numerator4  ; remain1     ; 22.028 ; 21.934 ; 21.830 ; 21.736 ;
; numerator4  ; remain2     ; 21.819 ; 21.776 ; 21.621 ; 21.578 ;
; numerator4  ; remain3     ; 21.733 ; 21.665 ; 21.535 ; 21.467 ;
; numerator4  ; remain4     ; 22.131 ; 22.057 ; 21.933 ; 21.859 ;
; numerator4  ; remain5     ; 21.848 ; 21.820 ; 21.650 ; 21.622 ;
; numerator4  ; remain6     ; 22.233 ; 22.110 ; 22.035 ; 21.912 ;
; numerator4  ; remain7     ; 21.765 ; 21.730 ; 21.567 ; 21.532 ;
; numerator5  ; business0   ; 28.487 ; 28.315 ; 28.550 ; 28.378 ;
; numerator5  ; business1   ; 25.649 ; 25.484 ; 25.712 ; 25.547 ;
; numerator5  ; business2   ; 21.727 ; 21.366 ; 21.790 ; 21.569 ;
; numerator5  ; business3   ; 17.810 ; 17.852 ; 17.868 ; 18.055 ;
; numerator5  ; business4   ; 13.710 ; 13.689 ; 13.768 ; 13.941 ;
; numerator5  ; business5   ; 9.696  ;        ;        ; 9.866  ;
; numerator5  ; pin_name2   ; 29.004 ; 28.872 ; 29.067 ; 28.935 ;
; numerator5  ; remain0     ; 28.089 ; 28.064 ; 28.152 ; 28.127 ;
; numerator5  ; remain1     ; 27.954 ; 27.860 ; 28.017 ; 27.923 ;
; numerator5  ; remain2     ; 27.745 ; 27.702 ; 27.808 ; 27.765 ;
; numerator5  ; remain3     ; 27.659 ; 27.591 ; 27.722 ; 27.654 ;
; numerator5  ; remain4     ; 28.057 ; 27.983 ; 28.120 ; 28.046 ;
; numerator5  ; remain5     ; 27.774 ; 27.746 ; 27.837 ; 27.809 ;
; numerator5  ; remain6     ; 28.159 ; 28.036 ; 28.222 ; 28.099 ;
; numerator5  ; remain7     ; 27.691 ; 27.656 ; 27.754 ; 27.719 ;
; numerator6  ; business0   ; 29.811 ; 29.639 ; 29.680 ; 29.508 ;
; numerator6  ; business1   ; 26.973 ; 26.808 ; 26.842 ; 26.677 ;
; numerator6  ; business2   ; 23.051 ; 22.690 ; 22.920 ; 22.559 ;
; numerator6  ; business3   ; 19.134 ; 19.176 ; 19.003 ; 19.045 ;
; numerator6  ; business4   ; 15.034 ; 15.013 ; 14.903 ; 14.882 ;
; numerator6  ; business5   ; 11.020 ; 10.829 ; 10.889 ; 10.659 ;
; numerator6  ; business6   ; 7.412  ;        ;        ; 7.280  ;
; numerator6  ; pin_name2   ; 30.328 ; 30.196 ; 30.197 ; 30.065 ;
; numerator6  ; remain0     ; 29.413 ; 29.388 ; 29.282 ; 29.257 ;
; numerator6  ; remain1     ; 29.278 ; 29.184 ; 29.147 ; 29.053 ;
; numerator6  ; remain2     ; 29.069 ; 29.026 ; 28.938 ; 28.895 ;
; numerator6  ; remain3     ; 28.983 ; 28.915 ; 28.852 ; 28.784 ;
; numerator6  ; remain4     ; 29.381 ; 29.307 ; 29.250 ; 29.176 ;
; numerator6  ; remain5     ; 29.098 ; 29.070 ; 28.967 ; 28.939 ;
; numerator6  ; remain6     ; 29.483 ; 29.360 ; 29.352 ; 29.229 ;
; numerator6  ; remain7     ; 29.015 ; 28.980 ; 28.884 ; 28.849 ;
; numerator7  ; business0   ; 33.199 ; 33.027 ; 33.006 ; 32.834 ;
; numerator7  ; business1   ; 30.361 ; 30.196 ; 30.168 ; 30.003 ;
; numerator7  ; business2   ; 26.439 ; 26.078 ; 26.246 ; 25.885 ;
; numerator7  ; business3   ; 22.522 ; 22.564 ; 22.329 ; 22.371 ;
; numerator7  ; business4   ; 18.422 ; 18.401 ; 18.229 ; 18.208 ;
; numerator7  ; business5   ; 14.408 ; 14.217 ; 14.215 ; 13.996 ;
; numerator7  ; business6   ; 10.800 ; 10.667 ; 10.579 ; 10.606 ;
; numerator7  ; business7   ; 9.450  ;        ;        ; 9.288  ;
; numerator7  ; pin_name2   ; 33.716 ; 33.584 ; 33.523 ; 33.391 ;
; numerator7  ; remain0     ; 32.801 ; 32.776 ; 32.608 ; 32.583 ;
; numerator7  ; remain1     ; 32.666 ; 32.572 ; 32.473 ; 32.379 ;
; numerator7  ; remain2     ; 32.457 ; 32.414 ; 32.264 ; 32.221 ;
; numerator7  ; remain3     ; 32.371 ; 32.303 ; 32.178 ; 32.110 ;
; numerator7  ; remain4     ; 32.769 ; 32.695 ; 32.576 ; 32.502 ;
; numerator7  ; remain5     ; 32.486 ; 32.458 ; 32.293 ; 32.265 ;
; numerator7  ; remain6     ; 32.871 ; 32.748 ; 32.678 ; 32.555 ;
; numerator7  ; remain7     ; 32.403 ; 32.368 ; 32.210 ; 32.175 ;
; numerator8  ; business0   ; 37.022 ; 36.850 ; 37.068 ; 36.896 ;
; numerator8  ; business1   ; 34.184 ; 34.019 ; 34.230 ; 34.065 ;
; numerator8  ; business2   ; 30.262 ; 29.901 ; 30.308 ; 29.947 ;
; numerator8  ; business3   ; 26.345 ; 26.387 ; 26.391 ; 26.433 ;
; numerator8  ; business4   ; 22.245 ; 22.224 ; 22.291 ; 22.270 ;
; numerator8  ; business5   ; 18.231 ; 18.040 ; 18.277 ; 18.086 ;
; numerator8  ; business6   ; 14.623 ; 14.490 ; 14.669 ; 14.536 ;
; numerator8  ; business7   ; 13.273 ; 13.029 ; 13.319 ; 13.146 ;
; numerator8  ; business8   ; 7.812  ;        ;        ; 7.956  ;
; numerator8  ; pin_name2   ; 37.539 ; 37.407 ; 37.585 ; 37.453 ;
; numerator8  ; remain0     ; 36.624 ; 36.599 ; 36.670 ; 36.645 ;
; numerator8  ; remain1     ; 36.489 ; 36.395 ; 36.535 ; 36.441 ;
; numerator8  ; remain2     ; 36.280 ; 36.237 ; 36.326 ; 36.283 ;
; numerator8  ; remain3     ; 36.194 ; 36.126 ; 36.240 ; 36.172 ;
; numerator8  ; remain4     ; 36.592 ; 36.518 ; 36.638 ; 36.564 ;
; numerator8  ; remain5     ; 36.309 ; 36.281 ; 36.355 ; 36.327 ;
; numerator8  ; remain6     ; 36.694 ; 36.571 ; 36.740 ; 36.617 ;
; numerator8  ; remain7     ; 36.226 ; 36.191 ; 36.272 ; 36.237 ;
; numerator9  ; business0   ; 41.530 ; 41.358 ; 41.645 ; 41.473 ;
; numerator9  ; business1   ; 38.692 ; 38.527 ; 38.807 ; 38.642 ;
; numerator9  ; business2   ; 34.770 ; 34.409 ; 34.885 ; 34.524 ;
; numerator9  ; business3   ; 30.853 ; 30.895 ; 30.968 ; 31.010 ;
; numerator9  ; business4   ; 26.753 ; 26.732 ; 26.868 ; 26.847 ;
; numerator9  ; business5   ; 22.739 ; 22.548 ; 22.854 ; 22.663 ;
; numerator9  ; business6   ; 19.131 ; 18.998 ; 19.246 ; 19.113 ;
; numerator9  ; business7   ; 17.781 ; 17.608 ; 17.896 ; 17.723 ;
; numerator9  ; business8   ; 12.281 ; 12.418 ; 12.432 ; 12.533 ;
; numerator9  ; business9   ; 10.273 ;        ;        ; 10.474 ;
; numerator9  ; pin_name2   ; 42.047 ; 41.915 ; 42.162 ; 42.030 ;
; numerator9  ; remain0     ; 41.132 ; 41.107 ; 41.247 ; 41.222 ;
; numerator9  ; remain1     ; 40.997 ; 40.903 ; 41.112 ; 41.018 ;
; numerator9  ; remain2     ; 40.788 ; 40.745 ; 40.903 ; 40.860 ;
; numerator9  ; remain3     ; 40.702 ; 40.634 ; 40.817 ; 40.749 ;
; numerator9  ; remain4     ; 41.100 ; 41.026 ; 41.215 ; 41.141 ;
; numerator9  ; remain5     ; 40.817 ; 40.789 ; 40.932 ; 40.904 ;
; numerator9  ; remain6     ; 41.202 ; 41.079 ; 41.317 ; 41.194 ;
; numerator9  ; remain7     ; 40.734 ; 40.699 ; 40.849 ; 40.814 ;
; numerator10 ; business0   ; 44.329 ; 44.157 ; 44.572 ; 44.400 ;
; numerator10 ; business1   ; 41.491 ; 41.326 ; 41.734 ; 41.569 ;
; numerator10 ; business2   ; 37.569 ; 37.208 ; 37.812 ; 37.451 ;
; numerator10 ; business3   ; 33.652 ; 33.694 ; 33.895 ; 33.937 ;
; numerator10 ; business4   ; 29.552 ; 29.531 ; 29.795 ; 29.774 ;
; numerator10 ; business5   ; 25.538 ; 25.347 ; 25.781 ; 25.590 ;
; numerator10 ; business6   ; 21.930 ; 21.797 ; 22.173 ; 22.040 ;
; numerator10 ; business7   ; 20.580 ; 20.392 ; 20.823 ; 20.642 ;
; numerator10 ; business8   ; 15.119 ; 15.202 ; 15.362 ; 15.452 ;
; numerator10 ; business9   ; 13.017 ; 13.161 ; 13.307 ; 13.404 ;
; numerator10 ; business10  ; 11.330 ;        ;        ; 11.591 ;
; numerator10 ; pin_name2   ; 44.846 ; 44.714 ; 45.089 ; 44.957 ;
; numerator10 ; remain0     ; 43.931 ; 43.906 ; 44.174 ; 44.149 ;
; numerator10 ; remain1     ; 43.796 ; 43.702 ; 44.039 ; 43.945 ;
; numerator10 ; remain2     ; 43.587 ; 43.544 ; 43.830 ; 43.787 ;
; numerator10 ; remain3     ; 43.501 ; 43.433 ; 43.744 ; 43.676 ;
; numerator10 ; remain4     ; 43.899 ; 43.825 ; 44.142 ; 44.068 ;
; numerator10 ; remain5     ; 43.616 ; 43.588 ; 43.859 ; 43.831 ;
; numerator10 ; remain6     ; 44.001 ; 43.878 ; 44.244 ; 44.121 ;
; numerator10 ; remain7     ; 43.533 ; 43.498 ; 43.776 ; 43.741 ;
; numerator11 ; business0   ; 47.958 ; 47.786 ; 48.162 ; 47.990 ;
; numerator11 ; business1   ; 45.120 ; 44.955 ; 45.324 ; 45.159 ;
; numerator11 ; business2   ; 41.198 ; 40.837 ; 41.402 ; 41.041 ;
; numerator11 ; business3   ; 37.281 ; 37.323 ; 37.485 ; 37.527 ;
; numerator11 ; business4   ; 33.181 ; 33.160 ; 33.385 ; 33.364 ;
; numerator11 ; business5   ; 29.167 ; 28.976 ; 29.371 ; 29.180 ;
; numerator11 ; business6   ; 25.559 ; 25.426 ; 25.763 ; 25.630 ;
; numerator11 ; business7   ; 24.209 ; 24.021 ; 24.413 ; 24.232 ;
; numerator11 ; business8   ; 18.748 ; 18.831 ; 18.952 ; 19.042 ;
; numerator11 ; business9   ; 16.683 ; 16.790 ; 16.897 ; 16.994 ;
; numerator11 ; business10  ; 14.959 ; 14.967 ; 14.973 ; 15.181 ;
; numerator11 ; business11  ; 10.663 ;        ;        ; 10.927 ;
; numerator11 ; pin_name2   ; 48.475 ; 48.343 ; 48.679 ; 48.547 ;
; numerator11 ; remain0     ; 47.560 ; 47.535 ; 47.764 ; 47.739 ;
; numerator11 ; remain1     ; 47.425 ; 47.331 ; 47.629 ; 47.535 ;
; numerator11 ; remain2     ; 47.216 ; 47.173 ; 47.420 ; 47.377 ;
; numerator11 ; remain3     ; 47.130 ; 47.062 ; 47.334 ; 47.266 ;
; numerator11 ; remain4     ; 47.528 ; 47.454 ; 47.732 ; 47.658 ;
; numerator11 ; remain5     ; 47.245 ; 47.217 ; 47.449 ; 47.421 ;
; numerator11 ; remain6     ; 47.630 ; 47.507 ; 47.834 ; 47.711 ;
; numerator11 ; remain7     ; 47.162 ; 47.127 ; 47.366 ; 47.331 ;
; numerator12 ; business0   ; 50.968 ; 50.796 ; 51.358 ; 51.186 ;
; numerator12 ; business1   ; 48.130 ; 47.965 ; 48.520 ; 48.355 ;
; numerator12 ; business2   ; 44.208 ; 43.847 ; 44.598 ; 44.237 ;
; numerator12 ; business3   ; 40.291 ; 40.333 ; 40.681 ; 40.723 ;
; numerator12 ; business4   ; 36.191 ; 36.170 ; 36.581 ; 36.560 ;
; numerator12 ; business5   ; 32.177 ; 31.986 ; 32.567 ; 32.376 ;
; numerator12 ; business6   ; 28.569 ; 28.436 ; 28.959 ; 28.826 ;
; numerator12 ; business7   ; 27.219 ; 27.031 ; 27.609 ; 27.421 ;
; numerator12 ; business8   ; 21.758 ; 21.841 ; 22.148 ; 22.231 ;
; numerator12 ; business9   ; 19.693 ; 19.800 ; 20.083 ; 20.190 ;
; numerator12 ; business10  ; 17.969 ; 17.977 ; 18.359 ; 18.367 ;
; numerator12 ; business11  ; 13.673 ; 13.471 ; 14.063 ; 13.931 ;
; numerator12 ; business12  ; 10.639 ;        ;        ; 11.142 ;
; numerator12 ; pin_name2   ; 51.485 ; 51.353 ; 51.875 ; 51.743 ;
; numerator12 ; remain0     ; 50.570 ; 50.545 ; 50.960 ; 50.935 ;
; numerator12 ; remain1     ; 50.435 ; 50.341 ; 50.825 ; 50.731 ;
; numerator12 ; remain2     ; 50.226 ; 50.183 ; 50.616 ; 50.573 ;
; numerator12 ; remain3     ; 50.140 ; 50.072 ; 50.530 ; 50.462 ;
; numerator12 ; remain4     ; 50.538 ; 50.464 ; 50.928 ; 50.854 ;
; numerator12 ; remain5     ; 50.255 ; 50.227 ; 50.645 ; 50.617 ;
; numerator12 ; remain6     ; 50.640 ; 50.517 ; 51.030 ; 50.907 ;
; numerator12 ; remain7     ; 50.172 ; 50.137 ; 50.562 ; 50.527 ;
; numerator13 ; business0   ; 54.037 ; 53.865 ; 54.198 ; 54.026 ;
; numerator13 ; business1   ; 51.199 ; 51.034 ; 51.360 ; 51.195 ;
; numerator13 ; business2   ; 47.277 ; 46.916 ; 47.438 ; 47.077 ;
; numerator13 ; business3   ; 43.360 ; 43.402 ; 43.521 ; 43.563 ;
; numerator13 ; business4   ; 39.260 ; 39.239 ; 39.421 ; 39.400 ;
; numerator13 ; business5   ; 35.246 ; 35.055 ; 35.407 ; 35.216 ;
; numerator13 ; business6   ; 31.638 ; 31.505 ; 31.799 ; 31.666 ;
; numerator13 ; business7   ; 30.288 ; 30.100 ; 30.449 ; 30.261 ;
; numerator13 ; business8   ; 24.827 ; 24.910 ; 24.988 ; 25.071 ;
; numerator13 ; business9   ; 22.762 ; 22.869 ; 22.923 ; 23.030 ;
; numerator13 ; business10  ; 21.038 ; 21.046 ; 21.199 ; 21.207 ;
; numerator13 ; business11  ; 16.742 ; 16.610 ; 16.903 ; 16.771 ;
; numerator13 ; business12  ; 13.488 ; 13.821 ; 13.688 ; 13.982 ;
; numerator13 ; business13  ; 10.650 ;        ;        ; 10.911 ;
; numerator13 ; pin_name2   ; 54.554 ; 54.422 ; 54.715 ; 54.583 ;
; numerator13 ; remain0     ; 53.639 ; 53.614 ; 53.800 ; 53.775 ;
; numerator13 ; remain1     ; 53.504 ; 53.410 ; 53.665 ; 53.571 ;
; numerator13 ; remain2     ; 53.295 ; 53.252 ; 53.456 ; 53.413 ;
; numerator13 ; remain3     ; 53.209 ; 53.141 ; 53.370 ; 53.302 ;
; numerator13 ; remain4     ; 53.607 ; 53.533 ; 53.768 ; 53.694 ;
; numerator13 ; remain5     ; 53.324 ; 53.296 ; 53.485 ; 53.457 ;
; numerator13 ; remain6     ; 53.709 ; 53.586 ; 53.870 ; 53.747 ;
; numerator13 ; remain7     ; 53.241 ; 53.206 ; 53.402 ; 53.367 ;
; numerator14 ; business0   ; 55.162 ; 54.990 ; 55.511 ; 55.339 ;
; numerator14 ; business1   ; 52.324 ; 52.159 ; 52.673 ; 52.508 ;
; numerator14 ; business2   ; 48.402 ; 48.041 ; 48.751 ; 48.390 ;
; numerator14 ; business3   ; 44.485 ; 44.527 ; 44.834 ; 44.876 ;
; numerator14 ; business4   ; 40.385 ; 40.364 ; 40.734 ; 40.713 ;
; numerator14 ; business5   ; 36.371 ; 36.180 ; 36.720 ; 36.529 ;
; numerator14 ; business6   ; 32.763 ; 32.630 ; 33.112 ; 32.979 ;
; numerator14 ; business7   ; 31.413 ; 31.225 ; 31.762 ; 31.574 ;
; numerator14 ; business8   ; 25.952 ; 26.035 ; 26.301 ; 26.384 ;
; numerator14 ; business9   ; 23.887 ; 23.994 ; 24.236 ; 24.343 ;
; numerator14 ; business10  ; 22.163 ; 22.171 ; 22.512 ; 22.520 ;
; numerator14 ; business11  ; 17.867 ; 17.735 ; 18.216 ; 18.084 ;
; numerator14 ; business12  ; 14.648 ; 14.946 ; 15.001 ; 15.295 ;
; numerator14 ; business13  ; 11.775 ; 11.871 ; 12.119 ; 12.224 ;
; numerator14 ; business14  ; 9.764  ;        ;        ; 10.177 ;
; numerator14 ; pin_name2   ; 55.679 ; 55.547 ; 56.028 ; 55.896 ;
; numerator14 ; remain0     ; 54.764 ; 54.739 ; 55.113 ; 55.088 ;
; numerator14 ; remain1     ; 54.629 ; 54.535 ; 54.978 ; 54.884 ;
; numerator14 ; remain2     ; 54.420 ; 54.377 ; 54.769 ; 54.726 ;
; numerator14 ; remain3     ; 54.334 ; 54.266 ; 54.683 ; 54.615 ;
; numerator14 ; remain4     ; 54.732 ; 54.658 ; 55.081 ; 55.007 ;
; numerator14 ; remain5     ; 54.449 ; 54.421 ; 54.798 ; 54.770 ;
; numerator14 ; remain6     ; 54.834 ; 54.711 ; 55.183 ; 55.060 ;
; numerator14 ; remain7     ; 54.366 ; 54.331 ; 54.715 ; 54.680 ;
; numerator15 ; business0   ; 55.462 ; 55.290 ; 55.852 ; 55.680 ;
; numerator15 ; business1   ; 52.624 ; 52.459 ; 53.014 ; 52.849 ;
; numerator15 ; business2   ; 48.702 ; 48.341 ; 49.092 ; 48.731 ;
; numerator15 ; business3   ; 44.785 ; 44.827 ; 45.175 ; 45.217 ;
; numerator15 ; business4   ; 40.685 ; 40.664 ; 41.075 ; 41.054 ;
; numerator15 ; business5   ; 36.671 ; 36.480 ; 37.061 ; 36.870 ;
; numerator15 ; business6   ; 33.063 ; 32.930 ; 33.453 ; 33.320 ;
; numerator15 ; business7   ; 31.713 ; 31.525 ; 32.103 ; 31.915 ;
; numerator15 ; business8   ; 26.252 ; 26.335 ; 26.642 ; 26.725 ;
; numerator15 ; business9   ; 24.187 ; 24.294 ; 24.577 ; 24.684 ;
; numerator15 ; business10  ; 22.463 ; 22.471 ; 22.853 ; 22.861 ;
; numerator15 ; business11  ; 18.167 ; 18.035 ; 18.557 ; 18.425 ;
; numerator15 ; business12  ; 14.948 ; 15.246 ; 15.342 ; 15.636 ;
; numerator15 ; business13  ; 12.075 ; 12.171 ; 12.460 ; 12.565 ;
; numerator15 ; business14  ; 10.064 ;        ;        ; 10.518 ;
; numerator15 ; business15  ; 9.138  ;        ;        ; 9.634  ;
; numerator15 ; pin_name2   ; 55.979 ; 55.847 ; 56.369 ; 56.237 ;
; numerator15 ; remain0     ; 55.064 ; 55.039 ; 55.454 ; 55.429 ;
; numerator15 ; remain1     ; 54.929 ; 54.835 ; 55.319 ; 55.225 ;
; numerator15 ; remain2     ; 54.720 ; 54.677 ; 55.110 ; 55.067 ;
; numerator15 ; remain3     ; 54.634 ; 54.566 ; 55.024 ; 54.956 ;
; numerator15 ; remain4     ; 55.032 ; 54.958 ; 55.422 ; 55.348 ;
; numerator15 ; remain5     ; 54.749 ; 54.721 ; 55.139 ; 55.111 ;
; numerator15 ; remain6     ; 55.134 ; 55.011 ; 55.524 ; 55.401 ;
; numerator15 ; remain7     ; 54.666 ; 54.631 ; 55.056 ; 55.021 ;
+-------------+-------------+--------+--------+--------+--------+


+---------------------------------------------------------------+
; Minimum Propagation Delay                                     ;
+-------------+-------------+--------+--------+--------+--------+
; Input Port  ; Output Port ; RR     ; RF     ; FR     ; FF     ;
+-------------+-------------+--------+--------+--------+--------+
; denom0      ; business0   ; 12.680 ; 11.212 ; 11.691 ; 13.125 ;
; denom0      ; business1   ; 13.820 ; 11.937 ; 12.540 ; 14.052 ;
; denom0      ; business2   ; 12.844 ; 11.444 ; 12.018 ; 13.137 ;
; denom0      ; business3   ; 11.974 ; 10.585 ; 10.985 ; 12.503 ;
; denom0      ; business4   ; 11.206 ; 9.852  ; 10.186 ; 11.654 ;
; denom0      ; business5   ; 10.585 ; 9.125  ; 9.548  ; 10.933 ;
; denom0      ; business6   ; 10.921 ; 9.175  ; 9.571  ; 11.395 ;
; denom0      ; business7   ; 12.511 ; 10.990 ; 11.501 ; 12.791 ;
; denom0      ; business8   ; 10.743 ; 9.066  ; 9.349  ; 11.331 ;
; denom0      ; business9   ; 10.778 ; 9.944  ; 10.319 ; 11.183 ;
; denom0      ; business10  ; 12.511 ; 10.749 ; 11.191 ; 12.840 ;
; denom0      ; business11  ; 11.366 ; 10.054 ; 10.436 ; 11.772 ;
; denom0      ; business12  ; 10.811 ; 9.839  ; 10.154 ; 11.277 ;
; denom0      ; business13  ; 10.664 ; 10.064 ; 10.451 ; 11.094 ;
; denom0      ; business14  ;        ; 9.448  ; 9.829  ;        ;
; denom0      ; business15  ;        ; 8.460  ; 8.769  ;        ;
; denom0      ; pin_name2   ; 13.177 ; 11.748 ; 12.188 ; 13.661 ;
; denom0      ; remain0     ; 9.952  ; 9.958  ; 10.444 ; 10.369 ;
; denom0      ; remain1     ; 10.181 ; 10.171 ; 10.714 ; 10.669 ;
; denom0      ; remain2     ; 10.062 ; 10.018 ; 10.461 ; 10.452 ;
; denom0      ; remain3     ; 9.978  ; 9.954  ; 10.511 ; 10.452 ;
; denom0      ; remain4     ; 10.736 ; 10.661 ; 11.135 ; 11.095 ;
; denom0      ; remain5     ; 10.230 ; 10.236 ; 10.763 ; 10.734 ;
; denom0      ; remain6     ; 10.796 ; 10.672 ; 11.195 ; 11.106 ;
; denom0      ; remain7     ; 10.280 ; 10.280 ; 10.813 ; 10.778 ;
; denom1      ; business0   ; 11.491 ; 10.479 ; 10.932 ; 11.911 ;
; denom1      ; business1   ; 12.664 ; 10.900 ; 11.488 ; 12.899 ;
; denom1      ; business2   ; 11.832 ; 10.380 ; 10.935 ; 12.104 ;
; denom1      ; business3   ; 11.398 ; 9.524  ; 9.931  ; 11.909 ;
; denom1      ; business4   ; 11.357 ; 9.487  ; 9.889  ; 11.872 ;
; denom1      ; business5   ; 10.962 ; 9.387  ; 9.837  ; 11.467 ;
; denom1      ; business6   ; 11.432 ; 9.400  ; 9.854  ; 11.863 ;
; denom1      ; business7   ; 12.878 ; 11.526 ; 12.071 ; 13.245 ;
; denom1      ; business8   ; 10.753 ; 9.367  ; 9.695  ; 11.455 ;
; denom1      ; business9   ; 11.502 ; 9.954  ; 10.411 ; 11.970 ;
; denom1      ; business10  ; 12.778 ; 11.384 ; 11.867 ; 13.176 ;
; denom1      ; business11  ; 12.253 ; 10.307 ; 10.732 ; 12.706 ;
; denom1      ; business12  ; 11.211 ; 10.444 ; 10.769 ; 11.763 ;
; denom1      ; business13  ; 11.144 ; 10.673 ; 11.070 ; 11.618 ;
; denom1      ; business14  ;        ; 9.563  ; 9.936  ;        ;
; denom1      ; business15  ;        ; 8.672  ; 8.999  ;        ;
; denom1      ; pin_name2   ; 11.988 ; 11.015 ; 11.429 ; 12.447 ;
; denom1      ; remain0     ; 10.025 ; 9.961  ; 10.552 ; 10.525 ;
; denom1      ; remain1     ; 9.231  ; 9.219  ; 9.672  ; 9.613  ;
; denom1      ; remain2     ; 9.245  ; 9.197  ; 9.657  ; 9.562  ;
; denom1      ; remain3     ; 9.245  ; 9.221  ; 9.752  ; 9.693  ;
; denom1      ; remain4     ; 10.003 ; 9.928  ; 10.376 ; 10.336 ;
; denom1      ; remain5     ; 9.497  ; 9.503  ; 10.004 ; 9.975  ;
; denom1      ; remain6     ; 10.063 ; 9.939  ; 10.436 ; 10.347 ;
; denom1      ; remain7     ; 9.547  ; 9.547  ; 10.054 ; 10.019 ;
; denom2      ; business0   ; 11.330 ; 10.353 ; 10.736 ; 11.708 ;
; denom2      ; business1   ; 12.723 ; 10.778 ; 11.313 ; 12.914 ;
; denom2      ; business2   ; 12.030 ; 10.347 ; 10.880 ; 12.235 ;
; denom2      ; business3   ; 12.556 ; 9.722  ; 10.062 ; 13.165 ;
; denom2      ; business4   ; 11.804 ; 10.426 ; 10.848 ; 12.387 ;
; denom2      ; business5   ; 10.877 ; 9.655  ; 10.110 ; 11.315 ;
; denom2      ; business6   ; 10.831 ; 9.315  ; 9.727  ; 11.273 ;
; denom2      ; business7   ; 13.038 ; 11.121 ; 11.657 ; 13.390 ;
; denom2      ; business8   ; 10.809 ; 9.579  ; 9.871  ; 11.408 ;
; denom2      ; business9   ; 11.440 ; 10.174 ; 10.609 ; 11.912 ;
; denom2      ; business10  ; 12.907 ; 11.268 ; 11.760 ; 13.239 ;
; denom2      ; business11  ; 11.791 ; 10.245 ; 10.652 ; 12.231 ;
; denom2      ; business12  ; 10.788 ; 10.015 ; 10.342 ; 11.321 ;
; denom2      ; business13  ; 11.371 ; 10.242 ; 10.645 ; 11.796 ;
; denom2      ; business14  ;        ; 8.800  ; 9.053  ;        ;
; denom2      ; business15  ;        ; 9.249  ; 9.531  ;        ;
; denom2      ; pin_name2   ; 11.827 ; 10.889 ; 11.233 ; 12.244 ;
; denom2      ; remain0     ; 9.899  ; 9.835  ; 10.356 ; 10.329 ;
; denom2      ; remain1     ; 9.787  ; 9.703  ; 10.226 ; 10.133 ;
; denom2      ; remain2     ; 8.878  ; 8.861  ; 9.251  ; 9.199  ;
; denom2      ; remain3     ; 9.039  ; 8.952  ; 9.421  ; 9.303  ;
; denom2      ; remain4     ; 9.877  ; 9.802  ; 10.180 ; 10.140 ;
; denom2      ; remain5     ; 9.371  ; 9.377  ; 9.808  ; 9.779  ;
; denom2      ; remain6     ; 9.937  ; 9.813  ; 10.240 ; 10.151 ;
; denom2      ; remain7     ; 9.421  ; 9.421  ; 9.858  ; 9.823  ;
; denom3      ; business0   ; 11.617 ; 10.314 ; 10.711 ; 11.970 ;
; denom3      ; business1   ; 12.392 ; 10.733 ; 11.286 ; 12.624 ;
; denom3      ; business2   ; 11.744 ; 10.211 ; 10.740 ; 11.958 ;
; denom3      ; business3   ; 11.678 ; 9.436  ; 9.785  ; 12.145 ;
; denom3      ; business4   ; 11.261 ; 9.657  ; 10.019 ; 11.795 ;
; denom3      ; business5   ; 10.709 ; 9.323  ; 9.817  ; 11.165 ;
; denom3      ; business6   ; 11.046 ; 9.290  ; 9.775  ; 11.609 ;
; denom3      ; business7   ; 13.180 ; 11.115 ; 11.693 ; 13.537 ;
; denom3      ; business8   ; 10.887 ; 9.615  ; 9.922  ; 11.596 ;
; denom3      ; business9   ; 11.292 ; 10.088 ; 10.552 ; 11.765 ;
; denom3      ; business10  ; 12.571 ; 11.300 ; 11.800 ; 12.989 ;
; denom3      ; business11  ; 12.301 ; 10.123 ; 10.567 ; 12.768 ;
; denom3      ; business12  ; 11.537 ; 10.281 ; 10.608 ; 12.062 ;
; denom3      ; business13  ; 11.819 ; 9.309  ; 9.625  ; 12.232 ;
; denom3      ; business14  ;        ; 9.254  ; 9.538  ;        ;
; denom3      ; business15  ;        ; 9.697  ; 9.967  ;        ;
; denom3      ; pin_name2   ; 12.114 ; 10.850 ; 11.208 ; 12.506 ;
; denom3      ; remain0     ; 9.860  ; 9.796  ; 10.331 ; 10.304 ;
; denom3      ; remain1     ; 9.748  ; 9.664  ; 10.201 ; 10.108 ;
; denom3      ; remain2     ; 9.531  ; 9.449  ; 10.001 ; 9.957  ;
; denom3      ; remain3     ; 8.863  ; 8.837  ; 9.248  ; 9.175  ;
; denom3      ; remain4     ; 9.838  ; 9.763  ; 10.155 ; 10.115 ;
; denom3      ; remain5     ; 9.332  ; 9.338  ; 9.783  ; 9.754  ;
; denom3      ; remain6     ; 9.898  ; 9.774  ; 10.215 ; 10.126 ;
; denom3      ; remain7     ; 9.382  ; 9.382  ; 9.833  ; 9.798  ;
; denom4      ; business0   ; 12.165 ; 10.608 ; 11.087 ; 12.651 ;
; denom4      ; business1   ; 12.851 ; 11.607 ; 12.244 ; 13.156 ;
; denom4      ; business2   ; 11.686 ; 10.501 ; 11.130 ; 12.027 ;
; denom4      ; business3   ; 11.317 ; 9.703  ; 10.152 ; 11.833 ;
; denom4      ; business4   ; 11.541 ; 9.370  ; 9.782  ; 12.104 ;
; denom4      ; business5   ; 10.863 ; 9.500  ; 10.007 ; 11.388 ;
; denom4      ; business6   ; 10.958 ; 9.554  ; 10.053 ; 11.533 ;
; denom4      ; business7   ; 12.851 ; 11.027 ; 11.627 ; 13.158 ;
; denom4      ; business8   ; 10.453 ; 9.143  ; 9.471  ; 11.105 ;
; denom4      ; business9   ; 10.734 ; 9.697  ; 10.146 ; 11.225 ;
; denom4      ; business10  ; 13.031 ; 10.736 ; 11.243 ; 13.429 ;
; denom4      ; business11  ; 12.243 ; 10.091 ; 10.557 ; 12.647 ;
; denom4      ; business12  ; 12.544 ; 10.018 ; 10.324 ; 13.045 ;
; denom4      ; business13  ; 13.144 ; 10.316 ; 10.608 ; 13.531 ;
; denom4      ; business14  ;        ; 10.561 ; 10.844 ;        ;
; denom4      ; business15  ;        ; 11.022 ; 11.266 ;        ;
; denom4      ; pin_name2   ; 12.662 ; 11.144 ; 11.584 ; 13.187 ;
; denom4      ; remain0     ; 10.154 ; 10.090 ; 10.707 ; 10.680 ;
; denom4      ; remain1     ; 10.042 ; 9.958  ; 10.577 ; 10.484 ;
; denom4      ; remain2     ; 9.825  ; 9.743  ; 10.377 ; 10.333 ;
; denom4      ; remain3     ; 9.742  ; 9.636  ; 10.294 ; 10.226 ;
; denom4      ; remain4     ; 9.806  ; 9.754  ; 10.296 ; 10.213 ;
; denom4      ; remain5     ; 9.626  ; 9.632  ; 10.159 ; 10.130 ;
; denom4      ; remain6     ; 10.192 ; 10.068 ; 10.591 ; 10.502 ;
; denom4      ; remain7     ; 9.676  ; 9.676  ; 10.209 ; 10.174 ;
; denom5      ; business0   ; 11.531 ; 10.390 ; 10.788 ; 11.887 ;
; denom5      ; business1   ; 12.549 ; 10.645 ; 11.203 ; 12.806 ;
; denom5      ; business2   ; 11.553 ; 10.318 ; 10.849 ; 11.848 ;
; denom5      ; business3   ; 11.847 ; 9.306  ; 9.683  ; 12.362 ;
; denom5      ; business4   ; 11.765 ; 9.928  ; 10.344 ; 12.220 ;
; denom5      ; business5   ; 11.438 ; 9.756  ; 10.178 ; 11.863 ;
; denom5      ; business6   ; 11.208 ; 10.087 ; 10.530 ; 11.741 ;
; denom5      ; business7   ; 13.436 ; 11.277 ; 11.825 ; 13.723 ;
; denom5      ; business8   ; 10.822 ; 9.728  ; 10.036 ; 11.424 ;
; denom5      ; business9   ; 11.794 ; 10.240 ; 10.677 ; 12.202 ;
; denom5      ; business10  ; 13.041 ; 11.650 ; 12.104 ; 13.394 ;
; denom5      ; business11  ; 12.986 ; 9.648  ; 9.926  ; 13.348 ;
; denom5      ; business12  ; 13.287 ; 10.761 ; 11.025 ; 13.746 ;
; denom5      ; business13  ; 13.887 ; 11.059 ; 11.309 ; 14.232 ;
; denom5      ; business14  ;        ; 11.304 ; 11.545 ;        ;
; denom5      ; business15  ;        ; 11.765 ; 11.967 ;        ;
; denom5      ; pin_name2   ; 12.028 ; 10.926 ; 11.285 ; 12.423 ;
; denom5      ; remain0     ; 9.936  ; 9.872  ; 10.408 ; 10.381 ;
; denom5      ; remain1     ; 9.824  ; 9.740  ; 10.278 ; 10.185 ;
; denom5      ; remain2     ; 9.607  ; 9.525  ; 10.078 ; 10.034 ;
; denom5      ; remain3     ; 9.524  ; 9.418  ; 9.995  ; 9.927  ;
; denom5      ; remain4     ; 9.931  ; 9.867  ; 10.376 ; 10.303 ;
; denom5      ; remain5     ; 9.197  ; 9.200  ; 9.575  ; 9.532  ;
; denom5      ; remain6     ; 9.848  ; 9.773  ; 10.230 ; 10.108 ;
; denom5      ; remain7     ; 9.458  ; 9.458  ; 9.857  ; 9.819  ;
; denom6      ; business0   ; 11.468 ; 10.423 ; 10.838 ; 11.873 ;
; denom6      ; business1   ; 12.697 ; 10.907 ; 11.487 ; 12.966 ;
; denom6      ; business2   ; 11.803 ; 10.647 ; 11.210 ; 12.121 ;
; denom6      ; business3   ; 11.174 ; 9.605  ; 9.997  ; 11.684 ;
; denom6      ; business4   ; 10.886 ; 9.259  ; 9.626  ; 11.321 ;
; denom6      ; business5   ; 10.471 ; 8.713  ; 9.101  ; 10.935 ;
; denom6      ; business6   ; 10.533 ; 8.840  ; 9.259  ; 11.048 ;
; denom6      ; business7   ; 12.571 ; 10.602 ; 11.132 ; 12.890 ;
; denom6      ; business8   ; 10.471 ; 9.032  ; 9.310  ; 11.070 ;
; denom6      ; business9   ; 11.082 ; 9.590  ; 10.003 ; 11.519 ;
; denom6      ; business10  ; 12.347 ; 10.226 ; 10.710 ; 12.719 ;
; denom6      ; business11  ; 12.214 ; 8.954  ; 9.251  ; 12.601 ;
; denom6      ; business12  ; 12.515 ; 9.989  ; 10.278 ; 12.999 ;
; denom6      ; business13  ; 13.115 ; 10.287 ; 10.562 ; 13.485 ;
; denom6      ; business14  ;        ; 10.532 ; 10.798 ;        ;
; denom6      ; business15  ;        ; 10.993 ; 11.220 ;        ;
; denom6      ; pin_name2   ; 11.965 ; 10.959 ; 11.335 ; 12.409 ;
; denom6      ; remain0     ; 9.969  ; 9.905  ; 10.458 ; 10.431 ;
; denom6      ; remain1     ; 9.857  ; 9.773  ; 10.328 ; 10.235 ;
; denom6      ; remain2     ; 9.640  ; 9.558  ; 10.128 ; 10.084 ;
; denom6      ; remain3     ; 9.557  ; 9.451  ; 10.045 ; 9.977  ;
; denom6      ; remain4     ; 9.964  ; 9.900  ; 10.426 ; 10.353 ;
; denom6      ; remain5     ; 9.667  ; 9.600  ; 10.156 ; 10.127 ;
; denom6      ; remain6     ; 9.682  ; 9.585  ; 10.087 ; 9.955  ;
; denom6      ; remain7     ; 9.480  ; 9.434  ; 9.886  ; 9.805  ;
; denom7      ; business0   ; 11.548 ; 10.506 ; 10.904 ; 11.994 ;
; denom7      ; business1   ; 12.814 ; 10.744 ; 11.329 ; 13.034 ;
; denom7      ; business2   ; 11.400 ; 10.521 ; 11.052 ; 11.702 ;
; denom7      ; business3   ; 12.136 ; 9.168  ; 9.532  ; 12.710 ;
; denom7      ; business4   ; 11.964 ; 10.151 ; 10.610 ; 12.592 ;
; denom7      ; business5   ; 10.990 ; 9.413  ; 9.909  ; 11.464 ;
; denom7      ; business6   ; 10.603 ; 9.447  ; 9.957  ; 11.091 ;
; denom7      ; business7   ; 12.540 ; 10.883 ; 11.474 ; 12.841 ;
; denom7      ; business8   ; 9.592  ; 8.999  ; 9.346  ; 10.137 ;
; denom7      ; business9   ; 10.932 ; 8.680  ; 8.997  ; 11.341 ;
; denom7      ; business10  ; 12.385 ; 10.076 ; 10.532 ; 12.774 ;
; denom7      ; business11  ; 12.660 ; 8.992  ; 9.306  ; 13.061 ;
; denom7      ; business12  ; 12.961 ; 10.435 ; 10.738 ; 13.459 ;
; denom7      ; business13  ; 13.561 ; 10.733 ; 11.022 ; 13.945 ;
; denom7      ; business14  ;        ; 10.978 ; 11.258 ;        ;
; denom7      ; business15  ;        ; 11.439 ; 11.680 ;        ;
; denom7      ; pin_name2   ; 12.045 ; 11.042 ; 11.401 ; 12.530 ;
; denom7      ; remain0     ; 10.052 ; 9.988  ; 10.524 ; 10.497 ;
; denom7      ; remain1     ; 9.940  ; 9.856  ; 10.394 ; 10.301 ;
; denom7      ; remain2     ; 9.723  ; 9.641  ; 10.194 ; 10.150 ;
; denom7      ; remain3     ; 9.640  ; 9.534  ; 10.111 ; 10.043 ;
; denom7      ; remain4     ; 10.047 ; 9.983  ; 10.492 ; 10.419 ;
; denom7      ; remain5     ; 9.750  ; 9.683  ; 10.222 ; 10.193 ;
; denom7      ; remain6     ; 10.147 ; 10.036 ; 10.591 ; 10.471 ;
; denom7      ; remain7     ; 9.357  ; 9.355  ; 9.743  ; 9.694  ;
; numerator0  ; business0   ; 10.682 ;        ;        ; 11.089 ;
; numerator0  ; pin_name1   ; 7.029  ;        ;        ; 7.313  ;
; numerator0  ; pin_name2   ; 11.179 ;        ;        ; 11.625 ;
; numerator0  ; remain0     ; 8.871  ; 9.463  ; 9.881  ; 9.211  ;
; numerator0  ; remain1     ; 9.705  ; 9.660  ; 10.058 ; 10.048 ;
; numerator0  ; remain2     ; 9.452  ; 9.443  ; 9.939  ; 9.895  ;
; numerator0  ; remain3     ; 9.502  ; 9.443  ; 9.855  ; 9.831  ;
; numerator0  ; remain4     ; 10.126 ; 10.086 ; 10.613 ; 10.538 ;
; numerator0  ; remain5     ; 9.754  ; 9.725  ; 10.107 ; 10.113 ;
; numerator0  ; remain6     ; 10.186 ; 10.097 ; 10.673 ; 10.549 ;
; numerator0  ; remain7     ; 9.804  ; 9.769  ; 10.157 ; 10.157 ;
; numerator1  ; business0   ; 11.401 ; 11.952 ; 12.287 ; 11.779 ;
; numerator1  ; business1   ; 11.287 ;        ;        ; 11.482 ;
; numerator1  ; pin_name2   ; 11.898 ; 12.488 ; 12.784 ; 12.315 ;
; numerator1  ; remain0     ; 11.021 ; 10.994 ; 11.325 ; 11.261 ;
; numerator1  ; remain1     ; 9.377  ; 9.879  ; 10.263 ; 9.706  ;
; numerator1  ; remain2     ; 9.739  ; 9.658  ; 10.044 ; 9.998  ;
; numerator1  ; remain3     ; 9.630  ; 9.555  ; 10.069 ; 9.959  ;
; numerator1  ; remain4     ; 10.818 ; 10.783 ; 11.123 ; 11.123 ;
; numerator1  ; remain5     ; 9.882  ; 9.842  ; 10.321 ; 10.246 ;
; numerator1  ; remain6     ; 10.597 ; 10.489 ; 10.902 ; 10.829 ;
; numerator1  ; remain7     ; 9.941  ; 9.903  ; 10.380 ; 10.307 ;
; numerator2  ; business0   ; 12.034 ; 12.296 ; 12.699 ; 12.445 ;
; numerator2  ; business1   ; 12.192 ; 12.515 ; 13.111 ; 12.388 ;
; numerator2  ; business2   ; 10.481 ;        ;        ; 10.735 ;
; numerator2  ; pin_name2   ; 12.531 ; 12.832 ; 13.196 ; 12.981 ;
; numerator2  ; remain0     ; 11.654 ; 11.627 ; 11.991 ; 11.927 ;
; numerator2  ; remain1     ; 11.524 ; 11.431 ; 11.879 ; 11.795 ;
; numerator2  ; remain2     ; 9.788  ; 10.268 ; 10.714 ; 10.096 ;
; numerator2  ; remain3     ; 10.535 ; 10.460 ; 10.975 ; 10.865 ;
; numerator2  ; remain4     ; 10.266 ; 10.304 ; 10.737 ; 10.740 ;
; numerator2  ; remain5     ; 10.787 ; 10.747 ; 11.162 ; 11.152 ;
; numerator2  ; remain6     ; 10.623 ; 10.641 ; 11.094 ; 11.077 ;
; numerator2  ; remain7     ; 10.846 ; 10.808 ; 11.276 ; 11.213 ;
; numerator3  ; business0   ; 10.567 ; 10.914 ; 10.995 ; 10.662 ;
; numerator3  ; business1   ; 10.498 ; 10.983 ; 11.289 ; 10.429 ;
; numerator3  ; business2   ; 9.099  ; 9.756  ; 10.033 ; 9.031  ;
; numerator3  ; business3   ; 7.583  ;        ;        ; 7.725  ;
; numerator3  ; pin_name2   ; 11.064 ; 11.450 ; 11.492 ; 11.198 ;
; numerator3  ; remain0     ; 10.187 ; 10.160 ; 10.208 ; 10.144 ;
; numerator3  ; remain1     ; 10.057 ; 9.964  ; 10.096 ; 10.012 ;
; numerator3  ; remain2     ; 9.703  ; 9.657  ; 9.721  ; 9.638  ;
; numerator3  ; remain3     ; 8.276  ; 8.544  ; 8.733  ; 8.257  ;
; numerator3  ; remain4     ; 8.884  ; 8.922  ; 9.033  ; 9.036  ;
; numerator3  ; remain5     ; 9.093  ; 9.053  ; 9.268  ; 9.193  ;
; numerator3  ; remain6     ; 9.241  ; 9.259  ; 9.390  ; 9.373  ;
; numerator3  ; remain7     ; 9.152  ; 9.114  ; 9.327  ; 9.254  ;
; numerator4  ; business0   ; 11.635 ; 11.833 ; 11.986 ; 11.790 ;
; numerator4  ; business1   ; 11.966 ; 11.887 ; 12.266 ; 11.903 ;
; numerator4  ; business2   ; 10.352 ; 10.774 ; 10.999 ; 10.340 ;
; numerator4  ; business3   ; 8.976  ; 9.542  ; 9.503  ; 9.095  ;
; numerator4  ; business4   ; 7.225  ;        ;        ; 7.381  ;
; numerator4  ; pin_name2   ; 12.132 ; 12.369 ; 12.483 ; 12.326 ;
; numerator4  ; remain0     ; 11.255 ; 11.228 ; 11.336 ; 11.272 ;
; numerator4  ; remain1     ; 11.125 ; 11.032 ; 11.224 ; 11.140 ;
; numerator4  ; remain2     ; 10.925 ; 10.881 ; 11.007 ; 10.925 ;
; numerator4  ; remain3     ; 10.842 ; 10.774 ; 10.924 ; 10.818 ;
; numerator4  ; remain4     ; 9.219  ; 9.953  ; 10.058 ; 9.369  ;
; numerator4  ; remain5     ; 10.250 ; 10.179 ; 10.312 ; 10.276 ;
; numerator4  ; remain6     ; 9.754  ; 9.723  ; 9.950  ; 9.884  ;
; numerator4  ; remain7     ; 10.596 ; 10.551 ; 10.672 ; 10.667 ;
; numerator5  ; business0   ; 14.614 ; 14.985 ; 15.253 ; 14.971 ;
; numerator5  ; business1   ; 14.540 ; 14.977 ; 15.507 ; 14.722 ;
; numerator5  ; business2   ; 13.474 ; 13.775 ; 14.203 ; 13.663 ;
; numerator5  ; business3   ; 11.760 ; 12.461 ; 12.727 ; 12.206 ;
; numerator5  ; business4   ; 10.437 ; 11.264 ; 11.548 ; 10.860 ;
; numerator5  ; business5   ; 9.055  ;        ;        ; 9.415  ;
; numerator5  ; pin_name2   ; 15.111 ; 15.521 ; 15.750 ; 15.507 ;
; numerator5  ; remain0     ; 14.234 ; 14.207 ; 14.517 ; 14.453 ;
; numerator5  ; remain1     ; 14.104 ; 14.011 ; 14.405 ; 14.321 ;
; numerator5  ; remain2     ; 13.745 ; 13.699 ; 14.014 ; 13.931 ;
; numerator5  ; remain3     ; 13.635 ; 13.559 ; 13.904 ; 13.791 ;
; numerator5  ; remain4     ; 13.931 ; 13.956 ; 14.216 ; 14.225 ;
; numerator5  ; remain5     ; 12.569 ; 12.873 ; 13.278 ; 12.841 ;
; numerator5  ; remain6     ; 12.966 ; 12.935 ; 13.429 ; 13.363 ;
; numerator5  ; remain7     ; 13.194 ; 13.156 ; 13.620 ; 13.547 ;
; numerator6  ; business0   ; 12.714 ; 13.197 ; 13.279 ; 12.866 ;
; numerator6  ; business1   ; 12.994 ; 13.251 ; 13.575 ; 12.920 ;
; numerator6  ; business2   ; 11.802 ; 12.112 ; 12.229 ; 11.807 ;
; numerator6  ; business3   ; 10.737 ; 10.862 ; 10.805 ; 10.906 ;
; numerator6  ; business4   ; 8.811  ; 9.433  ; 9.392  ; 8.994  ;
; numerator6  ; business5   ; 7.396  ; 8.313  ; 8.401  ; 7.441  ;
; numerator6  ; business6   ; 6.871  ;        ;        ; 6.929  ;
; numerator6  ; pin_name2   ; 13.211 ; 13.733 ; 13.776 ; 13.402 ;
; numerator6  ; remain0     ; 12.334 ; 12.307 ; 12.412 ; 12.348 ;
; numerator6  ; remain1     ; 12.204 ; 12.111 ; 12.300 ; 12.216 ;
; numerator6  ; remain2     ; 12.004 ; 11.960 ; 12.083 ; 12.001 ;
; numerator6  ; remain3     ; 11.921 ; 11.853 ; 12.000 ; 11.894 ;
; numerator6  ; remain4     ; 12.269 ; 12.229 ; 12.360 ; 12.343 ;
; numerator6  ; remain5     ; 12.032 ; 12.003 ; 12.110 ; 12.043 ;
; numerator6  ; remain6     ; 10.678 ; 11.087 ; 11.259 ; 10.756 ;
; numerator6  ; remain7     ; 11.648 ; 11.610 ; 11.818 ; 11.745 ;
; numerator7  ; business0   ; 14.282 ; 14.662 ; 14.789 ; 14.430 ;
; numerator7  ; business1   ; 14.201 ; 14.419 ; 14.720 ; 14.187 ;
; numerator7  ; business2   ; 12.945 ; 13.192 ; 13.464 ; 12.960 ;
; numerator7  ; business3   ; 11.241 ; 12.056 ; 12.138 ; 11.440 ;
; numerator7  ; business4   ; 10.158 ; 10.841 ; 10.863 ; 10.324 ;
; numerator7  ; business5   ; 9.218  ; 9.661  ; 9.825  ; 9.337  ;
; numerator7  ; business6   ; 8.242  ; 8.782  ; 8.854  ; 8.368  ;
; numerator7  ; business7   ; 8.888  ;        ;        ; 8.923  ;
; numerator7  ; pin_name2   ; 14.779 ; 15.198 ; 15.286 ; 14.966 ;
; numerator7  ; remain0     ; 13.902 ; 13.875 ; 13.976 ; 13.912 ;
; numerator7  ; remain1     ; 13.772 ; 13.679 ; 13.864 ; 13.780 ;
; numerator7  ; remain2     ; 13.406 ; 13.360 ; 13.479 ; 13.396 ;
; numerator7  ; remain3     ; 13.296 ; 13.220 ; 13.369 ; 13.256 ;
; numerator7  ; remain4     ; 13.412 ; 13.437 ; 13.513 ; 13.522 ;
; numerator7  ; remain5     ; 13.404 ; 13.364 ; 13.479 ; 13.402 ;
; numerator7  ; remain6     ; 13.600 ; 13.475 ; 13.646 ; 13.569 ;
; numerator7  ; remain7     ; 12.294 ; 12.594 ; 12.801 ; 12.362 ;
; numerator8  ; business0   ; 15.279 ; 15.822 ; 15.847 ; 15.376 ;
; numerator8  ; business1   ; 15.691 ; 15.944 ; 16.177 ; 15.595 ;
; numerator8  ; business2   ; 14.229 ; 14.632 ; 14.837 ; 14.166 ;
; numerator8  ; business3   ; 12.805 ; 13.380 ; 13.372 ; 12.914 ;
; numerator8  ; business4   ; 11.590 ; 11.928 ; 11.991 ; 11.723 ;
; numerator8  ; business5   ; 10.446 ; 10.901 ; 11.045 ; 10.512 ;
; numerator8  ; business6   ; 9.446  ; 10.004 ; 10.054 ; 9.538  ;
; numerator8  ; business7   ; 10.416 ; 10.842 ; 11.024 ; 10.376 ;
; numerator8  ; business8   ; 7.297  ;        ;        ; 7.527  ;
; numerator8  ; pin_name2   ; 15.776 ; 16.358 ; 16.344 ; 15.912 ;
; numerator8  ; remain0     ; 14.899 ; 14.872 ; 14.922 ; 14.858 ;
; numerator8  ; remain1     ; 14.769 ; 14.676 ; 14.810 ; 14.726 ;
; numerator8  ; remain2     ; 14.569 ; 14.525 ; 14.593 ; 14.511 ;
; numerator8  ; remain3     ; 14.486 ; 14.418 ; 14.510 ; 14.404 ;
; numerator8  ; remain4     ; 14.696 ; 14.742 ; 14.719 ; 14.728 ;
; numerator8  ; remain5     ; 14.597 ; 14.568 ; 14.620 ; 14.553 ;
; numerator8  ; remain6     ; 14.966 ; 14.846 ; 14.904 ; 14.906 ;
; numerator8  ; remain7     ; 14.516 ; 14.481 ; 14.538 ; 14.465 ;
; numerator9  ; business0   ; 18.644 ; 18.624 ; 18.869 ; 18.872 ;
; numerator9  ; business1   ; 17.614 ; 17.934 ; 18.467 ; 17.740 ;
; numerator9  ; business2   ; 16.297 ; 16.673 ; 17.150 ; 16.479 ;
; numerator9  ; business3   ; 14.809 ; 15.403 ; 15.662 ; 15.209 ;
; numerator9  ; business4   ; 13.715 ; 14.256 ; 14.465 ; 14.102 ;
; numerator9  ; business5   ; 12.482 ; 13.008 ; 13.335 ; 12.814 ;
; numerator9  ; business6   ; 11.616 ; 12.242 ; 12.556 ; 11.935 ;
; numerator9  ; business7   ; 12.686 ; 13.295 ; 13.707 ; 12.942 ;
; numerator9  ; business8   ; 9.898  ; 10.653 ; 10.785 ; 10.406 ;
; numerator9  ; business9   ; 9.609  ;        ;        ; 9.986  ;
; numerator9  ; pin_name2   ; 19.141 ; 19.160 ; 19.366 ; 19.408 ;
; numerator9  ; remain0     ; 18.170 ; 18.106 ; 18.418 ; 18.354 ;
; numerator9  ; remain1     ; 17.286 ; 17.243 ; 17.452 ; 17.419 ;
; numerator9  ; remain2     ; 16.819 ; 16.773 ; 17.032 ; 16.949 ;
; numerator9  ; remain3     ; 16.709 ; 16.633 ; 16.922 ; 16.809 ;
; numerator9  ; remain4     ; 16.764 ; 16.810 ; 17.032 ; 17.041 ;
; numerator9  ; remain5     ; 16.817 ; 16.777 ; 17.032 ; 16.955 ;
; numerator9  ; remain6     ; 17.042 ; 16.949 ; 17.217 ; 17.241 ;
; numerator9  ; remain7     ; 16.751 ; 16.711 ; 16.964 ; 16.887 ;
; numerator10 ; business0   ; 19.202 ; 19.214 ; 19.539 ; 19.561 ;
; numerator10 ; business1   ; 19.464 ; 19.291 ; 19.820 ; 19.619 ;
; numerator10 ; business2   ; 16.826 ; 17.284 ; 17.731 ; 17.124 ;
; numerator10 ; business3   ; 15.396 ; 16.034 ; 16.301 ; 15.874 ;
; numerator10 ; business4   ; 14.199 ; 14.667 ; 14.965 ; 14.677 ;
; numerator10 ; business5   ; 13.074 ; 13.640 ; 13.979 ; 13.496 ;
; numerator10 ; business6   ; 12.362 ; 12.458 ; 12.866 ; 12.778 ;
; numerator10 ; business7   ; 13.210 ; 13.511 ; 14.017 ; 13.523 ;
; numerator10 ; business8   ; 10.307 ; 10.869 ; 11.095 ; 10.872 ;
; numerator10 ; business9   ; 10.238 ; 10.801 ; 11.143 ; 10.641 ;
; numerator10 ; business10  ; 10.729 ;        ;        ; 11.052 ;
; numerator10 ; pin_name2   ; 19.699 ; 19.750 ; 20.036 ; 20.097 ;
; numerator10 ; remain0     ; 18.760 ; 18.696 ; 19.107 ; 19.043 ;
; numerator10 ; remain1     ; 18.648 ; 18.564 ; 18.995 ; 18.911 ;
; numerator10 ; remain2     ; 17.978 ; 17.840 ; 18.309 ; 18.238 ;
; numerator10 ; remain3     ; 17.764 ; 17.672 ; 18.122 ; 18.020 ;
; numerator10 ; remain4     ; 17.293 ; 17.339 ; 17.677 ; 17.686 ;
; numerator10 ; remain5     ; 17.722 ; 17.666 ; 18.081 ; 17.987 ;
; numerator10 ; remain6     ; 17.571 ; 17.478 ; 17.862 ; 17.886 ;
; numerator10 ; remain7     ; 17.632 ; 17.586 ; 17.991 ; 17.908 ;
; numerator11 ; business0   ; 19.943 ; 19.932 ; 20.313 ; 20.311 ;
; numerator11 ; business1   ; 20.069 ; 19.849 ; 20.459 ; 20.199 ;
; numerator11 ; business2   ; 18.648 ; 18.509 ; 19.036 ; 18.906 ;
; numerator11 ; business3   ; 16.421 ; 16.988 ; 17.359 ; 16.929 ;
; numerator11 ; business4   ; 15.259 ; 15.411 ; 15.700 ; 15.746 ;
; numerator11 ; business5   ; 13.787 ; 14.304 ; 14.725 ; 14.245 ;
; numerator11 ; business6   ; 13.126 ; 13.377 ; 13.791 ; 13.579 ;
; numerator11 ; business7   ; 13.656 ; 14.252 ; 14.754 ; 14.000 ;
; numerator11 ; business8   ; 10.799 ; 11.639 ; 11.897 ; 11.387 ;
; numerator11 ; business9   ; 10.764 ; 11.705 ; 12.057 ; 11.221 ;
; numerator11 ; business10  ; 11.648 ; 12.466 ; 12.941 ; 11.982 ;
; numerator11 ; business11  ; 9.982  ;        ;        ; 10.422 ;
; numerator11 ; pin_name2   ; 20.440 ; 20.468 ; 20.810 ; 20.847 ;
; numerator11 ; remain0     ; 19.478 ; 19.414 ; 19.857 ; 19.793 ;
; numerator11 ; remain1     ; 19.366 ; 19.282 ; 19.745 ; 19.661 ;
; numerator11 ; remain2     ; 19.141 ; 19.058 ; 19.491 ; 19.408 ;
; numerator11 ; remain3     ; 18.789 ; 18.725 ; 19.177 ; 19.075 ;
; numerator11 ; remain4     ; 18.592 ; 18.617 ; 19.024 ; 19.058 ;
; numerator11 ; remain5     ; 18.721 ; 18.610 ; 19.108 ; 19.006 ;
; numerator11 ; remain6     ; 18.629 ; 18.613 ; 18.989 ; 18.985 ;
; numerator11 ; remain7     ; 18.514 ; 18.411 ; 18.881 ; 18.787 ;
; numerator12 ; business0   ; 20.670 ; 20.718 ; 21.150 ; 21.160 ;
; numerator12 ; business1   ; 20.856 ; 20.676 ; 21.336 ; 21.118 ;
; numerator12 ; business2   ; 19.416 ; 19.277 ; 19.886 ; 19.756 ;
; numerator12 ; business3   ; 17.977 ; 18.027 ; 18.456 ; 18.506 ;
; numerator12 ; business4   ; 15.538 ; 16.407 ; 16.725 ; 16.138 ;
; numerator12 ; business5   ; 14.593 ; 15.380 ; 15.780 ; 15.111 ;
; numerator12 ; business6   ; 13.894 ; 14.420 ; 14.943 ; 14.429 ;
; numerator12 ; business7   ; 15.186 ; 15.473 ; 16.094 ; 15.597 ;
; numerator12 ; business8   ; 12.340 ; 12.831 ; 13.172 ; 13.015 ;
; numerator12 ; business9   ; 12.123 ; 12.899 ; 13.310 ; 12.630 ;
; numerator12 ; business10  ; 12.691 ; 13.404 ; 13.878 ; 13.129 ;
; numerator12 ; business11  ; 10.968 ; 11.721 ; 12.155 ; 11.446 ;
; numerator12 ; business12  ; 10.000 ;        ;        ; 10.576 ;
; numerator12 ; pin_name2   ; 21.167 ; 21.254 ; 21.647 ; 21.696 ;
; numerator12 ; remain0     ; 20.264 ; 20.200 ; 20.706 ; 20.642 ;
; numerator12 ; remain1     ; 20.152 ; 20.067 ; 20.594 ; 20.510 ;
; numerator12 ; remain2     ; 19.935 ; 19.853 ; 20.377 ; 20.295 ;
; numerator12 ; remain3     ; 19.852 ; 19.745 ; 20.294 ; 20.187 ;
; numerator12 ; remain4     ; 19.523 ; 19.516 ; 19.968 ; 20.088 ;
; numerator12 ; remain5     ; 19.123 ; 19.042 ; 19.604 ; 19.486 ;
; numerator12 ; remain6     ; 18.980 ; 18.948 ; 19.460 ; 19.383 ;
; numerator12 ; remain7     ; 19.542 ; 19.433 ; 19.986 ; 20.004 ;
; numerator13 ; business0   ; 21.353 ; 21.333 ; 21.794 ; 21.783 ;
; numerator13 ; business1   ; 21.496 ; 21.254 ; 21.936 ; 21.703 ;
; numerator13 ; business2   ; 19.847 ; 19.708 ; 20.290 ; 20.160 ;
; numerator13 ; business3   ; 18.417 ; 18.458 ; 18.860 ; 18.910 ;
; numerator13 ; business4   ; 16.993 ; 17.107 ; 17.437 ; 17.511 ;
; numerator13 ; business5   ; 15.496 ; 15.836 ; 16.308 ; 15.994 ;
; numerator13 ; business6   ; 14.325 ; 14.812 ; 15.137 ; 14.833 ;
; numerator13 ; business7   ; 15.685 ; 15.922 ; 16.369 ; 16.085 ;
; numerator13 ; business8   ; 12.356 ; 12.958 ; 13.168 ; 12.979 ;
; numerator13 ; business9   ; 12.283 ; 12.749 ; 13.095 ; 12.770 ;
; numerator13 ; business10  ; 13.292 ; 13.616 ; 14.104 ; 13.637 ;
; numerator13 ; business11  ; 11.395 ; 11.866 ; 12.207 ; 11.887 ;
; numerator13 ; business12  ; 10.386 ; 10.870 ; 11.154 ; 10.891 ;
; numerator13 ; business13  ; 9.941  ;        ;        ; 10.399 ;
; numerator13 ; pin_name2   ; 21.850 ; 21.869 ; 22.291 ; 22.319 ;
; numerator13 ; remain0     ; 20.879 ; 20.815 ; 21.329 ; 21.265 ;
; numerator13 ; remain1     ; 20.767 ; 20.683 ; 21.217 ; 21.133 ;
; numerator13 ; remain2     ; 20.546 ; 20.463 ; 20.995 ; 20.912 ;
; numerator13 ; remain3     ; 20.436 ; 20.323 ; 20.885 ; 20.772 ;
; numerator13 ; remain4     ; 20.261 ; 20.270 ; 20.713 ; 20.722 ;
; numerator13 ; remain5     ; 20.430 ; 20.319 ; 20.857 ; 20.755 ;
; numerator13 ; remain6     ; 19.983 ; 19.941 ; 20.355 ; 20.440 ;
; numerator13 ; remain7     ; 20.478 ; 20.401 ; 20.927 ; 20.850 ;
; numerator14 ; business0   ; 21.879 ; 21.859 ; 22.259 ; 22.248 ;
; numerator14 ; business1   ; 22.022 ; 21.780 ; 22.401 ; 22.168 ;
; numerator14 ; business2   ; 20.373 ; 20.234 ; 20.755 ; 20.625 ;
; numerator14 ; business3   ; 18.943 ; 18.984 ; 19.325 ; 19.375 ;
; numerator14 ; business4   ; 17.746 ; 17.787 ; 18.128 ; 18.178 ;
; numerator14 ; business5   ; 16.548 ; 16.527 ; 16.929 ; 16.917 ;
; numerator14 ; business6   ; 14.851 ; 14.992 ; 15.348 ; 15.298 ;
; numerator14 ; business7   ; 16.002 ; 16.045 ; 16.499 ; 16.351 ;
; numerator14 ; business8   ; 13.080 ; 13.403 ; 13.577 ; 13.709 ;
; numerator14 ; business9   ; 13.361 ; 13.523 ; 13.858 ; 13.829 ;
; numerator14 ; business10  ; 13.869 ; 13.977 ; 14.366 ; 14.283 ;
; numerator14 ; business11  ; 12.131 ; 12.282 ; 12.628 ; 12.588 ;
; numerator14 ; business12  ; 10.787 ; 11.054 ; 11.284 ; 11.360 ;
; numerator14 ; business13  ; 10.626 ; 10.750 ; 11.123 ; 11.056 ;
; numerator14 ; business14  ; 9.424  ;        ;        ; 9.831  ;
; numerator14 ; pin_name2   ; 22.376 ; 22.395 ; 22.756 ; 22.784 ;
; numerator14 ; remain0     ; 21.405 ; 21.341 ; 21.794 ; 21.730 ;
; numerator14 ; remain1     ; 21.293 ; 21.209 ; 21.682 ; 21.598 ;
; numerator14 ; remain2     ; 21.072 ; 20.989 ; 21.460 ; 21.377 ;
; numerator14 ; remain3     ; 20.962 ; 20.849 ; 21.350 ; 21.237 ;
; numerator14 ; remain4     ; 20.787 ; 20.796 ; 21.178 ; 21.187 ;
; numerator14 ; remain5     ; 21.072 ; 20.995 ; 21.460 ; 21.383 ;
; numerator14 ; remain6     ; 20.509 ; 20.467 ; 20.820 ; 20.905 ;
; numerator14 ; remain7     ; 20.860 ; 20.757 ; 21.232 ; 21.138 ;
; numerator15 ; business0   ; 22.645 ; 22.634 ; 23.019 ; 23.008 ;
; numerator15 ; business1   ; 22.787 ; 22.554 ; 23.161 ; 22.928 ;
; numerator15 ; business2   ; 21.141 ; 21.011 ; 21.515 ; 21.385 ;
; numerator15 ; business3   ; 19.711 ; 19.761 ; 20.085 ; 20.135 ;
; numerator15 ; business4   ; 18.183 ; 18.277 ; 18.602 ; 18.701 ;
; numerator15 ; business5   ; 17.238 ; 17.250 ; 17.657 ; 17.674 ;
; numerator15 ; business6   ; 15.659 ; 15.684 ; 16.024 ; 16.058 ;
; numerator15 ; business7   ; 16.805 ; 16.737 ; 17.175 ; 17.111 ;
; numerator15 ; business8   ; 13.850 ; 14.095 ; 14.253 ; 14.395 ;
; numerator15 ; business9   ; 13.546 ; 13.925 ; 14.327 ; 13.960 ;
; numerator15 ; business10  ; 14.337 ; 14.636 ; 15.042 ; 14.671 ;
; numerator15 ; business11  ; 12.481 ; 12.859 ; 13.262 ; 12.894 ;
; numerator15 ; business12  ; 11.197 ; 11.691 ; 11.960 ; 11.726 ;
; numerator15 ; business13  ; 10.939 ; 11.442 ; 11.799 ; 11.391 ;
; numerator15 ; business14  ; 9.689  ;        ;        ; 10.122 ;
; numerator15 ; business15  ; 8.826  ;        ;        ; 9.310  ;
; numerator15 ; pin_name2   ; 23.142 ; 23.170 ; 23.516 ; 23.544 ;
; numerator15 ; remain0     ; 22.180 ; 22.116 ; 22.554 ; 22.490 ;
; numerator15 ; remain1     ; 22.068 ; 21.984 ; 22.442 ; 22.358 ;
; numerator15 ; remain2     ; 21.846 ; 21.763 ; 22.220 ; 22.137 ;
; numerator15 ; remain3     ; 21.736 ; 21.623 ; 22.110 ; 21.997 ;
; numerator15 ; remain4     ; 21.564 ; 21.573 ; 21.938 ; 21.947 ;
; numerator15 ; remain5     ; 21.743 ; 21.625 ; 22.167 ; 22.049 ;
; numerator15 ; remain6     ; 21.206 ; 21.275 ; 21.580 ; 21.640 ;
; numerator15 ; remain7     ; 21.618 ; 21.524 ; 21.992 ; 21.898 ;
+-------------+-------------+--------+--------+--------+--------+


-----------------------------------------------
; Slow 1200mV 125C Model Metastability Report ;
-----------------------------------------------
No synchronizer chains to report.


---------------------------------------
; Slow 1200mV -40C Model Fmax Summary ;
---------------------------------------
No paths to report.


----------------------------------------
; Slow 1200mV -40C Model Setup Summary ;
----------------------------------------
No paths to report.


---------------------------------------
; Slow 1200mV -40C Model Hold Summary ;
---------------------------------------
No paths to report.


-------------------------------------------
; Slow 1200mV -40C Model Recovery Summary ;
-------------------------------------------
No paths to report.


------------------------------------------
; Slow 1200mV -40C Model Removal Summary ;
------------------------------------------
No paths to report.


------------------------------------------------------
; Slow 1200mV -40C Model Minimum Pulse Width Summary ;
------------------------------------------------------
No paths to report.


+---------------------------------------------------------------+
; Propagation Delay                                             ;
+-------------+-------------+--------+--------+--------+--------+
; Input Port  ; Output Port ; RR     ; RF     ; FR     ; FF     ;
+-------------+-------------+--------+--------+--------+--------+
; denom0      ; business0   ; 46.756 ; 46.653 ; 46.941 ; 46.838 ;
; denom0      ; business1   ; 44.150 ; 44.099 ; 44.335 ; 44.284 ;
; denom0      ; business2   ; 40.818 ; 40.571 ; 41.003 ; 40.756 ;
; denom0      ; business3   ; 37.716 ; 37.659 ; 37.901 ; 37.844 ;
; denom0      ; business4   ; 34.175 ; 34.102 ; 34.360 ; 34.287 ;
; denom0      ; business5   ; 30.683 ; 30.547 ; 30.868 ; 30.732 ;
; denom0      ; business6   ; 27.631 ; 27.514 ; 27.816 ; 27.699 ;
; denom0      ; business7   ; 26.323 ; 26.177 ; 26.508 ; 26.362 ;
; denom0      ; business8   ; 21.841 ; 21.876 ; 22.026 ; 22.061 ;
; denom0      ; business9   ; 20.082 ; 20.252 ; 20.267 ; 20.437 ;
; denom0      ; business10  ; 18.490 ; 18.582 ; 18.675 ; 18.767 ;
; denom0      ; business11  ; 15.003 ; 14.943 ; 15.188 ; 15.128 ;
; denom0      ; business12  ; 12.268 ; 12.599 ; 12.453 ; 12.784 ;
; denom0      ; business13  ; 9.761  ; 9.951  ; 9.997  ; 10.136 ;
; denom0      ; business14  ;        ; 8.223  ; 8.262  ;        ;
; denom0      ; business15  ;        ; 7.229  ; 7.269  ;        ;
; denom0      ; pin_name2   ; 47.197 ; 47.164 ; 47.382 ; 47.349 ;
; denom0      ; remain0     ; 46.487 ; 46.384 ; 46.672 ; 46.569 ;
; denom0      ; remain1     ; 46.359 ; 46.201 ; 46.544 ; 46.386 ;
; denom0      ; remain2     ; 46.171 ; 46.100 ; 46.356 ; 46.285 ;
; denom0      ; remain3     ; 46.099 ; 45.990 ; 46.284 ; 46.175 ;
; denom0      ; remain4     ; 46.434 ; 46.310 ; 46.619 ; 46.495 ;
; denom0      ; remain5     ; 46.194 ; 46.122 ; 46.379 ; 46.307 ;
; denom0      ; remain6     ; 46.529 ; 46.353 ; 46.714 ; 46.538 ;
; denom0      ; remain7     ; 46.138 ; 46.034 ; 46.323 ; 46.219 ;
; denom1      ; business0   ; 46.816 ; 46.713 ; 46.978 ; 46.875 ;
; denom1      ; business1   ; 44.210 ; 44.159 ; 44.372 ; 44.321 ;
; denom1      ; business2   ; 40.878 ; 40.631 ; 41.040 ; 40.793 ;
; denom1      ; business3   ; 37.776 ; 37.719 ; 37.938 ; 37.881 ;
; denom1      ; business4   ; 34.235 ; 34.162 ; 34.397 ; 34.324 ;
; denom1      ; business5   ; 30.743 ; 30.607 ; 30.905 ; 30.769 ;
; denom1      ; business6   ; 27.691 ; 27.574 ; 27.853 ; 27.736 ;
; denom1      ; business7   ; 26.383 ; 26.237 ; 26.545 ; 26.399 ;
; denom1      ; business8   ; 21.901 ; 21.936 ; 22.063 ; 22.098 ;
; denom1      ; business9   ; 20.142 ; 20.312 ; 20.304 ; 20.474 ;
; denom1      ; business10  ; 18.550 ; 18.642 ; 18.712 ; 18.804 ;
; denom1      ; business11  ; 15.063 ; 15.003 ; 15.225 ; 15.165 ;
; denom1      ; business12  ; 12.328 ; 12.659 ; 12.490 ; 12.821 ;
; denom1      ; business13  ; 9.872  ; 10.011 ; 10.060 ; 10.173 ;
; denom1      ; business14  ;        ; 8.283  ; 8.299  ;        ;
; denom1      ; business15  ;        ; 7.449  ; 7.467  ;        ;
; denom1      ; pin_name2   ; 47.257 ; 47.224 ; 47.419 ; 47.386 ;
; denom1      ; remain0     ; 46.547 ; 46.444 ; 46.709 ; 46.606 ;
; denom1      ; remain1     ; 46.419 ; 46.261 ; 46.581 ; 46.423 ;
; denom1      ; remain2     ; 46.231 ; 46.160 ; 46.393 ; 46.322 ;
; denom1      ; remain3     ; 46.159 ; 46.050 ; 46.321 ; 46.212 ;
; denom1      ; remain4     ; 46.494 ; 46.370 ; 46.656 ; 46.532 ;
; denom1      ; remain5     ; 46.254 ; 46.182 ; 46.416 ; 46.344 ;
; denom1      ; remain6     ; 46.589 ; 46.413 ; 46.751 ; 46.575 ;
; denom1      ; remain7     ; 46.198 ; 46.094 ; 46.360 ; 46.256 ;
; denom2      ; business0   ; 46.946 ; 46.843 ; 47.156 ; 47.053 ;
; denom2      ; business1   ; 44.340 ; 44.289 ; 44.550 ; 44.499 ;
; denom2      ; business2   ; 41.008 ; 40.761 ; 41.218 ; 40.971 ;
; denom2      ; business3   ; 37.906 ; 37.849 ; 38.116 ; 38.059 ;
; denom2      ; business4   ; 34.365 ; 34.292 ; 34.575 ; 34.502 ;
; denom2      ; business5   ; 30.873 ; 30.737 ; 31.083 ; 30.947 ;
; denom2      ; business6   ; 27.821 ; 27.704 ; 28.031 ; 27.914 ;
; denom2      ; business7   ; 26.513 ; 26.367 ; 26.723 ; 26.577 ;
; denom2      ; business8   ; 22.031 ; 22.066 ; 22.241 ; 22.276 ;
; denom2      ; business9   ; 20.272 ; 20.442 ; 20.482 ; 20.652 ;
; denom2      ; business10  ; 18.680 ; 18.772 ; 18.890 ; 18.982 ;
; denom2      ; business11  ; 15.193 ; 15.133 ; 15.403 ; 15.343 ;
; denom2      ; business12  ; 12.448 ; 12.789 ; 12.668 ; 12.999 ;
; denom2      ; business13  ; 10.034 ; 10.131 ; 10.121 ; 10.351 ;
; denom2      ; business14  ;        ; 7.589  ; 7.542  ;        ;
; denom2      ; business15  ;        ; 7.946  ; 7.974  ;        ;
; denom2      ; pin_name2   ; 47.387 ; 47.354 ; 47.597 ; 47.564 ;
; denom2      ; remain0     ; 46.677 ; 46.574 ; 46.887 ; 46.784 ;
; denom2      ; remain1     ; 46.549 ; 46.391 ; 46.759 ; 46.601 ;
; denom2      ; remain2     ; 46.361 ; 46.290 ; 46.571 ; 46.500 ;
; denom2      ; remain3     ; 46.289 ; 46.180 ; 46.499 ; 46.390 ;
; denom2      ; remain4     ; 46.624 ; 46.500 ; 46.834 ; 46.710 ;
; denom2      ; remain5     ; 46.384 ; 46.312 ; 46.594 ; 46.522 ;
; denom2      ; remain6     ; 46.719 ; 46.543 ; 46.929 ; 46.753 ;
; denom2      ; remain7     ; 46.328 ; 46.224 ; 46.538 ; 46.434 ;
; denom3      ; business0   ; 47.366 ; 47.263 ; 47.547 ; 47.444 ;
; denom3      ; business1   ; 44.760 ; 44.709 ; 44.941 ; 44.890 ;
; denom3      ; business2   ; 41.428 ; 41.181 ; 41.609 ; 41.362 ;
; denom3      ; business3   ; 38.326 ; 38.269 ; 38.507 ; 38.450 ;
; denom3      ; business4   ; 34.785 ; 34.712 ; 34.966 ; 34.893 ;
; denom3      ; business5   ; 31.293 ; 31.157 ; 31.474 ; 31.338 ;
; denom3      ; business6   ; 28.241 ; 28.124 ; 28.422 ; 28.305 ;
; denom3      ; business7   ; 26.933 ; 26.787 ; 27.114 ; 26.968 ;
; denom3      ; business8   ; 22.451 ; 22.486 ; 22.632 ; 22.667 ;
; denom3      ; business9   ; 20.692 ; 20.862 ; 20.873 ; 21.043 ;
; denom3      ; business10  ; 19.100 ; 19.192 ; 19.281 ; 19.373 ;
; denom3      ; business11  ; 15.613 ; 15.553 ; 15.794 ; 15.734 ;
; denom3      ; business12  ; 12.868 ; 13.209 ; 13.059 ; 13.390 ;
; denom3      ; business13  ; 10.454 ; 10.551 ; 10.512 ; 10.742 ;
; denom3      ; business14  ;        ; 8.014  ; 7.972  ;        ;
; denom3      ; business15  ;        ; 8.366  ; 8.365  ;        ;
; denom3      ; pin_name2   ; 47.807 ; 47.774 ; 47.988 ; 47.955 ;
; denom3      ; remain0     ; 47.097 ; 46.994 ; 47.278 ; 47.175 ;
; denom3      ; remain1     ; 46.969 ; 46.811 ; 47.150 ; 46.992 ;
; denom3      ; remain2     ; 46.781 ; 46.710 ; 46.962 ; 46.891 ;
; denom3      ; remain3     ; 46.709 ; 46.600 ; 46.890 ; 46.781 ;
; denom3      ; remain4     ; 47.044 ; 46.920 ; 47.225 ; 47.101 ;
; denom3      ; remain5     ; 46.804 ; 46.732 ; 46.985 ; 46.913 ;
; denom3      ; remain6     ; 47.139 ; 46.963 ; 47.320 ; 47.144 ;
; denom3      ; remain7     ; 46.748 ; 46.644 ; 46.929 ; 46.825 ;
; denom4      ; business0   ; 48.522 ; 48.419 ; 48.760 ; 48.657 ;
; denom4      ; business1   ; 45.916 ; 45.865 ; 46.154 ; 46.103 ;
; denom4      ; business2   ; 42.584 ; 42.337 ; 42.822 ; 42.575 ;
; denom4      ; business3   ; 39.482 ; 39.425 ; 39.720 ; 39.663 ;
; denom4      ; business4   ; 35.941 ; 35.868 ; 36.179 ; 36.106 ;
; denom4      ; business5   ; 32.449 ; 32.313 ; 32.687 ; 32.551 ;
; denom4      ; business6   ; 29.397 ; 29.280 ; 29.635 ; 29.518 ;
; denom4      ; business7   ; 28.089 ; 27.943 ; 28.327 ; 28.181 ;
; denom4      ; business8   ; 23.607 ; 23.642 ; 23.845 ; 23.880 ;
; denom4      ; business9   ; 21.848 ; 22.018 ; 22.086 ; 22.256 ;
; denom4      ; business10  ; 20.256 ; 20.348 ; 20.494 ; 20.586 ;
; denom4      ; business11  ; 16.769 ; 16.709 ; 17.007 ; 16.947 ;
; denom4      ; business12  ; 14.024 ; 14.365 ; 14.272 ; 14.603 ;
; denom4      ; business13  ; 11.610 ; 11.707 ; 11.725 ; 11.955 ;
; denom4      ; business14  ;        ; 9.129  ; 9.183  ;        ;
; denom4      ; business15  ;        ; 9.522  ; 9.578  ;        ;
; denom4      ; pin_name2   ; 48.963 ; 48.930 ; 49.201 ; 49.168 ;
; denom4      ; remain0     ; 48.253 ; 48.150 ; 48.491 ; 48.388 ;
; denom4      ; remain1     ; 48.125 ; 47.967 ; 48.363 ; 48.205 ;
; denom4      ; remain2     ; 47.937 ; 47.866 ; 48.175 ; 48.104 ;
; denom4      ; remain3     ; 47.865 ; 47.756 ; 48.103 ; 47.994 ;
; denom4      ; remain4     ; 48.200 ; 48.076 ; 48.438 ; 48.314 ;
; denom4      ; remain5     ; 47.960 ; 47.888 ; 48.198 ; 48.126 ;
; denom4      ; remain6     ; 48.295 ; 48.119 ; 48.533 ; 48.357 ;
; denom4      ; remain7     ; 47.904 ; 47.800 ; 48.142 ; 48.038 ;
; denom5      ; business0   ; 49.213 ; 49.110 ; 49.417 ; 49.314 ;
; denom5      ; business1   ; 46.607 ; 46.556 ; 46.811 ; 46.760 ;
; denom5      ; business2   ; 43.275 ; 43.028 ; 43.479 ; 43.232 ;
; denom5      ; business3   ; 40.173 ; 40.116 ; 40.377 ; 40.320 ;
; denom5      ; business4   ; 36.632 ; 36.559 ; 36.836 ; 36.763 ;
; denom5      ; business5   ; 33.140 ; 33.004 ; 33.344 ; 33.208 ;
; denom5      ; business6   ; 30.088 ; 29.971 ; 30.292 ; 30.175 ;
; denom5      ; business7   ; 28.780 ; 28.634 ; 28.984 ; 28.838 ;
; denom5      ; business8   ; 24.298 ; 24.333 ; 24.502 ; 24.537 ;
; denom5      ; business9   ; 22.539 ; 22.709 ; 22.743 ; 22.913 ;
; denom5      ; business10  ; 20.947 ; 21.039 ; 21.151 ; 21.243 ;
; denom5      ; business11  ; 17.460 ; 17.400 ; 17.664 ; 17.604 ;
; denom5      ; business12  ; 14.715 ; 15.056 ; 14.929 ; 15.260 ;
; denom5      ; business13  ; 12.301 ; 12.398 ; 12.382 ; 12.612 ;
; denom5      ; business14  ;        ; 9.820  ; 9.840  ;        ;
; denom5      ; business15  ;        ; 10.213 ; 10.235 ;        ;
; denom5      ; pin_name2   ; 49.654 ; 49.621 ; 49.858 ; 49.825 ;
; denom5      ; remain0     ; 48.944 ; 48.841 ; 49.148 ; 49.045 ;
; denom5      ; remain1     ; 48.816 ; 48.658 ; 49.020 ; 48.862 ;
; denom5      ; remain2     ; 48.628 ; 48.557 ; 48.832 ; 48.761 ;
; denom5      ; remain3     ; 48.556 ; 48.447 ; 48.760 ; 48.651 ;
; denom5      ; remain4     ; 48.891 ; 48.767 ; 49.095 ; 48.971 ;
; denom5      ; remain5     ; 48.651 ; 48.579 ; 48.855 ; 48.783 ;
; denom5      ; remain6     ; 48.986 ; 48.810 ; 49.190 ; 49.014 ;
; denom5      ; remain7     ; 48.595 ; 48.491 ; 48.799 ; 48.695 ;
; denom6      ; business0   ; 48.480 ; 48.377 ; 48.732 ; 48.629 ;
; denom6      ; business1   ; 45.874 ; 45.823 ; 46.126 ; 46.075 ;
; denom6      ; business2   ; 42.542 ; 42.295 ; 42.794 ; 42.547 ;
; denom6      ; business3   ; 39.440 ; 39.383 ; 39.692 ; 39.635 ;
; denom6      ; business4   ; 35.899 ; 35.826 ; 36.151 ; 36.078 ;
; denom6      ; business5   ; 32.407 ; 32.271 ; 32.659 ; 32.523 ;
; denom6      ; business6   ; 29.355 ; 29.238 ; 29.607 ; 29.490 ;
; denom6      ; business7   ; 28.047 ; 27.901 ; 28.299 ; 28.153 ;
; denom6      ; business8   ; 23.565 ; 23.600 ; 23.817 ; 23.852 ;
; denom6      ; business9   ; 21.806 ; 21.976 ; 22.058 ; 22.228 ;
; denom6      ; business10  ; 20.214 ; 20.306 ; 20.466 ; 20.558 ;
; denom6      ; business11  ; 16.727 ; 16.667 ; 16.979 ; 16.919 ;
; denom6      ; business12  ; 13.982 ; 14.323 ; 14.244 ; 14.575 ;
; denom6      ; business13  ; 11.568 ; 11.665 ; 11.697 ; 11.927 ;
; denom6      ; business14  ;        ; 9.087  ; 9.155  ;        ;
; denom6      ; business15  ;        ; 9.480  ; 9.550  ;        ;
; denom6      ; pin_name2   ; 48.921 ; 48.888 ; 49.173 ; 49.140 ;
; denom6      ; remain0     ; 48.211 ; 48.108 ; 48.463 ; 48.360 ;
; denom6      ; remain1     ; 48.083 ; 47.925 ; 48.335 ; 48.177 ;
; denom6      ; remain2     ; 47.895 ; 47.824 ; 48.147 ; 48.076 ;
; denom6      ; remain3     ; 47.823 ; 47.714 ; 48.075 ; 47.966 ;
; denom6      ; remain4     ; 48.158 ; 48.034 ; 48.410 ; 48.286 ;
; denom6      ; remain5     ; 47.918 ; 47.846 ; 48.170 ; 48.098 ;
; denom6      ; remain6     ; 48.253 ; 48.077 ; 48.505 ; 48.329 ;
; denom6      ; remain7     ; 47.862 ; 47.758 ; 48.114 ; 48.010 ;
; denom7      ; business0   ; 48.885 ; 48.782 ; 49.120 ; 49.017 ;
; denom7      ; business1   ; 46.279 ; 46.228 ; 46.514 ; 46.463 ;
; denom7      ; business2   ; 42.947 ; 42.700 ; 43.182 ; 42.935 ;
; denom7      ; business3   ; 39.845 ; 39.788 ; 40.080 ; 40.023 ;
; denom7      ; business4   ; 36.304 ; 36.231 ; 36.539 ; 36.466 ;
; denom7      ; business5   ; 32.812 ; 32.676 ; 33.047 ; 32.911 ;
; denom7      ; business6   ; 29.760 ; 29.643 ; 29.995 ; 29.878 ;
; denom7      ; business7   ; 28.452 ; 28.306 ; 28.687 ; 28.541 ;
; denom7      ; business8   ; 23.970 ; 24.005 ; 24.205 ; 24.240 ;
; denom7      ; business9   ; 22.211 ; 22.381 ; 22.446 ; 22.616 ;
; denom7      ; business10  ; 20.619 ; 20.711 ; 20.854 ; 20.946 ;
; denom7      ; business11  ; 17.132 ; 17.072 ; 17.367 ; 17.307 ;
; denom7      ; business12  ; 14.387 ; 14.728 ; 14.632 ; 14.963 ;
; denom7      ; business13  ; 11.973 ; 12.070 ; 12.085 ; 12.315 ;
; denom7      ; business14  ;        ; 9.492  ; 9.543  ;        ;
; denom7      ; business15  ;        ; 9.885  ; 9.938  ;        ;
; denom7      ; pin_name2   ; 49.326 ; 49.293 ; 49.561 ; 49.528 ;
; denom7      ; remain0     ; 48.616 ; 48.513 ; 48.851 ; 48.748 ;
; denom7      ; remain1     ; 48.488 ; 48.330 ; 48.723 ; 48.565 ;
; denom7      ; remain2     ; 48.300 ; 48.229 ; 48.535 ; 48.464 ;
; denom7      ; remain3     ; 48.228 ; 48.119 ; 48.463 ; 48.354 ;
; denom7      ; remain4     ; 48.563 ; 48.439 ; 48.798 ; 48.674 ;
; denom7      ; remain5     ; 48.323 ; 48.251 ; 48.558 ; 48.486 ;
; denom7      ; remain6     ; 48.658 ; 48.482 ; 48.893 ; 48.717 ;
; denom7      ; remain7     ; 48.267 ; 48.163 ; 48.502 ; 48.398 ;
; numerator0  ; business0   ; 9.346  ;        ;        ; 9.501  ;
; numerator0  ; pin_name1   ; 5.861  ;        ;        ; 5.992  ;
; numerator0  ; pin_name2   ; 9.787  ;        ;        ; 10.012 ;
; numerator0  ; remain0     ; 9.077  ; 8.974  ; 9.077  ; 8.940  ;
; numerator0  ; remain1     ; 8.949  ; 8.791  ; 8.981  ; 8.828  ;
; numerator0  ; remain2     ; 8.761  ; 8.690  ; 8.760  ; 8.655  ;
; numerator0  ; remain3     ; 8.689  ; 8.580  ; 8.688  ; 8.545  ;
; numerator0  ; remain4     ; 9.024  ; 8.900  ; 9.184  ; 8.985  ;
; numerator0  ; remain5     ; 8.784  ; 8.712  ; 8.783  ; 8.677  ;
; numerator0  ; remain6     ; 9.119  ; 8.943  ; 9.200  ; 9.009  ;
; numerator0  ; remain7     ; 8.728  ; 8.624  ; 8.715  ; 8.628  ;
; numerator1  ; business0   ; 12.224 ; 12.121 ; 12.307 ; 12.170 ;
; numerator1  ; business1   ; 9.618  ;        ;        ; 9.658  ;
; numerator1  ; pin_name2   ; 12.665 ; 12.632 ; 12.748 ; 12.681 ;
; numerator1  ; remain0     ; 11.955 ; 11.852 ; 12.038 ; 11.935 ;
; numerator1  ; remain1     ; 11.827 ; 11.669 ; 11.910 ; 11.752 ;
; numerator1  ; remain2     ; 11.639 ; 11.568 ; 11.722 ; 11.651 ;
; numerator1  ; remain3     ; 11.567 ; 11.458 ; 11.650 ; 11.541 ;
; numerator1  ; remain4     ; 11.902 ; 11.778 ; 11.985 ; 11.861 ;
; numerator1  ; remain5     ; 11.662 ; 11.590 ; 11.745 ; 11.673 ;
; numerator1  ; remain6     ; 11.997 ; 11.821 ; 12.080 ; 11.904 ;
; numerator1  ; remain7     ; 11.606 ; 11.502 ; 11.689 ; 11.585 ;
; numerator2  ; business0   ; 14.836 ; 14.733 ; 14.897 ; 14.760 ;
; numerator2  ; business1   ; 12.230 ; 12.179 ; 12.223 ; 12.248 ;
; numerator2  ; business2   ; 8.898  ;        ;        ; 8.971  ;
; numerator2  ; pin_name2   ; 15.277 ; 15.244 ; 15.338 ; 15.271 ;
; numerator2  ; remain0     ; 14.567 ; 14.464 ; 14.628 ; 14.525 ;
; numerator2  ; remain1     ; 14.439 ; 14.281 ; 14.500 ; 14.342 ;
; numerator2  ; remain2     ; 14.251 ; 14.180 ; 14.312 ; 14.241 ;
; numerator2  ; remain3     ; 14.179 ; 14.070 ; 14.240 ; 14.131 ;
; numerator2  ; remain4     ; 14.514 ; 14.390 ; 14.575 ; 14.451 ;
; numerator2  ; remain5     ; 14.274 ; 14.202 ; 14.335 ; 14.263 ;
; numerator2  ; remain6     ; 14.609 ; 14.433 ; 14.670 ; 14.494 ;
; numerator2  ; remain7     ; 14.218 ; 14.114 ; 14.279 ; 14.175 ;
; numerator3  ; business0   ; 15.764 ; 15.661 ; 15.759 ; 15.656 ;
; numerator3  ; business1   ; 13.158 ; 13.107 ; 13.153 ; 13.102 ;
; numerator3  ; business2   ; 9.826  ; 9.579  ; 9.821  ; 9.736  ;
; numerator3  ; business3   ; 6.724  ;        ;        ; 6.879  ;
; numerator3  ; pin_name2   ; 16.205 ; 16.172 ; 16.200 ; 16.167 ;
; numerator3  ; remain0     ; 15.495 ; 15.392 ; 15.490 ; 15.387 ;
; numerator3  ; remain1     ; 15.367 ; 15.209 ; 15.362 ; 15.204 ;
; numerator3  ; remain2     ; 15.179 ; 15.108 ; 15.174 ; 15.103 ;
; numerator3  ; remain3     ; 15.107 ; 14.998 ; 15.102 ; 14.993 ;
; numerator3  ; remain4     ; 15.442 ; 15.318 ; 15.437 ; 15.313 ;
; numerator3  ; remain5     ; 15.202 ; 15.130 ; 15.197 ; 15.125 ;
; numerator3  ; remain6     ; 15.537 ; 15.361 ; 15.532 ; 15.356 ;
; numerator3  ; remain7     ; 15.146 ; 15.042 ; 15.141 ; 15.037 ;
; numerator4  ; business0   ; 19.010 ; 18.907 ; 18.971 ; 18.868 ;
; numerator4  ; business1   ; 16.404 ; 16.353 ; 16.365 ; 16.314 ;
; numerator4  ; business2   ; 13.072 ; 12.825 ; 13.033 ; 12.858 ;
; numerator4  ; business3   ; 9.970  ; 9.913  ; 9.931  ; 10.001 ;
; numerator4  ; business4   ; 6.429  ;        ;        ; 6.571  ;
; numerator4  ; pin_name2   ; 19.451 ; 19.418 ; 19.412 ; 19.379 ;
; numerator4  ; remain0     ; 18.741 ; 18.638 ; 18.702 ; 18.599 ;
; numerator4  ; remain1     ; 18.613 ; 18.455 ; 18.574 ; 18.416 ;
; numerator4  ; remain2     ; 18.425 ; 18.354 ; 18.386 ; 18.315 ;
; numerator4  ; remain3     ; 18.353 ; 18.244 ; 18.314 ; 18.205 ;
; numerator4  ; remain4     ; 18.688 ; 18.564 ; 18.649 ; 18.525 ;
; numerator4  ; remain5     ; 18.448 ; 18.376 ; 18.409 ; 18.337 ;
; numerator4  ; remain6     ; 18.783 ; 18.607 ; 18.744 ; 18.568 ;
; numerator4  ; remain7     ; 18.392 ; 18.288 ; 18.353 ; 18.249 ;
; numerator5  ; business0   ; 23.931 ; 23.828 ; 23.925 ; 23.822 ;
; numerator5  ; business1   ; 21.325 ; 21.274 ; 21.319 ; 21.268 ;
; numerator5  ; business2   ; 17.993 ; 17.746 ; 17.987 ; 17.740 ;
; numerator5  ; business3   ; 14.891 ; 14.834 ; 14.885 ; 14.859 ;
; numerator5  ; business4   ; 11.350 ; 11.277 ; 11.344 ; 11.429 ;
; numerator5  ; business5   ; 7.858  ;        ;        ; 7.964  ;
; numerator5  ; pin_name2   ; 24.372 ; 24.339 ; 24.366 ; 24.333 ;
; numerator5  ; remain0     ; 23.662 ; 23.559 ; 23.656 ; 23.553 ;
; numerator5  ; remain1     ; 23.534 ; 23.376 ; 23.528 ; 23.370 ;
; numerator5  ; remain2     ; 23.346 ; 23.275 ; 23.340 ; 23.269 ;
; numerator5  ; remain3     ; 23.274 ; 23.165 ; 23.268 ; 23.159 ;
; numerator5  ; remain4     ; 23.609 ; 23.485 ; 23.603 ; 23.479 ;
; numerator5  ; remain5     ; 23.369 ; 23.297 ; 23.363 ; 23.291 ;
; numerator5  ; remain6     ; 23.704 ; 23.528 ; 23.698 ; 23.522 ;
; numerator5  ; remain7     ; 23.313 ; 23.209 ; 23.307 ; 23.203 ;
; numerator6  ; business0   ; 25.217 ; 25.114 ; 25.277 ; 25.174 ;
; numerator6  ; business1   ; 22.611 ; 22.560 ; 22.671 ; 22.620 ;
; numerator6  ; business2   ; 19.279 ; 19.032 ; 19.339 ; 19.092 ;
; numerator6  ; business3   ; 16.177 ; 16.120 ; 16.237 ; 16.180 ;
; numerator6  ; business4   ; 12.636 ; 12.563 ; 12.696 ; 12.623 ;
; numerator6  ; business5   ; 9.144  ; 9.008  ; 9.204  ; 9.033  ;
; numerator6  ; business6   ; 6.092  ;        ;        ; 6.166  ;
; numerator6  ; pin_name2   ; 25.658 ; 25.625 ; 25.718 ; 25.685 ;
; numerator6  ; remain0     ; 24.948 ; 24.845 ; 25.008 ; 24.905 ;
; numerator6  ; remain1     ; 24.820 ; 24.662 ; 24.880 ; 24.722 ;
; numerator6  ; remain2     ; 24.632 ; 24.561 ; 24.692 ; 24.621 ;
; numerator6  ; remain3     ; 24.560 ; 24.451 ; 24.620 ; 24.511 ;
; numerator6  ; remain4     ; 24.895 ; 24.771 ; 24.955 ; 24.831 ;
; numerator6  ; remain5     ; 24.655 ; 24.583 ; 24.715 ; 24.643 ;
; numerator6  ; remain6     ; 24.990 ; 24.814 ; 25.050 ; 24.874 ;
; numerator6  ; remain7     ; 24.599 ; 24.495 ; 24.659 ; 24.555 ;
; numerator7  ; business0   ; 28.129 ; 28.026 ; 28.125 ; 28.022 ;
; numerator7  ; business1   ; 25.523 ; 25.472 ; 25.519 ; 25.468 ;
; numerator7  ; business2   ; 22.191 ; 21.944 ; 22.187 ; 21.940 ;
; numerator7  ; business3   ; 19.089 ; 19.032 ; 19.085 ; 19.028 ;
; numerator7  ; business4   ; 15.548 ; 15.475 ; 15.544 ; 15.471 ;
; numerator7  ; business5   ; 12.056 ; 11.920 ; 12.052 ; 11.894 ;
; numerator7  ; business6   ; 9.004  ; 8.887  ; 8.978  ; 9.014  ;
; numerator7  ; business7   ; 7.696  ;        ;        ; 7.785  ;
; numerator7  ; pin_name2   ; 28.570 ; 28.537 ; 28.566 ; 28.533 ;
; numerator7  ; remain0     ; 27.860 ; 27.757 ; 27.856 ; 27.753 ;
; numerator7  ; remain1     ; 27.732 ; 27.574 ; 27.728 ; 27.570 ;
; numerator7  ; remain2     ; 27.544 ; 27.473 ; 27.540 ; 27.469 ;
; numerator7  ; remain3     ; 27.472 ; 27.363 ; 27.468 ; 27.359 ;
; numerator7  ; remain4     ; 27.807 ; 27.683 ; 27.803 ; 27.679 ;
; numerator7  ; remain5     ; 27.567 ; 27.495 ; 27.563 ; 27.491 ;
; numerator7  ; remain6     ; 27.902 ; 27.726 ; 27.898 ; 27.722 ;
; numerator7  ; remain7     ; 27.511 ; 27.407 ; 27.507 ; 27.403 ;
; numerator8  ; business0   ; 31.362 ; 31.259 ; 31.617 ; 31.514 ;
; numerator8  ; business1   ; 28.756 ; 28.705 ; 29.011 ; 28.960 ;
; numerator8  ; business2   ; 25.424 ; 25.177 ; 25.679 ; 25.432 ;
; numerator8  ; business3   ; 22.322 ; 22.265 ; 22.577 ; 22.520 ;
; numerator8  ; business4   ; 18.781 ; 18.708 ; 19.036 ; 18.963 ;
; numerator8  ; business5   ; 15.289 ; 15.153 ; 15.544 ; 15.408 ;
; numerator8  ; business6   ; 12.237 ; 12.120 ; 12.492 ; 12.375 ;
; numerator8  ; business7   ; 10.929 ; 10.783 ; 11.184 ; 11.075 ;
; numerator8  ; business8   ; 6.447  ;        ;        ; 6.774  ;
; numerator8  ; pin_name2   ; 31.803 ; 31.770 ; 32.058 ; 32.025 ;
; numerator8  ; remain0     ; 31.093 ; 30.990 ; 31.348 ; 31.245 ;
; numerator8  ; remain1     ; 30.965 ; 30.807 ; 31.220 ; 31.062 ;
; numerator8  ; remain2     ; 30.777 ; 30.706 ; 31.032 ; 30.961 ;
; numerator8  ; remain3     ; 30.705 ; 30.596 ; 30.960 ; 30.851 ;
; numerator8  ; remain4     ; 31.040 ; 30.916 ; 31.295 ; 31.171 ;
; numerator8  ; remain5     ; 30.800 ; 30.728 ; 31.055 ; 30.983 ;
; numerator8  ; remain6     ; 31.135 ; 30.959 ; 31.390 ; 31.214 ;
; numerator8  ; remain7     ; 30.744 ; 30.640 ; 30.999 ; 30.895 ;
; numerator9  ; business0   ; 35.124 ; 35.021 ; 35.055 ; 34.952 ;
; numerator9  ; business1   ; 32.518 ; 32.467 ; 32.449 ; 32.398 ;
; numerator9  ; business2   ; 29.186 ; 28.939 ; 29.117 ; 28.870 ;
; numerator9  ; business3   ; 26.084 ; 26.027 ; 26.015 ; 25.958 ;
; numerator9  ; business4   ; 22.543 ; 22.470 ; 22.474 ; 22.401 ;
; numerator9  ; business5   ; 19.051 ; 18.915 ; 18.982 ; 18.846 ;
; numerator9  ; business6   ; 15.999 ; 15.882 ; 15.930 ; 15.813 ;
; numerator9  ; business7   ; 14.691 ; 14.545 ; 14.622 ; 14.476 ;
; numerator9  ; business8   ; 10.209 ; 10.186 ; 10.140 ; 10.128 ;
; numerator9  ; business9   ; 8.392  ;        ;        ; 8.507  ;
; numerator9  ; pin_name2   ; 35.565 ; 35.532 ; 35.496 ; 35.463 ;
; numerator9  ; remain0     ; 34.855 ; 34.752 ; 34.786 ; 34.683 ;
; numerator9  ; remain1     ; 34.727 ; 34.569 ; 34.658 ; 34.500 ;
; numerator9  ; remain2     ; 34.539 ; 34.468 ; 34.470 ; 34.399 ;
; numerator9  ; remain3     ; 34.467 ; 34.358 ; 34.398 ; 34.289 ;
; numerator9  ; remain4     ; 34.802 ; 34.678 ; 34.733 ; 34.609 ;
; numerator9  ; remain5     ; 34.562 ; 34.490 ; 34.493 ; 34.421 ;
; numerator9  ; remain6     ; 34.897 ; 34.721 ; 34.828 ; 34.652 ;
; numerator9  ; remain7     ; 34.506 ; 34.402 ; 34.437 ; 34.333 ;
; numerator10 ; business0   ; 37.372 ; 37.269 ; 37.501 ; 37.398 ;
; numerator10 ; business1   ; 34.766 ; 34.715 ; 34.895 ; 34.844 ;
; numerator10 ; business2   ; 31.434 ; 31.187 ; 31.563 ; 31.316 ;
; numerator10 ; business3   ; 28.332 ; 28.275 ; 28.461 ; 28.404 ;
; numerator10 ; business4   ; 24.791 ; 24.718 ; 24.920 ; 24.847 ;
; numerator10 ; business5   ; 21.299 ; 21.163 ; 21.428 ; 21.292 ;
; numerator10 ; business6   ; 18.247 ; 18.130 ; 18.376 ; 18.259 ;
; numerator10 ; business7   ; 16.939 ; 16.793 ; 17.068 ; 16.958 ;
; numerator10 ; business8   ; 12.457 ; 12.489 ; 12.586 ; 12.657 ;
; numerator10 ; business9   ; 10.684 ; 10.868 ; 10.863 ; 10.997 ;
; numerator10 ; business10  ; 9.106  ;        ;        ; 9.363  ;
; numerator10 ; pin_name2   ; 37.813 ; 37.780 ; 37.942 ; 37.909 ;
; numerator10 ; remain0     ; 37.103 ; 37.000 ; 37.232 ; 37.129 ;
; numerator10 ; remain1     ; 36.975 ; 36.817 ; 37.104 ; 36.946 ;
; numerator10 ; remain2     ; 36.787 ; 36.716 ; 36.916 ; 36.845 ;
; numerator10 ; remain3     ; 36.715 ; 36.606 ; 36.844 ; 36.735 ;
; numerator10 ; remain4     ; 37.050 ; 36.926 ; 37.179 ; 37.055 ;
; numerator10 ; remain5     ; 36.810 ; 36.738 ; 36.939 ; 36.867 ;
; numerator10 ; remain6     ; 37.145 ; 36.969 ; 37.274 ; 37.098 ;
; numerator10 ; remain7     ; 36.754 ; 36.650 ; 36.883 ; 36.779 ;
; numerator11 ; business0   ; 40.449 ; 40.346 ; 40.532 ; 40.429 ;
; numerator11 ; business1   ; 37.843 ; 37.792 ; 37.926 ; 37.875 ;
; numerator11 ; business2   ; 34.511 ; 34.264 ; 34.594 ; 34.347 ;
; numerator11 ; business3   ; 31.409 ; 31.352 ; 31.492 ; 31.435 ;
; numerator11 ; business4   ; 27.868 ; 27.795 ; 27.951 ; 27.878 ;
; numerator11 ; business5   ; 24.376 ; 24.240 ; 24.459 ; 24.323 ;
; numerator11 ; business6   ; 21.324 ; 21.207 ; 21.407 ; 21.290 ;
; numerator11 ; business7   ; 20.016 ; 19.870 ; 20.099 ; 19.989 ;
; numerator11 ; business8   ; 15.534 ; 15.569 ; 15.617 ; 15.688 ;
; numerator11 ; business9   ; 13.775 ; 13.945 ; 13.894 ; 14.028 ;
; numerator11 ; business10  ; 12.183 ; 12.275 ; 12.140 ; 12.394 ;
; numerator11 ; business11  ; 8.696  ;        ;        ; 8.917  ;
; numerator11 ; pin_name2   ; 40.890 ; 40.857 ; 40.973 ; 40.940 ;
; numerator11 ; remain0     ; 40.180 ; 40.077 ; 40.263 ; 40.160 ;
; numerator11 ; remain1     ; 40.052 ; 39.894 ; 40.135 ; 39.977 ;
; numerator11 ; remain2     ; 39.864 ; 39.793 ; 39.947 ; 39.876 ;
; numerator11 ; remain3     ; 39.792 ; 39.683 ; 39.875 ; 39.766 ;
; numerator11 ; remain4     ; 40.127 ; 40.003 ; 40.210 ; 40.086 ;
; numerator11 ; remain5     ; 39.887 ; 39.815 ; 39.970 ; 39.898 ;
; numerator11 ; remain6     ; 40.222 ; 40.046 ; 40.305 ; 40.129 ;
; numerator11 ; remain7     ; 39.831 ; 39.727 ; 39.914 ; 39.810 ;
; numerator12 ; business0   ; 43.039 ; 42.936 ; 43.284 ; 43.181 ;
; numerator12 ; business1   ; 40.433 ; 40.382 ; 40.678 ; 40.627 ;
; numerator12 ; business2   ; 37.101 ; 36.854 ; 37.346 ; 37.099 ;
; numerator12 ; business3   ; 33.999 ; 33.942 ; 34.244 ; 34.187 ;
; numerator12 ; business4   ; 30.458 ; 30.385 ; 30.703 ; 30.630 ;
; numerator12 ; business5   ; 26.966 ; 26.830 ; 27.211 ; 27.075 ;
; numerator12 ; business6   ; 23.914 ; 23.797 ; 24.159 ; 24.042 ;
; numerator12 ; business7   ; 22.606 ; 22.460 ; 22.851 ; 22.705 ;
; numerator12 ; business8   ; 18.124 ; 18.159 ; 18.369 ; 18.404 ;
; numerator12 ; business9   ; 16.365 ; 16.535 ; 16.610 ; 16.780 ;
; numerator12 ; business10  ; 14.773 ; 14.865 ; 15.018 ; 15.110 ;
; numerator12 ; business11  ; 11.286 ; 11.181 ; 11.531 ; 11.471 ;
; numerator12 ; business12  ; 8.715  ;        ;        ; 9.127  ;
; numerator12 ; pin_name2   ; 43.480 ; 43.447 ; 43.725 ; 43.692 ;
; numerator12 ; remain0     ; 42.770 ; 42.667 ; 43.015 ; 42.912 ;
; numerator12 ; remain1     ; 42.642 ; 42.484 ; 42.887 ; 42.729 ;
; numerator12 ; remain2     ; 42.454 ; 42.383 ; 42.699 ; 42.628 ;
; numerator12 ; remain3     ; 42.382 ; 42.273 ; 42.627 ; 42.518 ;
; numerator12 ; remain4     ; 42.717 ; 42.593 ; 42.962 ; 42.838 ;
; numerator12 ; remain5     ; 42.477 ; 42.405 ; 42.722 ; 42.650 ;
; numerator12 ; remain6     ; 42.812 ; 42.636 ; 43.057 ; 42.881 ;
; numerator12 ; remain7     ; 42.421 ; 42.317 ; 42.666 ; 42.562 ;
; numerator13 ; business0   ; 45.614 ; 45.511 ; 45.770 ; 45.667 ;
; numerator13 ; business1   ; 43.008 ; 42.957 ; 43.164 ; 43.113 ;
; numerator13 ; business2   ; 39.676 ; 39.429 ; 39.832 ; 39.585 ;
; numerator13 ; business3   ; 36.574 ; 36.517 ; 36.730 ; 36.673 ;
; numerator13 ; business4   ; 33.033 ; 32.960 ; 33.189 ; 33.116 ;
; numerator13 ; business5   ; 29.541 ; 29.405 ; 29.697 ; 29.561 ;
; numerator13 ; business6   ; 26.489 ; 26.372 ; 26.645 ; 26.528 ;
; numerator13 ; business7   ; 25.181 ; 25.035 ; 25.337 ; 25.191 ;
; numerator13 ; business8   ; 20.699 ; 20.734 ; 20.855 ; 20.890 ;
; numerator13 ; business9   ; 18.940 ; 19.110 ; 19.096 ; 19.266 ;
; numerator13 ; business10  ; 17.348 ; 17.440 ; 17.504 ; 17.596 ;
; numerator13 ; business11  ; 13.861 ; 13.801 ; 14.017 ; 13.957 ;
; numerator13 ; business12  ; 11.091 ; 11.457 ; 11.282 ; 11.613 ;
; numerator13 ; business13  ; 8.702  ;        ;        ; 8.965  ;
; numerator13 ; pin_name2   ; 46.055 ; 46.022 ; 46.211 ; 46.178 ;
; numerator13 ; remain0     ; 45.345 ; 45.242 ; 45.501 ; 45.398 ;
; numerator13 ; remain1     ; 45.217 ; 45.059 ; 45.373 ; 45.215 ;
; numerator13 ; remain2     ; 45.029 ; 44.958 ; 45.185 ; 45.114 ;
; numerator13 ; remain3     ; 44.957 ; 44.848 ; 45.113 ; 45.004 ;
; numerator13 ; remain4     ; 45.292 ; 45.168 ; 45.448 ; 45.324 ;
; numerator13 ; remain5     ; 45.052 ; 44.980 ; 45.208 ; 45.136 ;
; numerator13 ; remain6     ; 45.387 ; 45.211 ; 45.543 ; 45.367 ;
; numerator13 ; remain7     ; 44.996 ; 44.892 ; 45.152 ; 45.048 ;
; numerator14 ; business0   ; 46.688 ; 46.585 ; 46.861 ; 46.758 ;
; numerator14 ; business1   ; 44.082 ; 44.031 ; 44.255 ; 44.204 ;
; numerator14 ; business2   ; 40.750 ; 40.503 ; 40.923 ; 40.676 ;
; numerator14 ; business3   ; 37.648 ; 37.591 ; 37.821 ; 37.764 ;
; numerator14 ; business4   ; 34.107 ; 34.034 ; 34.280 ; 34.207 ;
; numerator14 ; business5   ; 30.615 ; 30.479 ; 30.788 ; 30.652 ;
; numerator14 ; business6   ; 27.563 ; 27.446 ; 27.736 ; 27.619 ;
; numerator14 ; business7   ; 26.255 ; 26.109 ; 26.428 ; 26.282 ;
; numerator14 ; business8   ; 21.773 ; 21.808 ; 21.946 ; 21.981 ;
; numerator14 ; business9   ; 20.014 ; 20.184 ; 20.187 ; 20.357 ;
; numerator14 ; business10  ; 18.422 ; 18.514 ; 18.595 ; 18.687 ;
; numerator14 ; business11  ; 14.935 ; 14.875 ; 15.108 ; 15.048 ;
; numerator14 ; business12  ; 12.200 ; 12.531 ; 12.373 ; 12.704 ;
; numerator14 ; business13  ; 9.697  ; 9.883  ; 9.865  ; 10.056 ;
; numerator14 ; business14  ; 8.009  ;        ;        ; 8.328  ;
; numerator14 ; pin_name2   ; 47.129 ; 47.096 ; 47.302 ; 47.269 ;
; numerator14 ; remain0     ; 46.419 ; 46.316 ; 46.592 ; 46.489 ;
; numerator14 ; remain1     ; 46.291 ; 46.133 ; 46.464 ; 46.306 ;
; numerator14 ; remain2     ; 46.103 ; 46.032 ; 46.276 ; 46.205 ;
; numerator14 ; remain3     ; 46.031 ; 45.922 ; 46.204 ; 46.095 ;
; numerator14 ; remain4     ; 46.366 ; 46.242 ; 46.539 ; 46.415 ;
; numerator14 ; remain5     ; 46.126 ; 46.054 ; 46.299 ; 46.227 ;
; numerator14 ; remain6     ; 46.461 ; 46.285 ; 46.634 ; 46.458 ;
; numerator14 ; remain7     ; 46.070 ; 45.966 ; 46.243 ; 46.139 ;
; numerator15 ; business0   ; 46.960 ; 46.857 ; 47.142 ; 47.039 ;
; numerator15 ; business1   ; 44.354 ; 44.303 ; 44.536 ; 44.485 ;
; numerator15 ; business2   ; 41.022 ; 40.775 ; 41.204 ; 40.957 ;
; numerator15 ; business3   ; 37.920 ; 37.863 ; 38.102 ; 38.045 ;
; numerator15 ; business4   ; 34.379 ; 34.306 ; 34.561 ; 34.488 ;
; numerator15 ; business5   ; 30.887 ; 30.751 ; 31.069 ; 30.933 ;
; numerator15 ; business6   ; 27.835 ; 27.718 ; 28.017 ; 27.900 ;
; numerator15 ; business7   ; 26.527 ; 26.381 ; 26.709 ; 26.563 ;
; numerator15 ; business8   ; 22.045 ; 22.080 ; 22.227 ; 22.262 ;
; numerator15 ; business9   ; 20.286 ; 20.456 ; 20.468 ; 20.638 ;
; numerator15 ; business10  ; 18.694 ; 18.786 ; 18.876 ; 18.968 ;
; numerator15 ; business11  ; 15.207 ; 15.147 ; 15.389 ; 15.329 ;
; numerator15 ; business12  ; 12.472 ; 12.803 ; 12.654 ; 12.985 ;
; numerator15 ; business13  ; 9.969  ; 10.155 ; 10.146 ; 10.337 ;
; numerator15 ; business14  ; 8.281  ;        ;        ; 8.609  ;
; numerator15 ; business15  ; 7.494  ;        ;        ; 7.808  ;
; numerator15 ; pin_name2   ; 47.401 ; 47.368 ; 47.583 ; 47.550 ;
; numerator15 ; remain0     ; 46.691 ; 46.588 ; 46.873 ; 46.770 ;
; numerator15 ; remain1     ; 46.563 ; 46.405 ; 46.745 ; 46.587 ;
; numerator15 ; remain2     ; 46.375 ; 46.304 ; 46.557 ; 46.486 ;
; numerator15 ; remain3     ; 46.303 ; 46.194 ; 46.485 ; 46.376 ;
; numerator15 ; remain4     ; 46.638 ; 46.514 ; 46.820 ; 46.696 ;
; numerator15 ; remain5     ; 46.398 ; 46.326 ; 46.580 ; 46.508 ;
; numerator15 ; remain6     ; 46.733 ; 46.557 ; 46.915 ; 46.739 ;
; numerator15 ; remain7     ; 46.342 ; 46.238 ; 46.524 ; 46.420 ;
+-------------+-------------+--------+--------+--------+--------+


+---------------------------------------------------------------+
; Minimum Propagation Delay                                     ;
+-------------+-------------+--------+--------+--------+--------+
; Input Port  ; Output Port ; RR     ; RF     ; FR     ; FF     ;
+-------------+-------------+--------+--------+--------+--------+
; denom0      ; business0   ; 10.577 ; 9.361  ; 9.414  ; 10.730 ;
; denom0      ; business1   ; 11.333 ; 9.863  ; 9.938  ; 11.388 ;
; denom0      ; business2   ; 10.493 ; 9.408  ; 9.486  ; 10.582 ;
; denom0      ; business3   ; 9.925  ; 8.794  ; 8.803  ; 10.172 ;
; denom0      ; business4   ; 9.241  ; 8.125  ; 8.128  ; 9.444  ;
; denom0      ; business5   ; 8.713  ; 7.477  ; 7.576  ; 8.834  ;
; denom0      ; business6   ; 8.989  ; 7.525  ; 7.595  ; 9.230  ;
; denom0      ; business7   ; 10.173 ; 8.967  ; 9.078  ; 10.324 ;
; denom0      ; business8   ; 8.852  ; 7.400  ; 7.420  ; 9.143  ;
; denom0      ; business9   ; 8.861  ; 8.231  ; 8.266  ; 9.094  ;
; denom0      ; business10  ; 10.194 ; 8.772  ; 8.828  ; 10.375 ;
; denom0      ; business11  ; 9.370  ; 8.314  ; 8.352  ; 9.586  ;
; denom0      ; business12  ; 8.899  ; 8.153  ; 8.124  ; 9.195  ;
; denom0      ; business13  ; 8.754  ; 8.363  ; 8.362  ; 9.073  ;
; denom0      ; business14  ;        ; 7.835  ; 7.883  ;        ;
; denom0      ; business15  ;        ; 6.953  ; 6.993  ;        ;
; denom0      ; pin_name2   ; 11.000 ; 9.852  ; 9.837  ; 11.221 ;
; denom0      ; remain0     ; 8.306  ; 8.198  ; 8.493  ; 8.323  ;
; denom0      ; remain1     ; 8.482  ; 8.370  ; 8.695  ; 8.554  ;
; denom0      ; remain2     ; 8.360  ; 8.257  ; 8.471  ; 8.397  ;
; denom0      ; remain3     ; 8.288  ; 8.189  ; 8.501  ; 8.373  ;
; denom0      ; remain4     ; 8.964  ; 8.767  ; 9.078  ; 8.907  ;
; denom0      ; remain5     ; 8.492  ; 8.417  ; 8.705  ; 8.601  ;
; denom0      ; remain6     ; 9.011  ; 8.784  ; 9.122  ; 8.924  ;
; denom0      ; remain7     ; 8.530  ; 8.435  ; 8.743  ; 8.619  ;
; denom1      ; business0   ; 9.490  ; 8.687  ; 8.786  ; 9.717  ;
; denom1      ; business1   ; 10.312 ; 8.913  ; 9.059  ; 10.417 ;
; denom1      ; business2   ; 9.572  ; 8.453  ; 8.584  ; 9.730  ;
; denom1      ; business3   ; 9.422  ; 7.843  ; 7.926  ; 9.678  ;
; denom1      ; business4   ; 9.400  ; 7.808  ; 7.881  ; 9.642  ;
; denom1      ; business5   ; 9.033  ; 7.723  ; 7.815  ; 9.258  ;
; denom1      ; business6   ; 9.459  ; 7.744  ; 7.824  ; 9.598  ;
; denom1      ; business7   ; 10.510 ; 9.464  ; 9.554  ; 10.691 ;
; denom1      ; business8   ; 8.886  ; 7.687  ; 7.724  ; 9.228  ;
; denom1      ; business9   ; 9.525  ; 8.265  ; 8.323  ; 9.737  ;
; denom1      ; business10  ; 10.449 ; 9.367  ; 9.390  ; 10.631 ;
; denom1      ; business11  ; 10.183 ; 8.564  ; 8.584  ; 10.375 ;
; denom1      ; business12  ; 9.271  ; 8.708  ; 8.641  ; 9.604  ;
; denom1      ; business13  ; 9.227  ; 8.923  ; 8.886  ; 9.502  ;
; denom1      ; business14  ;        ; 7.965  ; 7.980  ;        ;
; denom1      ; business15  ;        ; 7.165  ; 7.182  ;        ;
; denom1      ; pin_name2   ; 9.913  ; 9.178  ; 9.209  ; 10.208 ;
; denom1      ; remain0     ; 8.278  ; 8.148  ; 8.526  ; 8.429  ;
; denom1      ; remain1     ; 7.620  ; 7.512  ; 7.832  ; 7.684  ;
; denom1      ; remain2     ; 7.665  ; 7.511  ; 7.843  ; 7.664  ;
; denom1      ; remain3     ; 7.614  ; 7.515  ; 7.873  ; 7.745  ;
; denom1      ; remain4     ; 8.290  ; 8.093  ; 8.450  ; 8.279  ;
; denom1      ; remain5     ; 7.818  ; 7.743  ; 8.077  ; 7.973  ;
; denom1      ; remain6     ; 8.337  ; 8.110  ; 8.494  ; 8.296  ;
; denom1      ; remain7     ; 7.856  ; 7.761  ; 8.115  ; 7.991  ;
; denom2      ; business0   ; 9.341  ; 8.581  ; 8.609  ; 9.544  ;
; denom2      ; business1   ; 10.344 ; 8.804  ; 8.915  ; 10.449 ;
; denom2      ; business2   ; 9.752  ; 8.419  ; 8.547  ; 9.838  ;
; denom2      ; business3   ; 10.503 ; 8.023  ; 8.034  ; 10.732 ;
; denom2      ; business4   ; 9.834  ; 8.693  ; 8.688  ; 10.075 ;
; denom2      ; business5   ; 8.958  ; 8.005  ; 8.056  ; 9.146  ;
; denom2      ; business6   ; 8.951  ; 7.669  ; 7.742  ; 9.134  ;
; denom2      ; business7   ; 10.704 ; 9.121  ; 9.220  ; 10.817 ;
; denom2      ; business8   ; 8.951  ; 7.908  ; 7.874  ; 9.206  ;
; denom2      ; business9   ; 9.496  ; 8.485  ; 8.497  ; 9.695  ;
; denom2      ; business10  ; 10.585 ; 9.286  ; 9.320  ; 10.705 ;
; denom2      ; business11  ; 9.785  ; 8.534  ; 8.531  ; 9.984  ;
; denom2      ; business12  ; 8.916  ; 8.353  ; 8.285  ; 9.233  ;
; denom2      ; business13  ; 9.368  ; 8.567  ; 8.529  ; 9.687  ;
; denom2      ; business14  ;        ; 7.298  ; 7.253  ;        ;
; denom2      ; business15  ;        ; 7.620  ; 7.664  ;        ;
; denom2      ; pin_name2   ; 9.764  ; 9.072  ; 9.032  ; 10.035 ;
; denom2      ; remain0     ; 8.172  ; 8.042  ; 8.349  ; 8.252  ;
; denom2      ; remain1     ; 8.083  ; 7.936  ; 8.227  ; 8.075  ;
; denom2      ; remain2     ; 7.305  ; 7.233  ; 7.452  ; 7.345  ;
; denom2      ; remain3     ; 7.477  ; 7.287  ; 7.648  ; 7.428  ;
; denom2      ; remain4     ; 8.184  ; 7.987  ; 8.273  ; 8.102  ;
; denom2      ; remain5     ; 7.712  ; 7.637  ; 7.900  ; 7.796  ;
; denom2      ; remain6     ; 8.231  ; 8.004  ; 8.317  ; 8.119  ;
; denom2      ; remain7     ; 7.750  ; 7.655  ; 7.938  ; 7.814  ;
; denom3      ; business0   ; 9.597  ; 8.556  ; 8.616  ; 9.789  ;
; denom3      ; business1   ; 10.074 ; 8.781  ; 8.918  ; 10.220 ;
; denom3      ; business2   ; 9.495  ; 8.304  ; 8.441  ; 9.612  ;
; denom3      ; business3   ; 9.730  ; 7.766  ; 7.808  ; 9.894  ;
; denom3      ; business4   ; 9.349  ; 7.981  ; 8.015  ; 9.585  ;
; denom3      ; business5   ; 8.865  ; 7.706  ; 7.814  ; 9.036  ;
; denom3      ; business6   ; 9.152  ; 7.677  ; 7.776  ; 9.419  ;
; denom3      ; business7   ; 10.809 ; 9.130  ; 9.259  ; 10.927 ;
; denom3      ; business8   ; 9.025  ; 7.930  ; 7.906  ; 9.363  ;
; denom3      ; business9   ; 9.375  ; 8.404  ; 8.458  ; 9.586  ;
; denom3      ; business10  ; 10.299 ; 9.319  ; 9.346  ; 10.490 ;
; denom3      ; business11  ; 10.245 ; 8.432  ; 8.471  ; 10.433 ;
; denom3      ; business12  ; 9.591  ; 8.589  ; 8.513  ; 9.881  ;
; denom3      ; business13  ; 9.772  ; 7.735  ; 7.727  ; 10.062 ;
; denom3      ; business14  ;        ; 7.706  ; 7.668  ;        ;
; denom3      ; business15  ;        ; 8.024  ; 8.039  ;        ;
; denom3      ; pin_name2   ; 10.020 ; 9.047  ; 9.039  ; 10.280 ;
; denom3      ; remain0     ; 8.147  ; 8.017  ; 8.356  ; 8.259  ;
; denom3      ; remain1     ; 8.058  ; 7.911  ; 8.234  ; 8.082  ;
; denom3      ; remain2     ; 7.845  ; 7.744  ; 8.055  ; 7.986  ;
; denom3      ; remain3     ; 7.295  ; 7.200  ; 7.468  ; 7.333  ;
; denom3      ; remain4     ; 8.159  ; 7.962  ; 8.280  ; 8.109  ;
; denom3      ; remain5     ; 7.687  ; 7.612  ; 7.907  ; 7.803  ;
; denom3      ; remain6     ; 8.206  ; 7.979  ; 8.324  ; 8.126  ;
; denom3      ; remain7     ; 7.725  ; 7.630  ; 7.945  ; 7.821  ;
; denom4      ; business0   ; 10.129 ; 8.822  ; 8.960  ; 10.367 ;
; denom4      ; business1   ; 10.507 ; 9.584  ; 9.734  ; 10.678 ;
; denom4      ; business2   ; 9.480  ; 8.582  ; 8.777  ; 9.693  ;
; denom4      ; business3   ; 9.371  ; 8.026  ; 8.136  ; 9.641  ;
; denom4      ; business4   ; 9.600  ; 7.714  ; 7.829  ; 9.846  ;
; denom4      ; business5   ; 8.979  ; 7.862  ; 7.992  ; 9.221  ;
; denom4      ; business6   ; 9.071  ; 7.911  ; 8.025  ; 9.354  ;
; denom4      ; business7   ; 10.507 ; 9.049  ; 9.206  ; 10.639 ;
; denom4      ; business8   ; 8.679  ; 7.513  ; 7.558  ; 8.974  ;
; denom4      ; business9   ; 8.871  ; 8.059  ; 8.137  ; 9.152  ;
; denom4      ; business10  ; 10.709 ; 8.813  ; 8.897  ; 10.861 ;
; denom4      ; business11  ; 10.118 ; 8.392  ; 8.476  ; 10.402 ;
; denom4      ; business12  ; 10.427 ; 8.308  ; 8.367  ; 10.765 ;
; denom4      ; business13  ; 10.867 ; 8.571  ; 8.611  ; 11.211 ;
; denom4      ; business14  ;        ; 8.777  ; 8.832  ;        ;
; denom4      ; business15  ;        ; 9.119  ; 9.188  ;        ;
; denom4      ; pin_name2   ; 10.552 ; 9.313  ; 9.383  ; 10.858 ;
; denom4      ; remain0     ; 8.413  ; 8.283  ; 8.700  ; 8.603  ;
; denom4      ; remain1     ; 8.324  ; 8.177  ; 8.578  ; 8.426  ;
; denom4      ; remain2     ; 8.111  ; 8.010  ; 8.399  ; 8.330  ;
; denom4      ; remain3     ; 8.041  ; 7.905  ; 8.330  ; 8.226  ;
; denom4      ; remain4     ; 8.155  ; 7.981  ; 8.419  ; 8.215  ;
; denom4      ; remain5     ; 7.953  ; 7.878  ; 8.251  ; 8.147  ;
; denom4      ; remain6     ; 8.472  ; 8.245  ; 8.668  ; 8.470  ;
; denom4      ; remain7     ; 7.991  ; 7.896  ; 8.289  ; 8.165  ;
; denom5      ; business0   ; 9.536  ; 8.648  ; 8.690  ; 9.723  ;
; denom5      ; business1   ; 10.228 ; 8.720  ; 8.848  ; 10.373 ;
; denom5      ; business2   ; 9.358  ; 8.422  ; 8.537  ; 9.515  ;
; denom5      ; business3   ; 9.868  ; 7.674  ; 7.739  ; 10.097 ;
; denom5      ; business4   ; 9.806  ; 8.244  ; 8.300  ; 9.985  ;
; denom5      ; business5   ; 9.505  ; 8.107  ; 8.171  ; 9.629  ;
; denom5      ; business6   ; 9.300  ; 8.402  ; 8.433  ; 9.551  ;
; denom5      ; business7   ; 11.049 ; 9.278  ; 9.391  ; 11.121 ;
; denom5      ; business8   ; 8.988  ; 8.055  ; 8.040  ; 9.254  ;
; denom5      ; business9   ; 9.833  ; 8.555  ; 8.591  ; 9.977  ;
; denom5      ; business10  ; 10.702 ; 9.643  ; 9.634  ; 10.866 ;
; denom5      ; business11  ; 10.782 ; 8.027  ; 7.981  ; 11.030 ;
; denom5      ; business12  ; 11.091 ; 8.972  ; 8.995  ; 11.393 ;
; denom5      ; business13  ; 11.531 ; 9.235  ; 9.239  ; 11.839 ;
; denom5      ; business14  ;        ; 9.441  ; 9.460  ;        ;
; denom5      ; business15  ;        ; 9.783  ; 9.816  ;        ;
; denom5      ; pin_name2   ; 9.959  ; 9.139  ; 9.113  ; 10.214 ;
; denom5      ; remain0     ; 8.239  ; 8.109  ; 8.430  ; 8.333  ;
; denom5      ; remain1     ; 8.150  ; 8.003  ; 8.308  ; 8.156  ;
; denom5      ; remain2     ; 7.937  ; 7.836  ; 8.129  ; 8.060  ;
; denom5      ; remain3     ; 7.867  ; 7.731  ; 8.060  ; 7.956  ;
; denom5      ; remain4     ; 8.251  ; 8.135  ; 8.382  ; 8.261  ;
; denom5      ; remain5     ; 7.593  ; 7.524  ; 7.739  ; 7.629  ;
; denom5      ; remain6     ; 8.198  ; 7.977  ; 8.373  ; 8.112  ;
; denom5      ; remain7     ; 7.817  ; 7.713  ; 8.019  ; 7.862  ;
; denom6      ; business0   ; 9.502  ; 8.675  ; 8.713  ; 9.693  ;
; denom6      ; business1   ; 10.383 ; 8.961  ; 9.065  ; 10.496 ;
; denom6      ; business2   ; 9.589  ; 8.731  ; 8.832  ; 9.751  ;
; denom6      ; business3   ; 9.273  ; 7.952  ; 7.993  ; 9.488  ;
; denom6      ; business4   ; 9.024  ; 7.640  ; 7.682  ; 9.192  ;
; denom6      ; business5   ; 8.596  ; 7.158  ; 7.219  ; 8.804  ;
; denom6      ; business6   ; 8.690  ; 7.265  ; 7.329  ; 8.952  ;
; denom6      ; business7   ; 10.266 ; 8.668  ; 8.792  ; 10.406 ;
; denom6      ; business8   ; 8.638  ; 7.413  ; 7.414  ; 8.931  ;
; denom6      ; business9   ; 9.162  ; 7.957  ; 8.006  ; 9.383  ;
; denom6      ; business10  ; 10.066 ; 8.367  ; 8.441  ; 10.270 ;
; denom6      ; business11  ; 10.077 ; 7.391  ; 7.385  ; 10.373 ;
; denom6      ; business12  ; 10.386 ; 8.267  ; 8.338  ; 10.736 ;
; denom6      ; business13  ; 10.826 ; 8.530  ; 8.582  ; 11.182 ;
; denom6      ; business14  ;        ; 8.736  ; 8.803  ;        ;
; denom6      ; business15  ;        ; 9.078  ; 9.159  ;        ;
; denom6      ; pin_name2   ; 9.925  ; 9.166  ; 9.136  ; 10.184 ;
; denom6      ; remain0     ; 8.266  ; 8.136  ; 8.453  ; 8.356  ;
; denom6      ; remain1     ; 8.177  ; 8.030  ; 8.331  ; 8.179  ;
; denom6      ; remain2     ; 7.964  ; 7.863  ; 8.152  ; 8.083  ;
; denom6      ; remain3     ; 7.894  ; 7.758  ; 8.083  ; 7.979  ;
; denom6      ; remain4     ; 8.278  ; 8.162  ; 8.405  ; 8.284  ;
; denom6      ; remain5     ; 7.985  ; 7.884  ; 8.173  ; 8.104  ;
; denom6      ; remain6     ; 8.050  ; 7.854  ; 8.207  ; 7.976  ;
; denom6      ; remain7     ; 7.844  ; 7.710  ; 8.035  ; 7.832  ;
; denom7      ; business0   ; 9.578  ; 8.765  ; 8.773  ; 9.790  ;
; denom7      ; business1   ; 10.492 ; 8.823  ; 8.942  ; 10.561 ;
; denom7      ; business2   ; 9.236  ; 8.626  ; 8.708  ; 9.409  ;
; denom7      ; business3   ; 10.142 ; 7.565  ; 7.623  ; 10.366 ;
; denom7      ; business4   ; 9.936  ; 8.454  ; 8.520  ; 10.247 ;
; denom7      ; business5   ; 9.115  ; 7.790  ; 7.914  ; 9.293  ;
; denom7      ; business6   ; 8.757  ; 7.829  ; 7.949  ; 9.003  ;
; denom7      ; business7   ; 10.261 ; 8.921  ; 9.091  ; 10.360 ;
; denom7      ; business8   ; 7.873  ; 7.404  ; 7.451  ; 8.148  ;
; denom7      ; business9   ; 9.047  ; 7.163  ; 7.185  ; 9.246  ;
; denom7      ; business10  ; 10.107 ; 8.252  ; 8.304  ; 10.323 ;
; denom7      ; business11  ; 10.467 ; 7.432  ; 7.438  ; 10.746 ;
; denom7      ; business12  ; 10.776 ; 8.657  ; 8.711  ; 11.109 ;
; denom7      ; business13  ; 11.216 ; 8.920  ; 8.955  ; 11.555 ;
; denom7      ; business14  ;        ; 9.126  ; 9.176  ;        ;
; denom7      ; business15  ;        ; 9.468  ; 9.532  ;        ;
; denom7      ; pin_name2   ; 10.001 ; 9.256  ; 9.196  ; 10.281 ;
; denom7      ; remain0     ; 8.356  ; 8.226  ; 8.513  ; 8.416  ;
; denom7      ; remain1     ; 8.267  ; 8.120  ; 8.391  ; 8.239  ;
; denom7      ; remain2     ; 8.054  ; 7.953  ; 8.212  ; 8.143  ;
; denom7      ; remain3     ; 7.984  ; 7.848  ; 8.143  ; 8.039  ;
; denom7      ; remain4     ; 8.368  ; 8.252  ; 8.465  ; 8.344  ;
; denom7      ; remain5     ; 8.075  ; 7.974  ; 8.233  ; 8.164  ;
; denom7      ; remain6     ; 8.459  ; 8.293  ; 8.556  ; 8.385  ;
; denom7      ; remain7     ; 7.746  ; 7.655  ; 7.867  ; 7.736  ;
; numerator0  ; business0   ; 8.740  ;        ;        ; 9.046  ;
; numerator0  ; pin_name1   ; 5.639  ;        ;        ; 5.767  ;
; numerator0  ; pin_name2   ; 9.163  ;        ;        ; 9.537  ;
; numerator0  ; remain0     ; 7.314  ; 7.726  ; 8.032  ; 7.371  ;
; numerator0  ; remain1     ; 8.021  ; 7.880  ; 8.167  ; 8.055  ;
; numerator0  ; remain2     ; 7.797  ; 7.723  ; 8.045  ; 7.942  ;
; numerator0  ; remain3     ; 7.827  ; 7.699  ; 7.973  ; 7.874  ;
; numerator0  ; remain4     ; 8.404  ; 8.233  ; 8.649  ; 8.452  ;
; numerator0  ; remain5     ; 8.031  ; 7.927  ; 8.177  ; 8.102  ;
; numerator0  ; remain6     ; 8.448  ; 8.250  ; 8.696  ; 8.469  ;
; numerator0  ; remain7     ; 8.069  ; 7.945  ; 8.215  ; 8.120  ;
; numerator1  ; business0   ; 9.395  ; 9.907  ; 9.999  ; 9.597  ;
; numerator1  ; business1   ; 9.049  ;        ;        ; 9.236  ;
; numerator1  ; pin_name2   ; 9.818  ; 10.398 ; 10.422 ; 10.088 ;
; numerator1  ; remain0     ; 9.135  ; 9.038  ; 9.188  ; 9.058  ;
; numerator1  ; remain1     ; 7.779  ; 8.067  ; 8.383  ; 7.757  ;
; numerator1  ; remain2     ; 8.083  ; 7.896  ; 8.176  ; 8.018  ;
; numerator1  ; remain3     ; 7.987  ; 7.800  ; 8.182  ; 7.966  ;
; numerator1  ; remain4     ; 9.016  ; 8.802  ; 9.109  ; 8.924  ;
; numerator1  ; remain5     ; 8.186  ; 8.032  ; 8.381  ; 8.198  ;
; numerator1  ; remain6     ; 8.809  ; 8.555  ; 8.902  ; 8.677  ;
; numerator1  ; remain7     ; 8.233  ; 8.063  ; 8.428  ; 8.229  ;
; numerator2  ; business0   ; 9.992  ; 10.188 ; 10.390 ; 10.166 ;
; numerator2  ; business1   ; 9.887  ; 10.256 ; 10.497 ; 10.008 ;
; numerator2  ; business2   ; 8.354  ;        ;        ; 8.572  ;
; numerator2  ; pin_name2   ; 10.415 ; 10.679 ; 10.813 ; 10.657 ;
; numerator2  ; remain0     ; 9.732  ; 9.635  ; 9.757  ; 9.627  ;
; numerator2  ; remain1     ; 9.610  ; 9.458  ; 9.668  ; 9.521  ;
; numerator2  ; remain2     ; 8.167  ; 8.493  ; 8.741  ; 8.113  ;
; numerator2  ; remain3     ; 8.825  ; 8.626  ; 8.954  ; 8.738  ;
; numerator2  ; remain4     ; 8.535  ; 8.391  ; 8.763  ; 8.590  ;
; numerator2  ; remain5     ; 9.024  ; 8.805  ; 9.153  ; 8.960  ;
; numerator2  ; remain6     ; 8.839  ; 8.666  ; 9.067  ; 8.865  ;
; numerator2  ; remain7     ; 9.071  ; 8.887  ; 9.200  ; 9.001  ;
; numerator3  ; business0   ; 8.942  ; 9.220  ; 9.290  ; 9.027  ;
; numerator3  ; business1   ; 8.644  ; 9.103  ; 9.348  ; 8.714  ;
; numerator3  ; business2   ; 7.386  ; 8.030  ; 8.264  ; 7.508  ;
; numerator3  ; business3   ; 6.226  ;        ;        ; 6.535  ;
; numerator3  ; pin_name2   ; 9.365  ; 9.711  ; 9.713  ; 9.518  ;
; numerator3  ; remain0     ; 8.682  ; 8.585  ; 8.618  ; 8.488  ;
; numerator3  ; remain1     ; 8.560  ; 8.408  ; 8.529  ; 8.382  ;
; numerator3  ; remain2     ; 8.256  ; 8.124  ; 8.239  ; 8.074  ;
; numerator3  ; remain3     ; 7.078  ; 7.211  ; 7.426  ; 6.911  ;
; numerator3  ; remain4     ; 7.567  ; 7.423  ; 7.699  ; 7.526  ;
; numerator3  ; remain5     ; 7.781  ; 7.627  ; 7.859  ; 7.676  ;
; numerator3  ; remain6     ; 7.871  ; 7.698  ; 8.003  ; 7.801  ;
; numerator3  ; remain7     ; 7.828  ; 7.558  ; 7.906  ; 7.707  ;
; numerator4  ; business0   ; 9.946  ; 9.944  ; 10.276 ; 9.942  ;
; numerator4  ; business1   ; 10.014 ; 9.882  ; 10.303 ; 9.931  ;
; numerator4  ; business2   ; 8.595  ; 8.903  ; 9.158  ; 8.578  ;
; numerator4  ; business3   ; 7.585  ; 7.988  ; 8.028  ; 7.648  ;
; numerator4  ; business4   ; 5.944  ;        ;        ; 6.228  ;
; numerator4  ; pin_name2   ; 10.369 ; 10.435 ; 10.699 ; 10.433 ;
; numerator4  ; remain0     ; 9.535  ; 9.405  ; 9.533  ; 9.403  ;
; numerator4  ; remain1     ; 9.446  ; 9.299  ; 9.444  ; 9.297  ;
; numerator4  ; remain2     ; 9.233  ; 9.132  ; 9.231  ; 9.130  ;
; numerator4  ; remain3     ; 9.163  ; 9.027  ; 9.161  ; 9.025  ;
; numerator4  ; remain4     ; 7.924  ; 8.446  ; 8.529  ; 7.792  ;
; numerator4  ; remain5     ; 8.848  ; 8.451  ; 8.950  ; 8.582  ;
; numerator4  ; remain6     ; 8.385  ; 8.046  ; 8.589  ; 8.221  ;
; numerator4  ; remain7     ; 9.074  ; 8.748  ; 9.111  ; 8.876  ;
; numerator5  ; business0   ; 12.374 ; 12.426 ; 12.552 ; 12.286 ;
; numerator5  ; business1   ; 12.067 ; 12.403 ; 12.669 ; 11.968 ;
; numerator5  ; business2   ; 11.104 ; 11.268 ; 11.595 ; 11.054 ;
; numerator5  ; business3   ; 9.779  ; 10.337 ; 10.381 ; 9.936  ;
; numerator5  ; business4   ; 8.570  ; 9.256  ; 9.374  ; 8.796  ;
; numerator5  ; business5   ; 7.311  ;        ;        ; 7.569  ;
; numerator5  ; pin_name2   ; 12.797 ; 12.917 ; 12.975 ; 12.777 ;
; numerator5  ; remain0     ; 12.017 ; 11.887 ; 11.877 ; 11.747 ;
; numerator5  ; remain1     ; 11.928 ; 11.781 ; 11.788 ; 11.641 ;
; numerator5  ; remain2     ; 11.679 ; 11.547 ; 11.493 ; 11.328 ;
; numerator5  ; remain3     ; 11.581 ; 11.420 ; 11.395 ; 11.201 ;
; numerator5  ; remain4     ; 11.719 ; 11.586 ; 11.687 ; 11.571 ;
; numerator5  ; remain5     ; 10.701 ; 10.833 ; 10.879 ; 10.398 ;
; numerator5  ; remain6     ; 11.011 ; 10.672 ; 11.157 ; 10.789 ;
; numerator5  ; remain7     ; 11.251 ; 11.081 ; 11.160 ; 10.961 ;
; numerator6  ; business0   ; 10.963 ; 11.231 ; 11.380 ; 10.860 ;
; numerator6  ; business1   ; 10.990 ; 11.169 ; 11.407 ; 10.798 ;
; numerator6  ; business2   ; 9.941  ; 10.015 ; 10.288 ; 9.819  ;
; numerator6  ; business3   ; 9.146  ; 9.074  ; 9.216  ; 9.188  ;
; numerator6  ; business4   ; 7.417  ; 7.962  ; 7.920  ; 7.572  ;
; numerator6  ; business5   ; 6.134  ; 6.928  ; 7.081  ; 6.262  ;
; numerator6  ; business6   ; 5.623  ;        ;        ; 5.844  ;
; numerator6  ; pin_name2   ; 11.386 ; 11.722 ; 11.803 ; 11.351 ;
; numerator6  ; remain0     ; 10.703 ; 10.606 ; 10.451 ; 10.321 ;
; numerator6  ; remain1     ; 10.581 ; 10.429 ; 10.362 ; 10.215 ;
; numerator6  ; remain2     ; 10.402 ; 10.333 ; 10.149 ; 10.048 ;
; numerator6  ; remain3     ; 10.333 ; 10.229 ; 10.079 ; 9.943  ;
; numerator6  ; remain4     ; 10.609 ; 10.526 ; 10.452 ; 10.336 ;
; numerator6  ; remain5     ; 10.423 ; 10.187 ; 10.170 ; 10.069 ;
; numerator6  ; remain6     ; 9.276  ; 9.333  ; 9.693  ; 8.962  ;
; numerator6  ; remain7     ; 10.174 ; 9.978  ; 9.990  ; 9.791  ;
; numerator7  ; business0   ; 12.399 ; 12.415 ; 12.460 ; 12.200 ;
; numerator7  ; business1   ; 12.091 ; 12.163 ; 12.283 ; 11.884 ;
; numerator7  ; business2   ; 10.953 ; 11.066 ; 11.145 ; 10.811 ;
; numerator7  ; business3   ; 9.654  ; 10.108 ; 10.457 ; 9.656  ;
; numerator7  ; business4   ; 8.636  ; 9.070  ; 9.327  ; 8.727  ;
; numerator7  ; business5   ; 7.790  ; 8.068  ; 8.350  ; 7.867  ;
; numerator7  ; business6   ; 6.893  ; 7.357  ; 7.471  ; 7.061  ;
; numerator7  ; business7   ; 7.205  ;        ;        ; 7.449  ;
; numerator7  ; pin_name2   ; 12.822 ; 12.906 ; 12.883 ; 12.691 ;
; numerator7  ; remain0     ; 12.006 ; 11.876 ; 11.791 ; 11.661 ;
; numerator7  ; remain1     ; 11.917 ; 11.770 ; 11.702 ; 11.555 ;
; numerator7  ; remain2     ; 11.688 ; 11.523 ; 11.409 ; 11.244 ;
; numerator7  ; remain3     ; 11.590 ; 11.396 ; 11.311 ; 11.117 ;
; numerator7  ; remain4     ; 11.594 ; 11.461 ; 11.444 ; 11.328 ;
; numerator7  ; remain5     ; 11.677 ; 11.516 ; 11.398 ; 11.237 ;
; numerator7  ; remain6     ; 11.751 ; 11.461 ; 11.602 ; 11.352 ;
; numerator7  ; remain7     ; 10.775 ; 10.791 ; 10.836 ; 10.339 ;
; numerator8  ; business0   ; 13.299 ; 13.285 ; 13.434 ; 13.008 ;
; numerator8  ; business1   ; 13.406 ; 13.276 ; 13.541 ; 13.076 ;
; numerator8  ; business2   ; 12.108 ; 12.127 ; 12.574 ; 11.850 ;
; numerator8  ; business3   ; 11.036 ; 11.196 ; 11.569 ; 10.919 ;
; numerator8  ; business4   ; 9.911  ; 9.982  ; 10.346 ; 9.912  ;
; numerator8  ; business5   ; 8.857  ; 9.099  ; 9.373  ; 8.879  ;
; numerator8  ; business6   ; 7.932  ; 8.361  ; 8.580  ; 8.084  ;
; numerator8  ; business7   ; 8.537  ; 8.986  ; 9.185  ; 8.709  ;
; numerator8  ; business8   ; 6.005  ;        ;        ; 6.371  ;
; numerator8  ; pin_name2   ; 13.722 ; 13.776 ; 13.857 ; 13.499 ;
; numerator8  ; remain0     ; 12.876 ; 12.746 ; 12.599 ; 12.469 ;
; numerator8  ; remain1     ; 12.787 ; 12.640 ; 12.510 ; 12.363 ;
; numerator8  ; remain2     ; 12.574 ; 12.473 ; 12.297 ; 12.196 ;
; numerator8  ; remain3     ; 12.504 ; 12.368 ; 12.227 ; 12.091 ;
; numerator8  ; remain4     ; 12.760 ; 12.644 ; 12.483 ; 12.367 ;
; numerator8  ; remain5     ; 12.595 ; 12.494 ; 12.318 ; 12.217 ;
; numerator8  ; remain6     ; 12.918 ; 12.603 ; 12.641 ; 12.536 ;
; numerator8  ; remain7     ; 12.531 ; 12.410 ; 12.254 ; 12.133 ;
; numerator9  ; business0   ; 15.981 ; 15.657 ; 15.509 ; 15.514 ;
; numerator9  ; business1   ; 14.946 ; 14.947 ; 15.225 ; 14.475 ;
; numerator9  ; business2   ; 13.753 ; 13.850 ; 14.096 ; 13.378 ;
; numerator9  ; business3   ; 12.633 ; 12.896 ; 12.985 ; 12.424 ;
; numerator9  ; business4   ; 11.616 ; 11.808 ; 11.968 ; 11.475 ;
; numerator9  ; business5   ; 10.486 ; 10.852 ; 10.838 ; 10.380 ;
; numerator9  ; business6   ; 9.679  ; 10.097 ; 10.288 ; 9.669  ;
; numerator9  ; business7   ; 10.378 ; 10.889 ; 11.076 ; 10.419 ;
; numerator9  ; business8   ; 8.118  ; 8.730  ; 8.700  ; 8.340  ;
; numerator9  ; business9   ; 7.825  ;        ;        ; 8.079  ;
; numerator9  ; pin_name2   ; 16.404 ; 16.148 ; 15.932 ; 16.005 ;
; numerator9  ; remain0     ; 15.248 ; 15.118 ; 15.105 ; 14.975 ;
; numerator9  ; remain1     ; 14.834 ; 14.679 ; 14.362 ; 14.207 ;
; numerator9  ; remain2     ; 14.472 ; 14.307 ; 14.000 ; 13.835 ;
; numerator9  ; remain3     ; 14.374 ; 14.180 ; 13.902 ; 13.708 ;
; numerator9  ; remain4     ; 14.421 ; 14.338 ; 14.011 ; 13.895 ;
; numerator9  ; remain5     ; 14.461 ; 14.300 ; 13.989 ; 13.828 ;
; numerator9  ; remain6     ; 14.641 ; 14.350 ; 14.169 ; 14.066 ;
; numerator9  ; remain7     ; 14.411 ; 14.234 ; 13.939 ; 13.762 ;
; numerator10 ; business0   ; 16.393 ; 16.127 ; 16.106 ; 16.126 ;
; numerator10 ; business1   ; 16.370 ; 15.982 ; 16.153 ; 16.048 ;
; numerator10 ; business2   ; 14.249 ; 14.188 ; 14.602 ; 13.901 ;
; numerator10 ; business3   ; 13.169 ; 13.247 ; 13.606 ; 12.960 ;
; numerator10 ; business4   ; 12.056 ; 12.134 ; 12.493 ; 11.957 ;
; numerator10 ; business5   ; 11.025 ; 11.230 ; 11.462 ; 10.943 ;
; numerator10 ; business6   ; 10.372 ; 10.282 ; 10.635 ; 10.355 ;
; numerator10 ; business7   ; 10.855 ; 11.074 ; 11.399 ; 10.913 ;
; numerator10 ; business8   ; 8.492  ; 8.915  ; 9.023  ; 8.750  ;
; numerator10 ; business9   ; 8.388  ; 8.932  ; 9.022  ; 8.645  ;
; numerator10 ; business10  ; 8.600  ;        ;        ; 8.884  ;
; numerator10 ; pin_name2   ; 16.816 ; 16.618 ; 16.529 ; 16.617 ;
; numerator10 ; remain0     ; 15.718 ; 15.588 ; 15.717 ; 15.587 ;
; numerator10 ; remain1     ; 15.629 ; 15.482 ; 15.628 ; 15.481 ;
; numerator10 ; remain2     ; 15.416 ; 15.194 ; 15.143 ; 14.907 ;
; numerator10 ; remain3     ; 15.289 ; 14.969 ; 15.002 ; 14.682 ;
; numerator10 ; remain4     ; 14.821 ; 14.705 ; 14.534 ; 14.418 ;
; numerator10 ; remain5     ; 15.245 ; 14.876 ; 14.958 ; 14.654 ;
; numerator10 ; remain6     ; 14.979 ; 14.759 ; 14.692 ; 14.582 ;
; numerator10 ; remain7     ; 15.176 ; 14.874 ; 14.889 ; 14.587 ;
; numerator11 ; business0   ; 17.122 ; 16.696 ; 17.123 ; 16.725 ;
; numerator11 ; business1   ; 17.061 ; 16.480 ; 17.062 ; 16.571 ;
; numerator11 ; business2   ; 15.721 ; 15.383 ; 15.663 ; 15.418 ;
; numerator11 ; business3   ; 14.093 ; 14.290 ; 14.538 ; 13.869 ;
; numerator11 ; business4   ; 13.007 ; 12.857 ; 13.120 ; 12.879 ;
; numerator11 ; business5   ; 11.660 ; 11.974 ; 12.106 ; 11.601 ;
; numerator11 ; business6   ; 11.046 ; 11.114 ; 11.365 ; 11.056 ;
; numerator11 ; business7   ; 11.268 ; 11.780 ; 11.980 ; 11.343 ;
; numerator11 ; business8   ; 8.940  ; 9.644  ; 9.652  ; 9.207  ;
; numerator11 ; business9   ; 8.874  ; 9.682  ; 9.815  ; 9.151  ;
; numerator11 ; business10  ; 9.432  ; 10.207 ; 10.407 ; 9.676  ;
; numerator11 ; business11  ; 8.118  ;        ;        ; 8.478  ;
; numerator11 ; pin_name2   ; 17.545 ; 17.187 ; 17.546 ; 17.216 ;
; numerator11 ; remain0     ; 16.287 ; 16.157 ; 16.316 ; 16.186 ;
; numerator11 ; remain1     ; 16.198 ; 16.051 ; 16.227 ; 16.080 ;
; numerator11 ; remain2     ; 15.985 ; 15.840 ; 16.014 ; 15.913 ;
; numerator11 ; remain3     ; 15.907 ; 15.713 ; 15.911 ; 15.591 ;
; numerator11 ; remain4     ; 16.016 ; 15.900 ; 15.717 ; 15.589 ;
; numerator11 ; remain5     ; 15.994 ; 15.599 ; 15.867 ; 15.526 ;
; numerator11 ; remain6     ; 15.826 ; 15.482 ; 15.820 ; 15.501 ;
; numerator11 ; remain7     ; 15.868 ; 15.371 ; 15.798 ; 15.349 ;
; numerator12 ; business0   ; 17.867 ; 17.738 ; 17.644 ; 17.483 ;
; numerator12 ; business1   ; 17.794 ; 17.604 ; 17.572 ; 17.366 ;
; numerator12 ; business2   ; 16.518 ; 16.268 ; 16.325 ; 16.147 ;
; numerator12 ; business3   ; 15.437 ; 15.327 ; 15.216 ; 15.206 ;
; numerator12 ; business4   ; 13.283 ; 13.614 ; 14.024 ; 13.238 ;
; numerator12 ; business5   ; 12.411 ; 12.731 ; 13.116 ; 12.355 ;
; numerator12 ; business6   ; 11.772 ; 12.085 ; 12.380 ; 11.785 ;
; numerator12 ; business7   ; 12.682 ; 12.877 ; 13.144 ; 12.672 ;
; numerator12 ; business8   ; 10.389 ; 10.718 ; 10.768 ; 10.557 ;
; numerator12 ; business9   ; 10.137 ; 10.693 ; 10.873 ; 10.317 ;
; numerator12 ; business10  ; 10.403 ; 11.005 ; 11.207 ; 10.629 ;
; numerator12 ; business11  ; 9.029  ; 9.717  ; 9.883  ; 9.341  ;
; numerator12 ; business12  ; 8.178  ;        ;        ; 8.625  ;
; numerator12 ; pin_name2   ; 18.290 ; 18.229 ; 18.067 ; 17.974 ;
; numerator12 ; remain0     ; 17.329 ; 17.199 ; 17.074 ; 16.944 ;
; numerator12 ; remain1     ; 17.240 ; 17.093 ; 16.985 ; 16.838 ;
; numerator12 ; remain2     ; 17.027 ; 16.926 ; 16.772 ; 16.671 ;
; numerator12 ; remain3     ; 16.957 ; 16.821 ; 16.702 ; 16.566 ;
; numerator12 ; remain4     ; 16.869 ; 16.564 ; 16.660 ; 16.468 ;
; numerator12 ; remain5     ; 16.605 ; 16.234 ; 16.384 ; 15.980 ;
; numerator12 ; remain6     ; 16.419 ; 16.108 ; 16.207 ; 15.863 ;
; numerator12 ; remain7     ; 16.944 ; 16.511 ; 16.729 ; 16.415 ;
; numerator13 ; business0   ; 18.428 ; 18.073 ; 18.316 ; 17.961 ;
; numerator13 ; business1   ; 18.316 ; 17.873 ; 18.204 ; 17.816 ;
; numerator13 ; business2   ; 16.835 ; 16.590 ; 16.723 ; 16.478 ;
; numerator13 ; business3   ; 15.755 ; 15.649 ; 15.643 ; 15.537 ;
; numerator13 ; business4   ; 14.484 ; 14.388 ; 14.530 ; 14.437 ;
; numerator13 ; business5   ; 13.240 ; 13.201 ; 13.373 ; 13.089 ;
; numerator13 ; business6   ; 12.174 ; 12.228 ; 12.616 ; 12.116 ;
; numerator13 ; business7   ; 13.108 ; 13.077 ; 13.445 ; 13.105 ;
; numerator13 ; business8   ; 10.374 ; 10.649 ; 10.941 ; 10.537 ;
; numerator13 ; business9   ; 10.267 ; 10.560 ; 10.834 ; 10.448 ;
; numerator13 ; business10  ; 10.939 ; 11.187 ; 11.506 ; 11.075 ;
; numerator13 ; business11  ; 9.419  ; 9.838  ; 9.986  ; 9.726  ;
; numerator13 ; business12  ; 8.527  ; 9.012  ; 9.049  ; 8.900  ;
; numerator13 ; business13  ; 8.102  ;        ;        ; 8.513  ;
; numerator13 ; pin_name2   ; 18.851 ; 18.564 ; 18.739 ; 18.452 ;
; numerator13 ; remain0     ; 17.664 ; 17.534 ; 17.552 ; 17.422 ;
; numerator13 ; remain1     ; 17.575 ; 17.428 ; 17.463 ; 17.316 ;
; numerator13 ; remain2     ; 17.362 ; 17.233 ; 17.250 ; 17.149 ;
; numerator13 ; remain3     ; 17.292 ; 17.106 ; 17.180 ; 17.044 ;
; numerator13 ; remain4     ; 17.223 ; 17.107 ; 17.111 ; 16.995 ;
; numerator13 ; remain5     ; 17.383 ; 17.126 ; 17.271 ; 17.014 ;
; numerator13 ; remain6     ; 17.189 ; 16.829 ; 17.077 ; 16.717 ;
; numerator13 ; remain7     ; 17.319 ; 17.083 ; 17.207 ; 17.086 ;
; numerator14 ; business0   ; 18.580 ; 18.225 ; 18.680 ; 18.325 ;
; numerator14 ; business1   ; 18.468 ; 18.080 ; 18.568 ; 18.180 ;
; numerator14 ; business2   ; 16.987 ; 16.742 ; 17.087 ; 16.842 ;
; numerator14 ; business3   ; 15.907 ; 15.801 ; 16.007 ; 15.901 ;
; numerator14 ; business4   ; 14.794 ; 14.798 ; 14.894 ; 14.898 ;
; numerator14 ; business5   ; 13.711 ; 13.721 ; 13.811 ; 13.821 ;
; numerator14 ; business6   ; 12.641 ; 12.380 ; 12.904 ; 12.480 ;
; numerator14 ; business7   ; 13.405 ; 13.172 ; 13.668 ; 13.272 ;
; numerator14 ; business8   ; 11.029 ; 11.013 ; 11.292 ; 11.113 ;
; numerator14 ; business9   ; 11.221 ; 11.191 ; 11.484 ; 11.291 ;
; numerator14 ; business10  ; 11.445 ; 11.466 ; 11.708 ; 11.566 ;
; numerator14 ; business11  ; 10.063 ; 10.174 ; 10.326 ; 10.274 ;
; numerator14 ; business12  ; 8.885  ; 9.157  ; 9.148  ; 9.257  ;
; numerator14 ; business13  ; 8.711  ; 8.931  ; 8.974  ; 9.031  ;
; numerator14 ; business14  ; 7.700  ;        ;        ; 8.010  ;
; numerator14 ; pin_name2   ; 19.003 ; 18.716 ; 19.103 ; 18.816 ;
; numerator14 ; remain0     ; 17.816 ; 17.686 ; 17.916 ; 17.786 ;
; numerator14 ; remain1     ; 17.727 ; 17.580 ; 17.827 ; 17.680 ;
; numerator14 ; remain2     ; 17.514 ; 17.413 ; 17.614 ; 17.513 ;
; numerator14 ; remain3     ; 17.444 ; 17.308 ; 17.544 ; 17.408 ;
; numerator14 ; remain4     ; 17.375 ; 17.259 ; 17.475 ; 17.359 ;
; numerator14 ; remain5     ; 17.535 ; 17.433 ; 17.635 ; 17.533 ;
; numerator14 ; remain6     ; 17.341 ; 16.981 ; 17.441 ; 17.081 ;
; numerator14 ; remain7     ; 17.471 ; 17.178 ; 17.571 ; 17.278 ;
; numerator15 ; business0   ; 19.181 ; 18.826 ; 19.346 ; 18.991 ;
; numerator15 ; business1   ; 19.069 ; 18.681 ; 19.234 ; 18.830 ;
; numerator15 ; business2   ; 17.588 ; 17.343 ; 17.753 ; 17.508 ;
; numerator15 ; business3   ; 16.508 ; 16.402 ; 16.673 ; 16.567 ;
; numerator15 ; business4   ; 15.395 ; 15.242 ; 15.529 ; 15.399 ;
; numerator15 ; business5   ; 14.312 ; 14.322 ; 14.477 ; 14.487 ;
; numerator15 ; business6   ; 13.346 ; 12.981 ; 13.506 ; 13.146 ;
; numerator15 ; business7   ; 14.110 ; 13.773 ; 14.270 ; 13.917 ;
; numerator15 ; business8   ; 11.734 ; 11.614 ; 11.894 ; 11.677 ;
; numerator15 ; business9   ; 11.442 ; 11.617 ; 11.883 ; 11.410 ;
; numerator15 ; business10  ; 11.893 ; 12.067 ; 12.310 ; 11.906 ;
; numerator15 ; business11  ; 10.412 ; 10.746 ; 10.853 ; 10.539 ;
; numerator15 ; business12  ; 9.260  ; 9.758  ; 9.701  ; 9.570  ;
; numerator15 ; business13  ; 9.012  ; 9.532  ; 9.576  ; 9.317  ;
; numerator15 ; business14  ; 7.945  ;        ;        ; 8.250  ;
; numerator15 ; business15  ; 7.208  ;        ;        ; 7.510  ;
; numerator15 ; pin_name2   ; 19.604 ; 19.317 ; 19.769 ; 19.482 ;
; numerator15 ; remain0     ; 18.417 ; 18.287 ; 18.582 ; 18.452 ;
; numerator15 ; remain1     ; 18.328 ; 18.181 ; 18.493 ; 18.346 ;
; numerator15 ; remain2     ; 18.115 ; 18.014 ; 18.280 ; 18.179 ;
; numerator15 ; remain3     ; 18.045 ; 17.909 ; 18.210 ; 18.063 ;
; numerator15 ; remain4     ; 17.976 ; 17.860 ; 18.141 ; 18.025 ;
; numerator15 ; remain5     ; 18.136 ; 17.984 ; 18.301 ; 18.141 ;
; numerator15 ; remain6     ; 17.942 ; 17.582 ; 18.107 ; 17.747 ;
; numerator15 ; remain7     ; 18.072 ; 17.779 ; 18.237 ; 17.923 ;
+-------------+-------------+--------+--------+--------+--------+


-----------------------------------------------
; Slow 1200mV -40C Model Metastability Report ;
-----------------------------------------------
No synchronizer chains to report.


----------------------------------------
; Fast 1200mV -40C Model Setup Summary ;
----------------------------------------
No paths to report.


---------------------------------------
; Fast 1200mV -40C Model Hold Summary ;
---------------------------------------
No paths to report.


-------------------------------------------
; Fast 1200mV -40C Model Recovery Summary ;
-------------------------------------------
No paths to report.


------------------------------------------
; Fast 1200mV -40C Model Removal Summary ;
------------------------------------------
No paths to report.


------------------------------------------------------
; Fast 1200mV -40C Model Minimum Pulse Width Summary ;
------------------------------------------------------
No paths to report.


+---------------------------------------------------------------+
; Propagation Delay                                             ;
+-------------+-------------+--------+--------+--------+--------+
; Input Port  ; Output Port ; RR     ; RF     ; FR     ; FF     ;
+-------------+-------------+--------+--------+--------+--------+
; denom0      ; business0   ; 24.966 ; 24.799 ; 25.578 ; 25.411 ;
; denom0      ; business1   ; 23.785 ; 23.694 ; 24.397 ; 24.306 ;
; denom0      ; business2   ; 22.000 ; 21.856 ; 22.612 ; 22.468 ;
; denom0      ; business3   ; 20.067 ; 20.127 ; 20.679 ; 20.739 ;
; denom0      ; business4   ; 18.257 ; 18.209 ; 18.869 ; 18.821 ;
; denom0      ; business5   ; 16.409 ; 16.320 ; 17.021 ; 16.932 ;
; denom0      ; business6   ; 14.800 ; 14.736 ; 15.412 ; 15.348 ;
; denom0      ; business7   ; 14.479 ; 14.341 ; 15.091 ; 14.953 ;
; denom0      ; business8   ; 11.754 ; 11.772 ; 12.366 ; 12.384 ;
; denom0      ; business9   ; 10.868 ; 10.845 ; 11.480 ; 11.457 ;
; denom0      ; business10  ; 10.312 ; 10.270 ; 10.924 ; 10.882 ;
; denom0      ; business11  ; 8.246  ; 8.127  ; 8.858  ; 8.739  ;
; denom0      ; business12  ; 6.809  ; 6.867  ; 7.421  ; 7.479  ;
; denom0      ; business13  ; 5.581  ; 5.527  ; 6.193  ; 6.130  ;
; denom0      ; business14  ;        ; 4.610  ; 5.314  ;        ;
; denom0      ; business15  ;        ; 4.126  ; 4.758  ;        ;
; denom0      ; pin_name2   ; 25.241 ; 25.051 ; 25.853 ; 25.663 ;
; denom0      ; remain0     ; 24.573 ; 24.660 ; 25.185 ; 25.272 ;
; denom0      ; remain1     ; 24.509 ; 24.551 ; 25.121 ; 25.163 ;
; denom0      ; remain2     ; 24.416 ; 24.481 ; 25.028 ; 25.093 ;
; denom0      ; remain3     ; 24.351 ; 24.406 ; 24.963 ; 25.018 ;
; denom0      ; remain4     ; 24.576 ; 24.619 ; 25.188 ; 25.231 ;
; denom0      ; remain5     ; 24.427 ; 24.494 ; 25.039 ; 25.106 ;
; denom0      ; remain6     ; 24.613 ; 24.650 ; 25.225 ; 25.262 ;
; denom0      ; remain7     ; 24.372 ; 24.429 ; 24.984 ; 25.041 ;
; denom1      ; business0   ; 25.037 ; 24.870 ; 25.636 ; 25.469 ;
; denom1      ; business1   ; 23.856 ; 23.765 ; 24.455 ; 24.364 ;
; denom1      ; business2   ; 22.071 ; 21.927 ; 22.670 ; 22.526 ;
; denom1      ; business3   ; 20.138 ; 20.198 ; 20.737 ; 20.797 ;
; denom1      ; business4   ; 18.328 ; 18.280 ; 18.927 ; 18.879 ;
; denom1      ; business5   ; 16.480 ; 16.391 ; 17.079 ; 16.990 ;
; denom1      ; business6   ; 14.871 ; 14.807 ; 15.470 ; 15.406 ;
; denom1      ; business7   ; 14.550 ; 14.412 ; 15.149 ; 15.011 ;
; denom1      ; business8   ; 11.825 ; 11.843 ; 12.424 ; 12.442 ;
; denom1      ; business9   ; 10.939 ; 10.916 ; 11.538 ; 11.515 ;
; denom1      ; business10  ; 10.383 ; 10.341 ; 10.982 ; 10.940 ;
; denom1      ; business11  ; 8.317  ; 8.198  ; 8.916  ; 8.797  ;
; denom1      ; business12  ; 6.880  ; 6.938  ; 7.479  ; 7.537  ;
; denom1      ; business13  ; 5.652  ; 5.576  ; 6.251  ; 6.184  ;
; denom1      ; business14  ;        ; 4.659  ; 5.368  ;        ;
; denom1      ; business15  ;        ; 4.257  ; 4.905  ;        ;
; denom1      ; pin_name2   ; 25.312 ; 25.122 ; 25.911 ; 25.721 ;
; denom1      ; remain0     ; 24.644 ; 24.731 ; 25.243 ; 25.330 ;
; denom1      ; remain1     ; 24.580 ; 24.622 ; 25.179 ; 25.221 ;
; denom1      ; remain2     ; 24.487 ; 24.552 ; 25.086 ; 25.151 ;
; denom1      ; remain3     ; 24.422 ; 24.477 ; 25.021 ; 25.076 ;
; denom1      ; remain4     ; 24.647 ; 24.690 ; 25.246 ; 25.289 ;
; denom1      ; remain5     ; 24.498 ; 24.565 ; 25.097 ; 25.164 ;
; denom1      ; remain6     ; 24.684 ; 24.721 ; 25.283 ; 25.320 ;
; denom1      ; remain7     ; 24.443 ; 24.500 ; 25.042 ; 25.099 ;
; denom2      ; business0   ; 25.151 ; 24.984 ; 25.646 ; 25.479 ;
; denom2      ; business1   ; 23.970 ; 23.879 ; 24.465 ; 24.374 ;
; denom2      ; business2   ; 22.185 ; 22.041 ; 22.680 ; 22.536 ;
; denom2      ; business3   ; 20.252 ; 20.312 ; 20.747 ; 20.807 ;
; denom2      ; business4   ; 18.442 ; 18.394 ; 18.937 ; 18.889 ;
; denom2      ; business5   ; 16.594 ; 16.505 ; 17.089 ; 17.000 ;
; denom2      ; business6   ; 14.985 ; 14.921 ; 15.480 ; 15.416 ;
; denom2      ; business7   ; 14.664 ; 14.526 ; 15.159 ; 15.021 ;
; denom2      ; business8   ; 11.939 ; 11.957 ; 12.434 ; 12.452 ;
; denom2      ; business9   ; 11.053 ; 11.030 ; 11.548 ; 11.525 ;
; denom2      ; business10  ; 10.497 ; 10.455 ; 10.992 ; 10.950 ;
; denom2      ; business11  ; 8.431  ; 8.312  ; 8.926  ; 8.807  ;
; denom2      ; business12  ; 6.994  ; 7.052  ; 7.490  ; 7.547  ;
; denom2      ; business13  ; 5.766  ; 5.654  ; 6.261  ; 6.221  ;
; denom2      ; business14  ;        ; 4.300  ; 4.941  ;        ;
; denom2      ; business15  ;        ; 4.527  ; 5.124  ;        ;
; denom2      ; pin_name2   ; 25.426 ; 25.236 ; 25.921 ; 25.731 ;
; denom2      ; remain0     ; 24.758 ; 24.845 ; 25.253 ; 25.340 ;
; denom2      ; remain1     ; 24.694 ; 24.736 ; 25.189 ; 25.231 ;
; denom2      ; remain2     ; 24.601 ; 24.666 ; 25.096 ; 25.161 ;
; denom2      ; remain3     ; 24.536 ; 24.591 ; 25.031 ; 25.086 ;
; denom2      ; remain4     ; 24.761 ; 24.804 ; 25.256 ; 25.299 ;
; denom2      ; remain5     ; 24.612 ; 24.679 ; 25.107 ; 25.174 ;
; denom2      ; remain6     ; 24.798 ; 24.835 ; 25.293 ; 25.330 ;
; denom2      ; remain7     ; 24.557 ; 24.614 ; 25.052 ; 25.109 ;
; denom3      ; business0   ; 25.365 ; 25.198 ; 25.877 ; 25.710 ;
; denom3      ; business1   ; 24.184 ; 24.093 ; 24.696 ; 24.605 ;
; denom3      ; business2   ; 22.399 ; 22.255 ; 22.911 ; 22.767 ;
; denom3      ; business3   ; 20.466 ; 20.526 ; 20.978 ; 21.038 ;
; denom3      ; business4   ; 18.656 ; 18.608 ; 19.168 ; 19.120 ;
; denom3      ; business5   ; 16.808 ; 16.719 ; 17.320 ; 17.231 ;
; denom3      ; business6   ; 15.199 ; 15.135 ; 15.711 ; 15.647 ;
; denom3      ; business7   ; 14.878 ; 14.740 ; 15.390 ; 15.252 ;
; denom3      ; business8   ; 12.153 ; 12.171 ; 12.665 ; 12.683 ;
; denom3      ; business9   ; 11.267 ; 11.244 ; 11.779 ; 11.756 ;
; denom3      ; business10  ; 10.711 ; 10.669 ; 11.223 ; 11.181 ;
; denom3      ; business11  ; 8.645  ; 8.526  ; 9.157  ; 9.038  ;
; denom3      ; business12  ; 7.208  ; 7.266  ; 7.721  ; 7.778  ;
; denom3      ; business13  ; 5.980  ; 5.868  ; 6.492  ; 6.452  ;
; denom3      ; business14  ;        ; 4.520  ; 5.196  ;        ;
; denom3      ; business15  ;        ; 4.741  ; 5.355  ;        ;
; denom3      ; pin_name2   ; 25.640 ; 25.450 ; 26.152 ; 25.962 ;
; denom3      ; remain0     ; 24.972 ; 25.059 ; 25.484 ; 25.571 ;
; denom3      ; remain1     ; 24.908 ; 24.950 ; 25.420 ; 25.462 ;
; denom3      ; remain2     ; 24.815 ; 24.880 ; 25.327 ; 25.392 ;
; denom3      ; remain3     ; 24.750 ; 24.805 ; 25.262 ; 25.317 ;
; denom3      ; remain4     ; 24.975 ; 25.018 ; 25.487 ; 25.530 ;
; denom3      ; remain5     ; 24.826 ; 24.893 ; 25.338 ; 25.405 ;
; denom3      ; remain6     ; 25.012 ; 25.049 ; 25.524 ; 25.561 ;
; denom3      ; remain7     ; 24.771 ; 24.828 ; 25.283 ; 25.340 ;
; denom4      ; business0   ; 26.033 ; 25.866 ; 26.462 ; 26.295 ;
; denom4      ; business1   ; 24.852 ; 24.761 ; 25.281 ; 25.190 ;
; denom4      ; business2   ; 23.067 ; 22.923 ; 23.496 ; 23.352 ;
; denom4      ; business3   ; 21.134 ; 21.194 ; 21.563 ; 21.623 ;
; denom4      ; business4   ; 19.324 ; 19.276 ; 19.753 ; 19.705 ;
; denom4      ; business5   ; 17.476 ; 17.387 ; 17.905 ; 17.816 ;
; denom4      ; business6   ; 15.867 ; 15.803 ; 16.296 ; 16.232 ;
; denom4      ; business7   ; 15.546 ; 15.408 ; 15.975 ; 15.837 ;
; denom4      ; business8   ; 12.821 ; 12.839 ; 13.250 ; 13.268 ;
; denom4      ; business9   ; 11.935 ; 11.912 ; 12.364 ; 12.341 ;
; denom4      ; business10  ; 11.379 ; 11.337 ; 11.808 ; 11.766 ;
; denom4      ; business11  ; 9.313  ; 9.194  ; 9.742  ; 9.623  ;
; denom4      ; business12  ; 7.876  ; 7.934  ; 8.306  ; 8.363  ;
; denom4      ; business13  ; 6.648  ; 6.536  ; 7.077  ; 7.037  ;
; denom4      ; business14  ;        ; 5.172  ; 5.767  ;        ;
; denom4      ; business15  ;        ; 5.409  ; 5.940  ;        ;
; denom4      ; pin_name2   ; 26.308 ; 26.118 ; 26.737 ; 26.547 ;
; denom4      ; remain0     ; 25.640 ; 25.727 ; 26.069 ; 26.156 ;
; denom4      ; remain1     ; 25.576 ; 25.618 ; 26.005 ; 26.047 ;
; denom4      ; remain2     ; 25.483 ; 25.548 ; 25.912 ; 25.977 ;
; denom4      ; remain3     ; 25.418 ; 25.473 ; 25.847 ; 25.902 ;
; denom4      ; remain4     ; 25.643 ; 25.686 ; 26.072 ; 26.115 ;
; denom4      ; remain5     ; 25.494 ; 25.561 ; 25.923 ; 25.990 ;
; denom4      ; remain6     ; 25.680 ; 25.717 ; 26.109 ; 26.146 ;
; denom4      ; remain7     ; 25.439 ; 25.496 ; 25.868 ; 25.925 ;
; denom5      ; business0   ; 26.424 ; 26.257 ; 26.892 ; 26.725 ;
; denom5      ; business1   ; 25.243 ; 25.152 ; 25.711 ; 25.620 ;
; denom5      ; business2   ; 23.458 ; 23.314 ; 23.926 ; 23.782 ;
; denom5      ; business3   ; 21.525 ; 21.585 ; 21.993 ; 22.053 ;
; denom5      ; business4   ; 19.715 ; 19.667 ; 20.183 ; 20.135 ;
; denom5      ; business5   ; 17.867 ; 17.778 ; 18.335 ; 18.246 ;
; denom5      ; business6   ; 16.258 ; 16.194 ; 16.726 ; 16.662 ;
; denom5      ; business7   ; 15.937 ; 15.799 ; 16.405 ; 16.267 ;
; denom5      ; business8   ; 13.212 ; 13.230 ; 13.680 ; 13.698 ;
; denom5      ; business9   ; 12.326 ; 12.303 ; 12.794 ; 12.771 ;
; denom5      ; business10  ; 11.770 ; 11.728 ; 12.238 ; 12.196 ;
; denom5      ; business11  ; 9.704  ; 9.585  ; 10.172 ; 10.053 ;
; denom5      ; business12  ; 8.267  ; 8.325  ; 8.736  ; 8.793  ;
; denom5      ; business13  ; 7.039  ; 6.927  ; 7.507  ; 7.467  ;
; denom5      ; business14  ;        ; 5.563  ; 6.197  ;        ;
; denom5      ; business15  ;        ; 5.800  ; 6.370  ;        ;
; denom5      ; pin_name2   ; 26.699 ; 26.509 ; 27.167 ; 26.977 ;
; denom5      ; remain0     ; 26.031 ; 26.118 ; 26.499 ; 26.586 ;
; denom5      ; remain1     ; 25.967 ; 26.009 ; 26.435 ; 26.477 ;
; denom5      ; remain2     ; 25.874 ; 25.939 ; 26.342 ; 26.407 ;
; denom5      ; remain3     ; 25.809 ; 25.864 ; 26.277 ; 26.332 ;
; denom5      ; remain4     ; 26.034 ; 26.077 ; 26.502 ; 26.545 ;
; denom5      ; remain5     ; 25.885 ; 25.952 ; 26.353 ; 26.420 ;
; denom5      ; remain6     ; 26.071 ; 26.108 ; 26.539 ; 26.576 ;
; denom5      ; remain7     ; 25.830 ; 25.887 ; 26.298 ; 26.355 ;
; denom6      ; business0   ; 26.039 ; 25.872 ; 26.459 ; 26.292 ;
; denom6      ; business1   ; 24.858 ; 24.767 ; 25.278 ; 25.187 ;
; denom6      ; business2   ; 23.073 ; 22.929 ; 23.493 ; 23.349 ;
; denom6      ; business3   ; 21.140 ; 21.200 ; 21.560 ; 21.620 ;
; denom6      ; business4   ; 19.330 ; 19.282 ; 19.750 ; 19.702 ;
; denom6      ; business5   ; 17.482 ; 17.393 ; 17.902 ; 17.813 ;
; denom6      ; business6   ; 15.873 ; 15.809 ; 16.293 ; 16.229 ;
; denom6      ; business7   ; 15.552 ; 15.414 ; 15.972 ; 15.834 ;
; denom6      ; business8   ; 12.827 ; 12.845 ; 13.247 ; 13.265 ;
; denom6      ; business9   ; 11.941 ; 11.918 ; 12.361 ; 12.338 ;
; denom6      ; business10  ; 11.385 ; 11.343 ; 11.805 ; 11.763 ;
; denom6      ; business11  ; 9.319  ; 9.200  ; 9.739  ; 9.620  ;
; denom6      ; business12  ; 7.882  ; 7.940  ; 8.303  ; 8.360  ;
; denom6      ; business13  ; 6.654  ; 6.542  ; 7.074  ; 7.034  ;
; denom6      ; business14  ;        ; 5.178  ; 5.764  ;        ;
; denom6      ; business15  ;        ; 5.415  ; 5.937  ;        ;
; denom6      ; pin_name2   ; 26.314 ; 26.124 ; 26.734 ; 26.544 ;
; denom6      ; remain0     ; 25.646 ; 25.733 ; 26.066 ; 26.153 ;
; denom6      ; remain1     ; 25.582 ; 25.624 ; 26.002 ; 26.044 ;
; denom6      ; remain2     ; 25.489 ; 25.554 ; 25.909 ; 25.974 ;
; denom6      ; remain3     ; 25.424 ; 25.479 ; 25.844 ; 25.899 ;
; denom6      ; remain4     ; 25.649 ; 25.692 ; 26.069 ; 26.112 ;
; denom6      ; remain5     ; 25.500 ; 25.567 ; 25.920 ; 25.987 ;
; denom6      ; remain6     ; 25.686 ; 25.723 ; 26.106 ; 26.143 ;
; denom6      ; remain7     ; 25.445 ; 25.502 ; 25.865 ; 25.922 ;
; denom7      ; business0   ; 26.231 ; 26.064 ; 26.682 ; 26.515 ;
; denom7      ; business1   ; 25.050 ; 24.959 ; 25.501 ; 25.410 ;
; denom7      ; business2   ; 23.265 ; 23.121 ; 23.716 ; 23.572 ;
; denom7      ; business3   ; 21.332 ; 21.392 ; 21.783 ; 21.843 ;
; denom7      ; business4   ; 19.522 ; 19.474 ; 19.973 ; 19.925 ;
; denom7      ; business5   ; 17.674 ; 17.585 ; 18.125 ; 18.036 ;
; denom7      ; business6   ; 16.065 ; 16.001 ; 16.516 ; 16.452 ;
; denom7      ; business7   ; 15.744 ; 15.606 ; 16.195 ; 16.057 ;
; denom7      ; business8   ; 13.019 ; 13.037 ; 13.470 ; 13.488 ;
; denom7      ; business9   ; 12.133 ; 12.110 ; 12.584 ; 12.561 ;
; denom7      ; business10  ; 11.577 ; 11.535 ; 12.028 ; 11.986 ;
; denom7      ; business11  ; 9.511  ; 9.392  ; 9.962  ; 9.843  ;
; denom7      ; business12  ; 8.074  ; 8.132  ; 8.526  ; 8.583  ;
; denom7      ; business13  ; 6.846  ; 6.734  ; 7.297  ; 7.257  ;
; denom7      ; business14  ;        ; 5.370  ; 5.987  ;        ;
; denom7      ; business15  ;        ; 5.607  ; 6.160  ;        ;
; denom7      ; pin_name2   ; 26.506 ; 26.316 ; 26.957 ; 26.767 ;
; denom7      ; remain0     ; 25.838 ; 25.925 ; 26.289 ; 26.376 ;
; denom7      ; remain1     ; 25.774 ; 25.816 ; 26.225 ; 26.267 ;
; denom7      ; remain2     ; 25.681 ; 25.746 ; 26.132 ; 26.197 ;
; denom7      ; remain3     ; 25.616 ; 25.671 ; 26.067 ; 26.122 ;
; denom7      ; remain4     ; 25.841 ; 25.884 ; 26.292 ; 26.335 ;
; denom7      ; remain5     ; 25.692 ; 25.759 ; 26.143 ; 26.210 ;
; denom7      ; remain6     ; 25.878 ; 25.915 ; 26.329 ; 26.366 ;
; denom7      ; remain7     ; 25.637 ; 25.694 ; 26.088 ; 26.145 ;
; numerator0  ; business0   ; 5.568  ;        ;        ; 5.907  ;
; numerator0  ; pin_name1   ; 3.462  ;        ;        ; 3.998  ;
; numerator0  ; pin_name2   ; 5.843  ;        ;        ; 6.159  ;
; numerator0  ; remain0     ; 5.175  ; 5.262  ; 5.636  ; 5.705  ;
; numerator0  ; remain1     ; 5.111  ; 5.153  ; 5.568  ; 5.616  ;
; numerator0  ; remain2     ; 5.018  ; 5.083  ; 5.477  ; 5.523  ;
; numerator0  ; remain3     ; 4.953  ; 5.008  ; 5.413  ; 5.449  ;
; numerator0  ; remain4     ; 5.178  ; 5.221  ; 5.622  ; 5.726  ;
; numerator0  ; remain5     ; 5.029  ; 5.096  ; 5.491  ; 5.539  ;
; numerator0  ; remain6     ; 5.215  ; 5.252  ; 5.648  ; 5.713  ;
; numerator0  ; remain7     ; 4.974  ; 5.031  ; 5.436  ; 5.519  ;
; numerator1  ; business0   ; 7.066  ; 6.899  ; 7.474  ; 7.289  ;
; numerator1  ; business1   ; 5.885  ;        ;        ; 6.206  ;
; numerator1  ; pin_name2   ; 7.341  ; 7.151  ; 7.749  ; 7.541  ;
; numerator1  ; remain0     ; 6.673  ; 6.760  ; 7.081  ; 7.168  ;
; numerator1  ; remain1     ; 6.609  ; 6.651  ; 7.017  ; 7.059  ;
; numerator1  ; remain2     ; 6.516  ; 6.581  ; 6.924  ; 6.989  ;
; numerator1  ; remain3     ; 6.451  ; 6.506  ; 6.859  ; 6.914  ;
; numerator1  ; remain4     ; 6.676  ; 6.719  ; 7.084  ; 7.127  ;
; numerator1  ; remain5     ; 6.527  ; 6.594  ; 6.935  ; 7.002  ;
; numerator1  ; remain6     ; 6.713  ; 6.750  ; 7.121  ; 7.158  ;
; numerator1  ; remain7     ; 6.472  ; 6.529  ; 6.880  ; 6.937  ;
; numerator2  ; business0   ; 8.405  ; 8.238  ; 8.859  ; 8.674  ;
; numerator2  ; business1   ; 7.224  ; 7.133  ; 7.633  ; 7.591  ;
; numerator2  ; business2   ; 5.439  ;        ;        ; 5.794  ;
; numerator2  ; pin_name2   ; 8.680  ; 8.490  ; 9.134  ; 8.926  ;
; numerator2  ; remain0     ; 8.012  ; 8.099  ; 8.466  ; 8.553  ;
; numerator2  ; remain1     ; 7.948  ; 7.990  ; 8.402  ; 8.444  ;
; numerator2  ; remain2     ; 7.855  ; 7.920  ; 8.309  ; 8.374  ;
; numerator2  ; remain3     ; 7.790  ; 7.845  ; 8.244  ; 8.299  ;
; numerator2  ; remain4     ; 8.015  ; 8.058  ; 8.469  ; 8.512  ;
; numerator2  ; remain5     ; 7.866  ; 7.933  ; 8.320  ; 8.387  ;
; numerator2  ; remain6     ; 8.052  ; 8.089  ; 8.506  ; 8.543  ;
; numerator2  ; remain7     ; 7.811  ; 7.868  ; 8.265  ; 8.322  ;
; numerator3  ; business0   ; 8.852  ; 8.685  ; 8.946  ; 8.779  ;
; numerator3  ; business1   ; 7.671  ; 7.580  ; 7.765  ; 7.674  ;
; numerator3  ; business2   ; 5.886  ; 5.645  ; 5.980  ; 5.836  ;
; numerator3  ; business3   ; 3.984  ;        ;        ; 4.107  ;
; numerator3  ; pin_name2   ; 9.127  ; 8.937  ; 9.221  ; 9.031  ;
; numerator3  ; remain0     ; 8.459  ; 8.546  ; 8.553  ; 8.640  ;
; numerator3  ; remain1     ; 8.395  ; 8.437  ; 8.489  ; 8.531  ;
; numerator3  ; remain2     ; 8.302  ; 8.367  ; 8.396  ; 8.461  ;
; numerator3  ; remain3     ; 8.237  ; 8.292  ; 8.331  ; 8.386  ;
; numerator3  ; remain4     ; 8.462  ; 8.505  ; 8.556  ; 8.599  ;
; numerator3  ; remain5     ; 8.313  ; 8.380  ; 8.407  ; 8.474  ;
; numerator3  ; remain6     ; 8.499  ; 8.536  ; 8.593  ; 8.630  ;
; numerator3  ; remain7     ; 8.258  ; 8.315  ; 8.352  ; 8.409  ;
; numerator4  ; business0   ; 10.506 ; 10.339 ; 10.699 ; 10.532 ;
; numerator4  ; business1   ; 9.325  ; 9.234  ; 9.518  ; 9.427  ;
; numerator4  ; business2   ; 7.540  ; 7.396  ; 7.733  ; 7.589  ;
; numerator4  ; business3   ; 5.618  ; 5.667  ; 5.747  ; 5.860  ;
; numerator4  ; business4   ; 3.808  ;        ;        ; 3.942  ;
; numerator4  ; pin_name2   ; 10.781 ; 10.591 ; 10.974 ; 10.784 ;
; numerator4  ; remain0     ; 10.113 ; 10.200 ; 10.306 ; 10.393 ;
; numerator4  ; remain1     ; 10.049 ; 10.091 ; 10.242 ; 10.284 ;
; numerator4  ; remain2     ; 9.956  ; 10.021 ; 10.149 ; 10.214 ;
; numerator4  ; remain3     ; 9.891  ; 9.946  ; 10.084 ; 10.139 ;
; numerator4  ; remain4     ; 10.116 ; 10.159 ; 10.309 ; 10.352 ;
; numerator4  ; remain5     ; 9.967  ; 10.034 ; 10.160 ; 10.227 ;
; numerator4  ; remain6     ; 10.153 ; 10.190 ; 10.346 ; 10.383 ;
; numerator4  ; remain7     ; 9.912  ; 9.969  ; 10.105 ; 10.162 ;
; numerator5  ; business0   ; 13.156 ; 12.989 ; 13.612 ; 13.445 ;
; numerator5  ; business1   ; 11.975 ; 11.884 ; 12.431 ; 12.340 ;
; numerator5  ; business2   ; 10.190 ; 10.046 ; 10.646 ; 10.502 ;
; numerator5  ; business3   ; 8.257  ; 8.317  ; 8.660  ; 8.773  ;
; numerator5  ; business4   ; 6.447  ; 6.399  ; 6.819  ; 6.855  ;
; numerator5  ; business5   ; 4.599  ;        ;        ; 4.999  ;
; numerator5  ; pin_name2   ; 13.431 ; 13.241 ; 13.887 ; 13.697 ;
; numerator5  ; remain0     ; 12.763 ; 12.850 ; 13.219 ; 13.306 ;
; numerator5  ; remain1     ; 12.699 ; 12.741 ; 13.155 ; 13.197 ;
; numerator5  ; remain2     ; 12.606 ; 12.671 ; 13.062 ; 13.127 ;
; numerator5  ; remain3     ; 12.541 ; 12.596 ; 12.997 ; 13.052 ;
; numerator5  ; remain4     ; 12.766 ; 12.809 ; 13.222 ; 13.265 ;
; numerator5  ; remain5     ; 12.617 ; 12.684 ; 13.073 ; 13.140 ;
; numerator5  ; remain6     ; 12.803 ; 12.840 ; 13.259 ; 13.296 ;
; numerator5  ; remain7     ; 12.562 ; 12.619 ; 13.018 ; 13.075 ;
; numerator6  ; business0   ; 13.785 ; 13.618 ; 13.923 ; 13.756 ;
; numerator6  ; business1   ; 12.604 ; 12.513 ; 12.742 ; 12.651 ;
; numerator6  ; business2   ; 10.819 ; 10.675 ; 10.957 ; 10.813 ;
; numerator6  ; business3   ; 8.886  ; 8.946  ; 9.024  ; 9.084  ;
; numerator6  ; business4   ; 7.076  ; 7.028  ; 7.214  ; 7.166  ;
; numerator6  ; business5   ; 5.228  ; 5.139  ; 5.366  ; 5.280  ;
; numerator6  ; business6   ; 3.619  ;        ;        ; 3.752  ;
; numerator6  ; pin_name2   ; 14.060 ; 13.870 ; 14.198 ; 14.008 ;
; numerator6  ; remain0     ; 13.392 ; 13.479 ; 13.530 ; 13.617 ;
; numerator6  ; remain1     ; 13.328 ; 13.370 ; 13.466 ; 13.508 ;
; numerator6  ; remain2     ; 13.235 ; 13.300 ; 13.373 ; 13.438 ;
; numerator6  ; remain3     ; 13.170 ; 13.225 ; 13.308 ; 13.363 ;
; numerator6  ; remain4     ; 13.395 ; 13.438 ; 13.533 ; 13.576 ;
; numerator6  ; remain5     ; 13.246 ; 13.313 ; 13.384 ; 13.451 ;
; numerator6  ; remain6     ; 13.432 ; 13.469 ; 13.570 ; 13.607 ;
; numerator6  ; remain7     ; 13.191 ; 13.248 ; 13.329 ; 13.386 ;
; numerator7  ; business0   ; 15.312 ; 15.145 ; 15.417 ; 15.250 ;
; numerator7  ; business1   ; 14.131 ; 14.040 ; 14.236 ; 14.145 ;
; numerator7  ; business2   ; 12.346 ; 12.202 ; 12.451 ; 12.307 ;
; numerator7  ; business3   ; 10.413 ; 10.473 ; 10.518 ; 10.578 ;
; numerator7  ; business4   ; 8.603  ; 8.555  ; 8.708  ; 8.660  ;
; numerator7  ; business5   ; 6.755  ; 6.666  ; 6.860  ; 6.771  ;
; numerator7  ; business6   ; 5.146  ; 5.082  ; 5.251  ; 5.241  ;
; numerator7  ; business7   ; 4.825  ;        ;        ; 4.886  ;
; numerator7  ; pin_name2   ; 15.587 ; 15.397 ; 15.692 ; 15.502 ;
; numerator7  ; remain0     ; 14.919 ; 15.006 ; 15.024 ; 15.111 ;
; numerator7  ; remain1     ; 14.855 ; 14.897 ; 14.960 ; 15.002 ;
; numerator7  ; remain2     ; 14.762 ; 14.827 ; 14.867 ; 14.932 ;
; numerator7  ; remain3     ; 14.697 ; 14.752 ; 14.802 ; 14.857 ;
; numerator7  ; remain4     ; 14.922 ; 14.965 ; 15.027 ; 15.070 ;
; numerator7  ; remain5     ; 14.773 ; 14.840 ; 14.878 ; 14.945 ;
; numerator7  ; remain6     ; 14.959 ; 14.996 ; 15.064 ; 15.101 ;
; numerator7  ; remain7     ; 14.718 ; 14.775 ; 14.823 ; 14.880 ;
; numerator8  ; business0   ; 17.056 ; 16.889 ; 17.221 ; 17.054 ;
; numerator8  ; business1   ; 15.875 ; 15.784 ; 16.040 ; 15.949 ;
; numerator8  ; business2   ; 14.090 ; 13.946 ; 14.255 ; 14.111 ;
; numerator8  ; business3   ; 12.157 ; 12.217 ; 12.322 ; 12.382 ;
; numerator8  ; business4   ; 10.347 ; 10.299 ; 10.512 ; 10.464 ;
; numerator8  ; business5   ; 8.499  ; 8.410  ; 8.664  ; 8.575  ;
; numerator8  ; business6   ; 6.890  ; 6.826  ; 7.055  ; 6.991  ;
; numerator8  ; business7   ; 6.569  ; 6.431  ; 6.734  ; 6.608  ;
; numerator8  ; business8   ; 3.844  ;        ;        ; 4.041  ;
; numerator8  ; pin_name2   ; 17.331 ; 17.141 ; 17.496 ; 17.306 ;
; numerator8  ; remain0     ; 16.663 ; 16.750 ; 16.828 ; 16.915 ;
; numerator8  ; remain1     ; 16.599 ; 16.641 ; 16.764 ; 16.806 ;
; numerator8  ; remain2     ; 16.506 ; 16.571 ; 16.671 ; 16.736 ;
; numerator8  ; remain3     ; 16.441 ; 16.496 ; 16.606 ; 16.661 ;
; numerator8  ; remain4     ; 16.666 ; 16.709 ; 16.831 ; 16.874 ;
; numerator8  ; remain5     ; 16.517 ; 16.584 ; 16.682 ; 16.749 ;
; numerator8  ; remain6     ; 16.703 ; 16.740 ; 16.868 ; 16.905 ;
; numerator8  ; remain7     ; 16.462 ; 16.519 ; 16.627 ; 16.684 ;
; numerator9  ; business0   ; 18.909 ; 18.742 ; 19.381 ; 19.214 ;
; numerator9  ; business1   ; 17.728 ; 17.637 ; 18.200 ; 18.109 ;
; numerator9  ; business2   ; 15.943 ; 15.799 ; 16.415 ; 16.271 ;
; numerator9  ; business3   ; 14.010 ; 14.070 ; 14.482 ; 14.542 ;
; numerator9  ; business4   ; 12.200 ; 12.152 ; 12.672 ; 12.624 ;
; numerator9  ; business5   ; 10.352 ; 10.263 ; 10.824 ; 10.735 ;
; numerator9  ; business6   ; 8.743  ; 8.679  ; 9.215  ; 9.151  ;
; numerator9  ; business7   ; 8.422  ; 8.291  ; 8.894  ; 8.768  ;
; numerator9  ; business8   ; 5.697  ; 5.724  ; 6.147  ; 6.201  ;
; numerator9  ; business9   ; 4.850  ;        ;        ; 5.238  ;
; numerator9  ; pin_name2   ; 19.184 ; 18.994 ; 19.656 ; 19.466 ;
; numerator9  ; remain0     ; 18.516 ; 18.603 ; 18.988 ; 19.075 ;
; numerator9  ; remain1     ; 18.452 ; 18.494 ; 18.924 ; 18.966 ;
; numerator9  ; remain2     ; 18.359 ; 18.424 ; 18.831 ; 18.896 ;
; numerator9  ; remain3     ; 18.294 ; 18.349 ; 18.766 ; 18.821 ;
; numerator9  ; remain4     ; 18.519 ; 18.562 ; 18.991 ; 19.034 ;
; numerator9  ; remain5     ; 18.370 ; 18.437 ; 18.842 ; 18.909 ;
; numerator9  ; remain6     ; 18.556 ; 18.593 ; 19.028 ; 19.065 ;
; numerator9  ; remain7     ; 18.315 ; 18.372 ; 18.787 ; 18.844 ;
; numerator10 ; business0   ; 20.177 ; 20.010 ; 20.637 ; 20.470 ;
; numerator10 ; business1   ; 18.996 ; 18.905 ; 19.456 ; 19.365 ;
; numerator10 ; business2   ; 17.211 ; 17.067 ; 17.671 ; 17.527 ;
; numerator10 ; business3   ; 15.278 ; 15.338 ; 15.738 ; 15.798 ;
; numerator10 ; business4   ; 13.468 ; 13.420 ; 13.928 ; 13.880 ;
; numerator10 ; business5   ; 11.620 ; 11.531 ; 12.080 ; 11.991 ;
; numerator10 ; business6   ; 10.011 ; 9.947  ; 10.471 ; 10.407 ;
; numerator10 ; business7   ; 9.690  ; 9.552  ; 10.150 ; 10.012 ;
; numerator10 ; business8   ; 6.965  ; 6.983  ; 7.425  ; 7.443  ;
; numerator10 ; business9   ; 6.065  ; 6.056  ; 6.539  ; 6.516  ;
; numerator10 ; business10  ; 5.550  ;        ;        ; 5.941  ;
; numerator10 ; pin_name2   ; 20.452 ; 20.262 ; 20.912 ; 20.722 ;
; numerator10 ; remain0     ; 19.784 ; 19.871 ; 20.244 ; 20.331 ;
; numerator10 ; remain1     ; 19.720 ; 19.762 ; 20.180 ; 20.222 ;
; numerator10 ; remain2     ; 19.627 ; 19.692 ; 20.087 ; 20.152 ;
; numerator10 ; remain3     ; 19.562 ; 19.617 ; 20.022 ; 20.077 ;
; numerator10 ; remain4     ; 19.787 ; 19.830 ; 20.247 ; 20.290 ;
; numerator10 ; remain5     ; 19.638 ; 19.705 ; 20.098 ; 20.165 ;
; numerator10 ; remain6     ; 19.824 ; 19.861 ; 20.284 ; 20.321 ;
; numerator10 ; remain7     ; 19.583 ; 19.640 ; 20.043 ; 20.100 ;
; numerator11 ; business0   ; 21.802 ; 21.635 ; 22.284 ; 22.117 ;
; numerator11 ; business1   ; 20.621 ; 20.530 ; 21.103 ; 21.012 ;
; numerator11 ; business2   ; 18.836 ; 18.692 ; 19.318 ; 19.174 ;
; numerator11 ; business3   ; 16.903 ; 16.963 ; 17.385 ; 17.445 ;
; numerator11 ; business4   ; 15.093 ; 15.045 ; 15.575 ; 15.527 ;
; numerator11 ; business5   ; 13.245 ; 13.156 ; 13.727 ; 13.638 ;
; numerator11 ; business6   ; 11.636 ; 11.572 ; 12.118 ; 12.054 ;
; numerator11 ; business7   ; 11.315 ; 11.177 ; 11.797 ; 11.659 ;
; numerator11 ; business8   ; 8.590  ; 8.608  ; 9.072  ; 9.090  ;
; numerator11 ; business9   ; 7.704  ; 7.681  ; 8.186  ; 8.163  ;
; numerator11 ; business10  ; 7.148  ; 7.106  ; 7.533  ; 7.588  ;
; numerator11 ; business11  ; 5.082  ;        ;        ; 5.489  ;
; numerator11 ; pin_name2   ; 22.077 ; 21.887 ; 22.559 ; 22.369 ;
; numerator11 ; remain0     ; 21.409 ; 21.496 ; 21.891 ; 21.978 ;
; numerator11 ; remain1     ; 21.345 ; 21.387 ; 21.827 ; 21.869 ;
; numerator11 ; remain2     ; 21.252 ; 21.317 ; 21.734 ; 21.799 ;
; numerator11 ; remain3     ; 21.187 ; 21.242 ; 21.669 ; 21.724 ;
; numerator11 ; remain4     ; 21.412 ; 21.455 ; 21.894 ; 21.937 ;
; numerator11 ; remain5     ; 21.263 ; 21.330 ; 21.745 ; 21.812 ;
; numerator11 ; remain6     ; 21.449 ; 21.486 ; 21.931 ; 21.968 ;
; numerator11 ; remain7     ; 21.208 ; 21.265 ; 21.690 ; 21.747 ;
; numerator12 ; business0   ; 23.156 ; 22.989 ; 23.705 ; 23.538 ;
; numerator12 ; business1   ; 21.975 ; 21.884 ; 22.524 ; 22.433 ;
; numerator12 ; business2   ; 20.190 ; 20.046 ; 20.739 ; 20.595 ;
; numerator12 ; business3   ; 18.257 ; 18.317 ; 18.806 ; 18.866 ;
; numerator12 ; business4   ; 16.447 ; 16.399 ; 16.996 ; 16.948 ;
; numerator12 ; business5   ; 14.599 ; 14.510 ; 15.148 ; 15.059 ;
; numerator12 ; business6   ; 12.990 ; 12.926 ; 13.539 ; 13.475 ;
; numerator12 ; business7   ; 12.669 ; 12.531 ; 13.218 ; 13.080 ;
; numerator12 ; business8   ; 9.944  ; 9.962  ; 10.493 ; 10.511 ;
; numerator12 ; business9   ; 9.058  ; 9.035  ; 9.607  ; 9.584  ;
; numerator12 ; business10  ; 8.502  ; 8.460  ; 9.051  ; 9.009  ;
; numerator12 ; business11  ; 6.436  ; 6.282  ; 6.985  ; 6.866  ;
; numerator12 ; business12  ; 5.096  ;        ;        ; 5.606  ;
; numerator12 ; pin_name2   ; 23.431 ; 23.241 ; 23.980 ; 23.790 ;
; numerator12 ; remain0     ; 22.763 ; 22.850 ; 23.312 ; 23.399 ;
; numerator12 ; remain1     ; 22.699 ; 22.741 ; 23.248 ; 23.290 ;
; numerator12 ; remain2     ; 22.606 ; 22.671 ; 23.155 ; 23.220 ;
; numerator12 ; remain3     ; 22.541 ; 22.596 ; 23.090 ; 23.145 ;
; numerator12 ; remain4     ; 22.766 ; 22.809 ; 23.315 ; 23.358 ;
; numerator12 ; remain5     ; 22.617 ; 22.684 ; 23.166 ; 23.233 ;
; numerator12 ; remain6     ; 22.803 ; 22.840 ; 23.352 ; 23.389 ;
; numerator12 ; remain7     ; 22.562 ; 22.619 ; 23.111 ; 23.168 ;
; numerator13 ; business0   ; 24.501 ; 24.334 ; 24.897 ; 24.730 ;
; numerator13 ; business1   ; 23.320 ; 23.229 ; 23.716 ; 23.625 ;
; numerator13 ; business2   ; 21.535 ; 21.391 ; 21.931 ; 21.787 ;
; numerator13 ; business3   ; 19.602 ; 19.662 ; 19.998 ; 20.058 ;
; numerator13 ; business4   ; 17.792 ; 17.744 ; 18.188 ; 18.140 ;
; numerator13 ; business5   ; 15.944 ; 15.855 ; 16.340 ; 16.251 ;
; numerator13 ; business6   ; 14.335 ; 14.271 ; 14.731 ; 14.667 ;
; numerator13 ; business7   ; 14.014 ; 13.876 ; 14.410 ; 14.272 ;
; numerator13 ; business8   ; 11.289 ; 11.307 ; 11.685 ; 11.703 ;
; numerator13 ; business9   ; 10.403 ; 10.380 ; 10.799 ; 10.776 ;
; numerator13 ; business10  ; 9.847  ; 9.805  ; 10.243 ; 10.201 ;
; numerator13 ; business11  ; 7.781  ; 7.662  ; 8.177  ; 8.058  ;
; numerator13 ; business12  ; 6.344  ; 6.402  ; 6.758  ; 6.798  ;
; numerator13 ; business13  ; 5.116  ;        ;        ; 5.489  ;
; numerator13 ; pin_name2   ; 24.776 ; 24.586 ; 25.172 ; 24.982 ;
; numerator13 ; remain0     ; 24.108 ; 24.195 ; 24.504 ; 24.591 ;
; numerator13 ; remain1     ; 24.044 ; 24.086 ; 24.440 ; 24.482 ;
; numerator13 ; remain2     ; 23.951 ; 24.016 ; 24.347 ; 24.412 ;
; numerator13 ; remain3     ; 23.886 ; 23.941 ; 24.282 ; 24.337 ;
; numerator13 ; remain4     ; 24.111 ; 24.154 ; 24.507 ; 24.550 ;
; numerator13 ; remain5     ; 23.962 ; 24.029 ; 24.358 ; 24.425 ;
; numerator13 ; remain6     ; 24.148 ; 24.185 ; 24.544 ; 24.581 ;
; numerator13 ; remain7     ; 23.907 ; 23.964 ; 24.303 ; 24.360 ;
; numerator14 ; business0   ; 24.953 ; 24.786 ; 25.502 ; 25.335 ;
; numerator14 ; business1   ; 23.772 ; 23.681 ; 24.321 ; 24.230 ;
; numerator14 ; business2   ; 21.987 ; 21.843 ; 22.536 ; 22.392 ;
; numerator14 ; business3   ; 20.054 ; 20.114 ; 20.603 ; 20.663 ;
; numerator14 ; business4   ; 18.244 ; 18.196 ; 18.793 ; 18.745 ;
; numerator14 ; business5   ; 16.396 ; 16.307 ; 16.945 ; 16.856 ;
; numerator14 ; business6   ; 14.787 ; 14.723 ; 15.336 ; 15.272 ;
; numerator14 ; business7   ; 14.466 ; 14.328 ; 15.015 ; 14.877 ;
; numerator14 ; business8   ; 11.741 ; 11.759 ; 12.290 ; 12.308 ;
; numerator14 ; business9   ; 10.855 ; 10.832 ; 11.404 ; 11.381 ;
; numerator14 ; business10  ; 10.299 ; 10.257 ; 10.848 ; 10.806 ;
; numerator14 ; business11  ; 8.233  ; 8.114  ; 8.782  ; 8.663  ;
; numerator14 ; business12  ; 6.796  ; 6.854  ; 7.345  ; 7.403  ;
; numerator14 ; business13  ; 5.568  ; 5.508  ; 6.117  ; 6.063  ;
; numerator14 ; business14  ; 4.692  ;        ;        ; 5.146  ;
; numerator14 ; pin_name2   ; 25.228 ; 25.038 ; 25.777 ; 25.587 ;
; numerator14 ; remain0     ; 24.560 ; 24.647 ; 25.109 ; 25.196 ;
; numerator14 ; remain1     ; 24.496 ; 24.538 ; 25.045 ; 25.087 ;
; numerator14 ; remain2     ; 24.403 ; 24.468 ; 24.952 ; 25.017 ;
; numerator14 ; remain3     ; 24.338 ; 24.393 ; 24.887 ; 24.942 ;
; numerator14 ; remain4     ; 24.563 ; 24.606 ; 25.112 ; 25.155 ;
; numerator14 ; remain5     ; 24.414 ; 24.481 ; 24.963 ; 25.030 ;
; numerator14 ; remain6     ; 24.600 ; 24.637 ; 25.149 ; 25.186 ;
; numerator14 ; remain7     ; 24.359 ; 24.416 ; 24.908 ; 24.965 ;
; numerator15 ; business0   ; 25.113 ; 24.946 ; 25.701 ; 25.534 ;
; numerator15 ; business1   ; 23.932 ; 23.841 ; 24.520 ; 24.429 ;
; numerator15 ; business2   ; 22.147 ; 22.003 ; 22.735 ; 22.591 ;
; numerator15 ; business3   ; 20.214 ; 20.274 ; 20.802 ; 20.862 ;
; numerator15 ; business4   ; 18.404 ; 18.356 ; 18.992 ; 18.944 ;
; numerator15 ; business5   ; 16.556 ; 16.467 ; 17.144 ; 17.055 ;
; numerator15 ; business6   ; 14.947 ; 14.883 ; 15.535 ; 15.471 ;
; numerator15 ; business7   ; 14.626 ; 14.488 ; 15.214 ; 15.076 ;
; numerator15 ; business8   ; 11.901 ; 11.919 ; 12.489 ; 12.507 ;
; numerator15 ; business9   ; 11.015 ; 10.992 ; 11.603 ; 11.580 ;
; numerator15 ; business10  ; 10.459 ; 10.417 ; 11.047 ; 11.005 ;
; numerator15 ; business11  ; 8.393  ; 8.274  ; 8.981  ; 8.862  ;
; numerator15 ; business12  ; 6.956  ; 7.014  ; 7.544  ; 7.602  ;
; numerator15 ; business13  ; 5.728  ; 5.668  ; 6.316  ; 6.262  ;
; numerator15 ; business14  ; 4.852  ;        ;        ; 5.345  ;
; numerator15 ; business15  ; 4.411  ;        ;        ; 4.959  ;
; numerator15 ; pin_name2   ; 25.388 ; 25.198 ; 25.976 ; 25.786 ;
; numerator15 ; remain0     ; 24.720 ; 24.807 ; 25.308 ; 25.395 ;
; numerator15 ; remain1     ; 24.656 ; 24.698 ; 25.244 ; 25.286 ;
; numerator15 ; remain2     ; 24.563 ; 24.628 ; 25.151 ; 25.216 ;
; numerator15 ; remain3     ; 24.498 ; 24.553 ; 25.086 ; 25.141 ;
; numerator15 ; remain4     ; 24.723 ; 24.766 ; 25.311 ; 25.354 ;
; numerator15 ; remain5     ; 24.574 ; 24.641 ; 25.162 ; 25.229 ;
; numerator15 ; remain6     ; 24.760 ; 24.797 ; 25.348 ; 25.385 ;
; numerator15 ; remain7     ; 24.519 ; 24.576 ; 25.107 ; 25.164 ;
+-------------+-------------+--------+--------+--------+--------+


+---------------------------------------------------------------+
; Minimum Propagation Delay                                     ;
+-------------+-------------+--------+--------+--------+--------+
; Input Port  ; Output Port ; RR     ; RF     ; FR     ; FF     ;
+-------------+-------------+--------+--------+--------+--------+
; denom0      ; business0   ; 6.075  ; 5.310  ; 6.103  ; 6.602  ;
; denom0      ; business1   ; 6.670  ; 5.788  ; 6.594  ; 7.183  ;
; denom0      ; business2   ; 6.199  ; 5.526  ; 6.304  ; 6.735  ;
; denom0      ; business3   ; 5.634  ; 4.957  ; 5.678  ; 6.275  ;
; denom0      ; business4   ; 5.281  ; 4.598  ; 5.267  ; 5.832  ;
; denom0      ; business5   ; 4.957  ; 4.278  ; 4.934  ; 5.492  ;
; denom0      ; business6   ; 5.126  ; 4.293  ; 4.943  ; 5.733  ;
; denom0      ; business7   ; 6.102  ; 5.345  ; 6.074  ; 6.585  ;
; denom0      ; business8   ; 5.018  ; 4.239  ; 4.824  ; 5.648  ;
; denom0      ; business9   ; 5.053  ; 4.623  ; 5.315  ; 5.560  ;
; denom0      ; business10  ; 6.048  ; 5.180  ; 5.875  ; 6.557  ;
; denom0      ; business11  ; 5.349  ; 4.682  ; 5.369  ; 5.861  ;
; denom0      ; business12  ; 5.103  ; 4.588  ; 5.248  ; 5.636  ;
; denom0      ; business13  ; 5.076  ; 4.693  ; 5.401  ; 5.559  ;
; denom0      ; business14  ;        ; 4.414  ; 5.112  ;        ;
; denom0      ; business15  ;        ; 3.984  ; 4.606  ;        ;
; denom0      ; pin_name2   ; 6.339  ; 5.553  ; 6.367  ; 6.845  ;
; denom0      ; remain0     ; 4.688  ; 4.798  ; 5.328  ; 5.396  ;
; denom0      ; remain1     ; 4.776  ; 4.866  ; 5.433  ; 5.507  ;
; denom0      ; remain2     ; 4.725  ; 4.797  ; 5.326  ; 5.414  ;
; denom0      ; remain3     ; 4.665  ; 4.749  ; 5.322  ; 5.390  ;
; denom0      ; remain4     ; 5.005  ; 5.073  ; 5.606  ; 5.713  ;
; denom0      ; remain5     ; 4.804  ; 4.896  ; 5.461  ; 5.537  ;
; denom0      ; remain6     ; 5.026  ; 5.104  ; 5.627  ; 5.725  ;
; denom0      ; remain7     ; 4.811  ; 4.892  ; 5.468  ; 5.533  ;
; denom1      ; business0   ; 5.527  ; 4.974  ; 5.724  ; 5.999  ;
; denom1      ; business1   ; 6.150  ; 5.306  ; 6.063  ; 6.625  ;
; denom1      ; business2   ; 5.741  ; 5.039  ; 5.762  ; 6.216  ;
; denom1      ; business3   ; 5.386  ; 4.473  ; 5.142  ; 5.989  ;
; denom1      ; business4   ; 5.357  ; 4.445  ; 5.114  ; 5.949  ;
; denom1      ; business5   ; 5.143  ; 4.399  ; 5.079  ; 5.743  ;
; denom1      ; business6   ; 5.358  ; 4.408  ; 5.089  ; 5.968  ;
; denom1      ; business7   ; 6.295  ; 5.593  ; 6.361  ; 6.829  ;
; denom1      ; business8   ; 5.050  ; 4.402  ; 5.021  ; 5.740  ;
; denom1      ; business9   ; 5.395  ; 4.649  ; 5.358  ; 5.965  ;
; denom1      ; business10  ; 6.175  ; 5.484  ; 6.234  ; 6.705  ;
; denom1      ; business11  ; 5.754  ; 4.803  ; 5.508  ; 6.339  ;
; denom1      ; business12  ; 5.297  ; 4.860  ; 5.559  ; 5.882  ;
; denom1      ; business13  ; 5.310  ; 4.970  ; 5.718  ; 5.825  ;
; denom1      ; business14  ;        ; 4.496  ; 5.194  ;        ;
; denom1      ; business15  ;        ; 4.111  ; 4.747  ;        ;
; denom1      ; pin_name2   ; 5.791  ; 5.217  ; 5.988  ; 6.242  ;
; denom1      ; remain0     ; 4.714  ; 4.779  ; 5.346  ; 5.430  ;
; denom1      ; remain1     ; 4.344  ; 4.428  ; 4.927  ; 4.994  ;
; denom1      ; remain2     ; 4.320  ; 4.413  ; 4.902  ; 4.978  ;
; denom1      ; remain3     ; 4.329  ; 4.413  ; 4.943  ; 5.011  ;
; denom1      ; remain4     ; 4.669  ; 4.737  ; 5.227  ; 5.334  ;
; denom1      ; remain5     ; 4.468  ; 4.560  ; 5.082  ; 5.158  ;
; denom1      ; remain6     ; 4.690  ; 4.768  ; 5.248  ; 5.346  ;
; denom1      ; remain7     ; 4.475  ; 4.556  ; 5.089  ; 5.154  ;
; denom2      ; business0   ; 5.435  ; 4.868  ; 5.602  ; 5.882  ;
; denom2      ; business1   ; 6.155  ; 5.227  ; 5.959  ; 6.615  ;
; denom2      ; business2   ; 5.807  ; 5.011  ; 5.736  ; 6.278  ;
; denom2      ; business3   ; 5.936  ; 4.539  ; 5.204  ; 6.648  ;
; denom2      ; business4   ; 5.579  ; 4.896  ; 5.639  ; 6.222  ;
; denom2      ; business5   ; 5.103  ; 4.542  ; 5.245  ; 5.695  ;
; denom2      ; business6   ; 5.110  ; 4.368  ; 5.044  ; 5.695  ;
; denom2      ; business7   ; 6.362  ; 5.422  ; 6.165  ; 6.900  ;
; denom2      ; business8   ; 5.069  ; 4.492  ; 5.114  ; 5.738  ;
; denom2      ; business9   ; 5.382  ; 4.741  ; 5.470  ; 5.952  ;
; denom2      ; business10  ; 6.222  ; 5.451  ; 6.196  ; 6.761  ;
; denom2      ; business11  ; 5.545  ; 4.776  ; 5.487  ; 6.108  ;
; denom2      ; business12  ; 5.106  ; 4.669  ; 5.346  ; 5.660  ;
; denom2      ; business13  ; 5.413  ; 4.778  ; 5.503  ; 5.868  ;
; denom2      ; business14  ;        ; 4.152  ; 4.782  ;        ;
; denom2      ; business15  ;        ; 4.356  ; 4.947  ;        ;
; denom2      ; pin_name2   ; 5.699  ; 5.111  ; 5.866  ; 6.125  ;
; denom2      ; remain0     ; 4.608  ; 4.673  ; 5.224  ; 5.308  ;
; denom2      ; remain1     ; 4.544  ; 4.590  ; 5.163  ; 5.204  ;
; denom2      ; remain2     ; 4.142  ; 4.223  ; 4.709  ; 4.775  ;
; denom2      ; remain3     ; 4.182  ; 4.257  ; 4.748  ; 4.810  ;
; denom2      ; remain4     ; 4.563  ; 4.631  ; 5.105  ; 5.212  ;
; denom2      ; remain5     ; 4.362  ; 4.454  ; 4.960  ; 5.036  ;
; denom2      ; remain6     ; 4.584  ; 4.662  ; 5.126  ; 5.224  ;
; denom2      ; remain7     ; 4.369  ; 4.450  ; 4.967  ; 5.032  ;
; denom3      ; business0   ; 5.587  ; 4.873  ; 5.618  ; 6.036  ;
; denom3      ; business1   ; 6.029  ; 5.235  ; 5.977  ; 6.499  ;
; denom3      ; business2   ; 5.681  ; 4.960  ; 5.673  ; 6.143  ;
; denom3      ; business3   ; 5.517  ; 4.413  ; 5.069  ; 6.132  ;
; denom3      ; business4   ; 5.335  ; 4.528  ; 5.214  ; 5.936  ;
; denom3      ; business5   ; 5.053  ; 4.393  ; 5.092  ; 5.634  ;
; denom3      ; business6   ; 5.208  ; 4.380  ; 5.073  ; 5.851  ;
; denom3      ; business7   ; 6.400  ; 5.427  ; 6.192  ; 6.962  ;
; denom3      ; business8   ; 5.116  ; 4.490  ; 5.134  ; 5.829  ;
; denom3      ; business9   ; 5.315  ; 4.715  ; 5.447  ; 5.891  ;
; denom3      ; business10  ; 6.105  ; 5.460  ; 6.219  ; 6.641  ;
; denom3      ; business11  ; 5.759  ; 4.746  ; 5.457  ; 6.380  ;
; denom3      ; business12  ; 5.440  ; 4.782  ; 5.482  ; 6.036  ;
; denom3      ; business13  ; 5.617  ; 4.405  ; 5.071  ; 6.090  ;
; denom3      ; business14  ;        ; 4.362  ; 5.026  ;        ;
; denom3      ; business15  ;        ; 4.560  ; 5.169  ;        ;
; denom3      ; pin_name2   ; 5.851  ; 5.116  ; 5.882  ; 6.279  ;
; denom3      ; remain0     ; 4.613  ; 4.678  ; 5.240  ; 5.324  ;
; denom3      ; remain1     ; 4.549  ; 4.595  ; 5.179  ; 5.220  ;
; denom3      ; remain2     ; 4.461  ; 4.505  ; 5.089  ; 5.152  ;
; denom3      ; remain3     ; 4.132  ; 4.210  ; 4.710  ; 4.771  ;
; denom3      ; remain4     ; 4.568  ; 4.636  ; 5.121  ; 5.228  ;
; denom3      ; remain5     ; 4.367  ; 4.459  ; 4.976  ; 5.052  ;
; denom3      ; remain6     ; 4.589  ; 4.667  ; 5.142  ; 5.240  ;
; denom3      ; remain7     ; 4.374  ; 4.455  ; 4.983  ; 5.048  ;
; denom4      ; business0   ; 5.866  ; 5.046  ; 5.833  ; 6.410  ;
; denom4      ; business1   ; 6.256  ; 5.655  ; 6.481  ; 6.764  ;
; denom4      ; business2   ; 5.697  ; 5.117  ; 5.885  ; 6.216  ;
; denom4      ; business3   ; 5.364  ; 4.570  ; 5.280  ; 5.994  ;
; denom4      ; business4   ; 5.483  ; 4.412  ; 5.107  ; 6.119  ;
; denom4      ; business5   ; 5.135  ; 4.495  ; 5.224  ; 5.763  ;
; denom4      ; business6   ; 5.175  ; 4.506  ; 5.239  ; 5.830  ;
; denom4      ; business7   ; 6.273  ; 5.394  ; 6.171  ; 6.798  ;
; denom4      ; business8   ; 4.898  ; 4.294  ; 4.927  ; 5.578  ;
; denom4      ; business9   ; 5.059  ; 4.534  ; 5.247  ; 5.616  ;
; denom4      ; business10  ; 6.280  ; 5.201  ; 5.935  ; 6.867  ;
; denom4      ; business11  ; 5.816  ; 4.728  ; 5.464  ; 6.274  ;
; denom4      ; business12  ; 5.931  ; 4.750  ; 5.335  ; 6.455  ;
; denom4      ; business13  ; 6.246  ; 4.896  ; 5.490  ; 6.647  ;
; denom4      ; business14  ;        ; 4.989  ; 5.576  ;        ;
; denom4      ; business15  ;        ; 5.189  ; 5.726  ;        ;
; denom4      ; pin_name2   ; 6.130  ; 5.289  ; 6.097  ; 6.653  ;
; denom4      ; remain0     ; 4.786  ; 4.851  ; 5.455  ; 5.539  ;
; denom4      ; remain1     ; 4.722  ; 4.768  ; 5.394  ; 5.435  ;
; denom4      ; remain2     ; 4.634  ; 4.678  ; 5.304  ; 5.367  ;
; denom4      ; remain3     ; 4.572  ; 4.606  ; 5.242  ; 5.295  ;
; denom4      ; remain4     ; 4.600  ; 4.697  ; 5.229  ; 5.313  ;
; denom4      ; remain5     ; 4.540  ; 4.632  ; 5.191  ; 5.267  ;
; denom4      ; remain6     ; 4.762  ; 4.840  ; 5.357  ; 5.455  ;
; denom4      ; remain7     ; 4.547  ; 4.628  ; 5.198  ; 5.263  ;
; denom5      ; business0   ; 5.543  ; 4.910  ; 5.660  ; 5.995  ;
; denom5      ; business1   ; 6.096  ; 5.189  ; 5.934  ; 6.588  ;
; denom5      ; business2   ; 5.602  ; 5.000  ; 5.729  ; 6.089  ;
; denom5      ; business3   ; 5.615  ; 4.366  ; 5.026  ; 6.277  ;
; denom5      ; business4   ; 5.573  ; 4.670  ; 5.401  ; 6.195  ;
; denom5      ; business5   ; 5.393  ; 4.598  ; 5.322  ; 6.030  ;
; denom5      ; business6   ; 5.293  ; 4.753  ; 5.504  ; 5.955  ;
; denom5      ; business7   ; 6.562  ; 5.512  ; 6.296  ; 7.116  ;
; denom5      ; business8   ; 5.111  ; 4.583  ; 5.245  ; 5.806  ;
; denom5      ; business9   ; 5.552  ; 4.806  ; 5.558  ; 6.155  ;
; denom5      ; business10  ; 6.325  ; 5.634  ; 6.422  ; 6.889  ;
; denom5      ; business11  ; 6.191  ; 4.550  ; 5.231  ; 6.686  ;
; denom5      ; business12  ; 6.306  ; 5.125  ; 5.747  ; 6.867  ;
; denom5      ; business13  ; 6.621  ; 5.271  ; 5.902  ; 7.059  ;
; denom5      ; business14  ;        ; 5.364  ; 5.988  ;        ;
; denom5      ; business15  ;        ; 5.564  ; 6.138  ;        ;
; denom5      ; pin_name2   ; 5.807  ; 5.153  ; 5.924  ; 6.238  ;
; denom5      ; remain0     ; 4.650  ; 4.715  ; 5.282  ; 5.366  ;
; denom5      ; remain1     ; 4.586  ; 4.632  ; 5.221  ; 5.262  ;
; denom5      ; remain2     ; 4.498  ; 4.542  ; 5.131  ; 5.194  ;
; denom5      ; remain3     ; 4.436  ; 4.470  ; 5.069  ; 5.122  ;
; denom5      ; remain4     ; 4.626  ; 4.673  ; 5.285  ; 5.327  ;
; denom5      ; remain5     ; 4.309  ; 4.394  ; 4.892  ; 4.961  ;
; denom5      ; remain6     ; 4.566  ; 4.674  ; 5.136  ; 5.227  ;
; denom5      ; remain7     ; 4.411  ; 4.492  ; 4.982  ; 5.072  ;
; denom6      ; business0   ; 5.513  ; 4.921  ; 5.678  ; 5.988  ;
; denom6      ; business1   ; 6.167  ; 5.300  ; 6.065  ; 6.668  ;
; denom6      ; business2   ; 5.734  ; 5.164  ; 5.919  ; 6.244  ;
; denom6      ; business3   ; 5.295  ; 4.515  ; 5.200  ; 5.887  ;
; denom6      ; business4   ; 5.115  ; 4.345  ; 5.006  ; 5.685  ;
; denom6      ; business5   ; 4.902  ; 4.073  ; 4.720  ; 5.488  ;
; denom6      ; business6   ; 4.962  ; 4.130  ; 4.800  ; 5.570  ;
; denom6      ; business7   ; 6.140  ; 5.181  ; 5.911  ; 6.660  ;
; denom6      ; business8   ; 4.915  ; 4.237  ; 4.843  ; 5.572  ;
; denom6      ; business9   ; 5.214  ; 4.477  ; 5.176  ; 5.768  ;
; denom6      ; business10  ; 5.984  ; 4.984  ; 5.708  ; 6.498  ;
; denom6      ; business11  ; 5.822  ; 4.209  ; 4.840  ; 6.270  ;
; denom6      ; business12  ; 5.937  ; 4.756  ; 5.331  ; 6.451  ;
; denom6      ; business13  ; 6.252  ; 4.902  ; 5.486  ; 6.643  ;
; denom6      ; business14  ;        ; 4.995  ; 5.572  ;        ;
; denom6      ; business15  ;        ; 5.195  ; 5.722  ;        ;
; denom6      ; pin_name2   ; 5.777  ; 5.164  ; 5.942  ; 6.231  ;
; denom6      ; remain0     ; 4.661  ; 4.726  ; 5.300  ; 5.384  ;
; denom6      ; remain1     ; 4.597  ; 4.643  ; 5.239  ; 5.280  ;
; denom6      ; remain2     ; 4.509  ; 4.553  ; 5.149  ; 5.212  ;
; denom6      ; remain3     ; 4.447  ; 4.481  ; 5.087  ; 5.140  ;
; denom6      ; remain4     ; 4.637  ; 4.684  ; 5.303  ; 5.345  ;
; denom6      ; remain5     ; 4.521  ; 4.568  ; 5.160  ; 5.226  ;
; denom6      ; remain6     ; 4.496  ; 4.587  ; 5.086  ; 5.162  ;
; denom6      ; remain7     ; 4.407  ; 4.490  ; 4.997  ; 5.065  ;
; denom7      ; business0   ; 5.553  ; 4.955  ; 5.719  ; 6.042  ;
; denom7      ; business1   ; 6.218  ; 5.240  ; 5.998  ; 6.726  ;
; denom7      ; business2   ; 5.533  ; 5.109  ; 5.853  ; 6.028  ;
; denom7      ; business3   ; 5.755  ; 4.303  ; 4.965  ; 6.448  ;
; denom7      ; business4   ; 5.661  ; 4.786  ; 5.545  ; 6.333  ;
; denom7      ; business5   ; 5.174  ; 4.439  ; 5.171  ; 5.802  ;
; denom7      ; business6   ; 5.006  ; 4.450  ; 5.189  ; 5.620  ;
; denom7      ; business7   ; 6.115  ; 5.320  ; 6.094  ; 6.637  ;
; denom7      ; business8   ; 4.524  ; 4.231  ; 4.858  ; 5.143  ;
; denom7      ; business9   ; 5.151  ; 4.095  ; 4.740  ; 5.702  ;
; denom7      ; business10  ; 6.024  ; 4.921  ; 5.642  ; 6.558  ;
; denom7      ; business11  ; 6.006  ; 4.249  ; 4.900  ; 6.485  ;
; denom7      ; business12  ; 6.121  ; 4.940  ; 5.546  ; 6.666  ;
; denom7      ; business13  ; 6.436  ; 5.086  ; 5.701  ; 6.858  ;
; denom7      ; business14  ;        ; 5.179  ; 5.787  ;        ;
; denom7      ; business15  ;        ; 5.379  ; 5.937  ;        ;
; denom7      ; pin_name2   ; 5.817  ; 5.198  ; 5.983  ; 6.285  ;
; denom7      ; remain0     ; 4.695  ; 4.760  ; 5.341  ; 5.425  ;
; denom7      ; remain1     ; 4.631  ; 4.677  ; 5.280  ; 5.321  ;
; denom7      ; remain2     ; 4.543  ; 4.587  ; 5.190  ; 5.253  ;
; denom7      ; remain3     ; 4.481  ; 4.515  ; 5.128  ; 5.181  ;
; denom7      ; remain4     ; 4.671  ; 4.718  ; 5.344  ; 5.386  ;
; denom7      ; remain5     ; 4.555  ; 4.602  ; 5.201  ; 5.267  ;
; denom7      ; remain6     ; 4.708  ; 4.749  ; 5.380  ; 5.416  ;
; denom7      ; remain7     ; 4.360  ; 4.435  ; 4.957  ; 5.015  ;
; numerator0  ; business0   ; 5.239  ;        ;        ; 5.659  ;
; numerator0  ; pin_name1   ; 3.347  ;        ;        ; 3.877  ;
; numerator0  ; pin_name2   ; 5.503  ;        ;        ; 5.902  ;
; numerator0  ; remain0     ; 4.225  ; 4.581  ; 5.062  ; 4.864  ;
; numerator0  ; remain1     ; 4.569  ; 4.643  ; 5.125  ; 5.215  ;
; numerator0  ; remain2     ; 4.462  ; 4.550  ; 5.074  ; 5.146  ;
; numerator0  ; remain3     ; 4.458  ; 4.526  ; 5.014  ; 5.098  ;
; numerator0  ; remain4     ; 4.742  ; 4.849  ; 5.354  ; 5.422  ;
; numerator0  ; remain5     ; 4.597  ; 4.673  ; 5.153  ; 5.245  ;
; numerator0  ; remain6     ; 4.763  ; 4.861  ; 5.375  ; 5.453  ;
; numerator0  ; remain7     ; 4.604  ; 4.669  ; 5.160  ; 5.241  ;
; numerator1  ; business0   ; 5.509  ; 5.629  ; 6.293  ; 5.960  ;
; numerator1  ; business1   ; 5.580  ;        ;        ; 5.976  ;
; numerator1  ; pin_name2   ; 5.773  ; 5.872  ; 6.557  ; 6.203  ;
; numerator1  ; remain0     ; 5.131  ; 5.215  ; 5.700  ; 5.765  ;
; numerator1  ; remain1     ; 4.392  ; 4.716  ; 5.176  ; 5.047  ;
; numerator1  ; remain2     ; 4.546  ; 4.629  ; 5.086  ; 5.185  ;
; numerator1  ; remain3     ; 4.476  ; 4.561  ; 5.072  ; 5.141  ;
; numerator1  ; remain4     ; 5.001  ; 5.119  ; 5.541  ; 5.696  ;
; numerator1  ; remain5     ; 4.613  ; 4.710  ; 5.209  ; 5.290  ;
; numerator1  ; remain6     ; 4.909  ; 5.007  ; 5.449  ; 5.563  ;
; numerator1  ; remain7     ; 4.628  ; 4.718  ; 5.224  ; 5.298  ;
; numerator2  ; business0   ; 5.750  ; 5.773  ; 6.434  ; 6.256  ;
; numerator2  ; business1   ; 5.943  ; 6.033  ; 6.726  ; 6.401  ;
; numerator2  ; business2   ; 5.154  ;        ;        ; 5.582  ;
; numerator2  ; pin_name2   ; 6.014  ; 6.016  ; 6.698  ; 6.499  ;
; numerator2  ; remain0     ; 5.372  ; 5.456  ; 5.996  ; 6.061  ;
; numerator2  ; remain1     ; 5.311  ; 5.352  ; 5.932  ; 5.978  ;
; numerator2  ; remain2     ; 4.543  ; 4.859  ; 5.402  ; 5.235  ;
; numerator2  ; remain3     ; 4.839  ; 4.924  ; 5.445  ; 5.566  ;
; numerator2  ; remain4     ; 4.735  ; 4.874  ; 5.338  ; 5.461  ;
; numerator2  ; remain5     ; 4.976  ; 5.073  ; 5.541  ; 5.702  ;
; numerator2  ; remain6     ; 4.884  ; 5.027  ; 5.487  ; 5.614  ;
; numerator2  ; remain7     ; 4.991  ; 5.081  ; 5.584  ; 5.723  ;
; numerator3  ; business0   ; 5.109  ; 5.151  ; 5.587  ; 5.368  ;
; numerator3  ; business1   ; 5.200  ; 5.409  ; 5.806  ; 5.422  ;
; numerator3  ; business2   ; 4.545  ; 4.796  ; 5.203  ; 4.735  ;
; numerator3  ; business3   ; 3.722  ;        ;        ; 3.936  ;
; numerator3  ; pin_name2   ; 5.373  ; 5.394  ; 5.851  ; 5.611  ;
; numerator3  ; remain0     ; 4.731  ; 4.815  ; 5.108  ; 5.173  ;
; numerator3  ; remain1     ; 4.670  ; 4.711  ; 5.033  ; 5.090  ;
; numerator3  ; remain2     ; 4.518  ; 4.606  ; 4.861  ; 4.931  ;
; numerator3  ; remain3     ; 3.856  ; 4.079  ; 4.392  ; 4.296  ;
; numerator3  ; remain4     ; 4.126  ; 4.265  ; 4.491  ; 4.614  ;
; numerator3  ; remain5     ; 4.233  ; 4.330  ; 4.655  ; 4.736  ;
; numerator3  ; remain6     ; 4.275  ; 4.418  ; 4.640  ; 4.767  ;
; numerator3  ; remain7     ; 4.248  ; 4.338  ; 4.616  ; 4.744  ;
; numerator4  ; business0   ; 5.590  ; 5.682  ; 5.995  ; 5.931  ;
; numerator4  ; business1   ; 5.856  ; 5.892  ; 6.239  ; 6.162  ;
; numerator4  ; business2   ; 5.100  ; 5.326  ; 5.631  ; 5.387  ;
; numerator4  ; business3   ; 4.320  ; 4.563  ; 4.811  ; 4.648  ;
; numerator4  ; business4   ; 3.555  ;        ;        ; 3.775  ;
; numerator4  ; pin_name2   ; 5.854  ; 5.925  ; 6.259  ; 6.174  ;
; numerator4  ; remain0     ; 5.212  ; 5.296  ; 5.617  ; 5.701  ;
; numerator4  ; remain1     ; 5.151  ; 5.192  ; 5.556  ; 5.597  ;
; numerator4  ; remain2     ; 5.061  ; 5.124  ; 5.466  ; 5.529  ;
; numerator4  ; remain3     ; 4.999  ; 5.052  ; 5.404  ; 5.457  ;
; numerator4  ; remain4     ; 4.298  ; 4.716  ; 5.006  ; 4.816  ;
; numerator4  ; remain5     ; 4.749  ; 4.983  ; 5.033  ; 5.267  ;
; numerator4  ; remain6     ; 4.525  ; 4.732  ; 4.865  ; 5.056  ;
; numerator4  ; remain7     ; 4.883  ; 4.994  ; 5.179  ; 5.377  ;
; numerator5  ; business0   ; 6.879  ; 6.923  ; 7.543  ; 7.503  ;
; numerator5  ; business1   ; 6.966  ; 7.221  ; 7.820  ; 7.549  ;
; numerator5  ; business2   ; 6.448  ; 6.612  ; 7.165  ; 7.020  ;
; numerator5  ; business3   ; 5.538  ; 5.822  ; 6.372  ; 6.150  ;
; numerator5  ; business4   ; 4.946  ; 5.260  ; 5.819  ; 5.473  ;
; numerator5  ; business5   ; 4.313  ;        ;        ; 4.791  ;
; numerator5  ; pin_name2   ; 7.143  ; 7.166  ; 7.807  ; 7.746  ;
; numerator5  ; remain0     ; 6.501  ; 6.585  ; 7.165  ; 7.249  ;
; numerator5  ; remain1     ; 6.440  ; 6.481  ; 7.104  ; 7.145  ;
; numerator5  ; remain2     ; 6.284  ; 6.372  ; 6.988  ; 7.058  ;
; numerator5  ; remain3     ; 6.210  ; 6.285  ; 6.915  ; 6.972  ;
; numerator5  ; remain4     ; 6.354  ; 6.474  ; 7.016  ; 7.127  ;
; numerator5  ; remain5     ; 5.760  ; 5.994  ; 6.614  ; 6.574  ;
; numerator5  ; remain6     ; 5.916  ; 6.123  ; 6.535  ; 6.754  ;
; numerator5  ; remain7     ; 6.014  ; 6.104  ; 6.797  ; 6.871  ;
; numerator6  ; business0   ; 6.049  ; 6.252  ; 6.592  ; 6.470  ;
; numerator6  ; business1   ; 6.294  ; 6.462  ; 6.850  ; 6.680  ;
; numerator6  ; business2   ; 5.725  ; 5.899  ; 6.214  ; 6.117  ;
; numerator6  ; business3   ; 5.098  ; 5.180  ; 5.421  ; 5.511  ;
; numerator6  ; business4   ; 4.229  ; 4.457  ; 4.785  ; 4.568  ;
; numerator6  ; business5   ; 3.586  ; 3.966  ; 4.287  ; 3.840  ;
; numerator6  ; business6   ; 3.376  ;        ;        ; 3.593  ;
; numerator6  ; pin_name2   ; 6.313  ; 6.495  ; 6.856  ; 6.713  ;
; numerator6  ; remain0     ; 5.671  ; 5.755  ; 6.210  ; 6.275  ;
; numerator6  ; remain1     ; 5.610  ; 5.651  ; 6.146  ; 6.192  ;
; numerator6  ; remain2     ; 5.520  ; 5.583  ; 6.058  ; 6.102  ;
; numerator6  ; remain3     ; 5.458  ; 5.511  ; 5.996  ; 6.030  ;
; numerator6  ; remain4     ; 5.631  ; 5.716  ; 6.120  ; 6.224  ;
; numerator6  ; remain5     ; 5.531  ; 5.597  ; 5.957  ; 6.117  ;
; numerator6  ; remain6     ; 4.919  ; 5.302  ; 5.475  ; 5.520  ;
; numerator6  ; remain7     ; 5.342  ; 5.432  ; 5.853  ; 5.988  ;
; numerator7  ; business0   ; 6.777  ; 6.818  ; 7.241  ; 7.239  ;
; numerator7  ; business1   ; 6.861  ; 6.939  ; 7.414  ; 7.283  ;
; numerator7  ; business2   ; 6.259  ; 6.322  ; 6.799  ; 6.666  ;
; numerator7  ; business3   ; 5.352  ; 5.772  ; 5.978  ; 5.786  ;
; numerator7  ; business4   ; 4.853  ; 5.186  ; 5.394  ; 5.217  ;
; numerator7  ; business5   ; 4.402  ; 4.636  ; 4.910  ; 4.747  ;
; numerator7  ; business6   ; 3.989  ; 4.226  ; 4.499  ; 4.278  ;
; numerator7  ; business7   ; 4.567  ;        ;        ; 4.718  ;
; numerator7  ; pin_name2   ; 7.041  ; 7.061  ; 7.505  ; 7.482  ;
; numerator7  ; remain0     ; 6.399  ; 6.483  ; 6.863  ; 6.947  ;
; numerator7  ; remain1     ; 6.338  ; 6.379  ; 6.802  ; 6.843  ;
; numerator7  ; remain2     ; 6.179  ; 6.267  ; 6.712  ; 6.775  ;
; numerator7  ; remain3     ; 6.105  ; 6.180  ; 6.649  ; 6.703  ;
; numerator7  ; remain4     ; 6.165  ; 6.285  ; 6.652  ; 6.773  ;
; numerator7  ; remain5     ; 6.174  ; 6.261  ; 6.718  ; 6.789  ;
; numerator7  ; remain6     ; 6.250  ; 6.335  ; 6.648  ; 6.817  ;
; numerator7  ; remain7     ; 5.671  ; 5.895  ; 6.297  ; 6.316  ;
; numerator8  ; business0   ; 7.222  ; 7.361  ; 7.694  ; 7.687  ;
; numerator8  ; business1   ; 7.514  ; 7.621  ; 7.961  ; 7.947  ;
; numerator8  ; business2   ; 6.844  ; 7.115  ; 7.316  ; 7.255  ;
; numerator8  ; business3   ; 6.051  ; 6.389  ; 6.523  ; 6.494  ;
; numerator8  ; business4   ; 5.507  ; 5.737  ; 5.905  ; 5.877  ;
; numerator8  ; business5   ; 4.972  ; 5.214  ; 5.444  ; 5.298  ;
; numerator8  ; business6   ; 4.560  ; 4.832  ; 5.032  ; 4.841  ;
; numerator8  ; business7   ; 5.267  ; 5.413  ; 5.739  ; 5.422  ;
; numerator8  ; business8   ; 3.603  ;        ;        ; 3.851  ;
; numerator8  ; pin_name2   ; 7.486  ; 7.604  ; 7.958  ; 7.930  ;
; numerator8  ; remain0     ; 6.844  ; 6.928  ; 7.316  ; 7.400  ;
; numerator8  ; remain1     ; 6.783  ; 6.824  ; 7.255  ; 7.296  ;
; numerator8  ; remain2     ; 6.693  ; 6.756  ; 7.165  ; 7.228  ;
; numerator8  ; remain3     ; 6.631  ; 6.684  ; 7.103  ; 7.156  ;
; numerator8  ; remain4     ; 6.750  ; 6.870  ; 7.222  ; 7.342  ;
; numerator8  ; remain5     ; 6.704  ; 6.770  ; 7.176  ; 7.242  ;
; numerator8  ; remain6     ; 6.870  ; 6.919  ; 7.214  ; 7.391  ;
; numerator8  ; remain7     ; 6.651  ; 6.706  ; 7.123  ; 7.178  ;
; numerator9  ; business0   ; 8.604  ; 8.515  ; 9.239  ; 9.340  ;
; numerator9  ; business1   ; 8.275  ; 8.534  ; 9.132  ; 9.020  ;
; numerator9  ; business2   ; 7.660  ; 7.922  ; 8.517  ; 8.383  ;
; numerator9  ; business3   ; 6.844  ; 7.166  ; 7.701  ; 7.611  ;
; numerator9  ; business4   ; 6.344  ; 6.587  ; 7.069  ; 7.032  ;
; numerator9  ; business5   ; 5.771  ; 5.970  ; 6.617  ; 6.415  ;
; numerator9  ; business6   ; 5.408  ; 5.711  ; 6.211  ; 6.006  ;
; numerator9  ; business7   ; 6.153  ; 6.412  ; 6.993  ; 6.650  ;
; numerator9  ; business8   ; 4.629  ; 4.936  ; 5.416  ; 5.227  ;
; numerator9  ; business9   ; 4.554  ;        ;        ; 5.015  ;
; numerator9  ; pin_name2   ; 8.868  ; 8.758  ; 9.503  ; 9.583  ;
; numerator9  ; remain0     ; 8.226  ; 8.310  ; 8.861  ; 8.945  ;
; numerator9  ; remain1     ; 7.792  ; 7.877  ; 8.631  ; 8.718  ;
; numerator9  ; remain2     ; 7.593  ; 7.681  ; 8.450  ; 8.529  ;
; numerator9  ; remain3     ; 7.519  ; 7.594  ; 8.376  ; 8.443  ;
; numerator9  ; remain4     ; 7.566  ; 7.686  ; 8.388  ; 8.490  ;
; numerator9  ; remain5     ; 7.588  ; 7.675  ; 8.445  ; 8.526  ;
; numerator9  ; remain6     ; 7.686  ; 7.754  ; 8.379  ; 8.578  ;
; numerator9  ; remain7     ; 7.551  ; 7.630  ; 8.408  ; 8.479  ;
; numerator10 ; business0   ; 8.886  ; 8.792  ; 9.532  ; 9.574  ;
; numerator10 ; business1   ; 9.101  ; 9.035  ; 9.685  ; 9.785  ;
; numerator10 ; business2   ; 7.901  ; 8.172  ; 8.683  ; 8.663  ;
; numerator10 ; business3   ; 7.108  ; 7.471  ; 7.890  ; 7.903  ;
; numerator10 ; business4   ; 6.565  ; 6.861  ; 7.274  ; 7.293  ;
; numerator10 ; business5   ; 6.040  ; 6.296  ; 6.822  ; 6.728  ;
; numerator10 ; business6   ; 5.744  ; 5.854  ; 6.336  ; 6.399  ;
; numerator10 ; business7   ; 6.391  ; 6.527  ; 7.118  ; 6.926  ;
; numerator10 ; business8   ; 4.820  ; 5.051  ; 5.541  ; 5.454  ;
; numerator10 ; business9   ; 4.824  ; 5.004  ; 5.606  ; 5.324  ;
; numerator10 ; business10  ; 5.278  ;        ;        ; 5.703  ;
; numerator10 ; pin_name2   ; 9.150  ; 9.035  ; 9.796  ; 9.817  ;
; numerator10 ; remain0     ; 8.508  ; 8.592  ; 9.154  ; 9.238  ;
; numerator10 ; remain1     ; 8.447  ; 8.488  ; 9.093  ; 9.134  ;
; numerator10 ; remain2     ; 8.126  ; 8.228  ; 8.908  ; 9.010  ;
; numerator10 ; remain3     ; 7.984  ; 8.126  ; 8.766  ; 8.908  ;
; numerator10 ; remain4     ; 7.807  ; 7.927  ; 8.589  ; 8.709  ;
; numerator10 ; remain5     ; 7.999  ; 8.155  ; 8.738  ; 8.937  ;
; numerator10 ; remain6     ; 7.927  ; 7.995  ; 8.671  ; 8.777  ;
; numerator10 ; remain7     ; 7.958  ; 8.109  ; 8.740  ; 8.891  ;
; numerator11 ; business0   ; 9.188  ; 9.304  ; 9.867  ; 10.006 ;
; numerator11 ; business1   ; 9.378  ; 9.476  ; 9.989  ; 10.172 ;
; numerator11 ; business2   ; 8.717  ; 8.743  ; 9.374  ; 9.475  ;
; numerator11 ; business3   ; 7.549  ; 7.928  ; 8.472  ; 8.435  ;
; numerator11 ; business4   ; 7.026  ; 7.184  ; 7.682  ; 7.835  ;
; numerator11 ; business5   ; 6.355  ; 6.601  ; 7.230  ; 7.108  ;
; numerator11 ; business6   ; 6.084  ; 6.255  ; 6.816  ; 6.804  ;
; numerator11 ; business7   ; 6.596  ; 6.834  ; 7.519  ; 7.176  ;
; numerator11 ; business8   ; 5.050  ; 5.381  ; 5.973  ; 5.723  ;
; numerator11 ; business9   ; 5.079  ; 5.426  ; 6.038  ; 5.628  ;
; numerator11 ; business10  ; 5.694  ; 6.005  ; 6.653  ; 6.183  ;
; numerator11 ; business11  ; 4.776  ;        ;        ; 5.257  ;
; numerator11 ; pin_name2   ; 9.452  ; 9.547  ; 10.131 ; 10.249 ;
; numerator11 ; remain0     ; 8.810  ; 8.894  ; 9.489  ; 9.573  ;
; numerator11 ; remain1     ; 8.749  ; 8.790  ; 9.428  ; 9.469  ;
; numerator11 ; remain2     ; 8.659  ; 8.722  ; 9.307  ; 9.395  ;
; numerator11 ; remain3     ; 8.425  ; 8.585  ; 9.233  ; 9.308  ;
; numerator11 ; remain4     ; 8.389  ; 8.512  ; 9.280  ; 9.400  ;
; numerator11 ; remain5     ; 8.438  ; 8.596  ; 9.146  ; 9.370  ;
; numerator11 ; remain6     ; 8.389  ; 8.532  ; 9.079  ; 9.271  ;
; numerator11 ; remain7     ; 8.356  ; 8.550  ; 9.035  ; 9.259  ;
; numerator12 ; business0   ; 9.514  ; 9.554  ; 10.396 ; 10.417 ;
; numerator12 ; business1   ; 9.719  ; 9.720  ; 10.600 ; 10.582 ;
; numerator12 ; business2   ; 9.055  ; 9.047  ; 9.870  ; 9.901  ;
; numerator12 ; business3   ; 8.243  ; 8.265  ; 9.077  ; 9.131  ;
; numerator12 ; business4   ; 7.163  ; 7.648  ; 8.091  ; 8.003  ;
; numerator12 ; business5   ; 6.711  ; 7.110  ; 7.639  ; 7.519  ;
; numerator12 ; business6   ; 6.422  ; 6.731  ; 7.350  ; 7.201  ;
; numerator12 ; business7   ; 7.252  ; 7.404  ; 8.135  ; 7.928  ;
; numerator12 ; business8   ; 5.724  ; 5.928  ; 6.558  ; 6.495  ;
; numerator12 ; business9   ; 5.664  ; 5.939  ; 6.592  ; 6.294  ;
; numerator12 ; business10  ; 6.155  ; 6.408  ; 7.083  ; 6.720  ;
; numerator12 ; business11  ; 5.210  ; 5.467  ; 6.138  ; 5.748  ;
; numerator12 ; business12  ; 4.805  ;        ;        ; 5.352  ;
; numerator12 ; pin_name2   ; 9.778  ; 9.797  ; 10.660 ; 10.660 ;
; numerator12 ; remain0     ; 9.136  ; 9.220  ; 10.018 ; 10.102 ;
; numerator12 ; remain1     ; 9.075  ; 9.116  ; 9.957  ; 9.998  ;
; numerator12 ; remain2     ; 8.985  ; 9.048  ; 9.867  ; 9.930  ;
; numerator12 ; remain3     ; 8.923  ; 8.976  ; 9.805  ; 9.858  ;
; numerator12 ; remain4     ; 8.796  ; 8.986  ; 9.642  ; 9.887  ;
; numerator12 ; remain5     ; 8.627  ; 8.851  ; 9.508  ; 9.713  ;
; numerator12 ; remain6     ; 8.560  ; 8.752  ; 9.434  ; 9.603  ;
; numerator12 ; remain7     ; 8.811  ; 8.971  ; 9.657  ; 9.852  ;
; numerator13 ; business0   ; 9.807  ; 9.910  ; 10.555 ; 10.658 ;
; numerator13 ; business1   ; 10.002 ; 10.060 ; 10.726 ; 10.808 ;
; numerator13 ; business2   ; 9.244  ; 9.270  ; 9.992  ; 10.018 ;
; numerator13 ; business3   ; 8.451  ; 8.510  ; 9.199  ; 9.258  ;
; numerator13 ; business4   ; 7.817  ; 7.900  ; 8.502  ; 8.610  ;
; numerator13 ; business5   ; 7.110  ; 7.225  ; 7.858  ; 7.967  ;
; numerator13 ; business6   ; 6.611  ; 6.866  ; 7.359  ; 7.400  ;
; numerator13 ; business7   ; 7.486  ; 7.595  ; 8.159  ; 8.187  ;
; numerator13 ; business8   ; 5.724  ; 6.072  ; 6.472  ; 6.475  ;
; numerator13 ; business9   ; 5.740  ; 5.962  ; 6.488  ; 6.365  ;
; numerator13 ; business10  ; 6.402  ; 6.570  ; 7.150  ; 6.973  ;
; numerator13 ; business11  ; 5.388  ; 5.545  ; 6.136  ; 5.948  ;
; numerator13 ; business12  ; 4.944  ; 5.077  ; 5.680  ; 5.480  ;
; numerator13 ; business13  ; 4.793  ;        ;        ; 5.257  ;
; numerator13 ; pin_name2   ; 10.071 ; 10.153 ; 10.819 ; 10.901 ;
; numerator13 ; remain0     ; 9.429  ; 9.513  ; 10.177 ; 10.261 ;
; numerator13 ; remain1     ; 9.368  ; 9.409  ; 10.116 ; 10.157 ;
; numerator13 ; remain2     ; 9.278  ; 9.341  ; 10.026 ; 10.089 ;
; numerator13 ; remain3     ; 9.216  ; 9.269  ; 9.964  ; 10.017 ;
; numerator13 ; remain4     ; 9.150  ; 9.270  ; 9.898  ; 10.018 ;
; numerator13 ; remain5     ; 9.193  ; 9.355  ; 9.941  ; 10.103 ;
; numerator13 ; remain6     ; 8.984  ; 9.257  ; 9.732  ; 10.005 ;
; numerator13 ; remain7     ; 9.236  ; 9.291  ; 9.919  ; 10.039 ;
; numerator14 ; business0   ; 9.991  ; 10.094 ; 10.602 ; 10.705 ;
; numerator14 ; business1   ; 10.186 ; 10.244 ; 10.797 ; 10.855 ;
; numerator14 ; business2   ; 9.428  ; 9.454  ; 10.039 ; 10.065 ;
; numerator14 ; business3   ; 8.635  ; 8.694  ; 9.246  ; 9.305  ;
; numerator14 ; business4   ; 8.092  ; 8.084  ; 8.703  ; 8.695  ;
; numerator14 ; business5   ; 7.531  ; 7.483  ; 8.142  ; 8.094  ;
; numerator14 ; business6   ; 6.795  ; 7.067  ; 7.406  ; 7.586  ;
; numerator14 ; business7   ; 7.577  ; 7.740  ; 8.188  ; 8.259  ;
; numerator14 ; business8   ; 6.000  ; 6.264  ; 6.611  ; 6.783  ;
; numerator14 ; business9   ; 6.161  ; 6.302  ; 6.772  ; 6.821  ;
; numerator14 ; business10  ; 6.623  ; 6.705  ; 7.234  ; 7.224  ;
; numerator14 ; business11  ; 5.676  ; 5.733  ; 6.287  ; 6.252  ;
; numerator14 ; business12  ; 5.098  ; 5.141  ; 5.709  ; 5.660  ;
; numerator14 ; business13  ; 5.060  ; 5.017  ; 5.671  ; 5.536  ;
; numerator14 ; business14  ; 4.528  ;        ;        ; 4.978  ;
; numerator14 ; pin_name2   ; 10.255 ; 10.337 ; 10.866 ; 10.948 ;
; numerator14 ; remain0     ; 9.613  ; 9.697  ; 10.224 ; 10.308 ;
; numerator14 ; remain1     ; 9.552  ; 9.593  ; 10.163 ; 10.204 ;
; numerator14 ; remain2     ; 9.462  ; 9.525  ; 10.073 ; 10.136 ;
; numerator14 ; remain3     ; 9.400  ; 9.453  ; 10.011 ; 10.064 ;
; numerator14 ; remain4     ; 9.334  ; 9.454  ; 9.945  ; 10.065 ;
; numerator14 ; remain5     ; 9.473  ; 9.539  ; 10.084 ; 10.150 ;
; numerator14 ; remain6     ; 9.168  ; 9.441  ; 9.779  ; 10.052 ;
; numerator14 ; remain7     ; 9.337  ; 9.475  ; 9.948  ; 10.086 ;
; numerator15 ; business0   ; 10.363 ; 10.466 ; 10.935 ; 11.038 ;
; numerator15 ; business1   ; 10.546 ; 10.616 ; 11.130 ; 11.188 ;
; numerator15 ; business2   ; 9.800  ; 9.826  ; 10.372 ; 10.398 ;
; numerator15 ; business3   ; 9.007  ; 9.066  ; 9.579  ; 9.638  ;
; numerator15 ; business4   ; 8.311  ; 8.451  ; 8.927  ; 9.028  ;
; numerator15 ; business5   ; 7.859  ; 7.855  ; 8.475  ; 8.427  ;
; numerator15 ; business6   ; 7.167  ; 7.390  ; 7.739  ; 7.967  ;
; numerator15 ; business7   ; 7.917  ; 8.063  ; 8.521  ; 8.640  ;
; numerator15 ; business8   ; 6.324  ; 6.587  ; 6.944  ; 7.156  ;
; numerator15 ; business9   ; 6.247  ; 6.478  ; 7.029  ; 6.938  ;
; numerator15 ; business10  ; 6.829  ; 6.999  ; 7.567  ; 7.459  ;
; numerator15 ; business11  ; 5.839  ; 5.984  ; 6.620  ; 6.444  ;
; numerator15 ; business12  ; 5.289  ; 5.407  ; 6.042  ; 5.867  ;
; numerator15 ; business13  ; 5.216  ; 5.340  ; 6.004  ; 5.726  ;
; numerator15 ; business14  ; 4.669  ;        ;        ; 5.147  ;
; numerator15 ; business15  ; 4.259  ;        ;        ; 4.800  ;
; numerator15 ; pin_name2   ; 10.627 ; 10.709 ; 11.199 ; 11.281 ;
; numerator15 ; remain0     ; 9.985  ; 10.069 ; 10.557 ; 10.641 ;
; numerator15 ; remain1     ; 9.924  ; 9.965  ; 10.496 ; 10.537 ;
; numerator15 ; remain2     ; 9.834  ; 9.897  ; 10.406 ; 10.469 ;
; numerator15 ; remain3     ; 9.772  ; 9.825  ; 10.344 ; 10.397 ;
; numerator15 ; remain4     ; 9.706  ; 9.826  ; 10.278 ; 10.398 ;
; numerator15 ; remain5     ; 9.775  ; 9.911  ; 10.391 ; 10.483 ;
; numerator15 ; remain6     ; 9.540  ; 9.813  ; 10.112 ; 10.385 ;
; numerator15 ; remain7     ; 9.677  ; 9.847  ; 10.281 ; 10.419 ;
+-------------+-------------+--------+--------+--------+--------+


-----------------------------------------------
; Fast 1200mV -40C Model Metastability Report ;
-----------------------------------------------
No synchronizer chains to report.


+----------------------------------------------------------------------------+
; Multicorner Timing Analysis Summary                                        ;
+------------------+-------+------+----------+---------+---------------------+
; Clock            ; Setup ; Hold ; Recovery ; Removal ; Minimum Pulse Width ;
+------------------+-------+------+----------+---------+---------------------+
; Worst-case Slack ; N/A   ; N/A  ; N/A      ; N/A     ; N/A                 ;
; Design-wide TNS  ; 0.0   ; 0.0  ; 0.0      ; 0.0     ; 0.0                 ;
+------------------+-------+------+----------+---------+---------------------+


+---------------------------------------------------------------+
; Progagation Delay                                             ;
+-------------+-------------+--------+--------+--------+--------+
; Input Port  ; Output Port ; RR     ; RF     ; FR     ; FF     ;
+-------------+-------------+--------+--------+--------+--------+
; denom0      ; business0   ; 55.194 ; 55.022 ; 55.681 ; 55.509 ;
; denom0      ; business1   ; 52.356 ; 52.191 ; 52.843 ; 52.678 ;
; denom0      ; business2   ; 48.434 ; 48.073 ; 48.921 ; 48.560 ;
; denom0      ; business3   ; 44.517 ; 44.559 ; 45.004 ; 45.046 ;
; denom0      ; business4   ; 40.417 ; 40.396 ; 40.904 ; 40.883 ;
; denom0      ; business5   ; 36.403 ; 36.212 ; 36.890 ; 36.699 ;
; denom0      ; business6   ; 32.795 ; 32.662 ; 33.282 ; 33.149 ;
; denom0      ; business7   ; 31.445 ; 31.257 ; 31.932 ; 31.744 ;
; denom0      ; business8   ; 25.984 ; 26.067 ; 26.471 ; 26.554 ;
; denom0      ; business9   ; 23.919 ; 24.026 ; 24.406 ; 24.513 ;
; denom0      ; business10  ; 22.195 ; 22.203 ; 22.682 ; 22.690 ;
; denom0      ; business11  ; 17.899 ; 17.767 ; 18.386 ; 18.254 ;
; denom0      ; business12  ; 14.684 ; 14.978 ; 15.132 ; 15.465 ;
; denom0      ; business13  ; 11.802 ; 11.907 ; 12.294 ; 12.353 ;
; denom0      ; business14  ;        ; 9.860  ; 10.246 ;        ;
; denom0      ; business15  ;        ; 8.750  ; 9.070  ;        ;
; denom0      ; pin_name2   ; 55.711 ; 55.579 ; 56.198 ; 56.066 ;
; denom0      ; remain0     ; 54.796 ; 54.771 ; 55.283 ; 55.258 ;
; denom0      ; remain1     ; 54.661 ; 54.567 ; 55.148 ; 55.054 ;
; denom0      ; remain2     ; 54.452 ; 54.409 ; 54.939 ; 54.896 ;
; denom0      ; remain3     ; 54.366 ; 54.298 ; 54.853 ; 54.785 ;
; denom0      ; remain4     ; 54.764 ; 54.690 ; 55.251 ; 55.177 ;
; denom0      ; remain5     ; 54.481 ; 54.453 ; 54.968 ; 54.940 ;
; denom0      ; remain6     ; 54.866 ; 54.743 ; 55.353 ; 55.230 ;
; denom0      ; remain7     ; 54.398 ; 54.363 ; 54.885 ; 54.850 ;
; denom1      ; business0   ; 55.287 ; 55.115 ; 55.739 ; 55.567 ;
; denom1      ; business1   ; 52.449 ; 52.284 ; 52.901 ; 52.736 ;
; denom1      ; business2   ; 48.527 ; 48.166 ; 48.979 ; 48.618 ;
; denom1      ; business3   ; 44.610 ; 44.652 ; 45.062 ; 45.104 ;
; denom1      ; business4   ; 40.510 ; 40.489 ; 40.962 ; 40.941 ;
; denom1      ; business5   ; 36.496 ; 36.305 ; 36.948 ; 36.757 ;
; denom1      ; business6   ; 32.888 ; 32.755 ; 33.340 ; 33.207 ;
; denom1      ; business7   ; 31.538 ; 31.350 ; 31.990 ; 31.802 ;
; denom1      ; business8   ; 26.077 ; 26.160 ; 26.529 ; 26.612 ;
; denom1      ; business9   ; 24.012 ; 24.119 ; 24.464 ; 24.571 ;
; denom1      ; business10  ; 22.288 ; 22.296 ; 22.740 ; 22.748 ;
; denom1      ; business11  ; 17.992 ; 17.860 ; 18.444 ; 18.312 ;
; denom1      ; business12  ; 14.738 ; 15.071 ; 15.190 ; 15.523 ;
; denom1      ; business13  ; 11.900 ; 11.948 ; 12.352 ; 12.393 ;
; denom1      ; business14  ;        ; 9.901  ; 10.286 ;        ;
; denom1      ; business15  ;        ; 8.972  ; 9.311  ;        ;
; denom1      ; pin_name2   ; 55.804 ; 55.672 ; 56.256 ; 56.124 ;
; denom1      ; remain0     ; 54.889 ; 54.864 ; 55.341 ; 55.316 ;
; denom1      ; remain1     ; 54.754 ; 54.660 ; 55.206 ; 55.112 ;
; denom1      ; remain2     ; 54.545 ; 54.502 ; 54.997 ; 54.954 ;
; denom1      ; remain3     ; 54.459 ; 54.391 ; 54.911 ; 54.843 ;
; denom1      ; remain4     ; 54.857 ; 54.783 ; 55.309 ; 55.235 ;
; denom1      ; remain5     ; 54.574 ; 54.546 ; 55.026 ; 54.998 ;
; denom1      ; remain6     ; 54.959 ; 54.836 ; 55.411 ; 55.288 ;
; denom1      ; remain7     ; 54.491 ; 54.456 ; 54.943 ; 54.908 ;
; denom2      ; business0   ; 55.539 ; 55.367 ; 55.850 ; 55.678 ;
; denom2      ; business1   ; 52.701 ; 52.536 ; 53.012 ; 52.847 ;
; denom2      ; business2   ; 48.779 ; 48.418 ; 49.090 ; 48.729 ;
; denom2      ; business3   ; 44.862 ; 44.904 ; 45.173 ; 45.215 ;
; denom2      ; business4   ; 40.762 ; 40.741 ; 41.073 ; 41.052 ;
; denom2      ; business5   ; 36.748 ; 36.557 ; 37.059 ; 36.868 ;
; denom2      ; business6   ; 33.140 ; 33.007 ; 33.451 ; 33.318 ;
; denom2      ; business7   ; 31.790 ; 31.602 ; 32.101 ; 31.913 ;
; denom2      ; business8   ; 26.329 ; 26.412 ; 26.640 ; 26.723 ;
; denom2      ; business9   ; 24.264 ; 24.371 ; 24.575 ; 24.682 ;
; denom2      ; business10  ; 22.540 ; 22.548 ; 22.851 ; 22.859 ;
; denom2      ; business11  ; 18.244 ; 18.112 ; 18.555 ; 18.423 ;
; denom2      ; business12  ; 14.990 ; 15.323 ; 15.340 ; 15.634 ;
; denom2      ; business13  ; 12.152 ; 12.142 ; 12.412 ; 12.563 ;
; denom2      ; business14  ;        ; 9.104  ; 9.367  ;        ;
; denom2      ; business15  ;        ; 9.596  ; 9.874  ;        ;
; denom2      ; pin_name2   ; 56.056 ; 55.924 ; 56.367 ; 56.235 ;
; denom2      ; remain0     ; 55.141 ; 55.116 ; 55.452 ; 55.427 ;
; denom2      ; remain1     ; 55.006 ; 54.912 ; 55.317 ; 55.223 ;
; denom2      ; remain2     ; 54.797 ; 54.754 ; 55.108 ; 55.065 ;
; denom2      ; remain3     ; 54.711 ; 54.643 ; 55.022 ; 54.954 ;
; denom2      ; remain4     ; 55.109 ; 55.035 ; 55.420 ; 55.346 ;
; denom2      ; remain5     ; 54.826 ; 54.798 ; 55.137 ; 55.109 ;
; denom2      ; remain6     ; 55.211 ; 55.088 ; 55.522 ; 55.399 ;
; denom2      ; remain7     ; 54.743 ; 54.708 ; 55.054 ; 55.019 ;
; denom3      ; business0   ; 56.006 ; 55.834 ; 56.304 ; 56.132 ;
; denom3      ; business1   ; 53.168 ; 53.003 ; 53.466 ; 53.301 ;
; denom3      ; business2   ; 49.246 ; 48.885 ; 49.544 ; 49.183 ;
; denom3      ; business3   ; 45.329 ; 45.371 ; 45.627 ; 45.669 ;
; denom3      ; business4   ; 41.229 ; 41.208 ; 41.527 ; 41.506 ;
; denom3      ; business5   ; 37.215 ; 37.024 ; 37.513 ; 37.322 ;
; denom3      ; business6   ; 33.607 ; 33.474 ; 33.905 ; 33.772 ;
; denom3      ; business7   ; 32.257 ; 32.069 ; 32.555 ; 32.367 ;
; denom3      ; business8   ; 26.796 ; 26.879 ; 27.094 ; 27.177 ;
; denom3      ; business9   ; 24.731 ; 24.838 ; 25.029 ; 25.136 ;
; denom3      ; business10  ; 23.007 ; 23.015 ; 23.305 ; 23.313 ;
; denom3      ; business11  ; 18.711 ; 18.579 ; 19.009 ; 18.877 ;
; denom3      ; business12  ; 15.457 ; 15.790 ; 15.794 ; 16.088 ;
; denom3      ; business13  ; 12.619 ; 12.609 ; 12.866 ; 13.017 ;
; denom3      ; business14  ;        ; 9.577  ; 9.871  ;        ;
; denom3      ; business15  ;        ; 10.063 ; 10.328 ;        ;
; denom3      ; pin_name2   ; 56.523 ; 56.391 ; 56.821 ; 56.689 ;
; denom3      ; remain0     ; 55.608 ; 55.583 ; 55.906 ; 55.881 ;
; denom3      ; remain1     ; 55.473 ; 55.379 ; 55.771 ; 55.677 ;
; denom3      ; remain2     ; 55.264 ; 55.221 ; 55.562 ; 55.519 ;
; denom3      ; remain3     ; 55.178 ; 55.110 ; 55.476 ; 55.408 ;
; denom3      ; remain4     ; 55.576 ; 55.502 ; 55.874 ; 55.800 ;
; denom3      ; remain5     ; 55.293 ; 55.265 ; 55.591 ; 55.563 ;
; denom3      ; remain6     ; 55.678 ; 55.555 ; 55.976 ; 55.853 ;
; denom3      ; remain7     ; 55.210 ; 55.175 ; 55.508 ; 55.473 ;
; denom4      ; business0   ; 57.414 ; 57.242 ; 57.674 ; 57.502 ;
; denom4      ; business1   ; 54.576 ; 54.411 ; 54.836 ; 54.671 ;
; denom4      ; business2   ; 50.654 ; 50.293 ; 50.914 ; 50.553 ;
; denom4      ; business3   ; 46.737 ; 46.779 ; 46.997 ; 47.039 ;
; denom4      ; business4   ; 42.637 ; 42.616 ; 42.897 ; 42.876 ;
; denom4      ; business5   ; 38.623 ; 38.432 ; 38.883 ; 38.692 ;
; denom4      ; business6   ; 35.015 ; 34.882 ; 35.275 ; 35.142 ;
; denom4      ; business7   ; 33.665 ; 33.477 ; 33.925 ; 33.737 ;
; denom4      ; business8   ; 28.204 ; 28.287 ; 28.464 ; 28.547 ;
; denom4      ; business9   ; 26.139 ; 26.246 ; 26.399 ; 26.506 ;
; denom4      ; business10  ; 24.415 ; 24.423 ; 24.675 ; 24.683 ;
; denom4      ; business11  ; 20.119 ; 19.987 ; 20.379 ; 20.247 ;
; denom4      ; business12  ; 16.865 ; 17.198 ; 17.164 ; 17.458 ;
; denom4      ; business13  ; 14.027 ; 14.017 ; 14.236 ; 14.387 ;
; denom4      ; business14  ;        ; 10.943 ; 11.233 ;        ;
; denom4      ; business15  ;        ; 11.471 ; 11.698 ;        ;
; denom4      ; pin_name2   ; 57.931 ; 57.799 ; 58.191 ; 58.059 ;
; denom4      ; remain0     ; 57.016 ; 56.991 ; 57.276 ; 57.251 ;
; denom4      ; remain1     ; 56.881 ; 56.787 ; 57.141 ; 57.047 ;
; denom4      ; remain2     ; 56.672 ; 56.629 ; 56.932 ; 56.889 ;
; denom4      ; remain3     ; 56.586 ; 56.518 ; 56.846 ; 56.778 ;
; denom4      ; remain4     ; 56.984 ; 56.910 ; 57.244 ; 57.170 ;
; denom4      ; remain5     ; 56.701 ; 56.673 ; 56.961 ; 56.933 ;
; denom4      ; remain6     ; 57.086 ; 56.963 ; 57.346 ; 57.223 ;
; denom4      ; remain7     ; 56.618 ; 56.583 ; 56.878 ; 56.843 ;
; denom5      ; business0   ; 58.183 ; 58.011 ; 58.402 ; 58.230 ;
; denom5      ; business1   ; 55.345 ; 55.180 ; 55.564 ; 55.399 ;
; denom5      ; business2   ; 51.423 ; 51.062 ; 51.642 ; 51.281 ;
; denom5      ; business3   ; 47.506 ; 47.548 ; 47.725 ; 47.767 ;
; denom5      ; business4   ; 43.406 ; 43.385 ; 43.625 ; 43.604 ;
; denom5      ; business5   ; 39.392 ; 39.201 ; 39.611 ; 39.420 ;
; denom5      ; business6   ; 35.784 ; 35.651 ; 36.003 ; 35.870 ;
; denom5      ; business7   ; 34.434 ; 34.246 ; 34.653 ; 34.465 ;
; denom5      ; business8   ; 28.973 ; 29.056 ; 29.192 ; 29.275 ;
; denom5      ; business9   ; 26.908 ; 27.015 ; 27.127 ; 27.234 ;
; denom5      ; business10  ; 25.184 ; 25.192 ; 25.403 ; 25.411 ;
; denom5      ; business11  ; 20.888 ; 20.756 ; 21.107 ; 20.975 ;
; denom5      ; business12  ; 17.634 ; 17.967 ; 17.892 ; 18.186 ;
; denom5      ; business13  ; 14.796 ; 14.786 ; 14.964 ; 15.115 ;
; denom5      ; business14  ;        ; 11.712 ; 11.961 ;        ;
; denom5      ; business15  ;        ; 12.240 ; 12.426 ;        ;
; denom5      ; pin_name2   ; 58.700 ; 58.568 ; 58.919 ; 58.787 ;
; denom5      ; remain0     ; 57.785 ; 57.760 ; 58.004 ; 57.979 ;
; denom5      ; remain1     ; 57.650 ; 57.556 ; 57.869 ; 57.775 ;
; denom5      ; remain2     ; 57.441 ; 57.398 ; 57.660 ; 57.617 ;
; denom5      ; remain3     ; 57.355 ; 57.287 ; 57.574 ; 57.506 ;
; denom5      ; remain4     ; 57.753 ; 57.679 ; 57.972 ; 57.898 ;
; denom5      ; remain5     ; 57.470 ; 57.442 ; 57.689 ; 57.661 ;
; denom5      ; remain6     ; 57.855 ; 57.732 ; 58.074 ; 57.951 ;
; denom5      ; remain7     ; 57.387 ; 57.352 ; 57.606 ; 57.571 ;
; denom6      ; business0   ; 57.380 ; 57.208 ; 57.625 ; 57.453 ;
; denom6      ; business1   ; 54.542 ; 54.377 ; 54.787 ; 54.622 ;
; denom6      ; business2   ; 50.620 ; 50.259 ; 50.865 ; 50.504 ;
; denom6      ; business3   ; 46.703 ; 46.745 ; 46.948 ; 46.990 ;
; denom6      ; business4   ; 42.603 ; 42.582 ; 42.848 ; 42.827 ;
; denom6      ; business5   ; 38.589 ; 38.398 ; 38.834 ; 38.643 ;
; denom6      ; business6   ; 34.981 ; 34.848 ; 35.226 ; 35.093 ;
; denom6      ; business7   ; 33.631 ; 33.443 ; 33.876 ; 33.688 ;
; denom6      ; business8   ; 28.170 ; 28.253 ; 28.415 ; 28.498 ;
; denom6      ; business9   ; 26.105 ; 26.212 ; 26.350 ; 26.457 ;
; denom6      ; business10  ; 24.381 ; 24.389 ; 24.626 ; 24.634 ;
; denom6      ; business11  ; 20.085 ; 19.953 ; 20.330 ; 20.198 ;
; denom6      ; business12  ; 16.831 ; 17.164 ; 17.115 ; 17.409 ;
; denom6      ; business13  ; 13.993 ; 13.983 ; 14.187 ; 14.338 ;
; denom6      ; business14  ;        ; 10.909 ; 11.184 ;        ;
; denom6      ; business15  ;        ; 11.437 ; 11.649 ;        ;
; denom6      ; pin_name2   ; 57.897 ; 57.765 ; 58.142 ; 58.010 ;
; denom6      ; remain0     ; 56.982 ; 56.957 ; 57.227 ; 57.202 ;
; denom6      ; remain1     ; 56.847 ; 56.753 ; 57.092 ; 56.998 ;
; denom6      ; remain2     ; 56.638 ; 56.595 ; 56.883 ; 56.840 ;
; denom6      ; remain3     ; 56.552 ; 56.484 ; 56.797 ; 56.729 ;
; denom6      ; remain4     ; 56.950 ; 56.876 ; 57.195 ; 57.121 ;
; denom6      ; remain5     ; 56.667 ; 56.639 ; 56.912 ; 56.884 ;
; denom6      ; remain6     ; 57.052 ; 56.929 ; 57.297 ; 57.174 ;
; denom6      ; remain7     ; 56.584 ; 56.549 ; 56.829 ; 56.794 ;
; denom7      ; business0   ; 57.844 ; 57.672 ; 58.103 ; 57.931 ;
; denom7      ; business1   ; 55.006 ; 54.841 ; 55.265 ; 55.100 ;
; denom7      ; business2   ; 51.084 ; 50.723 ; 51.343 ; 50.982 ;
; denom7      ; business3   ; 47.167 ; 47.209 ; 47.426 ; 47.468 ;
; denom7      ; business4   ; 43.067 ; 43.046 ; 43.326 ; 43.305 ;
; denom7      ; business5   ; 39.053 ; 38.862 ; 39.312 ; 39.121 ;
; denom7      ; business6   ; 35.445 ; 35.312 ; 35.704 ; 35.571 ;
; denom7      ; business7   ; 34.095 ; 33.907 ; 34.354 ; 34.166 ;
; denom7      ; business8   ; 28.634 ; 28.717 ; 28.893 ; 28.976 ;
; denom7      ; business9   ; 26.569 ; 26.676 ; 26.828 ; 26.935 ;
; denom7      ; business10  ; 24.845 ; 24.853 ; 25.104 ; 25.112 ;
; denom7      ; business11  ; 20.549 ; 20.417 ; 20.808 ; 20.676 ;
; denom7      ; business12  ; 17.295 ; 17.628 ; 17.593 ; 17.887 ;
; denom7      ; business13  ; 14.457 ; 14.447 ; 14.665 ; 14.816 ;
; denom7      ; business14  ;        ; 11.373 ; 11.662 ;        ;
; denom7      ; business15  ;        ; 11.901 ; 12.127 ;        ;
; denom7      ; pin_name2   ; 58.361 ; 58.229 ; 58.620 ; 58.488 ;
; denom7      ; remain0     ; 57.446 ; 57.421 ; 57.705 ; 57.680 ;
; denom7      ; remain1     ; 57.311 ; 57.217 ; 57.570 ; 57.476 ;
; denom7      ; remain2     ; 57.102 ; 57.059 ; 57.361 ; 57.318 ;
; denom7      ; remain3     ; 57.016 ; 56.948 ; 57.275 ; 57.207 ;
; denom7      ; remain4     ; 57.414 ; 57.340 ; 57.673 ; 57.599 ;
; denom7      ; remain5     ; 57.131 ; 57.103 ; 57.390 ; 57.362 ;
; denom7      ; remain6     ; 57.516 ; 57.393 ; 57.775 ; 57.652 ;
; denom7      ; remain7     ; 57.048 ; 57.013 ; 57.307 ; 57.272 ;
; numerator0  ; business0   ; 11.396 ;        ;        ; 11.613 ;
; numerator0  ; pin_name1   ; 7.264  ;        ;        ; 7.556  ;
; numerator0  ; pin_name2   ; 11.913 ;        ;        ; 12.170 ;
; numerator0  ; remain0     ; 10.998 ; 10.973 ; 11.143 ; 11.078 ;
; numerator0  ; remain1     ; 10.863 ; 10.769 ; 11.024 ; 10.939 ;
; numerator0  ; remain2     ; 10.654 ; 10.611 ; 10.797 ; 10.714 ;
; numerator0  ; remain3     ; 10.568 ; 10.500 ; 10.710 ; 10.602 ;
; numerator0  ; remain4     ; 10.966 ; 10.892 ; 11.210 ; 11.152 ;
; numerator0  ; remain5     ; 10.683 ; 10.655 ; 10.826 ; 10.758 ;
; numerator0  ; remain6     ; 11.068 ; 10.945 ; 11.243 ; 11.126 ;
; numerator0  ; remain7     ; 10.600 ; 10.565 ; 10.740 ; 10.749 ;
; numerator1  ; business0   ; 14.797 ; 14.625 ; 14.968 ; 14.756 ;
; numerator1  ; business1   ; 11.959 ;        ;        ; 11.972 ;
; numerator1  ; pin_name2   ; 15.314 ; 15.182 ; 15.485 ; 15.313 ;
; numerator1  ; remain0     ; 14.399 ; 14.374 ; 14.570 ; 14.545 ;
; numerator1  ; remain1     ; 14.264 ; 14.170 ; 14.435 ; 14.341 ;
; numerator1  ; remain2     ; 14.055 ; 14.012 ; 14.226 ; 14.183 ;
; numerator1  ; remain3     ; 13.969 ; 13.901 ; 14.140 ; 14.072 ;
; numerator1  ; remain4     ; 14.367 ; 14.293 ; 14.538 ; 14.464 ;
; numerator1  ; remain5     ; 14.084 ; 14.056 ; 14.255 ; 14.227 ;
; numerator1  ; remain6     ; 14.469 ; 14.346 ; 14.640 ; 14.517 ;
; numerator1  ; remain7     ; 14.001 ; 13.966 ; 14.172 ; 14.137 ;
; numerator2  ; business0   ; 17.883 ; 17.711 ; 18.072 ; 17.860 ;
; numerator2  ; business1   ; 15.045 ; 14.880 ; 15.140 ; 15.076 ;
; numerator2  ; business2   ; 11.123 ;        ;        ; 11.199 ;
; numerator2  ; pin_name2   ; 18.400 ; 18.268 ; 18.589 ; 18.417 ;
; numerator2  ; remain0     ; 17.485 ; 17.460 ; 17.674 ; 17.649 ;
; numerator2  ; remain1     ; 17.350 ; 17.256 ; 17.539 ; 17.445 ;
; numerator2  ; remain2     ; 17.141 ; 17.098 ; 17.330 ; 17.287 ;
; numerator2  ; remain3     ; 17.055 ; 16.987 ; 17.244 ; 17.176 ;
; numerator2  ; remain4     ; 17.453 ; 17.379 ; 17.642 ; 17.568 ;
; numerator2  ; remain5     ; 17.170 ; 17.142 ; 17.359 ; 17.331 ;
; numerator2  ; remain6     ; 17.555 ; 17.432 ; 17.744 ; 17.621 ;
; numerator2  ; remain7     ; 17.087 ; 17.052 ; 17.276 ; 17.241 ;
; numerator3  ; business0   ; 18.834 ; 18.662 ; 18.594 ; 18.422 ;
; numerator3  ; business1   ; 15.996 ; 15.831 ; 15.756 ; 15.591 ;
; numerator3  ; business2   ; 12.074 ; 11.653 ; 11.834 ; 11.613 ;
; numerator3  ; business3   ; 8.157  ;        ;        ; 8.099  ;
; numerator3  ; pin_name2   ; 19.351 ; 19.219 ; 19.111 ; 18.979 ;
; numerator3  ; remain0     ; 18.436 ; 18.411 ; 18.196 ; 18.171 ;
; numerator3  ; remain1     ; 18.301 ; 18.207 ; 18.061 ; 17.967 ;
; numerator3  ; remain2     ; 18.092 ; 18.049 ; 17.852 ; 17.809 ;
; numerator3  ; remain3     ; 18.006 ; 17.938 ; 17.766 ; 17.698 ;
; numerator3  ; remain4     ; 18.404 ; 18.330 ; 18.164 ; 18.090 ;
; numerator3  ; remain5     ; 18.121 ; 18.093 ; 17.881 ; 17.853 ;
; numerator3  ; remain6     ; 18.506 ; 18.383 ; 18.266 ; 18.143 ;
; numerator3  ; remain7     ; 18.038 ; 18.003 ; 17.798 ; 17.763 ;
; numerator4  ; business0   ; 22.561 ; 22.389 ; 22.363 ; 22.191 ;
; numerator4  ; business1   ; 19.723 ; 19.558 ; 19.525 ; 19.360 ;
; numerator4  ; business2   ; 15.801 ; 15.440 ; 15.603 ; 15.382 ;
; numerator4  ; business3   ; 11.884 ; 11.926 ; 11.677 ; 11.868 ;
; numerator4  ; business4   ; 7.784  ;        ;        ; 7.754  ;
; numerator4  ; pin_name2   ; 23.078 ; 22.946 ; 22.880 ; 22.748 ;
; numerator4  ; remain0     ; 22.163 ; 22.138 ; 21.965 ; 21.940 ;
; numerator4  ; remain1     ; 22.028 ; 21.934 ; 21.830 ; 21.736 ;
; numerator4  ; remain2     ; 21.819 ; 21.776 ; 21.621 ; 21.578 ;
; numerator4  ; remain3     ; 21.733 ; 21.665 ; 21.535 ; 21.467 ;
; numerator4  ; remain4     ; 22.131 ; 22.057 ; 21.933 ; 21.859 ;
; numerator4  ; remain5     ; 21.848 ; 21.820 ; 21.650 ; 21.622 ;
; numerator4  ; remain6     ; 22.233 ; 22.110 ; 22.035 ; 21.912 ;
; numerator4  ; remain7     ; 21.765 ; 21.730 ; 21.567 ; 21.532 ;
; numerator5  ; business0   ; 28.487 ; 28.315 ; 28.550 ; 28.378 ;
; numerator5  ; business1   ; 25.649 ; 25.484 ; 25.712 ; 25.547 ;
; numerator5  ; business2   ; 21.727 ; 21.366 ; 21.790 ; 21.569 ;
; numerator5  ; business3   ; 17.810 ; 17.852 ; 17.868 ; 18.055 ;
; numerator5  ; business4   ; 13.710 ; 13.689 ; 13.768 ; 13.941 ;
; numerator5  ; business5   ; 9.696  ;        ;        ; 9.866  ;
; numerator5  ; pin_name2   ; 29.004 ; 28.872 ; 29.067 ; 28.935 ;
; numerator5  ; remain0     ; 28.089 ; 28.064 ; 28.152 ; 28.127 ;
; numerator5  ; remain1     ; 27.954 ; 27.860 ; 28.017 ; 27.923 ;
; numerator5  ; remain2     ; 27.745 ; 27.702 ; 27.808 ; 27.765 ;
; numerator5  ; remain3     ; 27.659 ; 27.591 ; 27.722 ; 27.654 ;
; numerator5  ; remain4     ; 28.057 ; 27.983 ; 28.120 ; 28.046 ;
; numerator5  ; remain5     ; 27.774 ; 27.746 ; 27.837 ; 27.809 ;
; numerator5  ; remain6     ; 28.159 ; 28.036 ; 28.222 ; 28.099 ;
; numerator5  ; remain7     ; 27.691 ; 27.656 ; 27.754 ; 27.719 ;
; numerator6  ; business0   ; 29.811 ; 29.639 ; 29.680 ; 29.508 ;
; numerator6  ; business1   ; 26.973 ; 26.808 ; 26.842 ; 26.677 ;
; numerator6  ; business2   ; 23.051 ; 22.690 ; 22.920 ; 22.559 ;
; numerator6  ; business3   ; 19.134 ; 19.176 ; 19.003 ; 19.045 ;
; numerator6  ; business4   ; 15.034 ; 15.013 ; 14.903 ; 14.882 ;
; numerator6  ; business5   ; 11.020 ; 10.829 ; 10.889 ; 10.659 ;
; numerator6  ; business6   ; 7.412  ;        ;        ; 7.280  ;
; numerator6  ; pin_name2   ; 30.328 ; 30.196 ; 30.197 ; 30.065 ;
; numerator6  ; remain0     ; 29.413 ; 29.388 ; 29.282 ; 29.257 ;
; numerator6  ; remain1     ; 29.278 ; 29.184 ; 29.147 ; 29.053 ;
; numerator6  ; remain2     ; 29.069 ; 29.026 ; 28.938 ; 28.895 ;
; numerator6  ; remain3     ; 28.983 ; 28.915 ; 28.852 ; 28.784 ;
; numerator6  ; remain4     ; 29.381 ; 29.307 ; 29.250 ; 29.176 ;
; numerator6  ; remain5     ; 29.098 ; 29.070 ; 28.967 ; 28.939 ;
; numerator6  ; remain6     ; 29.483 ; 29.360 ; 29.352 ; 29.229 ;
; numerator6  ; remain7     ; 29.015 ; 28.980 ; 28.884 ; 28.849 ;
; numerator7  ; business0   ; 33.199 ; 33.027 ; 33.006 ; 32.834 ;
; numerator7  ; business1   ; 30.361 ; 30.196 ; 30.168 ; 30.003 ;
; numerator7  ; business2   ; 26.439 ; 26.078 ; 26.246 ; 25.885 ;
; numerator7  ; business3   ; 22.522 ; 22.564 ; 22.329 ; 22.371 ;
; numerator7  ; business4   ; 18.422 ; 18.401 ; 18.229 ; 18.208 ;
; numerator7  ; business5   ; 14.408 ; 14.217 ; 14.215 ; 13.996 ;
; numerator7  ; business6   ; 10.800 ; 10.667 ; 10.579 ; 10.606 ;
; numerator7  ; business7   ; 9.450  ;        ;        ; 9.288  ;
; numerator7  ; pin_name2   ; 33.716 ; 33.584 ; 33.523 ; 33.391 ;
; numerator7  ; remain0     ; 32.801 ; 32.776 ; 32.608 ; 32.583 ;
; numerator7  ; remain1     ; 32.666 ; 32.572 ; 32.473 ; 32.379 ;
; numerator7  ; remain2     ; 32.457 ; 32.414 ; 32.264 ; 32.221 ;
; numerator7  ; remain3     ; 32.371 ; 32.303 ; 32.178 ; 32.110 ;
; numerator7  ; remain4     ; 32.769 ; 32.695 ; 32.576 ; 32.502 ;
; numerator7  ; remain5     ; 32.486 ; 32.458 ; 32.293 ; 32.265 ;
; numerator7  ; remain6     ; 32.871 ; 32.748 ; 32.678 ; 32.555 ;
; numerator7  ; remain7     ; 32.403 ; 32.368 ; 32.210 ; 32.175 ;
; numerator8  ; business0   ; 37.022 ; 36.850 ; 37.068 ; 36.896 ;
; numerator8  ; business1   ; 34.184 ; 34.019 ; 34.230 ; 34.065 ;
; numerator8  ; business2   ; 30.262 ; 29.901 ; 30.308 ; 29.947 ;
; numerator8  ; business3   ; 26.345 ; 26.387 ; 26.391 ; 26.433 ;
; numerator8  ; business4   ; 22.245 ; 22.224 ; 22.291 ; 22.270 ;
; numerator8  ; business5   ; 18.231 ; 18.040 ; 18.277 ; 18.086 ;
; numerator8  ; business6   ; 14.623 ; 14.490 ; 14.669 ; 14.536 ;
; numerator8  ; business7   ; 13.273 ; 13.029 ; 13.319 ; 13.146 ;
; numerator8  ; business8   ; 7.812  ;        ;        ; 7.956  ;
; numerator8  ; pin_name2   ; 37.539 ; 37.407 ; 37.585 ; 37.453 ;
; numerator8  ; remain0     ; 36.624 ; 36.599 ; 36.670 ; 36.645 ;
; numerator8  ; remain1     ; 36.489 ; 36.395 ; 36.535 ; 36.441 ;
; numerator8  ; remain2     ; 36.280 ; 36.237 ; 36.326 ; 36.283 ;
; numerator8  ; remain3     ; 36.194 ; 36.126 ; 36.240 ; 36.172 ;
; numerator8  ; remain4     ; 36.592 ; 36.518 ; 36.638 ; 36.564 ;
; numerator8  ; remain5     ; 36.309 ; 36.281 ; 36.355 ; 36.327 ;
; numerator8  ; remain6     ; 36.694 ; 36.571 ; 36.740 ; 36.617 ;
; numerator8  ; remain7     ; 36.226 ; 36.191 ; 36.272 ; 36.237 ;
; numerator9  ; business0   ; 41.530 ; 41.358 ; 41.645 ; 41.473 ;
; numerator9  ; business1   ; 38.692 ; 38.527 ; 38.807 ; 38.642 ;
; numerator9  ; business2   ; 34.770 ; 34.409 ; 34.885 ; 34.524 ;
; numerator9  ; business3   ; 30.853 ; 30.895 ; 30.968 ; 31.010 ;
; numerator9  ; business4   ; 26.753 ; 26.732 ; 26.868 ; 26.847 ;
; numerator9  ; business5   ; 22.739 ; 22.548 ; 22.854 ; 22.663 ;
; numerator9  ; business6   ; 19.131 ; 18.998 ; 19.246 ; 19.113 ;
; numerator9  ; business7   ; 17.781 ; 17.608 ; 17.896 ; 17.723 ;
; numerator9  ; business8   ; 12.281 ; 12.418 ; 12.432 ; 12.533 ;
; numerator9  ; business9   ; 10.273 ;        ;        ; 10.474 ;
; numerator9  ; pin_name2   ; 42.047 ; 41.915 ; 42.162 ; 42.030 ;
; numerator9  ; remain0     ; 41.132 ; 41.107 ; 41.247 ; 41.222 ;
; numerator9  ; remain1     ; 40.997 ; 40.903 ; 41.112 ; 41.018 ;
; numerator9  ; remain2     ; 40.788 ; 40.745 ; 40.903 ; 40.860 ;
; numerator9  ; remain3     ; 40.702 ; 40.634 ; 40.817 ; 40.749 ;
; numerator9  ; remain4     ; 41.100 ; 41.026 ; 41.215 ; 41.141 ;
; numerator9  ; remain5     ; 40.817 ; 40.789 ; 40.932 ; 40.904 ;
; numerator9  ; remain6     ; 41.202 ; 41.079 ; 41.317 ; 41.194 ;
; numerator9  ; remain7     ; 40.734 ; 40.699 ; 40.849 ; 40.814 ;
; numerator10 ; business0   ; 44.329 ; 44.157 ; 44.572 ; 44.400 ;
; numerator10 ; business1   ; 41.491 ; 41.326 ; 41.734 ; 41.569 ;
; numerator10 ; business2   ; 37.569 ; 37.208 ; 37.812 ; 37.451 ;
; numerator10 ; business3   ; 33.652 ; 33.694 ; 33.895 ; 33.937 ;
; numerator10 ; business4   ; 29.552 ; 29.531 ; 29.795 ; 29.774 ;
; numerator10 ; business5   ; 25.538 ; 25.347 ; 25.781 ; 25.590 ;
; numerator10 ; business6   ; 21.930 ; 21.797 ; 22.173 ; 22.040 ;
; numerator10 ; business7   ; 20.580 ; 20.392 ; 20.823 ; 20.642 ;
; numerator10 ; business8   ; 15.119 ; 15.202 ; 15.362 ; 15.452 ;
; numerator10 ; business9   ; 13.017 ; 13.161 ; 13.307 ; 13.404 ;
; numerator10 ; business10  ; 11.330 ;        ;        ; 11.591 ;
; numerator10 ; pin_name2   ; 44.846 ; 44.714 ; 45.089 ; 44.957 ;
; numerator10 ; remain0     ; 43.931 ; 43.906 ; 44.174 ; 44.149 ;
; numerator10 ; remain1     ; 43.796 ; 43.702 ; 44.039 ; 43.945 ;
; numerator10 ; remain2     ; 43.587 ; 43.544 ; 43.830 ; 43.787 ;
; numerator10 ; remain3     ; 43.501 ; 43.433 ; 43.744 ; 43.676 ;
; numerator10 ; remain4     ; 43.899 ; 43.825 ; 44.142 ; 44.068 ;
; numerator10 ; remain5     ; 43.616 ; 43.588 ; 43.859 ; 43.831 ;
; numerator10 ; remain6     ; 44.001 ; 43.878 ; 44.244 ; 44.121 ;
; numerator10 ; remain7     ; 43.533 ; 43.498 ; 43.776 ; 43.741 ;
; numerator11 ; business0   ; 47.958 ; 47.786 ; 48.162 ; 47.990 ;
; numerator11 ; business1   ; 45.120 ; 44.955 ; 45.324 ; 45.159 ;
; numerator11 ; business2   ; 41.198 ; 40.837 ; 41.402 ; 41.041 ;
; numerator11 ; business3   ; 37.281 ; 37.323 ; 37.485 ; 37.527 ;
; numerator11 ; business4   ; 33.181 ; 33.160 ; 33.385 ; 33.364 ;
; numerator11 ; business5   ; 29.167 ; 28.976 ; 29.371 ; 29.180 ;
; numerator11 ; business6   ; 25.559 ; 25.426 ; 25.763 ; 25.630 ;
; numerator11 ; business7   ; 24.209 ; 24.021 ; 24.413 ; 24.232 ;
; numerator11 ; business8   ; 18.748 ; 18.831 ; 18.952 ; 19.042 ;
; numerator11 ; business9   ; 16.683 ; 16.790 ; 16.897 ; 16.994 ;
; numerator11 ; business10  ; 14.959 ; 14.967 ; 14.973 ; 15.181 ;
; numerator11 ; business11  ; 10.663 ;        ;        ; 10.927 ;
; numerator11 ; pin_name2   ; 48.475 ; 48.343 ; 48.679 ; 48.547 ;
; numerator11 ; remain0     ; 47.560 ; 47.535 ; 47.764 ; 47.739 ;
; numerator11 ; remain1     ; 47.425 ; 47.331 ; 47.629 ; 47.535 ;
; numerator11 ; remain2     ; 47.216 ; 47.173 ; 47.420 ; 47.377 ;
; numerator11 ; remain3     ; 47.130 ; 47.062 ; 47.334 ; 47.266 ;
; numerator11 ; remain4     ; 47.528 ; 47.454 ; 47.732 ; 47.658 ;
; numerator11 ; remain5     ; 47.245 ; 47.217 ; 47.449 ; 47.421 ;
; numerator11 ; remain6     ; 47.630 ; 47.507 ; 47.834 ; 47.711 ;
; numerator11 ; remain7     ; 47.162 ; 47.127 ; 47.366 ; 47.331 ;
; numerator12 ; business0   ; 50.968 ; 50.796 ; 51.358 ; 51.186 ;
; numerator12 ; business1   ; 48.130 ; 47.965 ; 48.520 ; 48.355 ;
; numerator12 ; business2   ; 44.208 ; 43.847 ; 44.598 ; 44.237 ;
; numerator12 ; business3   ; 40.291 ; 40.333 ; 40.681 ; 40.723 ;
; numerator12 ; business4   ; 36.191 ; 36.170 ; 36.581 ; 36.560 ;
; numerator12 ; business5   ; 32.177 ; 31.986 ; 32.567 ; 32.376 ;
; numerator12 ; business6   ; 28.569 ; 28.436 ; 28.959 ; 28.826 ;
; numerator12 ; business7   ; 27.219 ; 27.031 ; 27.609 ; 27.421 ;
; numerator12 ; business8   ; 21.758 ; 21.841 ; 22.148 ; 22.231 ;
; numerator12 ; business9   ; 19.693 ; 19.800 ; 20.083 ; 20.190 ;
; numerator12 ; business10  ; 17.969 ; 17.977 ; 18.359 ; 18.367 ;
; numerator12 ; business11  ; 13.673 ; 13.471 ; 14.063 ; 13.931 ;
; numerator12 ; business12  ; 10.639 ;        ;        ; 11.142 ;
; numerator12 ; pin_name2   ; 51.485 ; 51.353 ; 51.875 ; 51.743 ;
; numerator12 ; remain0     ; 50.570 ; 50.545 ; 50.960 ; 50.935 ;
; numerator12 ; remain1     ; 50.435 ; 50.341 ; 50.825 ; 50.731 ;
; numerator12 ; remain2     ; 50.226 ; 50.183 ; 50.616 ; 50.573 ;
; numerator12 ; remain3     ; 50.140 ; 50.072 ; 50.530 ; 50.462 ;
; numerator12 ; remain4     ; 50.538 ; 50.464 ; 50.928 ; 50.854 ;
; numerator12 ; remain5     ; 50.255 ; 50.227 ; 50.645 ; 50.617 ;
; numerator12 ; remain6     ; 50.640 ; 50.517 ; 51.030 ; 50.907 ;
; numerator12 ; remain7     ; 50.172 ; 50.137 ; 50.562 ; 50.527 ;
; numerator13 ; business0   ; 54.037 ; 53.865 ; 54.198 ; 54.026 ;
; numerator13 ; business1   ; 51.199 ; 51.034 ; 51.360 ; 51.195 ;
; numerator13 ; business2   ; 47.277 ; 46.916 ; 47.438 ; 47.077 ;
; numerator13 ; business3   ; 43.360 ; 43.402 ; 43.521 ; 43.563 ;
; numerator13 ; business4   ; 39.260 ; 39.239 ; 39.421 ; 39.400 ;
; numerator13 ; business5   ; 35.246 ; 35.055 ; 35.407 ; 35.216 ;
; numerator13 ; business6   ; 31.638 ; 31.505 ; 31.799 ; 31.666 ;
; numerator13 ; business7   ; 30.288 ; 30.100 ; 30.449 ; 30.261 ;
; numerator13 ; business8   ; 24.827 ; 24.910 ; 24.988 ; 25.071 ;
; numerator13 ; business9   ; 22.762 ; 22.869 ; 22.923 ; 23.030 ;
; numerator13 ; business10  ; 21.038 ; 21.046 ; 21.199 ; 21.207 ;
; numerator13 ; business11  ; 16.742 ; 16.610 ; 16.903 ; 16.771 ;
; numerator13 ; business12  ; 13.488 ; 13.821 ; 13.688 ; 13.982 ;
; numerator13 ; business13  ; 10.650 ;        ;        ; 10.911 ;
; numerator13 ; pin_name2   ; 54.554 ; 54.422 ; 54.715 ; 54.583 ;
; numerator13 ; remain0     ; 53.639 ; 53.614 ; 53.800 ; 53.775 ;
; numerator13 ; remain1     ; 53.504 ; 53.410 ; 53.665 ; 53.571 ;
; numerator13 ; remain2     ; 53.295 ; 53.252 ; 53.456 ; 53.413 ;
; numerator13 ; remain3     ; 53.209 ; 53.141 ; 53.370 ; 53.302 ;
; numerator13 ; remain4     ; 53.607 ; 53.533 ; 53.768 ; 53.694 ;
; numerator13 ; remain5     ; 53.324 ; 53.296 ; 53.485 ; 53.457 ;
; numerator13 ; remain6     ; 53.709 ; 53.586 ; 53.870 ; 53.747 ;
; numerator13 ; remain7     ; 53.241 ; 53.206 ; 53.402 ; 53.367 ;
; numerator14 ; business0   ; 55.162 ; 54.990 ; 55.511 ; 55.339 ;
; numerator14 ; business1   ; 52.324 ; 52.159 ; 52.673 ; 52.508 ;
; numerator14 ; business2   ; 48.402 ; 48.041 ; 48.751 ; 48.390 ;
; numerator14 ; business3   ; 44.485 ; 44.527 ; 44.834 ; 44.876 ;
; numerator14 ; business4   ; 40.385 ; 40.364 ; 40.734 ; 40.713 ;
; numerator14 ; business5   ; 36.371 ; 36.180 ; 36.720 ; 36.529 ;
; numerator14 ; business6   ; 32.763 ; 32.630 ; 33.112 ; 32.979 ;
; numerator14 ; business7   ; 31.413 ; 31.225 ; 31.762 ; 31.574 ;
; numerator14 ; business8   ; 25.952 ; 26.035 ; 26.301 ; 26.384 ;
; numerator14 ; business9   ; 23.887 ; 23.994 ; 24.236 ; 24.343 ;
; numerator14 ; business10  ; 22.163 ; 22.171 ; 22.512 ; 22.520 ;
; numerator14 ; business11  ; 17.867 ; 17.735 ; 18.216 ; 18.084 ;
; numerator14 ; business12  ; 14.648 ; 14.946 ; 15.001 ; 15.295 ;
; numerator14 ; business13  ; 11.775 ; 11.871 ; 12.119 ; 12.224 ;
; numerator14 ; business14  ; 9.764  ;        ;        ; 10.177 ;
; numerator14 ; pin_name2   ; 55.679 ; 55.547 ; 56.028 ; 55.896 ;
; numerator14 ; remain0     ; 54.764 ; 54.739 ; 55.113 ; 55.088 ;
; numerator14 ; remain1     ; 54.629 ; 54.535 ; 54.978 ; 54.884 ;
; numerator14 ; remain2     ; 54.420 ; 54.377 ; 54.769 ; 54.726 ;
; numerator14 ; remain3     ; 54.334 ; 54.266 ; 54.683 ; 54.615 ;
; numerator14 ; remain4     ; 54.732 ; 54.658 ; 55.081 ; 55.007 ;
; numerator14 ; remain5     ; 54.449 ; 54.421 ; 54.798 ; 54.770 ;
; numerator14 ; remain6     ; 54.834 ; 54.711 ; 55.183 ; 55.060 ;
; numerator14 ; remain7     ; 54.366 ; 54.331 ; 54.715 ; 54.680 ;
; numerator15 ; business0   ; 55.462 ; 55.290 ; 55.852 ; 55.680 ;
; numerator15 ; business1   ; 52.624 ; 52.459 ; 53.014 ; 52.849 ;
; numerator15 ; business2   ; 48.702 ; 48.341 ; 49.092 ; 48.731 ;
; numerator15 ; business3   ; 44.785 ; 44.827 ; 45.175 ; 45.217 ;
; numerator15 ; business4   ; 40.685 ; 40.664 ; 41.075 ; 41.054 ;
; numerator15 ; business5   ; 36.671 ; 36.480 ; 37.061 ; 36.870 ;
; numerator15 ; business6   ; 33.063 ; 32.930 ; 33.453 ; 33.320 ;
; numerator15 ; business7   ; 31.713 ; 31.525 ; 32.103 ; 31.915 ;
; numerator15 ; business8   ; 26.252 ; 26.335 ; 26.642 ; 26.725 ;
; numerator15 ; business9   ; 24.187 ; 24.294 ; 24.577 ; 24.684 ;
; numerator15 ; business10  ; 22.463 ; 22.471 ; 22.853 ; 22.861 ;
; numerator15 ; business11  ; 18.167 ; 18.035 ; 18.557 ; 18.425 ;
; numerator15 ; business12  ; 14.948 ; 15.246 ; 15.342 ; 15.636 ;
; numerator15 ; business13  ; 12.075 ; 12.171 ; 12.460 ; 12.565 ;
; numerator15 ; business14  ; 10.064 ;        ;        ; 10.518 ;
; numerator15 ; business15  ; 9.138  ;        ;        ; 9.634  ;
; numerator15 ; pin_name2   ; 55.979 ; 55.847 ; 56.369 ; 56.237 ;
; numerator15 ; remain0     ; 55.064 ; 55.039 ; 55.454 ; 55.429 ;
; numerator15 ; remain1     ; 54.929 ; 54.835 ; 55.319 ; 55.225 ;
; numerator15 ; remain2     ; 54.720 ; 54.677 ; 55.110 ; 55.067 ;
; numerator15 ; remain3     ; 54.634 ; 54.566 ; 55.024 ; 54.956 ;
; numerator15 ; remain4     ; 55.032 ; 54.958 ; 55.422 ; 55.348 ;
; numerator15 ; remain5     ; 54.749 ; 54.721 ; 55.139 ; 55.111 ;
; numerator15 ; remain6     ; 55.134 ; 55.011 ; 55.524 ; 55.401 ;
; numerator15 ; remain7     ; 54.666 ; 54.631 ; 55.056 ; 55.021 ;
+-------------+-------------+--------+--------+--------+--------+


+---------------------------------------------------------------+
; Minimum Progagation Delay                                     ;
+-------------+-------------+--------+--------+--------+--------+
; Input Port  ; Output Port ; RR     ; RF     ; FR     ; FF     ;
+-------------+-------------+--------+--------+--------+--------+
; denom0      ; business0   ; 6.075  ; 5.310  ; 6.103  ; 6.602  ;
; denom0      ; business1   ; 6.670  ; 5.788  ; 6.594  ; 7.183  ;
; denom0      ; business2   ; 6.199  ; 5.526  ; 6.304  ; 6.735  ;
; denom0      ; business3   ; 5.634  ; 4.957  ; 5.678  ; 6.275  ;
; denom0      ; business4   ; 5.281  ; 4.598  ; 5.267  ; 5.832  ;
; denom0      ; business5   ; 4.957  ; 4.278  ; 4.934  ; 5.492  ;
; denom0      ; business6   ; 5.126  ; 4.293  ; 4.943  ; 5.733  ;
; denom0      ; business7   ; 6.102  ; 5.345  ; 6.074  ; 6.585  ;
; denom0      ; business8   ; 5.018  ; 4.239  ; 4.824  ; 5.648  ;
; denom0      ; business9   ; 5.053  ; 4.623  ; 5.315  ; 5.560  ;
; denom0      ; business10  ; 6.048  ; 5.180  ; 5.875  ; 6.557  ;
; denom0      ; business11  ; 5.349  ; 4.682  ; 5.369  ; 5.861  ;
; denom0      ; business12  ; 5.103  ; 4.588  ; 5.248  ; 5.636  ;
; denom0      ; business13  ; 5.076  ; 4.693  ; 5.401  ; 5.559  ;
; denom0      ; business14  ;        ; 4.414  ; 5.112  ;        ;
; denom0      ; business15  ;        ; 3.984  ; 4.606  ;        ;
; denom0      ; pin_name2   ; 6.339  ; 5.553  ; 6.367  ; 6.845  ;
; denom0      ; remain0     ; 4.688  ; 4.798  ; 5.328  ; 5.396  ;
; denom0      ; remain1     ; 4.776  ; 4.866  ; 5.433  ; 5.507  ;
; denom0      ; remain2     ; 4.725  ; 4.797  ; 5.326  ; 5.414  ;
; denom0      ; remain3     ; 4.665  ; 4.749  ; 5.322  ; 5.390  ;
; denom0      ; remain4     ; 5.005  ; 5.073  ; 5.606  ; 5.713  ;
; denom0      ; remain5     ; 4.804  ; 4.896  ; 5.461  ; 5.537  ;
; denom0      ; remain6     ; 5.026  ; 5.104  ; 5.627  ; 5.725  ;
; denom0      ; remain7     ; 4.811  ; 4.892  ; 5.468  ; 5.533  ;
; denom1      ; business0   ; 5.527  ; 4.974  ; 5.724  ; 5.999  ;
; denom1      ; business1   ; 6.150  ; 5.306  ; 6.063  ; 6.625  ;
; denom1      ; business2   ; 5.741  ; 5.039  ; 5.762  ; 6.216  ;
; denom1      ; business3   ; 5.386  ; 4.473  ; 5.142  ; 5.989  ;
; denom1      ; business4   ; 5.357  ; 4.445  ; 5.114  ; 5.949  ;
; denom1      ; business5   ; 5.143  ; 4.399  ; 5.079  ; 5.743  ;
; denom1      ; business6   ; 5.358  ; 4.408  ; 5.089  ; 5.968  ;
; denom1      ; business7   ; 6.295  ; 5.593  ; 6.361  ; 6.829  ;
; denom1      ; business8   ; 5.050  ; 4.402  ; 5.021  ; 5.740  ;
; denom1      ; business9   ; 5.395  ; 4.649  ; 5.358  ; 5.965  ;
; denom1      ; business10  ; 6.175  ; 5.484  ; 6.234  ; 6.705  ;
; denom1      ; business11  ; 5.754  ; 4.803  ; 5.508  ; 6.339  ;
; denom1      ; business12  ; 5.297  ; 4.860  ; 5.559  ; 5.882  ;
; denom1      ; business13  ; 5.310  ; 4.970  ; 5.718  ; 5.825  ;
; denom1      ; business14  ;        ; 4.496  ; 5.194  ;        ;
; denom1      ; business15  ;        ; 4.111  ; 4.747  ;        ;
; denom1      ; pin_name2   ; 5.791  ; 5.217  ; 5.988  ; 6.242  ;
; denom1      ; remain0     ; 4.714  ; 4.779  ; 5.346  ; 5.430  ;
; denom1      ; remain1     ; 4.344  ; 4.428  ; 4.927  ; 4.994  ;
; denom1      ; remain2     ; 4.320  ; 4.413  ; 4.902  ; 4.978  ;
; denom1      ; remain3     ; 4.329  ; 4.413  ; 4.943  ; 5.011  ;
; denom1      ; remain4     ; 4.669  ; 4.737  ; 5.227  ; 5.334  ;
; denom1      ; remain5     ; 4.468  ; 4.560  ; 5.082  ; 5.158  ;
; denom1      ; remain6     ; 4.690  ; 4.768  ; 5.248  ; 5.346  ;
; denom1      ; remain7     ; 4.475  ; 4.556  ; 5.089  ; 5.154  ;
; denom2      ; business0   ; 5.435  ; 4.868  ; 5.602  ; 5.882  ;
; denom2      ; business1   ; 6.155  ; 5.227  ; 5.959  ; 6.615  ;
; denom2      ; business2   ; 5.807  ; 5.011  ; 5.736  ; 6.278  ;
; denom2      ; business3   ; 5.936  ; 4.539  ; 5.204  ; 6.648  ;
; denom2      ; business4   ; 5.579  ; 4.896  ; 5.639  ; 6.222  ;
; denom2      ; business5   ; 5.103  ; 4.542  ; 5.245  ; 5.695  ;
; denom2      ; business6   ; 5.110  ; 4.368  ; 5.044  ; 5.695  ;
; denom2      ; business7   ; 6.362  ; 5.422  ; 6.165  ; 6.900  ;
; denom2      ; business8   ; 5.069  ; 4.492  ; 5.114  ; 5.738  ;
; denom2      ; business9   ; 5.382  ; 4.741  ; 5.470  ; 5.952  ;
; denom2      ; business10  ; 6.222  ; 5.451  ; 6.196  ; 6.761  ;
; denom2      ; business11  ; 5.545  ; 4.776  ; 5.487  ; 6.108  ;
; denom2      ; business12  ; 5.106  ; 4.669  ; 5.346  ; 5.660  ;
; denom2      ; business13  ; 5.413  ; 4.778  ; 5.503  ; 5.868  ;
; denom2      ; business14  ;        ; 4.152  ; 4.782  ;        ;
; denom2      ; business15  ;        ; 4.356  ; 4.947  ;        ;
; denom2      ; pin_name2   ; 5.699  ; 5.111  ; 5.866  ; 6.125  ;
; denom2      ; remain0     ; 4.608  ; 4.673  ; 5.224  ; 5.308  ;
; denom2      ; remain1     ; 4.544  ; 4.590  ; 5.163  ; 5.204  ;
; denom2      ; remain2     ; 4.142  ; 4.223  ; 4.709  ; 4.775  ;
; denom2      ; remain3     ; 4.182  ; 4.257  ; 4.748  ; 4.810  ;
; denom2      ; remain4     ; 4.563  ; 4.631  ; 5.105  ; 5.212  ;
; denom2      ; remain5     ; 4.362  ; 4.454  ; 4.960  ; 5.036  ;
; denom2      ; remain6     ; 4.584  ; 4.662  ; 5.126  ; 5.224  ;
; denom2      ; remain7     ; 4.369  ; 4.450  ; 4.967  ; 5.032  ;
; denom3      ; business0   ; 5.587  ; 4.873  ; 5.618  ; 6.036  ;
; denom3      ; business1   ; 6.029  ; 5.235  ; 5.977  ; 6.499  ;
; denom3      ; business2   ; 5.681  ; 4.960  ; 5.673  ; 6.143  ;
; denom3      ; business3   ; 5.517  ; 4.413  ; 5.069  ; 6.132  ;
; denom3      ; business4   ; 5.335  ; 4.528  ; 5.214  ; 5.936  ;
; denom3      ; business5   ; 5.053  ; 4.393  ; 5.092  ; 5.634  ;
; denom3      ; business6   ; 5.208  ; 4.380  ; 5.073  ; 5.851  ;
; denom3      ; business7   ; 6.400  ; 5.427  ; 6.192  ; 6.962  ;
; denom3      ; business8   ; 5.116  ; 4.490  ; 5.134  ; 5.829  ;
; denom3      ; business9   ; 5.315  ; 4.715  ; 5.447  ; 5.891  ;
; denom3      ; business10  ; 6.105  ; 5.460  ; 6.219  ; 6.641  ;
; denom3      ; business11  ; 5.759  ; 4.746  ; 5.457  ; 6.380  ;
; denom3      ; business12  ; 5.440  ; 4.782  ; 5.482  ; 6.036  ;
; denom3      ; business13  ; 5.617  ; 4.405  ; 5.071  ; 6.090  ;
; denom3      ; business14  ;        ; 4.362  ; 5.026  ;        ;
; denom3      ; business15  ;        ; 4.560  ; 5.169  ;        ;
; denom3      ; pin_name2   ; 5.851  ; 5.116  ; 5.882  ; 6.279  ;
; denom3      ; remain0     ; 4.613  ; 4.678  ; 5.240  ; 5.324  ;
; denom3      ; remain1     ; 4.549  ; 4.595  ; 5.179  ; 5.220  ;
; denom3      ; remain2     ; 4.461  ; 4.505  ; 5.089  ; 5.152  ;
; denom3      ; remain3     ; 4.132  ; 4.210  ; 4.710  ; 4.771  ;
; denom3      ; remain4     ; 4.568  ; 4.636  ; 5.121  ; 5.228  ;
; denom3      ; remain5     ; 4.367  ; 4.459  ; 4.976  ; 5.052  ;
; denom3      ; remain6     ; 4.589  ; 4.667  ; 5.142  ; 5.240  ;
; denom3      ; remain7     ; 4.374  ; 4.455  ; 4.983  ; 5.048  ;
; denom4      ; business0   ; 5.866  ; 5.046  ; 5.833  ; 6.410  ;
; denom4      ; business1   ; 6.256  ; 5.655  ; 6.481  ; 6.764  ;
; denom4      ; business2   ; 5.697  ; 5.117  ; 5.885  ; 6.216  ;
; denom4      ; business3   ; 5.364  ; 4.570  ; 5.280  ; 5.994  ;
; denom4      ; business4   ; 5.483  ; 4.412  ; 5.107  ; 6.119  ;
; denom4      ; business5   ; 5.135  ; 4.495  ; 5.224  ; 5.763  ;
; denom4      ; business6   ; 5.175  ; 4.506  ; 5.239  ; 5.830  ;
; denom4      ; business7   ; 6.273  ; 5.394  ; 6.171  ; 6.798  ;
; denom4      ; business8   ; 4.898  ; 4.294  ; 4.927  ; 5.578  ;
; denom4      ; business9   ; 5.059  ; 4.534  ; 5.247  ; 5.616  ;
; denom4      ; business10  ; 6.280  ; 5.201  ; 5.935  ; 6.867  ;
; denom4      ; business11  ; 5.816  ; 4.728  ; 5.464  ; 6.274  ;
; denom4      ; business12  ; 5.931  ; 4.750  ; 5.335  ; 6.455  ;
; denom4      ; business13  ; 6.246  ; 4.896  ; 5.490  ; 6.647  ;
; denom4      ; business14  ;        ; 4.989  ; 5.576  ;        ;
; denom4      ; business15  ;        ; 5.189  ; 5.726  ;        ;
; denom4      ; pin_name2   ; 6.130  ; 5.289  ; 6.097  ; 6.653  ;
; denom4      ; remain0     ; 4.786  ; 4.851  ; 5.455  ; 5.539  ;
; denom4      ; remain1     ; 4.722  ; 4.768  ; 5.394  ; 5.435  ;
; denom4      ; remain2     ; 4.634  ; 4.678  ; 5.304  ; 5.367  ;
; denom4      ; remain3     ; 4.572  ; 4.606  ; 5.242  ; 5.295  ;
; denom4      ; remain4     ; 4.600  ; 4.697  ; 5.229  ; 5.313  ;
; denom4      ; remain5     ; 4.540  ; 4.632  ; 5.191  ; 5.267  ;
; denom4      ; remain6     ; 4.762  ; 4.840  ; 5.357  ; 5.455  ;
; denom4      ; remain7     ; 4.547  ; 4.628  ; 5.198  ; 5.263  ;
; denom5      ; business0   ; 5.543  ; 4.910  ; 5.660  ; 5.995  ;
; denom5      ; business1   ; 6.096  ; 5.189  ; 5.934  ; 6.588  ;
; denom5      ; business2   ; 5.602  ; 5.000  ; 5.729  ; 6.089  ;
; denom5      ; business3   ; 5.615  ; 4.366  ; 5.026  ; 6.277  ;
; denom5      ; business4   ; 5.573  ; 4.670  ; 5.401  ; 6.195  ;
; denom5      ; business5   ; 5.393  ; 4.598  ; 5.322  ; 6.030  ;
; denom5      ; business6   ; 5.293  ; 4.753  ; 5.504  ; 5.955  ;
; denom5      ; business7   ; 6.562  ; 5.512  ; 6.296  ; 7.116  ;
; denom5      ; business8   ; 5.111  ; 4.583  ; 5.245  ; 5.806  ;
; denom5      ; business9   ; 5.552  ; 4.806  ; 5.558  ; 6.155  ;
; denom5      ; business10  ; 6.325  ; 5.634  ; 6.422  ; 6.889  ;
; denom5      ; business11  ; 6.191  ; 4.550  ; 5.231  ; 6.686  ;
; denom5      ; business12  ; 6.306  ; 5.125  ; 5.747  ; 6.867  ;
; denom5      ; business13  ; 6.621  ; 5.271  ; 5.902  ; 7.059  ;
; denom5      ; business14  ;        ; 5.364  ; 5.988  ;        ;
; denom5      ; business15  ;        ; 5.564  ; 6.138  ;        ;
; denom5      ; pin_name2   ; 5.807  ; 5.153  ; 5.924  ; 6.238  ;
; denom5      ; remain0     ; 4.650  ; 4.715  ; 5.282  ; 5.366  ;
; denom5      ; remain1     ; 4.586  ; 4.632  ; 5.221  ; 5.262  ;
; denom5      ; remain2     ; 4.498  ; 4.542  ; 5.131  ; 5.194  ;
; denom5      ; remain3     ; 4.436  ; 4.470  ; 5.069  ; 5.122  ;
; denom5      ; remain4     ; 4.626  ; 4.673  ; 5.285  ; 5.327  ;
; denom5      ; remain5     ; 4.309  ; 4.394  ; 4.892  ; 4.961  ;
; denom5      ; remain6     ; 4.566  ; 4.674  ; 5.136  ; 5.227  ;
; denom5      ; remain7     ; 4.411  ; 4.492  ; 4.982  ; 5.072  ;
; denom6      ; business0   ; 5.513  ; 4.921  ; 5.678  ; 5.988  ;
; denom6      ; business1   ; 6.167  ; 5.300  ; 6.065  ; 6.668  ;
; denom6      ; business2   ; 5.734  ; 5.164  ; 5.919  ; 6.244  ;
; denom6      ; business3   ; 5.295  ; 4.515  ; 5.200  ; 5.887  ;
; denom6      ; business4   ; 5.115  ; 4.345  ; 5.006  ; 5.685  ;
; denom6      ; business5   ; 4.902  ; 4.073  ; 4.720  ; 5.488  ;
; denom6      ; business6   ; 4.962  ; 4.130  ; 4.800  ; 5.570  ;
; denom6      ; business7   ; 6.140  ; 5.181  ; 5.911  ; 6.660  ;
; denom6      ; business8   ; 4.915  ; 4.237  ; 4.843  ; 5.572  ;
; denom6      ; business9   ; 5.214  ; 4.477  ; 5.176  ; 5.768  ;
; denom6      ; business10  ; 5.984  ; 4.984  ; 5.708  ; 6.498  ;
; denom6      ; business11  ; 5.822  ; 4.209  ; 4.840  ; 6.270  ;
; denom6      ; business12  ; 5.937  ; 4.756  ; 5.331  ; 6.451  ;
; denom6      ; business13  ; 6.252  ; 4.902  ; 5.486  ; 6.643  ;
; denom6      ; business14  ;        ; 4.995  ; 5.572  ;        ;
; denom6      ; business15  ;        ; 5.195  ; 5.722  ;        ;
; denom6      ; pin_name2   ; 5.777  ; 5.164  ; 5.942  ; 6.231  ;
; denom6      ; remain0     ; 4.661  ; 4.726  ; 5.300  ; 5.384  ;
; denom6      ; remain1     ; 4.597  ; 4.643  ; 5.239  ; 5.280  ;
; denom6      ; remain2     ; 4.509  ; 4.553  ; 5.149  ; 5.212  ;
; denom6      ; remain3     ; 4.447  ; 4.481  ; 5.087  ; 5.140  ;
; denom6      ; remain4     ; 4.637  ; 4.684  ; 5.303  ; 5.345  ;
; denom6      ; remain5     ; 4.521  ; 4.568  ; 5.160  ; 5.226  ;
; denom6      ; remain6     ; 4.496  ; 4.587  ; 5.086  ; 5.162  ;
; denom6      ; remain7     ; 4.407  ; 4.490  ; 4.997  ; 5.065  ;
; denom7      ; business0   ; 5.553  ; 4.955  ; 5.719  ; 6.042  ;
; denom7      ; business1   ; 6.218  ; 5.240  ; 5.998  ; 6.726  ;
; denom7      ; business2   ; 5.533  ; 5.109  ; 5.853  ; 6.028  ;
; denom7      ; business3   ; 5.755  ; 4.303  ; 4.965  ; 6.448  ;
; denom7      ; business4   ; 5.661  ; 4.786  ; 5.545  ; 6.333  ;
; denom7      ; business5   ; 5.174  ; 4.439  ; 5.171  ; 5.802  ;
; denom7      ; business6   ; 5.006  ; 4.450  ; 5.189  ; 5.620  ;
; denom7      ; business7   ; 6.115  ; 5.320  ; 6.094  ; 6.637  ;
; denom7      ; business8   ; 4.524  ; 4.231  ; 4.858  ; 5.143  ;
; denom7      ; business9   ; 5.151  ; 4.095  ; 4.740  ; 5.702  ;
; denom7      ; business10  ; 6.024  ; 4.921  ; 5.642  ; 6.558  ;
; denom7      ; business11  ; 6.006  ; 4.249  ; 4.900  ; 6.485  ;
; denom7      ; business12  ; 6.121  ; 4.940  ; 5.546  ; 6.666  ;
; denom7      ; business13  ; 6.436  ; 5.086  ; 5.701  ; 6.858  ;
; denom7      ; business14  ;        ; 5.179  ; 5.787  ;        ;
; denom7      ; business15  ;        ; 5.379  ; 5.937  ;        ;
; denom7      ; pin_name2   ; 5.817  ; 5.198  ; 5.983  ; 6.285  ;
; denom7      ; remain0     ; 4.695  ; 4.760  ; 5.341  ; 5.425  ;
; denom7      ; remain1     ; 4.631  ; 4.677  ; 5.280  ; 5.321  ;
; denom7      ; remain2     ; 4.543  ; 4.587  ; 5.190  ; 5.253  ;
; denom7      ; remain3     ; 4.481  ; 4.515  ; 5.128  ; 5.181  ;
; denom7      ; remain4     ; 4.671  ; 4.718  ; 5.344  ; 5.386  ;
; denom7      ; remain5     ; 4.555  ; 4.602  ; 5.201  ; 5.267  ;
; denom7      ; remain6     ; 4.708  ; 4.749  ; 5.380  ; 5.416  ;
; denom7      ; remain7     ; 4.360  ; 4.435  ; 4.957  ; 5.015  ;
; numerator0  ; business0   ; 5.239  ;        ;        ; 5.659  ;
; numerator0  ; pin_name1   ; 3.347  ;        ;        ; 3.877  ;
; numerator0  ; pin_name2   ; 5.503  ;        ;        ; 5.902  ;
; numerator0  ; remain0     ; 4.225  ; 4.581  ; 5.062  ; 4.864  ;
; numerator0  ; remain1     ; 4.569  ; 4.643  ; 5.125  ; 5.215  ;
; numerator0  ; remain2     ; 4.462  ; 4.550  ; 5.074  ; 5.146  ;
; numerator0  ; remain3     ; 4.458  ; 4.526  ; 5.014  ; 5.098  ;
; numerator0  ; remain4     ; 4.742  ; 4.849  ; 5.354  ; 5.422  ;
; numerator0  ; remain5     ; 4.597  ; 4.673  ; 5.153  ; 5.245  ;
; numerator0  ; remain6     ; 4.763  ; 4.861  ; 5.375  ; 5.453  ;
; numerator0  ; remain7     ; 4.604  ; 4.669  ; 5.160  ; 5.241  ;
; numerator1  ; business0   ; 5.509  ; 5.629  ; 6.293  ; 5.960  ;
; numerator1  ; business1   ; 5.580  ;        ;        ; 5.976  ;
; numerator1  ; pin_name2   ; 5.773  ; 5.872  ; 6.557  ; 6.203  ;
; numerator1  ; remain0     ; 5.131  ; 5.215  ; 5.700  ; 5.765  ;
; numerator1  ; remain1     ; 4.392  ; 4.716  ; 5.176  ; 5.047  ;
; numerator1  ; remain2     ; 4.546  ; 4.629  ; 5.086  ; 5.185  ;
; numerator1  ; remain3     ; 4.476  ; 4.561  ; 5.072  ; 5.141  ;
; numerator1  ; remain4     ; 5.001  ; 5.119  ; 5.541  ; 5.696  ;
; numerator1  ; remain5     ; 4.613  ; 4.710  ; 5.209  ; 5.290  ;
; numerator1  ; remain6     ; 4.909  ; 5.007  ; 5.449  ; 5.563  ;
; numerator1  ; remain7     ; 4.628  ; 4.718  ; 5.224  ; 5.298  ;
; numerator2  ; business0   ; 5.750  ; 5.773  ; 6.434  ; 6.256  ;
; numerator2  ; business1   ; 5.943  ; 6.033  ; 6.726  ; 6.401  ;
; numerator2  ; business2   ; 5.154  ;        ;        ; 5.582  ;
; numerator2  ; pin_name2   ; 6.014  ; 6.016  ; 6.698  ; 6.499  ;
; numerator2  ; remain0     ; 5.372  ; 5.456  ; 5.996  ; 6.061  ;
; numerator2  ; remain1     ; 5.311  ; 5.352  ; 5.932  ; 5.978  ;
; numerator2  ; remain2     ; 4.543  ; 4.859  ; 5.402  ; 5.235  ;
; numerator2  ; remain3     ; 4.839  ; 4.924  ; 5.445  ; 5.566  ;
; numerator2  ; remain4     ; 4.735  ; 4.874  ; 5.338  ; 5.461  ;
; numerator2  ; remain5     ; 4.976  ; 5.073  ; 5.541  ; 5.702  ;
; numerator2  ; remain6     ; 4.884  ; 5.027  ; 5.487  ; 5.614  ;
; numerator2  ; remain7     ; 4.991  ; 5.081  ; 5.584  ; 5.723  ;
; numerator3  ; business0   ; 5.109  ; 5.151  ; 5.587  ; 5.368  ;
; numerator3  ; business1   ; 5.200  ; 5.409  ; 5.806  ; 5.422  ;
; numerator3  ; business2   ; 4.545  ; 4.796  ; 5.203  ; 4.735  ;
; numerator3  ; business3   ; 3.722  ;        ;        ; 3.936  ;
; numerator3  ; pin_name2   ; 5.373  ; 5.394  ; 5.851  ; 5.611  ;
; numerator3  ; remain0     ; 4.731  ; 4.815  ; 5.108  ; 5.173  ;
; numerator3  ; remain1     ; 4.670  ; 4.711  ; 5.033  ; 5.090  ;
; numerator3  ; remain2     ; 4.518  ; 4.606  ; 4.861  ; 4.931  ;
; numerator3  ; remain3     ; 3.856  ; 4.079  ; 4.392  ; 4.296  ;
; numerator3  ; remain4     ; 4.126  ; 4.265  ; 4.491  ; 4.614  ;
; numerator3  ; remain5     ; 4.233  ; 4.330  ; 4.655  ; 4.736  ;
; numerator3  ; remain6     ; 4.275  ; 4.418  ; 4.640  ; 4.767  ;
; numerator3  ; remain7     ; 4.248  ; 4.338  ; 4.616  ; 4.744  ;
; numerator4  ; business0   ; 5.590  ; 5.682  ; 5.995  ; 5.931  ;
; numerator4  ; business1   ; 5.856  ; 5.892  ; 6.239  ; 6.162  ;
; numerator4  ; business2   ; 5.100  ; 5.326  ; 5.631  ; 5.387  ;
; numerator4  ; business3   ; 4.320  ; 4.563  ; 4.811  ; 4.648  ;
; numerator4  ; business4   ; 3.555  ;        ;        ; 3.775  ;
; numerator4  ; pin_name2   ; 5.854  ; 5.925  ; 6.259  ; 6.174  ;
; numerator4  ; remain0     ; 5.212  ; 5.296  ; 5.617  ; 5.701  ;
; numerator4  ; remain1     ; 5.151  ; 5.192  ; 5.556  ; 5.597  ;
; numerator4  ; remain2     ; 5.061  ; 5.124  ; 5.466  ; 5.529  ;
; numerator4  ; remain3     ; 4.999  ; 5.052  ; 5.404  ; 5.457  ;
; numerator4  ; remain4     ; 4.298  ; 4.716  ; 5.006  ; 4.816  ;
; numerator4  ; remain5     ; 4.749  ; 4.983  ; 5.033  ; 5.267  ;
; numerator4  ; remain6     ; 4.525  ; 4.732  ; 4.865  ; 5.056  ;
; numerator4  ; remain7     ; 4.883  ; 4.994  ; 5.179  ; 5.377  ;
; numerator5  ; business0   ; 6.879  ; 6.923  ; 7.543  ; 7.503  ;
; numerator5  ; business1   ; 6.966  ; 7.221  ; 7.820  ; 7.549  ;
; numerator5  ; business2   ; 6.448  ; 6.612  ; 7.165  ; 7.020  ;
; numerator5  ; business3   ; 5.538  ; 5.822  ; 6.372  ; 6.150  ;
; numerator5  ; business4   ; 4.946  ; 5.260  ; 5.819  ; 5.473  ;
; numerator5  ; business5   ; 4.313  ;        ;        ; 4.791  ;
; numerator5  ; pin_name2   ; 7.143  ; 7.166  ; 7.807  ; 7.746  ;
; numerator5  ; remain0     ; 6.501  ; 6.585  ; 7.165  ; 7.249  ;
; numerator5  ; remain1     ; 6.440  ; 6.481  ; 7.104  ; 7.145  ;
; numerator5  ; remain2     ; 6.284  ; 6.372  ; 6.988  ; 7.058  ;
; numerator5  ; remain3     ; 6.210  ; 6.285  ; 6.915  ; 6.972  ;
; numerator5  ; remain4     ; 6.354  ; 6.474  ; 7.016  ; 7.127  ;
; numerator5  ; remain5     ; 5.760  ; 5.994  ; 6.614  ; 6.574  ;
; numerator5  ; remain6     ; 5.916  ; 6.123  ; 6.535  ; 6.754  ;
; numerator5  ; remain7     ; 6.014  ; 6.104  ; 6.797  ; 6.871  ;
; numerator6  ; business0   ; 6.049  ; 6.252  ; 6.592  ; 6.470  ;
; numerator6  ; business1   ; 6.294  ; 6.462  ; 6.850  ; 6.680  ;
; numerator6  ; business2   ; 5.725  ; 5.899  ; 6.214  ; 6.117  ;
; numerator6  ; business3   ; 5.098  ; 5.180  ; 5.421  ; 5.511  ;
; numerator6  ; business4   ; 4.229  ; 4.457  ; 4.785  ; 4.568  ;
; numerator6  ; business5   ; 3.586  ; 3.966  ; 4.287  ; 3.840  ;
; numerator6  ; business6   ; 3.376  ;        ;        ; 3.593  ;
; numerator6  ; pin_name2   ; 6.313  ; 6.495  ; 6.856  ; 6.713  ;
; numerator6  ; remain0     ; 5.671  ; 5.755  ; 6.210  ; 6.275  ;
; numerator6  ; remain1     ; 5.610  ; 5.651  ; 6.146  ; 6.192  ;
; numerator6  ; remain2     ; 5.520  ; 5.583  ; 6.058  ; 6.102  ;
; numerator6  ; remain3     ; 5.458  ; 5.511  ; 5.996  ; 6.030  ;
; numerator6  ; remain4     ; 5.631  ; 5.716  ; 6.120  ; 6.224  ;
; numerator6  ; remain5     ; 5.531  ; 5.597  ; 5.957  ; 6.117  ;
; numerator6  ; remain6     ; 4.919  ; 5.302  ; 5.475  ; 5.520  ;
; numerator6  ; remain7     ; 5.342  ; 5.432  ; 5.853  ; 5.988  ;
; numerator7  ; business0   ; 6.777  ; 6.818  ; 7.241  ; 7.239  ;
; numerator7  ; business1   ; 6.861  ; 6.939  ; 7.414  ; 7.283  ;
; numerator7  ; business2   ; 6.259  ; 6.322  ; 6.799  ; 6.666  ;
; numerator7  ; business3   ; 5.352  ; 5.772  ; 5.978  ; 5.786  ;
; numerator7  ; business4   ; 4.853  ; 5.186  ; 5.394  ; 5.217  ;
; numerator7  ; business5   ; 4.402  ; 4.636  ; 4.910  ; 4.747  ;
; numerator7  ; business6   ; 3.989  ; 4.226  ; 4.499  ; 4.278  ;
; numerator7  ; business7   ; 4.567  ;        ;        ; 4.718  ;
; numerator7  ; pin_name2   ; 7.041  ; 7.061  ; 7.505  ; 7.482  ;
; numerator7  ; remain0     ; 6.399  ; 6.483  ; 6.863  ; 6.947  ;
; numerator7  ; remain1     ; 6.338  ; 6.379  ; 6.802  ; 6.843  ;
; numerator7  ; remain2     ; 6.179  ; 6.267  ; 6.712  ; 6.775  ;
; numerator7  ; remain3     ; 6.105  ; 6.180  ; 6.649  ; 6.703  ;
; numerator7  ; remain4     ; 6.165  ; 6.285  ; 6.652  ; 6.773  ;
; numerator7  ; remain5     ; 6.174  ; 6.261  ; 6.718  ; 6.789  ;
; numerator7  ; remain6     ; 6.250  ; 6.335  ; 6.648  ; 6.817  ;
; numerator7  ; remain7     ; 5.671  ; 5.895  ; 6.297  ; 6.316  ;
; numerator8  ; business0   ; 7.222  ; 7.361  ; 7.694  ; 7.687  ;
; numerator8  ; business1   ; 7.514  ; 7.621  ; 7.961  ; 7.947  ;
; numerator8  ; business2   ; 6.844  ; 7.115  ; 7.316  ; 7.255  ;
; numerator8  ; business3   ; 6.051  ; 6.389  ; 6.523  ; 6.494  ;
; numerator8  ; business4   ; 5.507  ; 5.737  ; 5.905  ; 5.877  ;
; numerator8  ; business5   ; 4.972  ; 5.214  ; 5.444  ; 5.298  ;
; numerator8  ; business6   ; 4.560  ; 4.832  ; 5.032  ; 4.841  ;
; numerator8  ; business7   ; 5.267  ; 5.413  ; 5.739  ; 5.422  ;
; numerator8  ; business8   ; 3.603  ;        ;        ; 3.851  ;
; numerator8  ; pin_name2   ; 7.486  ; 7.604  ; 7.958  ; 7.930  ;
; numerator8  ; remain0     ; 6.844  ; 6.928  ; 7.316  ; 7.400  ;
; numerator8  ; remain1     ; 6.783  ; 6.824  ; 7.255  ; 7.296  ;
; numerator8  ; remain2     ; 6.693  ; 6.756  ; 7.165  ; 7.228  ;
; numerator8  ; remain3     ; 6.631  ; 6.684  ; 7.103  ; 7.156  ;
; numerator8  ; remain4     ; 6.750  ; 6.870  ; 7.222  ; 7.342  ;
; numerator8  ; remain5     ; 6.704  ; 6.770  ; 7.176  ; 7.242  ;
; numerator8  ; remain6     ; 6.870  ; 6.919  ; 7.214  ; 7.391  ;
; numerator8  ; remain7     ; 6.651  ; 6.706  ; 7.123  ; 7.178  ;
; numerator9  ; business0   ; 8.604  ; 8.515  ; 9.239  ; 9.340  ;
; numerator9  ; business1   ; 8.275  ; 8.534  ; 9.132  ; 9.020  ;
; numerator9  ; business2   ; 7.660  ; 7.922  ; 8.517  ; 8.383  ;
; numerator9  ; business3   ; 6.844  ; 7.166  ; 7.701  ; 7.611  ;
; numerator9  ; business4   ; 6.344  ; 6.587  ; 7.069  ; 7.032  ;
; numerator9  ; business5   ; 5.771  ; 5.970  ; 6.617  ; 6.415  ;
; numerator9  ; business6   ; 5.408  ; 5.711  ; 6.211  ; 6.006  ;
; numerator9  ; business7   ; 6.153  ; 6.412  ; 6.993  ; 6.650  ;
; numerator9  ; business8   ; 4.629  ; 4.936  ; 5.416  ; 5.227  ;
; numerator9  ; business9   ; 4.554  ;        ;        ; 5.015  ;
; numerator9  ; pin_name2   ; 8.868  ; 8.758  ; 9.503  ; 9.583  ;
; numerator9  ; remain0     ; 8.226  ; 8.310  ; 8.861  ; 8.945  ;
; numerator9  ; remain1     ; 7.792  ; 7.877  ; 8.631  ; 8.718  ;
; numerator9  ; remain2     ; 7.593  ; 7.681  ; 8.450  ; 8.529  ;
; numerator9  ; remain3     ; 7.519  ; 7.594  ; 8.376  ; 8.443  ;
; numerator9  ; remain4     ; 7.566  ; 7.686  ; 8.388  ; 8.490  ;
; numerator9  ; remain5     ; 7.588  ; 7.675  ; 8.445  ; 8.526  ;
; numerator9  ; remain6     ; 7.686  ; 7.754  ; 8.379  ; 8.578  ;
; numerator9  ; remain7     ; 7.551  ; 7.630  ; 8.408  ; 8.479  ;
; numerator10 ; business0   ; 8.886  ; 8.792  ; 9.532  ; 9.574  ;
; numerator10 ; business1   ; 9.101  ; 9.035  ; 9.685  ; 9.785  ;
; numerator10 ; business2   ; 7.901  ; 8.172  ; 8.683  ; 8.663  ;
; numerator10 ; business3   ; 7.108  ; 7.471  ; 7.890  ; 7.903  ;
; numerator10 ; business4   ; 6.565  ; 6.861  ; 7.274  ; 7.293  ;
; numerator10 ; business5   ; 6.040  ; 6.296  ; 6.822  ; 6.728  ;
; numerator10 ; business6   ; 5.744  ; 5.854  ; 6.336  ; 6.399  ;
; numerator10 ; business7   ; 6.391  ; 6.527  ; 7.118  ; 6.926  ;
; numerator10 ; business8   ; 4.820  ; 5.051  ; 5.541  ; 5.454  ;
; numerator10 ; business9   ; 4.824  ; 5.004  ; 5.606  ; 5.324  ;
; numerator10 ; business10  ; 5.278  ;        ;        ; 5.703  ;
; numerator10 ; pin_name2   ; 9.150  ; 9.035  ; 9.796  ; 9.817  ;
; numerator10 ; remain0     ; 8.508  ; 8.592  ; 9.154  ; 9.238  ;
; numerator10 ; remain1     ; 8.447  ; 8.488  ; 9.093  ; 9.134  ;
; numerator10 ; remain2     ; 8.126  ; 8.228  ; 8.908  ; 9.010  ;
; numerator10 ; remain3     ; 7.984  ; 8.126  ; 8.766  ; 8.908  ;
; numerator10 ; remain4     ; 7.807  ; 7.927  ; 8.589  ; 8.709  ;
; numerator10 ; remain5     ; 7.999  ; 8.155  ; 8.738  ; 8.937  ;
; numerator10 ; remain6     ; 7.927  ; 7.995  ; 8.671  ; 8.777  ;
; numerator10 ; remain7     ; 7.958  ; 8.109  ; 8.740  ; 8.891  ;
; numerator11 ; business0   ; 9.188  ; 9.304  ; 9.867  ; 10.006 ;
; numerator11 ; business1   ; 9.378  ; 9.476  ; 9.989  ; 10.172 ;
; numerator11 ; business2   ; 8.717  ; 8.743  ; 9.374  ; 9.475  ;
; numerator11 ; business3   ; 7.549  ; 7.928  ; 8.472  ; 8.435  ;
; numerator11 ; business4   ; 7.026  ; 7.184  ; 7.682  ; 7.835  ;
; numerator11 ; business5   ; 6.355  ; 6.601  ; 7.230  ; 7.108  ;
; numerator11 ; business6   ; 6.084  ; 6.255  ; 6.816  ; 6.804  ;
; numerator11 ; business7   ; 6.596  ; 6.834  ; 7.519  ; 7.176  ;
; numerator11 ; business8   ; 5.050  ; 5.381  ; 5.973  ; 5.723  ;
; numerator11 ; business9   ; 5.079  ; 5.426  ; 6.038  ; 5.628  ;
; numerator11 ; business10  ; 5.694  ; 6.005  ; 6.653  ; 6.183  ;
; numerator11 ; business11  ; 4.776  ;        ;        ; 5.257  ;
; numerator11 ; pin_name2   ; 9.452  ; 9.547  ; 10.131 ; 10.249 ;
; numerator11 ; remain0     ; 8.810  ; 8.894  ; 9.489  ; 9.573  ;
; numerator11 ; remain1     ; 8.749  ; 8.790  ; 9.428  ; 9.469  ;
; numerator11 ; remain2     ; 8.659  ; 8.722  ; 9.307  ; 9.395  ;
; numerator11 ; remain3     ; 8.425  ; 8.585  ; 9.233  ; 9.308  ;
; numerator11 ; remain4     ; 8.389  ; 8.512  ; 9.280  ; 9.400  ;
; numerator11 ; remain5     ; 8.438  ; 8.596  ; 9.146  ; 9.370  ;
; numerator11 ; remain6     ; 8.389  ; 8.532  ; 9.079  ; 9.271  ;
; numerator11 ; remain7     ; 8.356  ; 8.550  ; 9.035  ; 9.259  ;
; numerator12 ; business0   ; 9.514  ; 9.554  ; 10.396 ; 10.417 ;
; numerator12 ; business1   ; 9.719  ; 9.720  ; 10.600 ; 10.582 ;
; numerator12 ; business2   ; 9.055  ; 9.047  ; 9.870  ; 9.901  ;
; numerator12 ; business3   ; 8.243  ; 8.265  ; 9.077  ; 9.131  ;
; numerator12 ; business4   ; 7.163  ; 7.648  ; 8.091  ; 8.003  ;
; numerator12 ; business5   ; 6.711  ; 7.110  ; 7.639  ; 7.519  ;
; numerator12 ; business6   ; 6.422  ; 6.731  ; 7.350  ; 7.201  ;
; numerator12 ; business7   ; 7.252  ; 7.404  ; 8.135  ; 7.928  ;
; numerator12 ; business8   ; 5.724  ; 5.928  ; 6.558  ; 6.495  ;
; numerator12 ; business9   ; 5.664  ; 5.939  ; 6.592  ; 6.294  ;
; numerator12 ; business10  ; 6.155  ; 6.408  ; 7.083  ; 6.720  ;
; numerator12 ; business11  ; 5.210  ; 5.467  ; 6.138  ; 5.748  ;
; numerator12 ; business12  ; 4.805  ;        ;        ; 5.352  ;
; numerator12 ; pin_name2   ; 9.778  ; 9.797  ; 10.660 ; 10.660 ;
; numerator12 ; remain0     ; 9.136  ; 9.220  ; 10.018 ; 10.102 ;
; numerator12 ; remain1     ; 9.075  ; 9.116  ; 9.957  ; 9.998  ;
; numerator12 ; remain2     ; 8.985  ; 9.048  ; 9.867  ; 9.930  ;
; numerator12 ; remain3     ; 8.923  ; 8.976  ; 9.805  ; 9.858  ;
; numerator12 ; remain4     ; 8.796  ; 8.986  ; 9.642  ; 9.887  ;
; numerator12 ; remain5     ; 8.627  ; 8.851  ; 9.508  ; 9.713  ;
; numerator12 ; remain6     ; 8.560  ; 8.752  ; 9.434  ; 9.603  ;
; numerator12 ; remain7     ; 8.811  ; 8.971  ; 9.657  ; 9.852  ;
; numerator13 ; business0   ; 9.807  ; 9.910  ; 10.555 ; 10.658 ;
; numerator13 ; business1   ; 10.002 ; 10.060 ; 10.726 ; 10.808 ;
; numerator13 ; business2   ; 9.244  ; 9.270  ; 9.992  ; 10.018 ;
; numerator13 ; business3   ; 8.451  ; 8.510  ; 9.199  ; 9.258  ;
; numerator13 ; business4   ; 7.817  ; 7.900  ; 8.502  ; 8.610  ;
; numerator13 ; business5   ; 7.110  ; 7.225  ; 7.858  ; 7.967  ;
; numerator13 ; business6   ; 6.611  ; 6.866  ; 7.359  ; 7.400  ;
; numerator13 ; business7   ; 7.486  ; 7.595  ; 8.159  ; 8.187  ;
; numerator13 ; business8   ; 5.724  ; 6.072  ; 6.472  ; 6.475  ;
; numerator13 ; business9   ; 5.740  ; 5.962  ; 6.488  ; 6.365  ;
; numerator13 ; business10  ; 6.402  ; 6.570  ; 7.150  ; 6.973  ;
; numerator13 ; business11  ; 5.388  ; 5.545  ; 6.136  ; 5.948  ;
; numerator13 ; business12  ; 4.944  ; 5.077  ; 5.680  ; 5.480  ;
; numerator13 ; business13  ; 4.793  ;        ;        ; 5.257  ;
; numerator13 ; pin_name2   ; 10.071 ; 10.153 ; 10.819 ; 10.901 ;
; numerator13 ; remain0     ; 9.429  ; 9.513  ; 10.177 ; 10.261 ;
; numerator13 ; remain1     ; 9.368  ; 9.409  ; 10.116 ; 10.157 ;
; numerator13 ; remain2     ; 9.278  ; 9.341  ; 10.026 ; 10.089 ;
; numerator13 ; remain3     ; 9.216  ; 9.269  ; 9.964  ; 10.017 ;
; numerator13 ; remain4     ; 9.150  ; 9.270  ; 9.898  ; 10.018 ;
; numerator13 ; remain5     ; 9.193  ; 9.355  ; 9.941  ; 10.103 ;
; numerator13 ; remain6     ; 8.984  ; 9.257  ; 9.732  ; 10.005 ;
; numerator13 ; remain7     ; 9.236  ; 9.291  ; 9.919  ; 10.039 ;
; numerator14 ; business0   ; 9.991  ; 10.094 ; 10.602 ; 10.705 ;
; numerator14 ; business1   ; 10.186 ; 10.244 ; 10.797 ; 10.855 ;
; numerator14 ; business2   ; 9.428  ; 9.454  ; 10.039 ; 10.065 ;
; numerator14 ; business3   ; 8.635  ; 8.694  ; 9.246  ; 9.305  ;
; numerator14 ; business4   ; 8.092  ; 8.084  ; 8.703  ; 8.695  ;
; numerator14 ; business5   ; 7.531  ; 7.483  ; 8.142  ; 8.094  ;
; numerator14 ; business6   ; 6.795  ; 7.067  ; 7.406  ; 7.586  ;
; numerator14 ; business7   ; 7.577  ; 7.740  ; 8.188  ; 8.259  ;
; numerator14 ; business8   ; 6.000  ; 6.264  ; 6.611  ; 6.783  ;
; numerator14 ; business9   ; 6.161  ; 6.302  ; 6.772  ; 6.821  ;
; numerator14 ; business10  ; 6.623  ; 6.705  ; 7.234  ; 7.224  ;
; numerator14 ; business11  ; 5.676  ; 5.733  ; 6.287  ; 6.252  ;
; numerator14 ; business12  ; 5.098  ; 5.141  ; 5.709  ; 5.660  ;
; numerator14 ; business13  ; 5.060  ; 5.017  ; 5.671  ; 5.536  ;
; numerator14 ; business14  ; 4.528  ;        ;        ; 4.978  ;
; numerator14 ; pin_name2   ; 10.255 ; 10.337 ; 10.866 ; 10.948 ;
; numerator14 ; remain0     ; 9.613  ; 9.697  ; 10.224 ; 10.308 ;
; numerator14 ; remain1     ; 9.552  ; 9.593  ; 10.163 ; 10.204 ;
; numerator14 ; remain2     ; 9.462  ; 9.525  ; 10.073 ; 10.136 ;
; numerator14 ; remain3     ; 9.400  ; 9.453  ; 10.011 ; 10.064 ;
; numerator14 ; remain4     ; 9.334  ; 9.454  ; 9.945  ; 10.065 ;
; numerator14 ; remain5     ; 9.473  ; 9.539  ; 10.084 ; 10.150 ;
; numerator14 ; remain6     ; 9.168  ; 9.441  ; 9.779  ; 10.052 ;
; numerator14 ; remain7     ; 9.337  ; 9.475  ; 9.948  ; 10.086 ;
; numerator15 ; business0   ; 10.363 ; 10.466 ; 10.935 ; 11.038 ;
; numerator15 ; business1   ; 10.546 ; 10.616 ; 11.130 ; 11.188 ;
; numerator15 ; business2   ; 9.800  ; 9.826  ; 10.372 ; 10.398 ;
; numerator15 ; business3   ; 9.007  ; 9.066  ; 9.579  ; 9.638  ;
; numerator15 ; business4   ; 8.311  ; 8.451  ; 8.927  ; 9.028  ;
; numerator15 ; business5   ; 7.859  ; 7.855  ; 8.475  ; 8.427  ;
; numerator15 ; business6   ; 7.167  ; 7.390  ; 7.739  ; 7.967  ;
; numerator15 ; business7   ; 7.917  ; 8.063  ; 8.521  ; 8.640  ;
; numerator15 ; business8   ; 6.324  ; 6.587  ; 6.944  ; 7.156  ;
; numerator15 ; business9   ; 6.247  ; 6.478  ; 7.029  ; 6.938  ;
; numerator15 ; business10  ; 6.829  ; 6.999  ; 7.567  ; 7.459  ;
; numerator15 ; business11  ; 5.839  ; 5.984  ; 6.620  ; 6.444  ;
; numerator15 ; business12  ; 5.289  ; 5.407  ; 6.042  ; 5.867  ;
; numerator15 ; business13  ; 5.216  ; 5.340  ; 6.004  ; 5.726  ;
; numerator15 ; business14  ; 4.669  ;        ;        ; 5.147  ;
; numerator15 ; business15  ; 4.259  ;        ;        ; 4.800  ;
; numerator15 ; pin_name2   ; 10.627 ; 10.709 ; 11.199 ; 11.281 ;
; numerator15 ; remain0     ; 9.985  ; 10.069 ; 10.557 ; 10.641 ;
; numerator15 ; remain1     ; 9.924  ; 9.965  ; 10.496 ; 10.537 ;
; numerator15 ; remain2     ; 9.834  ; 9.897  ; 10.406 ; 10.469 ;
; numerator15 ; remain3     ; 9.772  ; 9.825  ; 10.344 ; 10.397 ;
; numerator15 ; remain4     ; 9.706  ; 9.826  ; 10.278 ; 10.398 ;
; numerator15 ; remain5     ; 9.775  ; 9.911  ; 10.391 ; 10.483 ;
; numerator15 ; remain6     ; 9.540  ; 9.813  ; 10.112 ; 10.385 ;
; numerator15 ; remain7     ; 9.677  ; 9.847  ; 10.281 ; 10.419 ;
+-------------+-------------+--------+--------+--------+--------+


+------------------------------------------------------------------------------------------------------------------------------------------------------------------------------------------------------------------------------------------------------------------------------------------------------------------------------------------------------------------------------------------------------------------+
; Board Trace Model Assignments                                                                                                                                                                                                                                                                                                                                                                                    ;
+---------------+--------------+-------------------+-------------------------+-------------------------+---------------+---------------------+----------------+------------------+--------+------------------+------------------------+------------------------+--------------+---------------+-----------------+-------+---------------------+--------------------+---------------+-----------------+-------------+
; Pin           ; I/O Standard ; Near Tline Length ; Near Tline L per Length ; Near Tline C per Length ; Near Series R ; Near Differential R ; Near Pull-up R ; Near Pull-down R ; Near C ; Far Tline Length ; Far Tline L per Length ; Far Tline C per Length ; Far Series R ; Far Pull-up R ; Far Pull-down R ; Far C ; Termination Voltage ; Far Differential R ; EBD File Name ; EBD Signal Name ; EBD Far-end ;
+---------------+--------------+-------------------+-------------------------+-------------------------+---------------+---------------------+----------------+------------------+--------+------------------+------------------------+------------------------+--------------+---------------+-----------------+-------+---------------------+--------------------+---------------+-----------------+-------------+
; business0     ; 2.5 V        ; 0 in              ; 0 H/in                  ; 0 F/in                  ; short         ; -                   ; open           ; open             ; open   ; 0 in             ; 0 H/in                 ; 0 F/in                 ; short        ; open          ; open            ; open  ; 0 V                 ; -                  ; n/a           ; n/a             ; n/a         ;
; pin_name2     ; 2.5 V        ; 0 in              ; 0 H/in                  ; 0 F/in                  ; short         ; -                   ; open           ; open             ; open   ; 0 in             ; 0 H/in                 ; 0 F/in                 ; short        ; open          ; open            ; open  ; 0 V                 ; -                  ; n/a           ; n/a             ; n/a         ;
; business1     ; 2.5 V        ; 0 in              ; 0 H/in                  ; 0 F/in                  ; short         ; -                   ; open           ; open             ; open   ; 0 in             ; 0 H/in                 ; 0 F/in                 ; short        ; open          ; open            ; open  ; 0 V                 ; -                  ; n/a           ; n/a             ; n/a         ;
; business15    ; 2.5 V        ; 0 in              ; 0 H/in                  ; 0 F/in                  ; short         ; -                   ; open           ; open             ; open   ; 0 in             ; 0 H/in                 ; 0 F/in                 ; short        ; open          ; open            ; open  ; 0 V                 ; -                  ; n/a           ; n/a             ; n/a         ;
; business14    ; 2.5 V        ; 0 in              ; 0 H/in                  ; 0 F/in                  ; short         ; -                   ; open           ; open             ; open   ; 0 in             ; 0 H/in                 ; 0 F/in                 ; short        ; open          ; open            ; open  ; 0 V                 ; -                  ; n/a           ; n/a             ; n/a         ;
; business13    ; 2.5 V        ; 0 in              ; 0 H/in                  ; 0 F/in                  ; short         ; -                   ; open           ; open             ; open   ; 0 in             ; 0 H/in                 ; 0 F/in                 ; short        ; open          ; open            ; open  ; 0 V                 ; -                  ; n/a           ; n/a             ; n/a         ;
; business12    ; 2.5 V        ; 0 in              ; 0 H/in                  ; 0 F/in                  ; short         ; -                   ; open           ; open             ; open   ; 0 in             ; 0 H/in                 ; 0 F/in                 ; short        ; open          ; open            ; open  ; 0 V                 ; -                  ; n/a           ; n/a             ; n/a         ;
; business11    ; 2.5 V        ; 0 in              ; 0 H/in                  ; 0 F/in                  ; short         ; -                   ; open           ; open             ; open   ; 0 in             ; 0 H/in                 ; 0 F/in                 ; short        ; open          ; open            ; open  ; 0 V                 ; -                  ; n/a           ; n/a             ; n/a         ;
; business10    ; 2.5 V        ; 0 in              ; 0 H/in                  ; 0 F/in                  ; short         ; -                   ; open           ; open             ; open   ; 0 in             ; 0 H/in                 ; 0 F/in                 ; short        ; open          ; open            ; open  ; 0 V                 ; -                  ; n/a           ; n/a             ; n/a         ;
; business9     ; 2.5 V        ; 0 in              ; 0 H/in                  ; 0 F/in                  ; short         ; -                   ; open           ; open             ; open   ; 0 in             ; 0 H/in                 ; 0 F/in                 ; short        ; open          ; open            ; open  ; 0 V                 ; -                  ; n/a           ; n/a             ; n/a         ;
; business8     ; 2.5 V        ; 0 in              ; 0 H/in                  ; 0 F/in                  ; short         ; -                   ; open           ; open             ; open   ; 0 in             ; 0 H/in                 ; 0 F/in                 ; short        ; open          ; open            ; open  ; 0 V                 ; -                  ; n/a           ; n/a             ; n/a         ;
; business7     ; 2.5 V        ; 0 in              ; 0 H/in                  ; 0 F/in                  ; short         ; -                   ; open           ; open             ; open   ; 0 in             ; 0 H/in                 ; 0 F/in                 ; short        ; open          ; open            ; open  ; 0 V                 ; -                  ; n/a           ; n/a             ; n/a         ;
; business6     ; 2.5 V        ; 0 in              ; 0 H/in                  ; 0 F/in                  ; short         ; -                   ; open           ; open             ; open   ; 0 in             ; 0 H/in                 ; 0 F/in                 ; short        ; open          ; open            ; open  ; 0 V                 ; -                  ; n/a           ; n/a             ; n/a         ;
; business5     ; 2.5 V        ; 0 in              ; 0 H/in                  ; 0 F/in                  ; short         ; -                   ; open           ; open             ; open   ; 0 in             ; 0 H/in                 ; 0 F/in                 ; short        ; open          ; open            ; open  ; 0 V                 ; -                  ; n/a           ; n/a             ; n/a         ;
; business4     ; 2.5 V        ; 0 in              ; 0 H/in                  ; 0 F/in                  ; short         ; -                   ; open           ; open             ; open   ; 0 in             ; 0 H/in                 ; 0 F/in                 ; short        ; open          ; open            ; open  ; 0 V                 ; -                  ; n/a           ; n/a             ; n/a         ;
; business3     ; 2.5 V        ; 0 in              ; 0 H/in                  ; 0 F/in                  ; short         ; -                   ; open           ; open             ; open   ; 0 in             ; 0 H/in                 ; 0 F/in                 ; short        ; open          ; open            ; open  ; 0 V                 ; -                  ; n/a           ; n/a             ; n/a         ;
; business2     ; 2.5 V        ; 0 in              ; 0 H/in                  ; 0 F/in                  ; short         ; -                   ; open           ; open             ; open   ; 0 in             ; 0 H/in                 ; 0 F/in                 ; short        ; open          ; open            ; open  ; 0 V                 ; -                  ; n/a           ; n/a             ; n/a         ;
; pin_name1     ; 2.5 V        ; 0 in              ; 0 H/in                  ; 0 F/in                  ; short         ; -                   ; open           ; open             ; open   ; 0 in             ; 0 H/in                 ; 0 F/in                 ; short        ; open          ; open            ; open  ; 0 V                 ; -                  ; n/a           ; n/a             ; n/a         ;
; remain7       ; 2.5 V        ; 0 in              ; 0 H/in                  ; 0 F/in                  ; short         ; -                   ; open           ; open             ; open   ; 0 in             ; 0 H/in                 ; 0 F/in                 ; short        ; open          ; open            ; open  ; 0 V                 ; -                  ; n/a           ; n/a             ; n/a         ;
; remain6       ; 2.5 V        ; 0 in              ; 0 H/in                  ; 0 F/in                  ; short         ; -                   ; open           ; open             ; open   ; 0 in             ; 0 H/in                 ; 0 F/in                 ; short        ; open          ; open            ; open  ; 0 V                 ; -                  ; n/a           ; n/a             ; n/a         ;
; remain5       ; 2.5 V        ; 0 in              ; 0 H/in                  ; 0 F/in                  ; short         ; -                   ; open           ; open             ; open   ; 0 in             ; 0 H/in                 ; 0 F/in                 ; short        ; open          ; open            ; open  ; 0 V                 ; -                  ; n/a           ; n/a             ; n/a         ;
; remain4       ; 2.5 V        ; 0 in              ; 0 H/in                  ; 0 F/in                  ; short         ; -                   ; open           ; open             ; open   ; 0 in             ; 0 H/in                 ; 0 F/in                 ; short        ; open          ; open            ; open  ; 0 V                 ; -                  ; n/a           ; n/a             ; n/a         ;
; remain3       ; 2.5 V        ; 0 in              ; 0 H/in                  ; 0 F/in                  ; short         ; -                   ; open           ; open             ; open   ; 0 in             ; 0 H/in                 ; 0 F/in                 ; short        ; open          ; open            ; open  ; 0 V                 ; -                  ; n/a           ; n/a             ; n/a         ;
; remain2       ; 2.5 V        ; 0 in              ; 0 H/in                  ; 0 F/in                  ; short         ; -                   ; open           ; open             ; open   ; 0 in             ; 0 H/in                 ; 0 F/in                 ; short        ; open          ; open            ; open  ; 0 V                 ; -                  ; n/a           ; n/a             ; n/a         ;
; remain1       ; 2.5 V        ; 0 in              ; 0 H/in                  ; 0 F/in                  ; short         ; -                   ; open           ; open             ; open   ; 0 in             ; 0 H/in                 ; 0 F/in                 ; short        ; open          ; open            ; open  ; 0 V                 ; -                  ; n/a           ; n/a             ; n/a         ;
; remain0       ; 2.5 V        ; 0 in              ; 0 H/in                  ; 0 F/in                  ; short         ; -                   ; open           ; open             ; open   ; 0 in             ; 0 H/in                 ; 0 F/in                 ; short        ; open          ; open            ; open  ; 0 V                 ; -                  ; n/a           ; n/a             ; n/a         ;
; ~ALTERA_DCLK~ ; 2.5 V        ; 0 in              ; 0 H/in                  ; 0 F/in                  ; short         ; -                   ; open           ; open             ; open   ; 0 in             ; 0 H/in                 ; 0 F/in                 ; short        ; open          ; open            ; open  ; 0 V                 ; -                  ; n/a           ; n/a             ; n/a         ;
; ~ALTERA_nCEO~ ; 2.5 V        ; 0 in              ; 0 H/in                  ; 0 F/in                  ; short         ; -                   ; open           ; open             ; open   ; 0 in             ; 0 H/in                 ; 0 F/in                 ; short        ; open          ; open            ; open  ; 0 V                 ; -                  ; n/a           ; n/a             ; n/a         ;
+---------------+--------------+-------------------+-------------------------+-------------------------+---------------+---------------------+----------------+------------------+--------+------------------+------------------------+------------------------+--------------+---------------+-----------------+-------+---------------------+--------------------+---------------+-----------------+-------------+


+----------------------------------------------------------------------------+
; Input Transition Times                                                     ;
+-------------------------+--------------+-----------------+-----------------+
; Pin                     ; I/O Standard ; 10-90 Rise Time ; 90-10 Fall Time ;
+-------------------------+--------------+-----------------+-----------------+
; divclk                  ; 2.5 V        ; 2000 ps         ; 2000 ps         ;
; numerator8              ; 2.5 V        ; 2000 ps         ; 2000 ps         ;
; denom0                  ; 2.5 V        ; 2000 ps         ; 2000 ps         ;
; numerator15             ; 2.5 V        ; 2000 ps         ; 2000 ps         ;
; denom1                  ; 2.5 V        ; 2000 ps         ; 2000 ps         ;
; numerator14             ; 2.5 V        ; 2000 ps         ; 2000 ps         ;
; denom7                  ; 2.5 V        ; 2000 ps         ; 2000 ps         ;
; denom4                  ; 2.5 V        ; 2000 ps         ; 2000 ps         ;
; denom5                  ; 2.5 V        ; 2000 ps         ; 2000 ps         ;
; denom6                  ; 2.5 V        ; 2000 ps         ; 2000 ps         ;
; denom2                  ; 2.5 V        ; 2000 ps         ; 2000 ps         ;
; denom3                  ; 2.5 V        ; 2000 ps         ; 2000 ps         ;
; numerator13             ; 2.5 V        ; 2000 ps         ; 2000 ps         ;
; numerator12             ; 2.5 V        ; 2000 ps         ; 2000 ps         ;
; numerator11             ; 2.5 V        ; 2000 ps         ; 2000 ps         ;
; numerator10             ; 2.5 V        ; 2000 ps         ; 2000 ps         ;
; numerator9              ; 2.5 V        ; 2000 ps         ; 2000 ps         ;
; numerator7              ; 2.5 V        ; 2000 ps         ; 2000 ps         ;
; numerator6              ; 2.5 V        ; 2000 ps         ; 2000 ps         ;
; numerator5              ; 2.5 V        ; 2000 ps         ; 2000 ps         ;
; numerator4              ; 2.5 V        ; 2000 ps         ; 2000 ps         ;
; numerator3              ; 2.5 V        ; 2000 ps         ; 2000 ps         ;
; numerator2              ; 2.5 V        ; 2000 ps         ; 2000 ps         ;
; numerator1              ; 2.5 V        ; 2000 ps         ; 2000 ps         ;
; numerator0              ; 2.5 V        ; 2000 ps         ; 2000 ps         ;
; ~ALTERA_ASDO_DATA1~     ; 2.5 V        ; 2000 ps         ; 2000 ps         ;
; ~ALTERA_FLASH_nCE_nCSO~ ; 2.5 V        ; 2000 ps         ; 2000 ps         ;
; ~ALTERA_DATA0~          ; 2.5 V        ; 2000 ps         ; 2000 ps         ;
+-------------------------+--------------+-----------------+-----------------+


+--------------------------------------------------------------------------------------------------------------------------------------------------------------------------------------------------------------------------------------------------------------------------------------------------------------------------------------------------------------------------------------------------------------------------------------------------------------------------------------------------------------------------------------------------------------------------------------------------------------------------------------------------------------------------------------------+
; Signal Integrity Metrics (Slow 1200mv n40c Model)                                                                                                                                                                                                                                                                                                                                                                                                                                                                                                                                                                                                                                          ;
+---------------+--------------+---------------------+---------------------+------------------------------+------------------------------+---------------------+---------------------+--------------------------------------+--------------------------------------+-----------------------------+-----------------------------+----------------------------+----------------------------+-----------------------------+-----------------------------+--------------------+--------------------+-------------------------------------+-------------------------------------+----------------------------+----------------------------+---------------------------+---------------------------+
; Pin           ; I/O Standard ; Board Delay on Rise ; Board Delay on Fall ; Steady State Voh at FPGA Pin ; Steady State Vol at FPGA Pin ; Voh Max at FPGA Pin ; Vol Min at FPGA Pin ; Ringback Voltage on Rise at FPGA Pin ; Ringback Voltage on Fall at FPGA Pin ; 10-90 Rise Time at FPGA Pin ; 90-10 Fall Time at FPGA Pin ; Monotonic Rise at FPGA Pin ; Monotonic Fall at FPGA Pin ; Steady State Voh at Far-end ; Steady State Vol at Far-end ; Voh Max at Far-end ; Vol Min at Far-end ; Ringback Voltage on Rise at Far-end ; Ringback Voltage on Fall at Far-end ; 10-90 Rise Time at Far-end ; 90-10 Fall Time at Far-end ; Monotonic Rise at Far-end ; Monotonic Fall at Far-end ;
+---------------+--------------+---------------------+---------------------+------------------------------+------------------------------+---------------------+---------------------+--------------------------------------+--------------------------------------+-----------------------------+-----------------------------+----------------------------+----------------------------+-----------------------------+-----------------------------+--------------------+--------------------+-------------------------------------+-------------------------------------+----------------------------+----------------------------+---------------------------+---------------------------+
; business0     ; 2.5 V        ; 0 s                 ; 0 s                 ; 2.32 V                       ; 1.74e-09 V                   ; 2.4 V               ; -0.0195 V           ; 0.196 V                              ; 0.023 V                              ; 2.87e-10 s                  ; 3.09e-10 s                  ; Yes                        ; Yes                        ; 2.32 V                      ; 1.74e-09 V                  ; 2.4 V              ; -0.0195 V          ; 0.196 V                             ; 0.023 V                             ; 2.87e-10 s                 ; 3.09e-10 s                 ; Yes                       ; Yes                       ;
; pin_name2     ; 2.5 V        ; 0 s                 ; 0 s                 ; 2.32 V                       ; 1.74e-09 V                   ; 2.4 V               ; -0.0195 V           ; 0.196 V                              ; 0.023 V                              ; 2.87e-10 s                  ; 3.09e-10 s                  ; Yes                        ; Yes                        ; 2.32 V                      ; 1.74e-09 V                  ; 2.4 V              ; -0.0195 V          ; 0.196 V                             ; 0.023 V                             ; 2.87e-10 s                 ; 3.09e-10 s                 ; Yes                       ; Yes                       ;
; business1     ; 2.5 V        ; 0 s                 ; 0 s                 ; 2.32 V                       ; 1.74e-09 V                   ; 2.34 V              ; -0.00643 V          ; 0.21 V                               ; 0.072 V                              ; 2.63e-09 s                  ; 2.47e-09 s                  ; No                         ; Yes                        ; 2.32 V                      ; 1.74e-09 V                  ; 2.34 V             ; -0.00643 V         ; 0.21 V                              ; 0.072 V                             ; 2.63e-09 s                 ; 2.47e-09 s                 ; No                        ; Yes                       ;
; business15    ; 2.5 V        ; 0 s                 ; 0 s                 ; 2.32 V                       ; 1.74e-09 V                   ; 2.4 V               ; -0.0195 V           ; 0.196 V                              ; 0.023 V                              ; 2.87e-10 s                  ; 3.09e-10 s                  ; Yes                        ; Yes                        ; 2.32 V                      ; 1.74e-09 V                  ; 2.4 V              ; -0.0195 V          ; 0.196 V                             ; 0.023 V                             ; 2.87e-10 s                 ; 3.09e-10 s                 ; Yes                       ; Yes                       ;
; business14    ; 2.5 V        ; 0 s                 ; 0 s                 ; 2.32 V                       ; 1.74e-09 V                   ; 2.4 V               ; -0.0195 V           ; 0.196 V                              ; 0.023 V                              ; 2.87e-10 s                  ; 3.09e-10 s                  ; Yes                        ; Yes                        ; 2.32 V                      ; 1.74e-09 V                  ; 2.4 V              ; -0.0195 V          ; 0.196 V                             ; 0.023 V                             ; 2.87e-10 s                 ; 3.09e-10 s                 ; Yes                       ; Yes                       ;
; business13    ; 2.5 V        ; 0 s                 ; 0 s                 ; 2.32 V                       ; 1.74e-09 V                   ; 2.4 V               ; -0.0195 V           ; 0.196 V                              ; 0.023 V                              ; 2.87e-10 s                  ; 3.09e-10 s                  ; Yes                        ; Yes                        ; 2.32 V                      ; 1.74e-09 V                  ; 2.4 V              ; -0.0195 V          ; 0.196 V                             ; 0.023 V                             ; 2.87e-10 s                 ; 3.09e-10 s                 ; Yes                       ; Yes                       ;
; business12    ; 2.5 V        ; 0 s                 ; 0 s                 ; 2.32 V                       ; 1.74e-09 V                   ; 2.4 V               ; -0.0195 V           ; 0.196 V                              ; 0.023 V                              ; 2.87e-10 s                  ; 3.09e-10 s                  ; Yes                        ; Yes                        ; 2.32 V                      ; 1.74e-09 V                  ; 2.4 V              ; -0.0195 V          ; 0.196 V                             ; 0.023 V                             ; 2.87e-10 s                 ; 3.09e-10 s                 ; Yes                       ; Yes                       ;
; business11    ; 2.5 V        ; 0 s                 ; 0 s                 ; 2.32 V                       ; 1.74e-09 V                   ; 2.4 V               ; -0.0195 V           ; 0.196 V                              ; 0.023 V                              ; 2.87e-10 s                  ; 3.09e-10 s                  ; Yes                        ; Yes                        ; 2.32 V                      ; 1.74e-09 V                  ; 2.4 V              ; -0.0195 V          ; 0.196 V                             ; 0.023 V                             ; 2.87e-10 s                 ; 3.09e-10 s                 ; Yes                       ; Yes                       ;
; business10    ; 2.5 V        ; 0 s                 ; 0 s                 ; 2.32 V                       ; 1.4e-09 V                    ; 2.34 V              ; -0.00664 V          ; 0.204 V                              ; 0.106 V                              ; 2.63e-09 s                  ; 2.46e-09 s                  ; No                         ; Yes                        ; 2.32 V                      ; 1.4e-09 V                   ; 2.34 V             ; -0.00664 V         ; 0.204 V                             ; 0.106 V                             ; 2.63e-09 s                 ; 2.46e-09 s                 ; No                        ; Yes                       ;
; business9     ; 2.5 V        ; 0 s                 ; 0 s                 ; 2.32 V                       ; 1.4e-09 V                    ; 2.4 V               ; -0.0306 V           ; 0.178 V                              ; 0.087 V                              ; 2.81e-10 s                  ; 2.95e-10 s                  ; Yes                        ; Yes                        ; 2.32 V                      ; 1.4e-09 V                   ; 2.4 V              ; -0.0306 V          ; 0.178 V                             ; 0.087 V                             ; 2.81e-10 s                 ; 2.95e-10 s                 ; Yes                       ; Yes                       ;
; business8     ; 2.5 V        ; 0 s                 ; 0 s                 ; 2.32 V                       ; 1.74e-09 V                   ; 2.4 V               ; -0.0195 V           ; 0.196 V                              ; 0.023 V                              ; 2.87e-10 s                  ; 3.09e-10 s                  ; Yes                        ; Yes                        ; 2.32 V                      ; 1.74e-09 V                  ; 2.4 V              ; -0.0195 V          ; 0.196 V                             ; 0.023 V                             ; 2.87e-10 s                 ; 3.09e-10 s                 ; Yes                       ; Yes                       ;
; business7     ; 2.5 V        ; 0 s                 ; 0 s                 ; 2.32 V                       ; 1.74e-09 V                   ; 2.34 V              ; -0.00643 V          ; 0.21 V                               ; 0.072 V                              ; 2.63e-09 s                  ; 2.47e-09 s                  ; No                         ; Yes                        ; 2.32 V                      ; 1.74e-09 V                  ; 2.34 V             ; -0.00643 V         ; 0.21 V                              ; 0.072 V                             ; 2.63e-09 s                 ; 2.47e-09 s                 ; No                        ; Yes                       ;
; business6     ; 2.5 V        ; 0 s                 ; 0 s                 ; 2.32 V                       ; 1.4e-09 V                    ; 2.39 V              ; -0.0122 V           ; 0.154 V                              ; 0.017 V                              ; 4.74e-10 s                  ; 4.5e-10 s                   ; No                         ; Yes                        ; 2.32 V                      ; 1.4e-09 V                   ; 2.39 V             ; -0.0122 V          ; 0.154 V                             ; 0.017 V                             ; 4.74e-10 s                 ; 4.5e-10 s                  ; No                        ; Yes                       ;
; business5     ; 2.5 V        ; 0 s                 ; 0 s                 ; 2.32 V                       ; 1.4e-09 V                    ; 2.39 V              ; -0.0122 V           ; 0.154 V                              ; 0.017 V                              ; 4.74e-10 s                  ; 4.5e-10 s                   ; No                         ; Yes                        ; 2.32 V                      ; 1.4e-09 V                   ; 2.39 V             ; -0.0122 V          ; 0.154 V                             ; 0.017 V                             ; 4.74e-10 s                 ; 4.5e-10 s                  ; No                        ; Yes                       ;
; business4     ; 2.5 V        ; 0 s                 ; 0 s                 ; 2.32 V                       ; 1.4e-09 V                    ; 2.4 V               ; -0.0306 V           ; 0.178 V                              ; 0.087 V                              ; 2.81e-10 s                  ; 2.95e-10 s                  ; Yes                        ; Yes                        ; 2.32 V                      ; 1.4e-09 V                   ; 2.4 V              ; -0.0306 V          ; 0.178 V                             ; 0.087 V                             ; 2.81e-10 s                 ; 2.95e-10 s                 ; Yes                       ; Yes                       ;
; business3     ; 2.5 V        ; 0 s                 ; 0 s                 ; 2.32 V                       ; 1.74e-09 V                   ; 2.4 V               ; -0.0195 V           ; 0.196 V                              ; 0.023 V                              ; 2.87e-10 s                  ; 3.09e-10 s                  ; Yes                        ; Yes                        ; 2.32 V                      ; 1.74e-09 V                  ; 2.4 V              ; -0.0195 V          ; 0.196 V                             ; 0.023 V                             ; 2.87e-10 s                 ; 3.09e-10 s                 ; Yes                       ; Yes                       ;
; business2     ; 2.5 V        ; 0 s                 ; 0 s                 ; 2.32 V                       ; 1.4e-09 V                    ; 2.34 V              ; -0.00664 V          ; 0.204 V                              ; 0.106 V                              ; 2.63e-09 s                  ; 2.46e-09 s                  ; No                         ; Yes                        ; 2.32 V                      ; 1.4e-09 V                   ; 2.34 V             ; -0.00664 V         ; 0.204 V                             ; 0.106 V                             ; 2.63e-09 s                 ; 2.46e-09 s                 ; No                        ; Yes                       ;
; pin_name1     ; 2.5 V        ; 0 s                 ; 0 s                 ; 2.32 V                       ; 1.74e-09 V                   ; 2.4 V               ; -0.0195 V           ; 0.196 V                              ; 0.023 V                              ; 2.87e-10 s                  ; 3.09e-10 s                  ; Yes                        ; Yes                        ; 2.32 V                      ; 1.74e-09 V                  ; 2.4 V              ; -0.0195 V          ; 0.196 V                             ; 0.023 V                             ; 2.87e-10 s                 ; 3.09e-10 s                 ; Yes                       ; Yes                       ;
; remain7       ; 2.5 V        ; 0 s                 ; 0 s                 ; 2.32 V                       ; 1.74e-09 V                   ; 2.4 V               ; -0.0195 V           ; 0.196 V                              ; 0.023 V                              ; 2.87e-10 s                  ; 3.09e-10 s                  ; Yes                        ; Yes                        ; 2.32 V                      ; 1.74e-09 V                  ; 2.4 V              ; -0.0195 V          ; 0.196 V                             ; 0.023 V                             ; 2.87e-10 s                 ; 3.09e-10 s                 ; Yes                       ; Yes                       ;
; remain6       ; 2.5 V        ; 0 s                 ; 0 s                 ; 2.32 V                       ; 1.74e-09 V                   ; 2.4 V               ; -0.0195 V           ; 0.196 V                              ; 0.023 V                              ; 2.87e-10 s                  ; 3.09e-10 s                  ; Yes                        ; Yes                        ; 2.32 V                      ; 1.74e-09 V                  ; 2.4 V              ; -0.0195 V          ; 0.196 V                             ; 0.023 V                             ; 2.87e-10 s                 ; 3.09e-10 s                 ; Yes                       ; Yes                       ;
; remain5       ; 2.5 V        ; 0 s                 ; 0 s                 ; 2.32 V                       ; 1.74e-09 V                   ; 2.4 V               ; -0.0195 V           ; 0.196 V                              ; 0.023 V                              ; 2.87e-10 s                  ; 3.09e-10 s                  ; Yes                        ; Yes                        ; 2.32 V                      ; 1.74e-09 V                  ; 2.4 V              ; -0.0195 V          ; 0.196 V                             ; 0.023 V                             ; 2.87e-10 s                 ; 3.09e-10 s                 ; Yes                       ; Yes                       ;
; remain4       ; 2.5 V        ; 0 s                 ; 0 s                 ; 2.32 V                       ; 1.74e-09 V                   ; 2.4 V               ; -0.0195 V           ; 0.196 V                              ; 0.023 V                              ; 2.87e-10 s                  ; 3.09e-10 s                  ; Yes                        ; Yes                        ; 2.32 V                      ; 1.74e-09 V                  ; 2.4 V              ; -0.0195 V          ; 0.196 V                             ; 0.023 V                             ; 2.87e-10 s                 ; 3.09e-10 s                 ; Yes                       ; Yes                       ;
; remain3       ; 2.5 V        ; 0 s                 ; 0 s                 ; 2.32 V                       ; 1.74e-09 V                   ; 2.4 V               ; -0.0195 V           ; 0.196 V                              ; 0.023 V                              ; 2.87e-10 s                  ; 3.09e-10 s                  ; Yes                        ; Yes                        ; 2.32 V                      ; 1.74e-09 V                  ; 2.4 V              ; -0.0195 V          ; 0.196 V                             ; 0.023 V                             ; 2.87e-10 s                 ; 3.09e-10 s                 ; Yes                       ; Yes                       ;
; remain2       ; 2.5 V        ; 0 s                 ; 0 s                 ; 2.32 V                       ; 1.74e-09 V                   ; 2.4 V               ; -0.0195 V           ; 0.196 V                              ; 0.023 V                              ; 2.87e-10 s                  ; 3.09e-10 s                  ; Yes                        ; Yes                        ; 2.32 V                      ; 1.74e-09 V                  ; 2.4 V              ; -0.0195 V          ; 0.196 V                             ; 0.023 V                             ; 2.87e-10 s                 ; 3.09e-10 s                 ; Yes                       ; Yes                       ;
; remain1       ; 2.5 V        ; 0 s                 ; 0 s                 ; 2.32 V                       ; 1.74e-09 V                   ; 2.4 V               ; -0.0195 V           ; 0.196 V                              ; 0.023 V                              ; 2.87e-10 s                  ; 3.09e-10 s                  ; Yes                        ; Yes                        ; 2.32 V                      ; 1.74e-09 V                  ; 2.4 V              ; -0.0195 V          ; 0.196 V                             ; 0.023 V                             ; 2.87e-10 s                 ; 3.09e-10 s                 ; Yes                       ; Yes                       ;
; remain0       ; 2.5 V        ; 0 s                 ; 0 s                 ; 2.32 V                       ; 1.74e-09 V                   ; 2.4 V               ; -0.0195 V           ; 0.196 V                              ; 0.023 V                              ; 2.87e-10 s                  ; 3.09e-10 s                  ; Yes                        ; Yes                        ; 2.32 V                      ; 1.74e-09 V                  ; 2.4 V              ; -0.0195 V          ; 0.196 V                             ; 0.023 V                             ; 2.87e-10 s                 ; 3.09e-10 s                 ; Yes                       ; Yes                       ;
; ~ALTERA_DCLK~ ; 2.5 V        ; 0 s                 ; 0 s                 ; 2.32 V                       ; 1.16e-09 V                   ; 2.39 V              ; -0.0798 V           ; 0.13 V                               ; 0.103 V                              ; 2.71e-10 s                  ; 2.5e-10 s                   ; Yes                        ; Yes                        ; 2.32 V                      ; 1.16e-09 V                  ; 2.39 V             ; -0.0798 V          ; 0.13 V                              ; 0.103 V                             ; 2.71e-10 s                 ; 2.5e-10 s                  ; Yes                       ; Yes                       ;
; ~ALTERA_nCEO~ ; 2.5 V        ; 0 s                 ; 0 s                 ; 2.32 V                       ; 1.64e-09 V                   ; 2.39 V              ; -0.00331 V          ; 0.132 V                              ; 0.006 V                              ; 4.59e-10 s                  ; 5.62e-10 s                  ; No                         ; Yes                        ; 2.32 V                      ; 1.64e-09 V                  ; 2.39 V             ; -0.00331 V         ; 0.132 V                             ; 0.006 V                             ; 4.59e-10 s                 ; 5.62e-10 s                 ; No                        ; Yes                       ;
+---------------+--------------+---------------------+---------------------+------------------------------+------------------------------+---------------------+---------------------+--------------------------------------+--------------------------------------+-----------------------------+-----------------------------+----------------------------+----------------------------+-----------------------------+-----------------------------+--------------------+--------------------+-------------------------------------+-------------------------------------+----------------------------+----------------------------+---------------------------+---------------------------+


+--------------------------------------------------------------------------------------------------------------------------------------------------------------------------------------------------------------------------------------------------------------------------------------------------------------------------------------------------------------------------------------------------------------------------------------------------------------------------------------------------------------------------------------------------------------------------------------------------------------------------------------------------------------------------------------------+
; Signal Integrity Metrics (Slow 1200mv 125c Model)                                                                                                                                                                                                                                                                                                                                                                                                                                                                                                                                                                                                                                          ;
+---------------+--------------+---------------------+---------------------+------------------------------+------------------------------+---------------------+---------------------+--------------------------------------+--------------------------------------+-----------------------------+-----------------------------+----------------------------+----------------------------+-----------------------------+-----------------------------+--------------------+--------------------+-------------------------------------+-------------------------------------+----------------------------+----------------------------+---------------------------+---------------------------+
; Pin           ; I/O Standard ; Board Delay on Rise ; Board Delay on Fall ; Steady State Voh at FPGA Pin ; Steady State Vol at FPGA Pin ; Voh Max at FPGA Pin ; Vol Min at FPGA Pin ; Ringback Voltage on Rise at FPGA Pin ; Ringback Voltage on Fall at FPGA Pin ; 10-90 Rise Time at FPGA Pin ; 90-10 Fall Time at FPGA Pin ; Monotonic Rise at FPGA Pin ; Monotonic Fall at FPGA Pin ; Steady State Voh at Far-end ; Steady State Vol at Far-end ; Voh Max at Far-end ; Vol Min at Far-end ; Ringback Voltage on Rise at Far-end ; Ringback Voltage on Fall at Far-end ; 10-90 Rise Time at Far-end ; 90-10 Fall Time at Far-end ; Monotonic Rise at Far-end ; Monotonic Fall at Far-end ;
+---------------+--------------+---------------------+---------------------+------------------------------+------------------------------+---------------------+---------------------+--------------------------------------+--------------------------------------+-----------------------------+-----------------------------+----------------------------+----------------------------+-----------------------------+-----------------------------+--------------------+--------------------+-------------------------------------+-------------------------------------+----------------------------+----------------------------+---------------------------+---------------------------+
; business0     ; 2.5 V        ; 0 s                 ; 0 s                 ; 2.32 V                       ; 4.32e-06 V                   ; 2.35 V              ; -0.0124 V           ; 0.057 V                              ; 0.05 V                               ; 4.87e-10 s                  ; 5.02e-10 s                  ; Yes                        ; Yes                        ; 2.32 V                      ; 4.32e-06 V                  ; 2.35 V             ; -0.0124 V          ; 0.057 V                             ; 0.05 V                              ; 4.87e-10 s                 ; 5.02e-10 s                 ; Yes                       ; Yes                       ;
; pin_name2     ; 2.5 V        ; 0 s                 ; 0 s                 ; 2.32 V                       ; 4.32e-06 V                   ; 2.35 V              ; -0.0124 V           ; 0.057 V                              ; 0.05 V                               ; 4.87e-10 s                  ; 5.02e-10 s                  ; Yes                        ; Yes                        ; 2.32 V                      ; 4.32e-06 V                  ; 2.35 V             ; -0.0124 V          ; 0.057 V                             ; 0.05 V                              ; 4.87e-10 s                 ; 5.02e-10 s                 ; Yes                       ; Yes                       ;
; business1     ; 2.5 V        ; 0 s                 ; 0 s                 ; 2.32 V                       ; 4.32e-06 V                   ; 2.33 V              ; -0.00204 V          ; 0.094 V                              ; 0.055 V                              ; 3.78e-09 s                  ; 3.62e-09 s                  ; Yes                        ; Yes                        ; 2.32 V                      ; 4.32e-06 V                  ; 2.33 V             ; -0.00204 V         ; 0.094 V                             ; 0.055 V                             ; 3.78e-09 s                 ; 3.62e-09 s                 ; Yes                       ; Yes                       ;
; business15    ; 2.5 V        ; 0 s                 ; 0 s                 ; 2.32 V                       ; 4.32e-06 V                   ; 2.35 V              ; -0.0124 V           ; 0.057 V                              ; 0.05 V                               ; 4.87e-10 s                  ; 5.02e-10 s                  ; Yes                        ; Yes                        ; 2.32 V                      ; 4.32e-06 V                  ; 2.35 V             ; -0.0124 V          ; 0.057 V                             ; 0.05 V                              ; 4.87e-10 s                 ; 5.02e-10 s                 ; Yes                       ; Yes                       ;
; business14    ; 2.5 V        ; 0 s                 ; 0 s                 ; 2.32 V                       ; 4.32e-06 V                   ; 2.35 V              ; -0.0124 V           ; 0.057 V                              ; 0.05 V                               ; 4.87e-10 s                  ; 5.02e-10 s                  ; Yes                        ; Yes                        ; 2.32 V                      ; 4.32e-06 V                  ; 2.35 V             ; -0.0124 V          ; 0.057 V                             ; 0.05 V                              ; 4.87e-10 s                 ; 5.02e-10 s                 ; Yes                       ; Yes                       ;
; business13    ; 2.5 V        ; 0 s                 ; 0 s                 ; 2.32 V                       ; 4.32e-06 V                   ; 2.35 V              ; -0.0124 V           ; 0.057 V                              ; 0.05 V                               ; 4.87e-10 s                  ; 5.02e-10 s                  ; Yes                        ; Yes                        ; 2.32 V                      ; 4.32e-06 V                  ; 2.35 V             ; -0.0124 V          ; 0.057 V                             ; 0.05 V                              ; 4.87e-10 s                 ; 5.02e-10 s                 ; Yes                       ; Yes                       ;
; business12    ; 2.5 V        ; 0 s                 ; 0 s                 ; 2.32 V                       ; 4.32e-06 V                   ; 2.35 V              ; -0.0124 V           ; 0.057 V                              ; 0.05 V                               ; 4.87e-10 s                  ; 5.02e-10 s                  ; Yes                        ; Yes                        ; 2.32 V                      ; 4.32e-06 V                  ; 2.35 V             ; -0.0124 V          ; 0.057 V                             ; 0.05 V                              ; 4.87e-10 s                 ; 5.02e-10 s                 ; Yes                       ; Yes                       ;
; business11    ; 2.5 V        ; 0 s                 ; 0 s                 ; 2.32 V                       ; 4.32e-06 V                   ; 2.35 V              ; -0.0124 V           ; 0.057 V                              ; 0.05 V                               ; 4.87e-10 s                  ; 5.02e-10 s                  ; Yes                        ; Yes                        ; 2.32 V                      ; 4.32e-06 V                  ; 2.35 V             ; -0.0124 V          ; 0.057 V                             ; 0.05 V                              ; 4.87e-10 s                 ; 5.02e-10 s                 ; Yes                       ; Yes                       ;
; business10    ; 2.5 V        ; 0 s                 ; 0 s                 ; 2.32 V                       ; 2.91e-06 V                   ; 2.33 V              ; -0.00204 V          ; 0.091 V                              ; 0.053 V                              ; 3.77e-09 s                  ; 3.59e-09 s                  ; Yes                        ; Yes                        ; 2.32 V                      ; 2.91e-06 V                  ; 2.33 V             ; -0.00204 V         ; 0.091 V                             ; 0.053 V                             ; 3.77e-09 s                 ; 3.59e-09 s                 ; Yes                       ; Yes                       ;
; business9     ; 2.5 V        ; 0 s                 ; 0 s                 ; 2.32 V                       ; 2.91e-06 V                   ; 2.35 V              ; -0.00923 V          ; 0.127 V                              ; 0.041 V                              ; 4.74e-10 s                  ; 4.81e-10 s                  ; Yes                        ; Yes                        ; 2.32 V                      ; 2.91e-06 V                  ; 2.35 V             ; -0.00923 V         ; 0.127 V                             ; 0.041 V                             ; 4.74e-10 s                 ; 4.81e-10 s                 ; Yes                       ; Yes                       ;
; business8     ; 2.5 V        ; 0 s                 ; 0 s                 ; 2.32 V                       ; 4.32e-06 V                   ; 2.35 V              ; -0.0124 V           ; 0.057 V                              ; 0.05 V                               ; 4.87e-10 s                  ; 5.02e-10 s                  ; Yes                        ; Yes                        ; 2.32 V                      ; 4.32e-06 V                  ; 2.35 V             ; -0.0124 V          ; 0.057 V                             ; 0.05 V                              ; 4.87e-10 s                 ; 5.02e-10 s                 ; Yes                       ; Yes                       ;
; business7     ; 2.5 V        ; 0 s                 ; 0 s                 ; 2.32 V                       ; 4.32e-06 V                   ; 2.33 V              ; -0.00204 V          ; 0.094 V                              ; 0.055 V                              ; 3.78e-09 s                  ; 3.62e-09 s                  ; Yes                        ; Yes                        ; 2.32 V                      ; 4.32e-06 V                  ; 2.33 V             ; -0.00204 V         ; 0.094 V                             ; 0.055 V                             ; 3.78e-09 s                 ; 3.62e-09 s                 ; Yes                       ; Yes                       ;
; business6     ; 2.5 V        ; 0 s                 ; 0 s                 ; 2.32 V                       ; 2.91e-06 V                   ; 2.34 V              ; -0.0096 V           ; 0.063 V                              ; 0.023 V                              ; 6.92e-10 s                  ; 6.75e-10 s                  ; Yes                        ; Yes                        ; 2.32 V                      ; 2.91e-06 V                  ; 2.34 V             ; -0.0096 V          ; 0.063 V                             ; 0.023 V                             ; 6.92e-10 s                 ; 6.75e-10 s                 ; Yes                       ; Yes                       ;
; business5     ; 2.5 V        ; 0 s                 ; 0 s                 ; 2.32 V                       ; 2.91e-06 V                   ; 2.34 V              ; -0.0096 V           ; 0.063 V                              ; 0.023 V                              ; 6.92e-10 s                  ; 6.75e-10 s                  ; Yes                        ; Yes                        ; 2.32 V                      ; 2.91e-06 V                  ; 2.34 V             ; -0.0096 V          ; 0.063 V                             ; 0.023 V                             ; 6.92e-10 s                 ; 6.75e-10 s                 ; Yes                       ; Yes                       ;
; business4     ; 2.5 V        ; 0 s                 ; 0 s                 ; 2.32 V                       ; 2.91e-06 V                   ; 2.35 V              ; -0.00923 V          ; 0.127 V                              ; 0.041 V                              ; 4.74e-10 s                  ; 4.81e-10 s                  ; Yes                        ; Yes                        ; 2.32 V                      ; 2.91e-06 V                  ; 2.35 V             ; -0.00923 V         ; 0.127 V                             ; 0.041 V                             ; 4.74e-10 s                 ; 4.81e-10 s                 ; Yes                       ; Yes                       ;
; business3     ; 2.5 V        ; 0 s                 ; 0 s                 ; 2.32 V                       ; 4.32e-06 V                   ; 2.35 V              ; -0.0124 V           ; 0.057 V                              ; 0.05 V                               ; 4.87e-10 s                  ; 5.02e-10 s                  ; Yes                        ; Yes                        ; 2.32 V                      ; 4.32e-06 V                  ; 2.35 V             ; -0.0124 V          ; 0.057 V                             ; 0.05 V                              ; 4.87e-10 s                 ; 5.02e-10 s                 ; Yes                       ; Yes                       ;
; business2     ; 2.5 V        ; 0 s                 ; 0 s                 ; 2.32 V                       ; 2.91e-06 V                   ; 2.33 V              ; -0.00204 V          ; 0.091 V                              ; 0.053 V                              ; 3.77e-09 s                  ; 3.59e-09 s                  ; Yes                        ; Yes                        ; 2.32 V                      ; 2.91e-06 V                  ; 2.33 V             ; -0.00204 V         ; 0.091 V                             ; 0.053 V                             ; 3.77e-09 s                 ; 3.59e-09 s                 ; Yes                       ; Yes                       ;
; pin_name1     ; 2.5 V        ; 0 s                 ; 0 s                 ; 2.32 V                       ; 4.32e-06 V                   ; 2.35 V              ; -0.0124 V           ; 0.057 V                              ; 0.05 V                               ; 4.87e-10 s                  ; 5.02e-10 s                  ; Yes                        ; Yes                        ; 2.32 V                      ; 4.32e-06 V                  ; 2.35 V             ; -0.0124 V          ; 0.057 V                             ; 0.05 V                              ; 4.87e-10 s                 ; 5.02e-10 s                 ; Yes                       ; Yes                       ;
; remain7       ; 2.5 V        ; 0 s                 ; 0 s                 ; 2.32 V                       ; 4.32e-06 V                   ; 2.35 V              ; -0.0124 V           ; 0.057 V                              ; 0.05 V                               ; 4.87e-10 s                  ; 5.02e-10 s                  ; Yes                        ; Yes                        ; 2.32 V                      ; 4.32e-06 V                  ; 2.35 V             ; -0.0124 V          ; 0.057 V                             ; 0.05 V                              ; 4.87e-10 s                 ; 5.02e-10 s                 ; Yes                       ; Yes                       ;
; remain6       ; 2.5 V        ; 0 s                 ; 0 s                 ; 2.32 V                       ; 4.32e-06 V                   ; 2.35 V              ; -0.0124 V           ; 0.057 V                              ; 0.05 V                               ; 4.87e-10 s                  ; 5.02e-10 s                  ; Yes                        ; Yes                        ; 2.32 V                      ; 4.32e-06 V                  ; 2.35 V             ; -0.0124 V          ; 0.057 V                             ; 0.05 V                              ; 4.87e-10 s                 ; 5.02e-10 s                 ; Yes                       ; Yes                       ;
; remain5       ; 2.5 V        ; 0 s                 ; 0 s                 ; 2.32 V                       ; 4.32e-06 V                   ; 2.35 V              ; -0.0124 V           ; 0.057 V                              ; 0.05 V                               ; 4.87e-10 s                  ; 5.02e-10 s                  ; Yes                        ; Yes                        ; 2.32 V                      ; 4.32e-06 V                  ; 2.35 V             ; -0.0124 V          ; 0.057 V                             ; 0.05 V                              ; 4.87e-10 s                 ; 5.02e-10 s                 ; Yes                       ; Yes                       ;
; remain4       ; 2.5 V        ; 0 s                 ; 0 s                 ; 2.32 V                       ; 4.32e-06 V                   ; 2.35 V              ; -0.0124 V           ; 0.057 V                              ; 0.05 V                               ; 4.87e-10 s                  ; 5.02e-10 s                  ; Yes                        ; Yes                        ; 2.32 V                      ; 4.32e-06 V                  ; 2.35 V             ; -0.0124 V          ; 0.057 V                             ; 0.05 V                              ; 4.87e-10 s                 ; 5.02e-10 s                 ; Yes                       ; Yes                       ;
; remain3       ; 2.5 V        ; 0 s                 ; 0 s                 ; 2.32 V                       ; 4.32e-06 V                   ; 2.35 V              ; -0.0124 V           ; 0.057 V                              ; 0.05 V                               ; 4.87e-10 s                  ; 5.02e-10 s                  ; Yes                        ; Yes                        ; 2.32 V                      ; 4.32e-06 V                  ; 2.35 V             ; -0.0124 V          ; 0.057 V                             ; 0.05 V                              ; 4.87e-10 s                 ; 5.02e-10 s                 ; Yes                       ; Yes                       ;
; remain2       ; 2.5 V        ; 0 s                 ; 0 s                 ; 2.32 V                       ; 4.32e-06 V                   ; 2.35 V              ; -0.0124 V           ; 0.057 V                              ; 0.05 V                               ; 4.87e-10 s                  ; 5.02e-10 s                  ; Yes                        ; Yes                        ; 2.32 V                      ; 4.32e-06 V                  ; 2.35 V             ; -0.0124 V          ; 0.057 V                             ; 0.05 V                              ; 4.87e-10 s                 ; 5.02e-10 s                 ; Yes                       ; Yes                       ;
; remain1       ; 2.5 V        ; 0 s                 ; 0 s                 ; 2.32 V                       ; 4.32e-06 V                   ; 2.35 V              ; -0.0124 V           ; 0.057 V                              ; 0.05 V                               ; 4.87e-10 s                  ; 5.02e-10 s                  ; Yes                        ; Yes                        ; 2.32 V                      ; 4.32e-06 V                  ; 2.35 V             ; -0.0124 V          ; 0.057 V                             ; 0.05 V                              ; 4.87e-10 s                 ; 5.02e-10 s                 ; Yes                       ; Yes                       ;
; remain0       ; 2.5 V        ; 0 s                 ; 0 s                 ; 2.32 V                       ; 4.32e-06 V                   ; 2.35 V              ; -0.0124 V           ; 0.057 V                              ; 0.05 V                               ; 4.87e-10 s                  ; 5.02e-10 s                  ; Yes                        ; Yes                        ; 2.32 V                      ; 4.32e-06 V                  ; 2.35 V             ; -0.0124 V          ; 0.057 V                             ; 0.05 V                              ; 4.87e-10 s                 ; 5.02e-10 s                 ; Yes                       ; Yes                       ;
; ~ALTERA_DCLK~ ; 2.5 V        ; 0 s                 ; 0 s                 ; 2.32 V                       ; 2.33e-06 V                   ; 2.35 V              ; -0.00598 V          ; 0.095 V                              ; 0.012 V                              ; 4.54e-10 s                  ; 3.98e-10 s                  ; Yes                        ; Yes                        ; 2.32 V                      ; 2.33e-06 V                  ; 2.35 V             ; -0.00598 V         ; 0.095 V                             ; 0.012 V                             ; 4.54e-10 s                 ; 3.98e-10 s                 ; Yes                       ; Yes                       ;
; ~ALTERA_nCEO~ ; 2.5 V        ; 0 s                 ; 0 s                 ; 2.32 V                       ; 3.86e-06 V                   ; 2.34 V              ; -0.00776 V          ; 0.107 V                              ; 0.033 V                              ; 6.63e-10 s                  ; 8.55e-10 s                  ; Yes                        ; Yes                        ; 2.32 V                      ; 3.86e-06 V                  ; 2.34 V             ; -0.00776 V         ; 0.107 V                             ; 0.033 V                             ; 6.63e-10 s                 ; 8.55e-10 s                 ; Yes                       ; Yes                       ;
+---------------+--------------+---------------------+---------------------+------------------------------+------------------------------+---------------------+---------------------+--------------------------------------+--------------------------------------+-----------------------------+-----------------------------+----------------------------+----------------------------+-----------------------------+-----------------------------+--------------------+--------------------+-------------------------------------+-------------------------------------+----------------------------+----------------------------+---------------------------+---------------------------+


+--------------------------------------------------------------------------------------------------------------------------------------------------------------------------------------------------------------------------------------------------------------------------------------------------------------------------------------------------------------------------------------------------------------------------------------------------------------------------------------------------------------------------------------------------------------------------------------------------------------------------------------------------------------------------------------------+
; Signal Integrity Metrics (Fast 1200mv n40c Model)                                                                                                                                                                                                                                                                                                                                                                                                                                                                                                                                                                                                                                          ;
+---------------+--------------+---------------------+---------------------+------------------------------+------------------------------+---------------------+---------------------+--------------------------------------+--------------------------------------+-----------------------------+-----------------------------+----------------------------+----------------------------+-----------------------------+-----------------------------+--------------------+--------------------+-------------------------------------+-------------------------------------+----------------------------+----------------------------+---------------------------+---------------------------+
; Pin           ; I/O Standard ; Board Delay on Rise ; Board Delay on Fall ; Steady State Voh at FPGA Pin ; Steady State Vol at FPGA Pin ; Voh Max at FPGA Pin ; Vol Min at FPGA Pin ; Ringback Voltage on Rise at FPGA Pin ; Ringback Voltage on Fall at FPGA Pin ; 10-90 Rise Time at FPGA Pin ; 90-10 Fall Time at FPGA Pin ; Monotonic Rise at FPGA Pin ; Monotonic Fall at FPGA Pin ; Steady State Voh at Far-end ; Steady State Vol at Far-end ; Voh Max at Far-end ; Vol Min at Far-end ; Ringback Voltage on Rise at Far-end ; Ringback Voltage on Fall at Far-end ; 10-90 Rise Time at Far-end ; 90-10 Fall Time at Far-end ; Monotonic Rise at Far-end ; Monotonic Fall at Far-end ;
+---------------+--------------+---------------------+---------------------+------------------------------+------------------------------+---------------------+---------------------+--------------------------------------+--------------------------------------+-----------------------------+-----------------------------+----------------------------+----------------------------+-----------------------------+-----------------------------+--------------------+--------------------+-------------------------------------+-------------------------------------+----------------------------+----------------------------+---------------------------+---------------------------+
; business0     ; 2.5 V        ; 0 s                 ; 0 s                 ; 2.62 V                       ; 3.18e-09 V                   ; 2.74 V              ; -0.0527 V           ; 0.162 V                              ; 0.083 V                              ; 2.61e-10 s                  ; 2.44e-10 s                  ; Yes                        ; Yes                        ; 2.62 V                      ; 3.18e-09 V                  ; 2.74 V             ; -0.0527 V          ; 0.162 V                             ; 0.083 V                             ; 2.61e-10 s                 ; 2.44e-10 s                 ; Yes                       ; Yes                       ;
; pin_name2     ; 2.5 V        ; 0 s                 ; 0 s                 ; 2.62 V                       ; 3.18e-09 V                   ; 2.74 V              ; -0.0527 V           ; 0.162 V                              ; 0.083 V                              ; 2.61e-10 s                  ; 2.44e-10 s                  ; Yes                        ; Yes                        ; 2.62 V                      ; 3.18e-09 V                  ; 2.74 V             ; -0.0527 V          ; 0.162 V                             ; 0.083 V                             ; 2.61e-10 s                 ; 2.44e-10 s                 ; Yes                       ; Yes                       ;
; business1     ; 2.5 V        ; 0 s                 ; 0 s                 ; 2.62 V                       ; 3.18e-09 V                   ; 2.65 V              ; -0.0147 V           ; 0.207 V                              ; 0.176 V                              ; 2.16e-09 s                  ; 2.03e-09 s                  ; No                         ; Yes                        ; 2.62 V                      ; 3.18e-09 V                  ; 2.65 V             ; -0.0147 V          ; 0.207 V                             ; 0.176 V                             ; 2.16e-09 s                 ; 2.03e-09 s                 ; No                        ; Yes                       ;
; business15    ; 2.5 V        ; 0 s                 ; 0 s                 ; 2.62 V                       ; 3.18e-09 V                   ; 2.74 V              ; -0.0527 V           ; 0.162 V                              ; 0.083 V                              ; 2.61e-10 s                  ; 2.44e-10 s                  ; Yes                        ; Yes                        ; 2.62 V                      ; 3.18e-09 V                  ; 2.74 V             ; -0.0527 V          ; 0.162 V                             ; 0.083 V                             ; 2.61e-10 s                 ; 2.44e-10 s                 ; Yes                       ; Yes                       ;
; business14    ; 2.5 V        ; 0 s                 ; 0 s                 ; 2.62 V                       ; 3.18e-09 V                   ; 2.74 V              ; -0.0527 V           ; 0.162 V                              ; 0.083 V                              ; 2.61e-10 s                  ; 2.44e-10 s                  ; Yes                        ; Yes                        ; 2.62 V                      ; 3.18e-09 V                  ; 2.74 V             ; -0.0527 V          ; 0.162 V                             ; 0.083 V                             ; 2.61e-10 s                 ; 2.44e-10 s                 ; Yes                       ; Yes                       ;
; business13    ; 2.5 V        ; 0 s                 ; 0 s                 ; 2.62 V                       ; 3.18e-09 V                   ; 2.74 V              ; -0.0527 V           ; 0.162 V                              ; 0.083 V                              ; 2.61e-10 s                  ; 2.44e-10 s                  ; Yes                        ; Yes                        ; 2.62 V                      ; 3.18e-09 V                  ; 2.74 V             ; -0.0527 V          ; 0.162 V                             ; 0.083 V                             ; 2.61e-10 s                 ; 2.44e-10 s                 ; Yes                       ; Yes                       ;
; business12    ; 2.5 V        ; 0 s                 ; 0 s                 ; 2.62 V                       ; 3.18e-09 V                   ; 2.74 V              ; -0.0527 V           ; 0.162 V                              ; 0.083 V                              ; 2.61e-10 s                  ; 2.44e-10 s                  ; Yes                        ; Yes                        ; 2.62 V                      ; 3.18e-09 V                  ; 2.74 V             ; -0.0527 V          ; 0.162 V                             ; 0.083 V                             ; 2.61e-10 s                 ; 2.44e-10 s                 ; Yes                       ; Yes                       ;
; business11    ; 2.5 V        ; 0 s                 ; 0 s                 ; 2.62 V                       ; 3.18e-09 V                   ; 2.74 V              ; -0.0527 V           ; 0.162 V                              ; 0.083 V                              ; 2.61e-10 s                  ; 2.44e-10 s                  ; Yes                        ; Yes                        ; 2.62 V                      ; 3.18e-09 V                  ; 2.74 V             ; -0.0527 V          ; 0.162 V                             ; 0.083 V                             ; 2.61e-10 s                 ; 2.44e-10 s                 ; Yes                       ; Yes                       ;
; business10    ; 2.5 V        ; 0 s                 ; 0 s                 ; 2.62 V                       ; 2.24e-09 V                   ; 2.65 V              ; -0.0149 V           ; 0.207 V                              ; 0.176 V                              ; 2.15e-09 s                  ; 2.03e-09 s                  ; No                         ; Yes                        ; 2.62 V                      ; 2.24e-09 V                  ; 2.65 V             ; -0.0149 V          ; 0.207 V                             ; 0.176 V                             ; 2.15e-09 s                 ; 2.03e-09 s                 ; No                        ; Yes                       ;
; business9     ; 2.5 V        ; 0 s                 ; 0 s                 ; 2.62 V                       ; 2.24e-09 V                   ; 2.76 V              ; -0.0537 V           ; 0.17 V                               ; 0.079 V                              ; 2.61e-10 s                  ; 2.39e-10 s                  ; No                         ; Yes                        ; 2.62 V                      ; 2.24e-09 V                  ; 2.76 V             ; -0.0537 V          ; 0.17 V                              ; 0.079 V                             ; 2.61e-10 s                 ; 2.39e-10 s                 ; No                        ; Yes                       ;
; business8     ; 2.5 V        ; 0 s                 ; 0 s                 ; 2.62 V                       ; 3.18e-09 V                   ; 2.74 V              ; -0.0527 V           ; 0.162 V                              ; 0.083 V                              ; 2.61e-10 s                  ; 2.44e-10 s                  ; Yes                        ; Yes                        ; 2.62 V                      ; 3.18e-09 V                  ; 2.74 V             ; -0.0527 V          ; 0.162 V                             ; 0.083 V                             ; 2.61e-10 s                 ; 2.44e-10 s                 ; Yes                       ; Yes                       ;
; business7     ; 2.5 V        ; 0 s                 ; 0 s                 ; 2.62 V                       ; 3.18e-09 V                   ; 2.65 V              ; -0.0147 V           ; 0.207 V                              ; 0.176 V                              ; 2.16e-09 s                  ; 2.03e-09 s                  ; No                         ; Yes                        ; 2.62 V                      ; 3.18e-09 V                  ; 2.65 V             ; -0.0147 V          ; 0.207 V                             ; 0.176 V                             ; 2.16e-09 s                 ; 2.03e-09 s                 ; No                        ; Yes                       ;
; business6     ; 2.5 V        ; 0 s                 ; 0 s                 ; 2.62 V                       ; 2.24e-09 V                   ; 2.74 V              ; -0.0529 V           ; 0.285 V                              ; 0.071 V                              ; 2.99e-10 s                  ; 3.3e-10 s                   ; No                         ; Yes                        ; 2.62 V                      ; 2.24e-09 V                  ; 2.74 V             ; -0.0529 V          ; 0.285 V                             ; 0.071 V                             ; 2.99e-10 s                 ; 3.3e-10 s                  ; No                        ; Yes                       ;
; business5     ; 2.5 V        ; 0 s                 ; 0 s                 ; 2.62 V                       ; 2.24e-09 V                   ; 2.74 V              ; -0.0529 V           ; 0.285 V                              ; 0.071 V                              ; 2.99e-10 s                  ; 3.3e-10 s                   ; No                         ; Yes                        ; 2.62 V                      ; 2.24e-09 V                  ; 2.74 V             ; -0.0529 V          ; 0.285 V                             ; 0.071 V                             ; 2.99e-10 s                 ; 3.3e-10 s                  ; No                        ; Yes                       ;
; business4     ; 2.5 V        ; 0 s                 ; 0 s                 ; 2.62 V                       ; 2.24e-09 V                   ; 2.76 V              ; -0.0537 V           ; 0.17 V                               ; 0.079 V                              ; 2.61e-10 s                  ; 2.39e-10 s                  ; No                         ; Yes                        ; 2.62 V                      ; 2.24e-09 V                  ; 2.76 V             ; -0.0537 V          ; 0.17 V                              ; 0.079 V                             ; 2.61e-10 s                 ; 2.39e-10 s                 ; No                        ; Yes                       ;
; business3     ; 2.5 V        ; 0 s                 ; 0 s                 ; 2.62 V                       ; 3.18e-09 V                   ; 2.74 V              ; -0.0527 V           ; 0.162 V                              ; 0.083 V                              ; 2.61e-10 s                  ; 2.44e-10 s                  ; Yes                        ; Yes                        ; 2.62 V                      ; 3.18e-09 V                  ; 2.74 V             ; -0.0527 V          ; 0.162 V                             ; 0.083 V                             ; 2.61e-10 s                 ; 2.44e-10 s                 ; Yes                       ; Yes                       ;
; business2     ; 2.5 V        ; 0 s                 ; 0 s                 ; 2.62 V                       ; 2.24e-09 V                   ; 2.65 V              ; -0.0149 V           ; 0.207 V                              ; 0.176 V                              ; 2.15e-09 s                  ; 2.03e-09 s                  ; No                         ; Yes                        ; 2.62 V                      ; 2.24e-09 V                  ; 2.65 V             ; -0.0149 V          ; 0.207 V                             ; 0.176 V                             ; 2.15e-09 s                 ; 2.03e-09 s                 ; No                        ; Yes                       ;
; pin_name1     ; 2.5 V        ; 0 s                 ; 0 s                 ; 2.62 V                       ; 3.18e-09 V                   ; 2.74 V              ; -0.0527 V           ; 0.162 V                              ; 0.083 V                              ; 2.61e-10 s                  ; 2.44e-10 s                  ; Yes                        ; Yes                        ; 2.62 V                      ; 3.18e-09 V                  ; 2.74 V             ; -0.0527 V          ; 0.162 V                             ; 0.083 V                             ; 2.61e-10 s                 ; 2.44e-10 s                 ; Yes                       ; Yes                       ;
; remain7       ; 2.5 V        ; 0 s                 ; 0 s                 ; 2.62 V                       ; 3.18e-09 V                   ; 2.74 V              ; -0.0527 V           ; 0.162 V                              ; 0.083 V                              ; 2.61e-10 s                  ; 2.44e-10 s                  ; Yes                        ; Yes                        ; 2.62 V                      ; 3.18e-09 V                  ; 2.74 V             ; -0.0527 V          ; 0.162 V                             ; 0.083 V                             ; 2.61e-10 s                 ; 2.44e-10 s                 ; Yes                       ; Yes                       ;
; remain6       ; 2.5 V        ; 0 s                 ; 0 s                 ; 2.62 V                       ; 3.18e-09 V                   ; 2.74 V              ; -0.0527 V           ; 0.162 V                              ; 0.083 V                              ; 2.61e-10 s                  ; 2.44e-10 s                  ; Yes                        ; Yes                        ; 2.62 V                      ; 3.18e-09 V                  ; 2.74 V             ; -0.0527 V          ; 0.162 V                             ; 0.083 V                             ; 2.61e-10 s                 ; 2.44e-10 s                 ; Yes                       ; Yes                       ;
; remain5       ; 2.5 V        ; 0 s                 ; 0 s                 ; 2.62 V                       ; 3.18e-09 V                   ; 2.74 V              ; -0.0527 V           ; 0.162 V                              ; 0.083 V                              ; 2.61e-10 s                  ; 2.44e-10 s                  ; Yes                        ; Yes                        ; 2.62 V                      ; 3.18e-09 V                  ; 2.74 V             ; -0.0527 V          ; 0.162 V                             ; 0.083 V                             ; 2.61e-10 s                 ; 2.44e-10 s                 ; Yes                       ; Yes                       ;
; remain4       ; 2.5 V        ; 0 s                 ; 0 s                 ; 2.62 V                       ; 3.18e-09 V                   ; 2.74 V              ; -0.0527 V           ; 0.162 V                              ; 0.083 V                              ; 2.61e-10 s                  ; 2.44e-10 s                  ; Yes                        ; Yes                        ; 2.62 V                      ; 3.18e-09 V                  ; 2.74 V             ; -0.0527 V          ; 0.162 V                             ; 0.083 V                             ; 2.61e-10 s                 ; 2.44e-10 s                 ; Yes                       ; Yes                       ;
; remain3       ; 2.5 V        ; 0 s                 ; 0 s                 ; 2.62 V                       ; 3.18e-09 V                   ; 2.74 V              ; -0.0527 V           ; 0.162 V                              ; 0.083 V                              ; 2.61e-10 s                  ; 2.44e-10 s                  ; Yes                        ; Yes                        ; 2.62 V                      ; 3.18e-09 V                  ; 2.74 V             ; -0.0527 V          ; 0.162 V                             ; 0.083 V                             ; 2.61e-10 s                 ; 2.44e-10 s                 ; Yes                       ; Yes                       ;
; remain2       ; 2.5 V        ; 0 s                 ; 0 s                 ; 2.62 V                       ; 3.18e-09 V                   ; 2.74 V              ; -0.0527 V           ; 0.162 V                              ; 0.083 V                              ; 2.61e-10 s                  ; 2.44e-10 s                  ; Yes                        ; Yes                        ; 2.62 V                      ; 3.18e-09 V                  ; 2.74 V             ; -0.0527 V          ; 0.162 V                             ; 0.083 V                             ; 2.61e-10 s                 ; 2.44e-10 s                 ; Yes                       ; Yes                       ;
; remain1       ; 2.5 V        ; 0 s                 ; 0 s                 ; 2.62 V                       ; 3.18e-09 V                   ; 2.74 V              ; -0.0527 V           ; 0.162 V                              ; 0.083 V                              ; 2.61e-10 s                  ; 2.44e-10 s                  ; Yes                        ; Yes                        ; 2.62 V                      ; 3.18e-09 V                  ; 2.74 V             ; -0.0527 V          ; 0.162 V                             ; 0.083 V                             ; 2.61e-10 s                 ; 2.44e-10 s                 ; Yes                       ; Yes                       ;
; remain0       ; 2.5 V        ; 0 s                 ; 0 s                 ; 2.62 V                       ; 3.18e-09 V                   ; 2.74 V              ; -0.0527 V           ; 0.162 V                              ; 0.083 V                              ; 2.61e-10 s                  ; 2.44e-10 s                  ; Yes                        ; Yes                        ; 2.62 V                      ; 3.18e-09 V                  ; 2.74 V             ; -0.0527 V          ; 0.162 V                             ; 0.083 V                             ; 2.61e-10 s                 ; 2.44e-10 s                 ; Yes                       ; Yes                       ;
; ~ALTERA_DCLK~ ; 2.5 V        ; 0 s                 ; 0 s                 ; 2.62 V                       ; 1.87e-09 V                   ; 2.79 V              ; -0.0524 V           ; 0.19 V                               ; 0.066 V                              ; 2.63e-10 s                  ; 1.96e-10 s                  ; No                         ; Yes                        ; 2.62 V                      ; 1.87e-09 V                  ; 2.79 V             ; -0.0524 V          ; 0.19 V                              ; 0.066 V                             ; 2.63e-10 s                 ; 1.96e-10 s                 ; No                        ; Yes                       ;
; ~ALTERA_nCEO~ ; 2.5 V        ; 0 s                 ; 0 s                 ; 2.62 V                       ; 2.91e-09 V                   ; 2.73 V              ; -0.0159 V           ; 0.231 V                              ; 0.026 V                              ; 2.89e-10 s                  ; 4.54e-10 s                  ; Yes                        ; Yes                        ; 2.62 V                      ; 2.91e-09 V                  ; 2.73 V             ; -0.0159 V          ; 0.231 V                             ; 0.026 V                             ; 2.89e-10 s                 ; 4.54e-10 s                 ; Yes                       ; Yes                       ;
+---------------+--------------+---------------------+---------------------+------------------------------+------------------------------+---------------------+---------------------+--------------------------------------+--------------------------------------+-----------------------------+-----------------------------+----------------------------+----------------------------+-----------------------------+-----------------------------+--------------------+--------------------+-------------------------------------+-------------------------------------+----------------------------+----------------------------+---------------------------+---------------------------+


-------------------
; Clock Transfers ;
-------------------
Nothing to report.


---------------
; Report TCCS ;
---------------
No dedicated SERDES Transmitter circuitry present in device or used in design


---------------
; Report RSKM ;
---------------
No dedicated SERDES Receiver circuitry present in device or used in design


+------------------------------------------------+
; Unconstrained Paths                            ;
+---------------------------------+-------+------+
; Property                        ; Setup ; Hold ;
+---------------------------------+-------+------+
; Illegal Clocks                  ; 0     ; 0    ;
; Unconstrained Clocks            ; 0     ; 0    ;
; Unconstrained Input Ports       ; 24    ; 24   ;
; Unconstrained Input Port Paths  ; 481   ; 481  ;
; Unconstrained Output Ports      ; 26    ; 26   ;
; Unconstrained Output Port Paths ; 481   ; 481  ;
+---------------------------------+-------+------+


+------------------------------------+
; TimeQuest Timing Analyzer Messages ;
+------------------------------------+
Info: *******************************************************************
Info: Running Quartus II 64-Bit TimeQuest Timing Analyzer
    Info: Version 13.0.1 Build 232 06/12/2013 Service Pack 1 SJ Full Version
    Info: Processing started: Tue Nov 19 12:00:21 2024
Info: Command: quartus_sta chufa -c chufa
Info: qsta_default_script.tcl version: #1
Info (11104): Parallel Compilation has detected 16 hyper-threaded processors. However, the extra hyper-threaded processors will not be used by default. Parallel Compilation will use 10 of the 10 physical processors detected instead.
Info (21077): Low junction temperature is -40 degrees C
Info (21077): High junction temperature is 125 degrees C
Critical Warning (332012): Synopsys Design Constraints File file not found: 'chufa.sdc'. A Synopsys Design Constraints File is required by the TimeQuest Timing Analyzer to get proper timing constraints. Without it, the Compiler will not properly optimize the design.
Info (332142): No user constrained base clocks found in the design. Calling "derive_clocks -period 1.0"
Info (332096): The command derive_clocks did not find any clocks to derive.  No clocks were created or changed.
Warning (332068): No clocks defined in design.
Info (332143): No user constrained clock uncertainty found in the design. Calling "derive_clock_uncertainty"
Info (332154): The derive_clock_uncertainty command did not apply clock uncertainty to any clock-to-clock transfers.
Info: Found TIMEQUEST_REPORT_SCRIPT_INCLUDE_DEFAULT_ANALYSIS = ON
Info (332159): No clocks to report
Info: Analyzing Slow 1200mV 125C Model
Info (332140): No fmax paths to report
Info (332140): No Setup paths to report
Info (332140): No Hold paths to report
Info (332140): No Recovery paths to report
Info (332140): No Removal paths to report
Info (332140): No Minimum Pulse Width paths to report
Info: Analyzing Slow 1200mV -40C Model
Info (334003): Started post-fitting delay annotation
Info (334004): Delay annotation completed successfully
Info (332142): No user constrained base clocks found in the design. Calling "derive_clocks -period 1.0"
Info (332096): The command derive_clocks did not find any clocks to derive.  No clocks were created or changed.
Warning (332068): No clocks defined in design.
Info (332154): The derive_clock_uncertainty command did not apply clock uncertainty to any clock-to-clock transfers.
Info (332140): No fmax paths to report
Info (332140): No Setup paths to report
Info (332140): No Hold paths to report
Info (332140): No Recovery paths to report
Info (332140): No Removal paths to report
Info (332140): No Minimum Pulse Width paths to report
Info: Analyzing Fast 1200mV -40C Model
Info (332142): No user constrained base clocks found in the design. Calling "derive_clocks -period 1.0"
Info (332096): The command derive_clocks did not find any clocks to derive.  No clocks were created or changed.
Warning (332068): No clocks defined in design.
Info (332154): The derive_clock_uncertainty command did not apply clock uncertainty to any clock-to-clock transfers.
Info (332140): No Setup paths to report
Info (332140): No Hold paths to report
Info (332140): No Recovery paths to report
Info (332140): No Removal paths to report
Info (332140): No Minimum Pulse Width paths to report
Info (332102): Design is not fully constrained for setup requirements
Info (332102): Design is not fully constrained for hold requirements
Info: Quartus II 64-Bit TimeQuest Timing Analyzer was successful. 0 errors, 4 warnings
    Info: Peak virtual memory: 4666 megabytes
    Info: Processing ended: Tue Nov 19 12:00:23 2024
    Info: Elapsed time: 00:00:02
    Info: Total CPU time (on all processors): 00:00:00


