TimeQuest Timing Analyzer report for 4_16decoder
Mon Nov 06 14:49:12 2023
Quartus II 64-Bit Version 13.1.0 Build 162 10/23/2013 SJ Full Version


---------------------
; Table of Contents ;
---------------------
  1. Legal Notice
  2. TimeQuest Timing Analyzer Summary
  3. Parallel Compilation
  4. Clocks
  5. Slow 1200mV 85C Model Fmax Summary
  6. Timing Closure Recommendations
  7. Slow 1200mV 85C Model Setup Summary
  8. Slow 1200mV 85C Model Hold Summary
  9. Slow 1200mV 85C Model Recovery Summary
 10. Slow 1200mV 85C Model Removal Summary
 11. Slow 1200mV 85C Model Minimum Pulse Width Summary
 12. Propagation Delay
 13. Minimum Propagation Delay
 14. Slow 1200mV 85C Model Metastability Report
 15. Slow 1200mV 0C Model Fmax Summary
 16. Slow 1200mV 0C Model Setup Summary
 17. Slow 1200mV 0C Model Hold Summary
 18. Slow 1200mV 0C Model Recovery Summary
 19. Slow 1200mV 0C Model Removal Summary
 20. Slow 1200mV 0C Model Minimum Pulse Width Summary
 21. Propagation Delay
 22. Minimum Propagation Delay
 23. Slow 1200mV 0C Model Metastability Report
 24. Fast 1200mV 0C Model Setup Summary
 25. Fast 1200mV 0C Model Hold Summary
 26. Fast 1200mV 0C Model Recovery Summary
 27. Fast 1200mV 0C Model Removal Summary
 28. Fast 1200mV 0C Model Minimum Pulse Width Summary
 29. Propagation Delay
 30. Minimum Propagation Delay
 31. Fast 1200mV 0C Model Metastability Report
 32. Multicorner Timing Analysis Summary
 33. Propagation Delay
 34. Minimum Propagation Delay
 35. Board Trace Model Assignments
 36. Input Transition Times
 37. Signal Integrity Metrics (Slow 1200mv 0c Model)
 38. Signal Integrity Metrics (Slow 1200mv 85c Model)
 39. Signal Integrity Metrics (Fast 1200mv 0c Model)
 40. Clock Transfers
 41. Report TCCS
 42. Report RSKM
 43. Unconstrained Paths
 44. TimeQuest Timing Analyzer Messages



----------------
; Legal Notice ;
----------------
Copyright (C) 1991-2013 Altera Corporation
Your use of Altera Corporation's design tools, logic functions 
and other software and tools, and its AMPP partner logic 
functions, and any output files from any of the foregoing 
(including device programming or simulation files), and any 
associated documentation or information are expressly subject 
to the terms and conditions of the Altera Program License 
Subscription Agreement, Altera MegaCore Function License 
Agreement, or other applicable license agreement, including, 
without limitation, that your use is for the sole purpose of 
programming logic devices manufactured by Altera and sold by 
Altera or its authorized distributors.  Please refer to the 
applicable agreement for further details.



+--------------------------------------------------------------------------+
; TimeQuest Timing Analyzer Summary                                        ;
+--------------------+-----------------------------------------------------+
; Quartus II Version ; Version 13.1.0 Build 162 10/23/2013 SJ Full Version ;
; Revision Name      ; 4_16decoder                                         ;
; Device Family      ; Cyclone IV E                                        ;
; Device Name        ; EP4CE6E22C8                                         ;
; Timing Models      ; Final                                               ;
; Delay Model        ; Combined                                            ;
; Rise/Fall Delays   ; Enabled                                             ;
+--------------------+-----------------------------------------------------+


+------------------------------------------+
; Parallel Compilation                     ;
+----------------------------+-------------+
; Processors                 ; Number      ;
+----------------------------+-------------+
; Number detected on machine ; 16          ;
; Maximum allowed            ; 16          ;
;                            ;             ;
; Average used               ; 1.00        ;
; Maximum used               ; 16          ;
;                            ;             ;
; Usage by Processor         ; % Time Used ;
;     Processor 1            ; 100.0%      ;
;     Processors 2-16        ; < 0.1%      ;
+----------------------------+-------------+


----------
; Clocks ;
----------
No clocks to report.


--------------------------------------
; Slow 1200mV 85C Model Fmax Summary ;
--------------------------------------
No paths to report.


----------------------------------
; Timing Closure Recommendations ;
----------------------------------
HTML report is unavailable in plain text report export.


---------------------------------------
; Slow 1200mV 85C Model Setup Summary ;
---------------------------------------
No paths to report.


--------------------------------------
; Slow 1200mV 85C Model Hold Summary ;
--------------------------------------
No paths to report.


------------------------------------------
; Slow 1200mV 85C Model Recovery Summary ;
------------------------------------------
No paths to report.


-----------------------------------------
; Slow 1200mV 85C Model Removal Summary ;
-----------------------------------------
No paths to report.


-----------------------------------------------------
; Slow 1200mV 85C Model Minimum Pulse Width Summary ;
-----------------------------------------------------
No paths to report.


+--------------------------------------------------------------+
; Propagation Delay                                            ;
+------------+-------------+--------+--------+--------+--------+
; Input Port ; Output Port ; RR     ; RF     ; FR     ; FF     ;
+------------+-------------+--------+--------+--------+--------+
; A0         ; ADD         ;        ; 9.011  ; 9.403  ;        ;
; A0         ; ADD_SELF    ;        ; 10.322 ; 10.831 ;        ;
; A0         ; AND         ;        ; 11.348 ; 11.889 ;        ;
; A0         ; DIV         ;        ; 9.041  ; 9.444  ;        ;
; A0         ; HALT        ; 10.592 ;        ;        ; 10.676 ;
; A0         ; LSL         ;        ; 8.980  ; 9.378  ;        ;
; A0         ; LSR         ; 10.102 ;        ;        ; 10.262 ;
; A0         ; MOV1        ;        ; 10.819 ; 11.323 ;        ;
; A0         ; MOV2        ; 10.053 ;        ;        ; 10.112 ;
; A0         ; MOV3        ; 9.731  ;        ;        ; 9.814  ;
; A0         ; MUL         ; 10.412 ;        ;        ; 10.471 ;
; A0         ; NOR         ;        ; 11.664 ; 12.023 ;        ;
; A0         ; OR          ; 10.550 ;        ;        ; 10.579 ;
; A0         ; SUB         ;        ; 8.992  ; 9.370  ;        ;
; A0         ; SUB_SELF    ; 11.134 ;        ;        ; 11.304 ;
; A0         ; XOR         ; 9.459  ;        ;        ; 9.576  ;
; A1         ; ADD         ; 9.368  ;        ;        ; 9.562  ;
; A1         ; ADD_SELF    ; 10.796 ;        ;        ; 10.864 ;
; A1         ; AND         ; 11.903 ;        ;        ; 11.956 ;
; A1         ; DIV         ; 9.446  ;        ;        ; 9.635  ;
; A1         ; HALT        ; 10.909 ;        ;        ; 11.037 ;
; A1         ; LSL         ;        ; 9.243  ; 9.687  ;        ;
; A1         ; LSR         ;        ; 10.265 ; 10.715 ;        ;
; A1         ; MOV1        ;        ; 10.991 ; 11.572 ;        ;
; A1         ; MOV2        ;        ; 10.046 ; 10.570 ;        ;
; A1         ; MOV3        ; 9.955  ;        ;        ; 10.120 ;
; A1         ; MUL         ;        ; 10.500 ; 11.004 ;        ;
; A1         ; NOR         ;        ; 11.837 ; 12.255 ;        ;
; A1         ; OR          ; 10.827 ;        ;        ; 10.945 ;
; A1         ; SUB         ;        ; 9.261  ; 9.702  ;        ;
; A1         ; SUB_SELF    ; 11.395 ;        ;        ; 11.596 ;
; A1         ; XOR         ;        ; 9.482  ; 9.991  ;        ;
; A2         ; ADD         ;        ; 8.489  ; 8.853  ;        ;
; A2         ; ADD_SELF    ;        ; 9.785  ; 10.280 ;        ;
; A2         ; AND         ; 11.173 ;        ;        ; 11.092 ;
; A2         ; DIV         ; 8.714  ;        ;        ; 8.767  ;
; A2         ; HALT        ; 10.176 ;        ;        ; 10.167 ;
; A2         ; LSL         ; 8.650  ;        ;        ; 8.720  ;
; A2         ; LSR         ; 9.681  ;        ;        ; 9.742  ;
; A2         ; MOV1        ;        ; 10.262 ; 10.758 ;        ;
; A2         ; MOV2        ;        ; 9.316  ; 9.754  ;        ;
; A2         ; MOV3        ;        ; 9.049  ; 9.441  ;        ;
; A2         ; MUL         ; 9.970  ;        ;        ; 9.977  ;
; A2         ; NOR         ;        ; 11.107 ; 11.439 ;        ;
; A2         ; OR          ; 10.098 ;        ;        ; 10.081 ;
; A2         ; SUB         ; 8.666  ;        ;        ; 8.738  ;
; A2         ; SUB_SELF    ;        ; 10.519 ; 10.879 ;        ;
; A2         ; XOR         ;        ; 8.754  ; 9.177  ;        ;
; A3         ; ADD         ;        ; 9.096  ; 9.552  ;        ;
; A3         ; ADD_SELF    ; 10.621 ;        ;        ; 10.675 ;
; A3         ; AND         ;        ; 11.429 ; 12.036 ;        ;
; A3         ; DIV         ; 9.231  ;        ;        ; 9.398  ;
; A3         ; HALT        ; 10.668 ;        ;        ; 10.818 ;
; A3         ; LSL         ; 9.161  ;        ;        ; 9.354  ;
; A3         ; LSR         ; 10.178 ;        ;        ; 10.411 ;
; A3         ; MOV1        ;        ; 10.893 ; 11.470 ;        ;
; A3         ; MOV2        ;        ; 9.950  ; 10.499 ;        ;
; A3         ; MOV3        ;        ; 9.681  ; 10.174 ;        ;
; A3         ; MUL         ;        ; 10.321 ; 10.865 ;        ;
; A3         ; NOR         ; 11.808 ;        ;        ; 12.047 ;
; A3         ; OR          ;        ; 10.444 ; 11.001 ;        ;
; A3         ; SUB         ;        ; 9.068  ; 9.518  ;        ;
; A3         ; SUB_SELF    ; 11.210 ;        ;        ; 11.441 ;
; A3         ; XOR         ; 9.535  ;        ;        ; 9.723  ;
+------------+-------------+--------+--------+--------+--------+


+--------------------------------------------------------------+
; Minimum Propagation Delay                                    ;
+------------+-------------+--------+--------+--------+--------+
; Input Port ; Output Port ; RR     ; RF     ; FR     ; FF     ;
+------------+-------------+--------+--------+--------+--------+
; A0         ; ADD         ;        ; 8.691  ; 9.066  ;        ;
; A0         ; ADD_SELF    ;        ; 9.954  ; 10.442 ;        ;
; A0         ; AND         ;        ; 10.940 ; 11.457 ;        ;
; A0         ; DIV         ;        ; 8.725  ; 9.111  ;        ;
; A0         ; HALT        ; 10.211 ;        ;        ; 10.286 ;
; A0         ; LSL         ;        ; 8.662  ; 9.041  ;        ;
; A0         ; LSR         ; 9.746  ;        ;        ; 9.893  ;
; A0         ; MOV1        ;        ; 10.431 ; 10.914 ;        ;
; A0         ; MOV2        ; 9.697  ;        ;        ; 9.749  ;
; A0         ; MOV3        ; 9.387  ;        ;        ; 9.462  ;
; A0         ; MUL         ; 10.043 ;        ;        ; 10.095 ;
; A0         ; NOR         ;        ; 11.305 ; 11.645 ;        ;
; A0         ; OR          ; 10.171 ;        ;        ; 10.194 ;
; A0         ; SUB         ;        ; 8.673  ; 9.035  ;        ;
; A0         ; SUB_SELF    ; 10.736 ;        ;        ; 10.894 ;
; A0         ; XOR         ; 9.128  ;        ;        ; 9.237  ;
; A1         ; ADD         ; 9.030  ;        ;        ; 9.215  ;
; A1         ; ADD_SELF    ; 10.407 ;        ;        ; 10.470 ;
; A1         ; AND         ; 11.469 ;        ;        ; 11.520 ;
; A1         ; DIV         ; 9.111  ;        ;        ; 9.291  ;
; A1         ; HALT        ; 10.511 ;        ;        ; 10.632 ;
; A1         ; LSL         ;        ; 8.910  ; 9.336  ;        ;
; A1         ; LSR         ;        ; 9.895  ; 10.330 ;        ;
; A1         ; MOV1        ;        ; 10.592 ; 11.152 ;        ;
; A1         ; MOV2        ;        ; 9.684  ; 10.188 ;        ;
; A1         ; MOV3        ; 9.598  ;        ;        ; 9.755  ;
; A1         ; MUL         ;        ; 10.121 ; 10.608 ;        ;
; A1         ; NOR         ;        ; 11.467 ; 11.866 ;        ;
; A1         ; OR          ; 10.431 ;        ;        ; 10.544 ;
; A1         ; SUB         ;        ; 8.926  ; 9.352  ;        ;
; A1         ; SUB_SELF    ; 10.982 ;        ;        ; 11.173 ;
; A1         ; XOR         ;        ; 9.145  ; 9.634  ;        ;
; A2         ; ADD         ;        ; 8.186  ; 8.537  ;        ;
; A2         ; ADD_SELF    ;        ; 9.434  ; 9.912  ;        ;
; A2         ; AND         ; 10.769 ;        ;        ; 10.690 ;
; A2         ; DIV         ; 8.408  ;        ;        ; 8.458  ;
; A2         ; HALT        ; 9.807  ;        ;        ; 9.797  ;
; A2         ; LSL         ; 8.341  ;        ;        ; 8.407  ;
; A2         ; LSR         ; 9.336  ;        ;        ; 9.393  ;
; A2         ; MOV1        ;        ; 9.892  ; 10.371 ;        ;
; A2         ; MOV2        ;        ; 8.983  ; 9.406  ;        ;
; A2         ; MOV3        ;        ; 8.726  ; 9.105  ;        ;
; A2         ; MUL         ; 9.614  ;        ;        ; 9.619  ;
; A2         ; NOR         ;        ; 10.766 ; 11.084 ;        ;
; A2         ; OR          ; 9.731  ;        ;        ; 9.714  ;
; A2         ; SUB         ; 8.358  ;        ;        ; 8.424  ;
; A2         ; SUB_SELF    ;        ; 10.140 ; 10.488 ;        ;
; A2         ; XOR         ;        ; 8.446  ; 8.854  ;        ;
; A3         ; ADD         ;        ; 8.768  ; 9.208  ;        ;
; A3         ; ADD_SELF    ; 10.239 ;        ;        ; 10.289 ;
; A3         ; AND         ;        ; 11.013 ; 11.597 ;        ;
; A3         ; DIV         ; 8.904  ;        ;        ; 9.064  ;
; A3         ; HALT        ; 10.279 ;        ;        ; 10.423 ;
; A3         ; LSL         ; 8.832  ;        ;        ; 9.018  ;
; A3         ; LSR         ; 9.813  ;        ;        ; 10.035 ;
; A3         ; MOV1        ;        ; 10.497 ; 11.055 ;        ;
; A3         ; MOV2        ;        ; 9.592  ; 10.120 ;        ;
; A3         ; MOV3        ;        ; 9.333  ; 9.810  ;        ;
; A3         ; MUL         ;        ; 9.949  ; 10.475 ;        ;
; A3         ; NOR         ; 11.438 ;        ;        ; 11.670 ;
; A3         ; OR          ;        ; 10.063 ; 10.599 ;        ;
; A3         ; SUB         ;        ; 8.740  ; 9.176  ;        ;
; A3         ; SUB_SELF    ; 10.805 ;        ;        ; 11.025 ;
; A3         ; XOR         ; 9.197  ;        ;        ; 9.377  ;
+------------+-------------+--------+--------+--------+--------+


----------------------------------------------
; Slow 1200mV 85C Model Metastability Report ;
----------------------------------------------
No synchronizer chains to report.


-------------------------------------
; Slow 1200mV 0C Model Fmax Summary ;
-------------------------------------
No paths to report.


--------------------------------------
; Slow 1200mV 0C Model Setup Summary ;
--------------------------------------
No paths to report.


-------------------------------------
; Slow 1200mV 0C Model Hold Summary ;
-------------------------------------
No paths to report.


-----------------------------------------
; Slow 1200mV 0C Model Recovery Summary ;
-----------------------------------------
No paths to report.


----------------------------------------
; Slow 1200mV 0C Model Removal Summary ;
----------------------------------------
No paths to report.


----------------------------------------------------
; Slow 1200mV 0C Model Minimum Pulse Width Summary ;
----------------------------------------------------
No paths to report.


+--------------------------------------------------------------+
; Propagation Delay                                            ;
+------------+-------------+--------+--------+--------+--------+
; Input Port ; Output Port ; RR     ; RF     ; FR     ; FF     ;
+------------+-------------+--------+--------+--------+--------+
; A0         ; ADD         ;        ; 8.185  ; 8.365  ;        ;
; A0         ; ADD_SELF    ;        ; 9.345  ; 9.739  ;        ;
; A0         ; AND         ;        ; 10.269 ; 10.763 ;        ;
; A0         ; DIV         ;        ; 8.202  ; 8.398  ;        ;
; A0         ; HALT        ; 9.727  ;        ;        ; 9.467  ;
; A0         ; LSL         ;        ; 8.140  ; 8.337  ;        ;
; A0         ; LSR         ; 9.253  ;        ;        ; 9.082  ;
; A0         ; MOV1        ;        ; 9.825  ; 10.187 ;        ;
; A0         ; MOV2        ; 9.244  ;        ;        ; 8.938  ;
; A0         ; MOV3        ; 8.932  ;        ;        ; 8.670  ;
; A0         ; MUL         ; 9.558  ;        ;        ; 9.263  ;
; A0         ; NOR         ;        ; 10.480 ; 10.746 ;        ;
; A0         ; OR          ; 9.702  ;        ;        ; 9.382  ;
; A0         ; SUB         ;        ; 8.158  ; 8.333  ;        ;
; A0         ; SUB_SELF    ; 10.241 ;        ;        ; 10.019 ;
; A0         ; XOR         ; 8.651  ;        ;        ; 8.465  ;
; A1         ; ADD         ; 8.539  ;        ;        ; 8.441  ;
; A1         ; ADD_SELF    ; 9.917  ;        ;        ; 9.602  ;
; A1         ; AND         ; 10.982 ;        ;        ; 10.583 ;
; A1         ; DIV         ; 8.610  ;        ;        ; 8.511  ;
; A1         ; HALT        ; 10.005 ;        ;        ; 9.787  ;
; A1         ; LSL         ;        ; 8.368  ; 8.615  ;        ;
; A1         ; LSR         ;        ; 9.292  ; 9.582  ;        ;
; A1         ; MOV1        ;        ; 9.956  ; 10.411 ;        ;
; A1         ; MOV2        ;        ; 9.080  ; 9.481  ;        ;
; A1         ; MOV3        ; 9.113  ;        ;        ; 8.935  ;
; A1         ; MUL         ;        ; 9.498  ; 9.863  ;        ;
; A1         ; NOR         ;        ; 10.619 ; 10.954 ;        ;
; A1         ; OR          ; 9.930  ;        ;        ; 9.704  ;
; A1         ; SUB         ;        ; 8.383  ; 8.631  ;        ;
; A1         ; SUB_SELF    ; 10.466 ;        ;        ; 10.273 ;
; A1         ; XOR         ;        ; 8.582  ; 8.906  ;        ;
; A2         ; ADD         ;        ; 7.631  ; 7.858  ;        ;
; A2         ; ADD_SELF    ;        ; 8.785  ; 9.232  ;        ;
; A2         ; AND         ; 10.269 ;        ;        ; 9.797  ;
; A2         ; DIV         ; 7.893  ;        ;        ; 7.722  ;
; A2         ; HALT        ; 9.287  ;        ;        ; 8.998  ;
; A2         ; LSL         ; 7.836  ;        ;        ; 7.676  ;
; A2         ; LSR         ; 8.806  ;        ;        ; 8.602  ;
; A2         ; MOV1        ;        ; 9.242  ; 9.672  ;        ;
; A2         ; MOV2        ;        ; 8.365  ; 8.740  ;        ;
; A2         ; MOV3        ;        ; 8.125  ; 8.433  ;        ;
; A2         ; MUL         ; 9.087  ;        ;        ; 8.807  ;
; A2         ; NOR         ;        ; 9.904  ; 10.213 ;        ;
; A2         ; OR          ; 9.218  ;        ;        ; 8.919  ;
; A2         ; SUB         ; 7.853  ;        ;        ; 7.691  ;
; A2         ; SUB_SELF    ;        ; 9.458  ; 9.783  ;        ;
; A2         ; XOR         ;        ; 7.868  ; 8.167  ;        ;
; A3         ; ADD         ;        ; 8.221  ; 8.497  ;        ;
; A3         ; ADD_SELF    ; 9.737  ;        ;        ; 9.441  ;
; A3         ; AND         ;        ; 10.302 ; 10.895 ;        ;
; A3         ; DIV         ; 8.392  ;        ;        ; 8.302  ;
; A3         ; HALT        ; 9.759  ;        ;        ; 9.595  ;
; A3         ; LSL         ; 8.330  ;        ;        ; 8.259  ;
; A3         ; LSR         ; 9.283  ;        ;        ; 9.214  ;
; A3         ; MOV1        ;        ; 9.852  ; 10.321 ;        ;
; A3         ; MOV2        ;        ; 8.973  ; 9.417  ;        ;
; A3         ; MOV3        ;        ; 8.736  ; 9.104  ;        ;
; A3         ; MUL         ;        ; 9.308  ; 9.736  ;        ;
; A3         ; NOR         ; 10.742 ;        ;        ; 10.607 ;
; A3         ; OR          ;        ; 9.444  ; 9.878  ;        ;
; A3         ; SUB         ;        ; 8.186  ; 8.467  ;        ;
; A3         ; SUB_SELF    ; 10.272 ;        ;        ; 10.142 ;
; A3         ; XOR         ; 8.681  ;        ;        ; 8.597  ;
+------------+-------------+--------+--------+--------+--------+


+--------------------------------------------------------------+
; Minimum Propagation Delay                                    ;
+------------+-------------+--------+--------+--------+--------+
; Input Port ; Output Port ; RR     ; RF     ; FR     ; FF     ;
+------------+-------------+--------+--------+--------+--------+
; A0         ; ADD         ;        ; 7.876  ; 8.049  ;        ;
; A0         ; ADD_SELF    ;        ; 8.994  ; 9.370  ;        ;
; A0         ; AND         ;        ; 9.880  ; 10.353 ;        ;
; A0         ; DIV         ;        ; 7.896  ; 8.083  ;        ;
; A0         ; HALT        ; 9.358  ;        ;        ; 9.106  ;
; A0         ; LSL         ;        ; 7.834  ; 8.022  ;        ;
; A0         ; LSR         ; 8.906  ;        ;        ; 8.739  ;
; A0         ; MOV1        ;        ; 9.454  ; 9.802  ;        ;
; A0         ; MOV2        ; 8.900  ;        ;        ; 8.600  ;
; A0         ; MOV3        ; 8.599  ;        ;        ; 8.344  ;
; A0         ; MUL         ; 9.200  ;        ;        ; 8.912  ;
; A0         ; NOR         ;        ; 10.135 ; 10.388 ;        ;
; A0         ; OR          ; 9.334  ;        ;        ; 9.023  ;
; A0         ; SUB         ;        ; 7.850  ; 8.016  ;        ;
; A0         ; SUB_SELF    ; 9.855  ;        ;        ; 9.639  ;
; A0         ; XOR         ; 8.327  ;        ;        ; 8.146  ;
; A1         ; ADD         ; 8.214  ;        ;        ; 8.121  ;
; A1         ; ADD_SELF    ; 9.540  ;        ;        ; 9.239  ;
; A1         ; AND         ; 10.564 ;        ;        ; 10.180 ;
; A1         ; DIV         ; 8.288  ;        ;        ; 8.191  ;
; A1         ; HALT        ; 9.623  ;        ;        ; 9.414  ;
; A1         ; LSL         ;        ; 8.050  ; 8.290  ;        ;
; A1         ; LSR         ;        ; 8.940  ; 9.222  ;        ;
; A1         ; MOV1        ;        ; 9.577  ; 10.017 ;        ;
; A1         ; MOV2        ;        ; 8.737  ; 9.124  ;        ;
; A1         ; MOV3        ; 8.770  ;        ;        ; 8.599  ;
; A1         ; MUL         ;        ; 9.136  ; 9.492  ;        ;
; A1         ; NOR         ;        ; 10.266 ; 10.588 ;        ;
; A1         ; OR          ; 9.551  ;        ;        ; 9.334  ;
; A1         ; SUB         ;        ; 8.064  ; 8.304  ;        ;
; A1         ; SUB_SELF    ; 10.067 ;        ;        ; 9.883  ;
; A1         ; XOR         ;        ; 8.258  ; 8.571  ;        ;
; A2         ; ADD         ;        ; 7.341  ; 7.562  ;        ;
; A2         ; ADD_SELF    ;        ; 8.453  ; 8.884  ;        ;
; A2         ; AND         ; 9.880  ;        ;        ; 9.426  ;
; A2         ; DIV         ; 7.599  ;        ;        ; 7.433  ;
; A2         ; HALT        ; 8.933  ;        ;        ; 8.656  ;
; A2         ; LSL         ; 7.541  ;        ;        ; 7.386  ;
; A2         ; LSR         ; 8.475  ;        ;        ; 8.278  ;
; A2         ; MOV1        ;        ; 8.891  ; 9.307  ;        ;
; A2         ; MOV2        ;        ; 8.050  ; 8.413  ;        ;
; A2         ; MOV3        ;        ; 7.820  ; 8.118  ;        ;
; A2         ; MUL         ; 8.745  ;        ;        ; 8.474  ;
; A2         ; NOR         ;        ; 9.579  ; 9.877  ;        ;
; A2         ; OR          ; 8.867  ;        ;        ; 8.580  ;
; A2         ; SUB         ; 7.557  ;        ;        ; 7.401  ;
; A2         ; SUB_SELF    ;        ; 9.100  ; 9.413  ;        ;
; A2         ; XOR         ;        ; 7.573  ; 7.861  ;        ;
; A3         ; ADD         ;        ; 7.908  ; 8.177  ;        ;
; A3         ; ADD_SELF    ; 9.367  ;        ;        ; 9.084  ;
; A3         ; AND         ;        ; 9.910  ; 10.481 ;        ;
; A3         ; DIV         ; 8.078  ;        ;        ; 7.990  ;
; A3         ; HALT        ; 9.386  ;        ;        ; 9.229  ;
; A3         ; LSL         ; 8.015  ;        ;        ; 7.947  ;
; A3         ; LSR         ; 8.933  ;        ;        ; 8.866  ;
; A3         ; MOV1        ;        ; 9.477  ; 9.930  ;        ;
; A3         ; MOV2        ;        ; 8.634  ; 9.062  ;        ;
; A3         ; MOV3        ;        ; 8.408  ; 8.763  ;        ;
; A3         ; MUL         ;        ; 8.955  ; 9.369  ;        ;
; A3         ; NOR         ; 10.385 ;        ;        ; 10.255 ;
; A3         ; OR          ;        ; 9.083  ; 9.502  ;        ;
; A3         ; SUB         ;        ; 7.875  ; 8.146  ;        ;
; A3         ; SUB_SELF    ; 9.882  ;        ;        ; 9.758  ;
; A3         ; XOR         ; 8.354  ;        ;        ; 8.273  ;
+------------+-------------+--------+--------+--------+--------+


---------------------------------------------
; Slow 1200mV 0C Model Metastability Report ;
---------------------------------------------
No synchronizer chains to report.


--------------------------------------
; Fast 1200mV 0C Model Setup Summary ;
--------------------------------------
No paths to report.


-------------------------------------
; Fast 1200mV 0C Model Hold Summary ;
-------------------------------------
No paths to report.


-----------------------------------------
; Fast 1200mV 0C Model Recovery Summary ;
-----------------------------------------
No paths to report.


----------------------------------------
; Fast 1200mV 0C Model Removal Summary ;
----------------------------------------
No paths to report.


----------------------------------------------------
; Fast 1200mV 0C Model Minimum Pulse Width Summary ;
----------------------------------------------------
No paths to report.


+----------------------------------------------------------+
; Propagation Delay                                        ;
+------------+-------------+-------+-------+-------+-------+
; Input Port ; Output Port ; RR    ; RF    ; FR    ; FF    ;
+------------+-------------+-------+-------+-------+-------+
; A0         ; ADD         ;       ; 4.288 ; 4.901 ;       ;
; A0         ; ADD_SELF    ;       ; 4.945 ; 5.490 ;       ;
; A0         ; AND         ;       ; 5.476 ; 5.954 ;       ;
; A0         ; DIV         ;       ; 4.310 ; 4.926 ;       ;
; A0         ; HALT        ; 4.934 ;       ;       ; 5.707 ;
; A0         ; LSL         ;       ; 4.271 ; 4.884 ;       ;
; A0         ; LSR         ; 4.702 ;       ;       ; 5.451 ;
; A0         ; MOV1        ;       ; 5.275 ; 5.782 ;       ;
; A0         ; MOV2        ; 4.645 ;       ;       ; 5.374 ;
; A0         ; MOV3        ; 4.521 ;       ;       ; 5.233 ;
; A0         ; MUL         ; 4.812 ;       ;       ; 5.548 ;
; A0         ; NOR         ;       ; 5.833 ; 6.339 ;       ;
; A0         ; OR          ; 4.917 ;       ;       ; 5.662 ;
; A0         ; SUB         ;       ; 4.272 ; 4.880 ;       ;
; A0         ; SUB_SELF    ; 5.176 ;       ;       ; 6.001 ;
; A0         ; XOR         ; 4.401 ;       ;       ; 5.080 ;
; A1         ; ADD         ; 4.398 ;       ;       ; 5.104 ;
; A1         ; ADD_SELF    ; 5.001 ;       ;       ; 5.768 ;
; A1         ; AND         ; 5.479 ;       ;       ; 6.321 ;
; A1         ; DIV         ; 4.453 ;       ;       ; 5.154 ;
; A1         ; HALT        ; 5.129 ;       ;       ; 5.930 ;
; A1         ; LSL         ;       ; 4.443 ; 5.077 ;       ;
; A1         ; LSR         ;       ; 4.980 ; 5.548 ;       ;
; A1         ; MOV1        ;       ; 5.402 ; 5.938 ;       ;
; A1         ; MOV2        ;       ; 4.874 ; 5.446 ;       ;
; A1         ; MOV3        ; 4.656 ;       ;       ; 5.415 ;
; A1         ; MUL         ;       ; 5.093 ; 5.653 ;       ;
; A1         ; NOR         ;       ; 5.956 ; 6.489 ;       ;
; A1         ; OR          ; 5.082 ;       ;       ; 5.875 ;
; A1         ; SUB         ;       ; 4.448 ; 5.083 ;       ;
; A1         ; SUB_SELF    ; 5.336 ;       ;       ; 6.190 ;
; A1         ; XOR         ;       ; 4.560 ; 5.201 ;       ;
; A2         ; ADD         ;       ; 4.082 ; 4.654 ;       ;
; A2         ; ADD_SELF    ;       ; 4.739 ; 5.254 ;       ;
; A2         ; AND         ; 5.132 ;       ;       ; 5.892 ;
; A2         ; DIV         ; 4.103 ;       ;       ; 4.721 ;
; A2         ; HALT        ; 4.778 ;       ;       ; 5.497 ;
; A2         ; LSL         ; 4.064 ;       ;       ; 4.692 ;
; A2         ; LSR         ; 4.537 ;       ;       ; 5.230 ;
; A2         ; MOV1        ;       ; 5.059 ; 5.532 ;       ;
; A2         ; MOV2        ;       ; 4.530 ; 5.039 ;       ;
; A2         ; MOV3        ;       ; 4.394 ; 4.912 ;       ;
; A2         ; MUL         ; 4.642 ;       ;       ; 5.343 ;
; A2         ; NOR         ;       ; 5.612 ; 6.082 ;       ;
; A2         ; OR          ; 4.735 ;       ;       ; 5.446 ;
; A2         ; SUB         ; 4.071 ;       ;       ; 4.697 ;
; A2         ; SUB_SELF    ;       ; 5.163 ; 5.590 ;       ;
; A2         ; XOR         ;       ; 4.218 ; 4.795 ;       ;
; A3         ; ADD         ;       ; 4.370 ; 5.010 ;       ;
; A3         ; ADD_SELF    ; 4.917 ;       ;       ; 5.663 ;
; A3         ; AND         ;       ; 5.558 ; 6.061 ;       ;
; A3         ; DIV         ; 4.350 ;       ;       ; 5.030 ;
; A3         ; HALT        ; 5.014 ;       ;       ; 5.818 ;
; A3         ; LSL         ; 4.307 ;       ;       ; 4.999 ;
; A3         ; LSR         ; 4.781 ;       ;       ; 5.563 ;
; A3         ; MOV1        ;       ; 5.353 ; 5.889 ;       ;
; A3         ; MOV2        ;       ; 4.832 ; 5.414 ;       ;
; A3         ; MOV3        ;       ; 4.700 ; 5.290 ;       ;
; A3         ; MUL         ;       ; 5.009 ; 5.584 ;       ;
; A3         ; NOR         ; 5.765 ;       ;       ; 6.563 ;
; A3         ; OR          ;       ; 5.128 ; 5.687 ;       ;
; A3         ; SUB         ;       ; 4.352 ; 4.988 ;       ;
; A3         ; SUB_SELF    ; 5.255 ;       ;       ; 6.111 ;
; A3         ; XOR         ; 4.480 ;       ;       ; 5.192 ;
+------------+-------------+-------+-------+-------+-------+


+----------------------------------------------------------+
; Minimum Propagation Delay                                ;
+------------+-------------+-------+-------+-------+-------+
; Input Port ; Output Port ; RR    ; RF    ; FR    ; FF    ;
+------------+-------------+-------+-------+-------+-------+
; A0         ; ADD         ;       ; 4.145 ; 4.751 ;       ;
; A0         ; ADD_SELF    ;       ; 4.773 ; 5.314 ;       ;
; A0         ; AND         ;       ; 5.285 ; 5.760 ;       ;
; A0         ; DIV         ;       ; 4.165 ; 4.774 ;       ;
; A0         ; HALT        ; 4.765 ;       ;       ; 5.523 ;
; A0         ; LSL         ;       ; 4.128 ; 4.734 ;       ;
; A0         ; LSR         ; 4.540 ;       ;       ; 5.277 ;
; A0         ; MOV1        ;       ; 5.092 ; 5.596 ;       ;
; A0         ; MOV2        ; 4.491 ;       ;       ; 5.207 ;
; A0         ; MOV3        ; 4.371 ;       ;       ; 5.072 ;
; A0         ; MUL         ; 4.647 ;       ;       ; 5.370 ;
; A0         ; NOR         ;       ; 5.666 ; 6.167 ;       ;
; A0         ; OR          ; 4.749 ;       ;       ; 5.481 ;
; A0         ; SUB         ;       ; 4.130 ; 4.729 ;       ;
; A0         ; SUB_SELF    ; 4.996 ;       ;       ; 5.806 ;
; A0         ; XOR         ; 4.251 ;       ;       ; 4.920 ;
; A1         ; ADD         ; 4.253 ;       ;       ; 4.945 ;
; A1         ; ADD_SELF    ; 4.830 ;       ;       ; 5.581 ;
; A1         ; AND         ; 5.289 ;       ;       ; 6.112 ;
; A1         ; DIV         ; 4.305 ;       ;       ; 4.992 ;
; A1         ; HALT        ; 4.954 ;       ;       ; 5.738 ;
; A1         ; LSL         ;       ; 4.295 ; 4.919 ;       ;
; A1         ; LSR         ;       ; 4.810 ; 5.369 ;       ;
; A1         ; MOV1        ;       ; 5.214 ; 5.745 ;       ;
; A1         ; MOV2        ;       ; 4.712 ; 5.276 ;       ;
; A1         ; MOV3        ; 4.502 ;       ;       ; 5.247 ;
; A1         ; MUL         ;       ; 4.919 ; 5.470 ;       ;
; A1         ; NOR         ;       ; 5.787 ; 6.311 ;       ;
; A1         ; OR          ; 4.908 ;       ;       ; 5.685 ;
; A1         ; SUB         ;       ; 4.301 ; 4.925 ;       ;
; A1         ; SUB_SELF    ; 5.151 ;       ;       ; 5.986 ;
; A1         ; XOR         ;       ; 4.407 ; 5.036 ;       ;
; A2         ; ADD         ;       ; 3.949 ; 4.513 ;       ;
; A2         ; ADD_SELF    ;       ; 4.579 ; 5.088 ;       ;
; A2         ; AND         ; 4.956 ;       ;       ; 5.701 ;
; A2         ; DIV         ; 3.968 ;       ;       ; 4.577 ;
; A2         ; HALT        ; 4.616 ;       ;       ; 5.322 ;
; A2         ; LSL         ; 3.932 ;       ;       ; 4.550 ;
; A2         ; LSR         ; 4.384 ;       ;       ; 5.065 ;
; A2         ; MOV1        ;       ; 4.886 ; 5.355 ;       ;
; A2         ; MOV2        ;       ; 4.382 ; 4.885 ;       ;
; A2         ; MOV3        ;       ; 4.252 ; 4.762 ;       ;
; A2         ; MUL         ; 4.485 ;       ;       ; 5.173 ;
; A2         ; NOR         ;       ; 5.457 ; 5.919 ;       ;
; A2         ; OR          ; 4.575 ;       ;       ; 5.274 ;
; A2         ; SUB         ; 3.938 ;       ;       ; 4.555 ;
; A2         ; SUB_SELF    ;       ; 4.986 ; 5.410 ;       ;
; A2         ; XOR         ;       ; 4.079 ; 4.646 ;       ;
; A3         ; ADD         ;       ; 4.225 ; 4.856 ;       ;
; A3         ; ADD_SELF    ; 4.750 ;       ;       ; 5.481 ;
; A3         ; AND         ;       ; 5.366 ; 5.862 ;       ;
; A3         ; DIV         ; 4.206 ;       ;       ; 4.873 ;
; A3         ; HALT        ; 4.844 ;       ;       ; 5.630 ;
; A3         ; LSL         ; 4.166 ;       ;       ; 4.844 ;
; A3         ; LSR         ; 4.619 ;       ;       ; 5.385 ;
; A3         ; MOV1        ;       ; 5.169 ; 5.699 ;       ;
; A3         ; MOV2        ;       ; 4.671 ; 5.245 ;       ;
; A3         ; MOV3        ;       ; 4.545 ; 5.124 ;       ;
; A3         ; MUL         ;       ; 4.837 ; 5.405 ;       ;
; A3         ; NOR         ; 5.601 ;       ;       ; 6.385 ;
; A3         ; OR          ;       ; 4.953 ; 5.505 ;       ;
; A3         ; SUB         ;       ; 4.209 ; 4.833 ;       ;
; A3         ; SUB_SELF    ; 5.074 ;       ;       ; 5.911 ;
; A3         ; XOR         ; 4.330 ;       ;       ; 5.028 ;
+------------+-------------+-------+-------+-------+-------+


---------------------------------------------
; Fast 1200mV 0C Model Metastability Report ;
---------------------------------------------
No synchronizer chains to report.


+----------------------------------------------------------------------------+
; Multicorner Timing Analysis Summary                                        ;
+------------------+-------+------+----------+---------+---------------------+
; Clock            ; Setup ; Hold ; Recovery ; Removal ; Minimum Pulse Width ;
+------------------+-------+------+----------+---------+---------------------+
; Worst-case Slack ; N/A   ; N/A  ; N/A      ; N/A     ; N/A                 ;
; Design-wide TNS  ; 0.0   ; 0.0  ; 0.0      ; 0.0     ; 0.0                 ;
+------------------+-------+------+----------+---------+---------------------+


+--------------------------------------------------------------+
; Propagation Delay                                            ;
+------------+-------------+--------+--------+--------+--------+
; Input Port ; Output Port ; RR     ; RF     ; FR     ; FF     ;
+------------+-------------+--------+--------+--------+--------+
; A0         ; ADD         ;        ; 9.011  ; 9.403  ;        ;
; A0         ; ADD_SELF    ;        ; 10.322 ; 10.831 ;        ;
; A0         ; AND         ;        ; 11.348 ; 11.889 ;        ;
; A0         ; DIV         ;        ; 9.041  ; 9.444  ;        ;
; A0         ; HALT        ; 10.592 ;        ;        ; 10.676 ;
; A0         ; LSL         ;        ; 8.980  ; 9.378  ;        ;
; A0         ; LSR         ; 10.102 ;        ;        ; 10.262 ;
; A0         ; MOV1        ;        ; 10.819 ; 11.323 ;        ;
; A0         ; MOV2        ; 10.053 ;        ;        ; 10.112 ;
; A0         ; MOV3        ; 9.731  ;        ;        ; 9.814  ;
; A0         ; MUL         ; 10.412 ;        ;        ; 10.471 ;
; A0         ; NOR         ;        ; 11.664 ; 12.023 ;        ;
; A0         ; OR          ; 10.550 ;        ;        ; 10.579 ;
; A0         ; SUB         ;        ; 8.992  ; 9.370  ;        ;
; A0         ; SUB_SELF    ; 11.134 ;        ;        ; 11.304 ;
; A0         ; XOR         ; 9.459  ;        ;        ; 9.576  ;
; A1         ; ADD         ; 9.368  ;        ;        ; 9.562  ;
; A1         ; ADD_SELF    ; 10.796 ;        ;        ; 10.864 ;
; A1         ; AND         ; 11.903 ;        ;        ; 11.956 ;
; A1         ; DIV         ; 9.446  ;        ;        ; 9.635  ;
; A1         ; HALT        ; 10.909 ;        ;        ; 11.037 ;
; A1         ; LSL         ;        ; 9.243  ; 9.687  ;        ;
; A1         ; LSR         ;        ; 10.265 ; 10.715 ;        ;
; A1         ; MOV1        ;        ; 10.991 ; 11.572 ;        ;
; A1         ; MOV2        ;        ; 10.046 ; 10.570 ;        ;
; A1         ; MOV3        ; 9.955  ;        ;        ; 10.120 ;
; A1         ; MUL         ;        ; 10.500 ; 11.004 ;        ;
; A1         ; NOR         ;        ; 11.837 ; 12.255 ;        ;
; A1         ; OR          ; 10.827 ;        ;        ; 10.945 ;
; A1         ; SUB         ;        ; 9.261  ; 9.702  ;        ;
; A1         ; SUB_SELF    ; 11.395 ;        ;        ; 11.596 ;
; A1         ; XOR         ;        ; 9.482  ; 9.991  ;        ;
; A2         ; ADD         ;        ; 8.489  ; 8.853  ;        ;
; A2         ; ADD_SELF    ;        ; 9.785  ; 10.280 ;        ;
; A2         ; AND         ; 11.173 ;        ;        ; 11.092 ;
; A2         ; DIV         ; 8.714  ;        ;        ; 8.767  ;
; A2         ; HALT        ; 10.176 ;        ;        ; 10.167 ;
; A2         ; LSL         ; 8.650  ;        ;        ; 8.720  ;
; A2         ; LSR         ; 9.681  ;        ;        ; 9.742  ;
; A2         ; MOV1        ;        ; 10.262 ; 10.758 ;        ;
; A2         ; MOV2        ;        ; 9.316  ; 9.754  ;        ;
; A2         ; MOV3        ;        ; 9.049  ; 9.441  ;        ;
; A2         ; MUL         ; 9.970  ;        ;        ; 9.977  ;
; A2         ; NOR         ;        ; 11.107 ; 11.439 ;        ;
; A2         ; OR          ; 10.098 ;        ;        ; 10.081 ;
; A2         ; SUB         ; 8.666  ;        ;        ; 8.738  ;
; A2         ; SUB_SELF    ;        ; 10.519 ; 10.879 ;        ;
; A2         ; XOR         ;        ; 8.754  ; 9.177  ;        ;
; A3         ; ADD         ;        ; 9.096  ; 9.552  ;        ;
; A3         ; ADD_SELF    ; 10.621 ;        ;        ; 10.675 ;
; A3         ; AND         ;        ; 11.429 ; 12.036 ;        ;
; A3         ; DIV         ; 9.231  ;        ;        ; 9.398  ;
; A3         ; HALT        ; 10.668 ;        ;        ; 10.818 ;
; A3         ; LSL         ; 9.161  ;        ;        ; 9.354  ;
; A3         ; LSR         ; 10.178 ;        ;        ; 10.411 ;
; A3         ; MOV1        ;        ; 10.893 ; 11.470 ;        ;
; A3         ; MOV2        ;        ; 9.950  ; 10.499 ;        ;
; A3         ; MOV3        ;        ; 9.681  ; 10.174 ;        ;
; A3         ; MUL         ;        ; 10.321 ; 10.865 ;        ;
; A3         ; NOR         ; 11.808 ;        ;        ; 12.047 ;
; A3         ; OR          ;        ; 10.444 ; 11.001 ;        ;
; A3         ; SUB         ;        ; 9.068  ; 9.518  ;        ;
; A3         ; SUB_SELF    ; 11.210 ;        ;        ; 11.441 ;
; A3         ; XOR         ; 9.535  ;        ;        ; 9.723  ;
+------------+-------------+--------+--------+--------+--------+


+----------------------------------------------------------+
; Minimum Propagation Delay                                ;
+------------+-------------+-------+-------+-------+-------+
; Input Port ; Output Port ; RR    ; RF    ; FR    ; FF    ;
+------------+-------------+-------+-------+-------+-------+
; A0         ; ADD         ;       ; 4.145 ; 4.751 ;       ;
; A0         ; ADD_SELF    ;       ; 4.773 ; 5.314 ;       ;
; A0         ; AND         ;       ; 5.285 ; 5.760 ;       ;
; A0         ; DIV         ;       ; 4.165 ; 4.774 ;       ;
; A0         ; HALT        ; 4.765 ;       ;       ; 5.523 ;
; A0         ; LSL         ;       ; 4.128 ; 4.734 ;       ;
; A0         ; LSR         ; 4.540 ;       ;       ; 5.277 ;
; A0         ; MOV1        ;       ; 5.092 ; 5.596 ;       ;
; A0         ; MOV2        ; 4.491 ;       ;       ; 5.207 ;
; A0         ; MOV3        ; 4.371 ;       ;       ; 5.072 ;
; A0         ; MUL         ; 4.647 ;       ;       ; 5.370 ;
; A0         ; NOR         ;       ; 5.666 ; 6.167 ;       ;
; A0         ; OR          ; 4.749 ;       ;       ; 5.481 ;
; A0         ; SUB         ;       ; 4.130 ; 4.729 ;       ;
; A0         ; SUB_SELF    ; 4.996 ;       ;       ; 5.806 ;
; A0         ; XOR         ; 4.251 ;       ;       ; 4.920 ;
; A1         ; ADD         ; 4.253 ;       ;       ; 4.945 ;
; A1         ; ADD_SELF    ; 4.830 ;       ;       ; 5.581 ;
; A1         ; AND         ; 5.289 ;       ;       ; 6.112 ;
; A1         ; DIV         ; 4.305 ;       ;       ; 4.992 ;
; A1         ; HALT        ; 4.954 ;       ;       ; 5.738 ;
; A1         ; LSL         ;       ; 4.295 ; 4.919 ;       ;
; A1         ; LSR         ;       ; 4.810 ; 5.369 ;       ;
; A1         ; MOV1        ;       ; 5.214 ; 5.745 ;       ;
; A1         ; MOV2        ;       ; 4.712 ; 5.276 ;       ;
; A1         ; MOV3        ; 4.502 ;       ;       ; 5.247 ;
; A1         ; MUL         ;       ; 4.919 ; 5.470 ;       ;
; A1         ; NOR         ;       ; 5.787 ; 6.311 ;       ;
; A1         ; OR          ; 4.908 ;       ;       ; 5.685 ;
; A1         ; SUB         ;       ; 4.301 ; 4.925 ;       ;
; A1         ; SUB_SELF    ; 5.151 ;       ;       ; 5.986 ;
; A1         ; XOR         ;       ; 4.407 ; 5.036 ;       ;
; A2         ; ADD         ;       ; 3.949 ; 4.513 ;       ;
; A2         ; ADD_SELF    ;       ; 4.579 ; 5.088 ;       ;
; A2         ; AND         ; 4.956 ;       ;       ; 5.701 ;
; A2         ; DIV         ; 3.968 ;       ;       ; 4.577 ;
; A2         ; HALT        ; 4.616 ;       ;       ; 5.322 ;
; A2         ; LSL         ; 3.932 ;       ;       ; 4.550 ;
; A2         ; LSR         ; 4.384 ;       ;       ; 5.065 ;
; A2         ; MOV1        ;       ; 4.886 ; 5.355 ;       ;
; A2         ; MOV2        ;       ; 4.382 ; 4.885 ;       ;
; A2         ; MOV3        ;       ; 4.252 ; 4.762 ;       ;
; A2         ; MUL         ; 4.485 ;       ;       ; 5.173 ;
; A2         ; NOR         ;       ; 5.457 ; 5.919 ;       ;
; A2         ; OR          ; 4.575 ;       ;       ; 5.274 ;
; A2         ; SUB         ; 3.938 ;       ;       ; 4.555 ;
; A2         ; SUB_SELF    ;       ; 4.986 ; 5.410 ;       ;
; A2         ; XOR         ;       ; 4.079 ; 4.646 ;       ;
; A3         ; ADD         ;       ; 4.225 ; 4.856 ;       ;
; A3         ; ADD_SELF    ; 4.750 ;       ;       ; 5.481 ;
; A3         ; AND         ;       ; 5.366 ; 5.862 ;       ;
; A3         ; DIV         ; 4.206 ;       ;       ; 4.873 ;
; A3         ; HALT        ; 4.844 ;       ;       ; 5.630 ;
; A3         ; LSL         ; 4.166 ;       ;       ; 4.844 ;
; A3         ; LSR         ; 4.619 ;       ;       ; 5.385 ;
; A3         ; MOV1        ;       ; 5.169 ; 5.699 ;       ;
; A3         ; MOV2        ;       ; 4.671 ; 5.245 ;       ;
; A3         ; MOV3        ;       ; 4.545 ; 5.124 ;       ;
; A3         ; MUL         ;       ; 4.837 ; 5.405 ;       ;
; A3         ; NOR         ; 5.601 ;       ;       ; 6.385 ;
; A3         ; OR          ;       ; 4.953 ; 5.505 ;       ;
; A3         ; SUB         ;       ; 4.209 ; 4.833 ;       ;
; A3         ; SUB_SELF    ; 5.074 ;       ;       ; 5.911 ;
; A3         ; XOR         ; 4.330 ;       ;       ; 5.028 ;
+------------+-------------+-------+-------+-------+-------+


+------------------------------------------------------------------------------------------------------------------------------------------------------------------------------------------------------------------------------------------------------------------------------------------------------------------------------------------------------------------------------------------------------------------+
; Board Trace Model Assignments                                                                                                                                                                                                                                                                                                                                                                                    ;
+---------------+--------------+-------------------+-------------------------+-------------------------+---------------+---------------------+----------------+------------------+--------+------------------+------------------------+------------------------+--------------+---------------+-----------------+-------+---------------------+--------------------+---------------+-----------------+-------------+
; Pin           ; I/O Standard ; Near Tline Length ; Near Tline L per Length ; Near Tline C per Length ; Near Series R ; Near Differential R ; Near Pull-up R ; Near Pull-down R ; Near C ; Far Tline Length ; Far Tline L per Length ; Far Tline C per Length ; Far Series R ; Far Pull-up R ; Far Pull-down R ; Far C ; Termination Voltage ; Far Differential R ; EBD File Name ; EBD Signal Name ; EBD Far-end ;
+---------------+--------------+-------------------+-------------------------+-------------------------+---------------+---------------------+----------------+------------------+--------+------------------+------------------------+------------------------+--------------+---------------+-----------------+-------+---------------------+--------------------+---------------+-----------------+-------------+
; MOV1          ; 2.5 V        ; 0 in              ; 0 H/in                  ; 0 F/in                  ; short         ; -                   ; open           ; open             ; open   ; 0 in             ; 0 H/in                 ; 0 F/in                 ; short        ; open          ; open            ; open  ; 0 V                 ; -                  ; n/a           ; n/a             ; n/a         ;
; MOV2          ; 2.5 V        ; 0 in              ; 0 H/in                  ; 0 F/in                  ; short         ; -                   ; open           ; open             ; open   ; 0 in             ; 0 H/in                 ; 0 F/in                 ; short        ; open          ; open            ; open  ; 0 V                 ; -                  ; n/a           ; n/a             ; n/a         ;
; ADD           ; 2.5 V        ; 0 in              ; 0 H/in                  ; 0 F/in                  ; short         ; -                   ; open           ; open             ; open   ; 0 in             ; 0 H/in                 ; 0 F/in                 ; short        ; open          ; open            ; open  ; 0 V                 ; -                  ; n/a           ; n/a             ; n/a         ;
; MOV3          ; 2.5 V        ; 0 in              ; 0 H/in                  ; 0 F/in                  ; short         ; -                   ; open           ; open             ; open   ; 0 in             ; 0 H/in                 ; 0 F/in                 ; short        ; open          ; open            ; open  ; 0 V                 ; -                  ; n/a           ; n/a             ; n/a         ;
; SUB           ; 2.5 V        ; 0 in              ; 0 H/in                  ; 0 F/in                  ; short         ; -                   ; open           ; open             ; open   ; 0 in             ; 0 H/in                 ; 0 F/in                 ; short        ; open          ; open            ; open  ; 0 V                 ; -                  ; n/a           ; n/a             ; n/a         ;
; MUL           ; 2.5 V        ; 0 in              ; 0 H/in                  ; 0 F/in                  ; short         ; -                   ; open           ; open             ; open   ; 0 in             ; 0 H/in                 ; 0 F/in                 ; short        ; open          ; open            ; open  ; 0 V                 ; -                  ; n/a           ; n/a             ; n/a         ;
; AND           ; 2.5 V        ; 0 in              ; 0 H/in                  ; 0 F/in                  ; short         ; -                   ; open           ; open             ; open   ; 0 in             ; 0 H/in                 ; 0 F/in                 ; short        ; open          ; open            ; open  ; 0 V                 ; -                  ; n/a           ; n/a             ; n/a         ;
; OR            ; 2.5 V        ; 0 in              ; 0 H/in                  ; 0 F/in                  ; short         ; -                   ; open           ; open             ; open   ; 0 in             ; 0 H/in                 ; 0 F/in                 ; short        ; open          ; open            ; open  ; 0 V                 ; -                  ; n/a           ; n/a             ; n/a         ;
; NOR           ; 2.5 V        ; 0 in              ; 0 H/in                  ; 0 F/in                  ; short         ; -                   ; open           ; open             ; open   ; 0 in             ; 0 H/in                 ; 0 F/in                 ; short        ; open          ; open            ; open  ; 0 V                 ; -                  ; n/a           ; n/a             ; n/a         ;
; XOR           ; 2.5 V        ; 0 in              ; 0 H/in                  ; 0 F/in                  ; short         ; -                   ; open           ; open             ; open   ; 0 in             ; 0 H/in                 ; 0 F/in                 ; short        ; open          ; open            ; open  ; 0 V                 ; -                  ; n/a           ; n/a             ; n/a         ;
; ADD_SELF      ; 2.5 V        ; 0 in              ; 0 H/in                  ; 0 F/in                  ; short         ; -                   ; open           ; open             ; open   ; 0 in             ; 0 H/in                 ; 0 F/in                 ; short        ; open          ; open            ; open  ; 0 V                 ; -                  ; n/a           ; n/a             ; n/a         ;
; SUB_SELF      ; 2.5 V        ; 0 in              ; 0 H/in                  ; 0 F/in                  ; short         ; -                   ; open           ; open             ; open   ; 0 in             ; 0 H/in                 ; 0 F/in                 ; short        ; open          ; open            ; open  ; 0 V                 ; -                  ; n/a           ; n/a             ; n/a         ;
; HALT          ; 2.5 V        ; 0 in              ; 0 H/in                  ; 0 F/in                  ; short         ; -                   ; open           ; open             ; open   ; 0 in             ; 0 H/in                 ; 0 F/in                 ; short        ; open          ; open            ; open  ; 0 V                 ; -                  ; n/a           ; n/a             ; n/a         ;
; LSL           ; 2.5 V        ; 0 in              ; 0 H/in                  ; 0 F/in                  ; short         ; -                   ; open           ; open             ; open   ; 0 in             ; 0 H/in                 ; 0 F/in                 ; short        ; open          ; open            ; open  ; 0 V                 ; -                  ; n/a           ; n/a             ; n/a         ;
; LSR           ; 2.5 V        ; 0 in              ; 0 H/in                  ; 0 F/in                  ; short         ; -                   ; open           ; open             ; open   ; 0 in             ; 0 H/in                 ; 0 F/in                 ; short        ; open          ; open            ; open  ; 0 V                 ; -                  ; n/a           ; n/a             ; n/a         ;
; DIV           ; 2.5 V        ; 0 in              ; 0 H/in                  ; 0 F/in                  ; short         ; -                   ; open           ; open             ; open   ; 0 in             ; 0 H/in                 ; 0 F/in                 ; short        ; open          ; open            ; open  ; 0 V                 ; -                  ; n/a           ; n/a             ; n/a         ;
; ~ALTERA_DCLK~ ; 2.5 V        ; 0 in              ; 0 H/in                  ; 0 F/in                  ; short         ; -                   ; open           ; open             ; open   ; 0 in             ; 0 H/in                 ; 0 F/in                 ; short        ; open          ; open            ; open  ; 0 V                 ; -                  ; n/a           ; n/a             ; n/a         ;
; ~ALTERA_nCEO~ ; 2.5 V        ; 0 in              ; 0 H/in                  ; 0 F/in                  ; short         ; -                   ; open           ; open             ; open   ; 0 in             ; 0 H/in                 ; 0 F/in                 ; short        ; open          ; open            ; open  ; 0 V                 ; -                  ; n/a           ; n/a             ; n/a         ;
+---------------+--------------+-------------------+-------------------------+-------------------------+---------------+---------------------+----------------+------------------+--------+------------------+------------------------+------------------------+--------------+---------------+-----------------+-------+---------------------+--------------------+---------------+-----------------+-------------+


+----------------------------------------------------------------------------+
; Input Transition Times                                                     ;
+-------------------------+--------------+-----------------+-----------------+
; Pin                     ; I/O Standard ; 10-90 Rise Time ; 90-10 Fall Time ;
+-------------------------+--------------+-----------------+-----------------+
; A3                      ; 2.5 V        ; 2000 ps         ; 2000 ps         ;
; A2                      ; 2.5 V        ; 2000 ps         ; 2000 ps         ;
; A1                      ; 2.5 V        ; 2000 ps         ; 2000 ps         ;
; A0                      ; 2.5 V        ; 2000 ps         ; 2000 ps         ;
; ~ALTERA_ASDO_DATA1~     ; 2.5 V        ; 2000 ps         ; 2000 ps         ;
; ~ALTERA_FLASH_nCE_nCSO~ ; 2.5 V        ; 2000 ps         ; 2000 ps         ;
; ~ALTERA_DATA0~          ; 2.5 V        ; 2000 ps         ; 2000 ps         ;
+-------------------------+--------------+-----------------+-----------------+


+--------------------------------------------------------------------------------------------------------------------------------------------------------------------------------------------------------------------------------------------------------------------------------------------------------------------------------------------------------------------------------------------------------------------------------------------------------------------------------------------------------------------------------------------------------------------------------------------------------------------------------------------------------------------------------------------+
; Signal Integrity Metrics (Slow 1200mv 0c Model)                                                                                                                                                                                                                                                                                                                                                                                                                                                                                                                                                                                                                                            ;
+---------------+--------------+---------------------+---------------------+------------------------------+------------------------------+---------------------+---------------------+--------------------------------------+--------------------------------------+-----------------------------+-----------------------------+----------------------------+----------------------------+-----------------------------+-----------------------------+--------------------+--------------------+-------------------------------------+-------------------------------------+----------------------------+----------------------------+---------------------------+---------------------------+
; Pin           ; I/O Standard ; Board Delay on Rise ; Board Delay on Fall ; Steady State Voh at FPGA Pin ; Steady State Vol at FPGA Pin ; Voh Max at FPGA Pin ; Vol Min at FPGA Pin ; Ringback Voltage on Rise at FPGA Pin ; Ringback Voltage on Fall at FPGA Pin ; 10-90 Rise Time at FPGA Pin ; 90-10 Fall Time at FPGA Pin ; Monotonic Rise at FPGA Pin ; Monotonic Fall at FPGA Pin ; Steady State Voh at Far-end ; Steady State Vol at Far-end ; Voh Max at Far-end ; Vol Min at Far-end ; Ringback Voltage on Rise at Far-end ; Ringback Voltage on Fall at Far-end ; 10-90 Rise Time at Far-end ; 90-10 Fall Time at Far-end ; Monotonic Rise at Far-end ; Monotonic Fall at Far-end ;
+---------------+--------------+---------------------+---------------------+------------------------------+------------------------------+---------------------+---------------------+--------------------------------------+--------------------------------------+-----------------------------+-----------------------------+----------------------------+----------------------------+-----------------------------+-----------------------------+--------------------+--------------------+-------------------------------------+-------------------------------------+----------------------------+----------------------------+---------------------------+---------------------------+
; MOV1          ; 2.5 V        ; 0 s                 ; 0 s                 ; 2.32 V                       ; 2.8e-09 V                    ; 2.37 V              ; -0.00373 V          ; 0.104 V                              ; 0.011 V                              ; 4.34e-10 s                  ; 3.82e-10 s                  ; Yes                        ; Yes                        ; 2.32 V                      ; 2.8e-09 V                   ; 2.37 V             ; -0.00373 V         ; 0.104 V                             ; 0.011 V                             ; 4.34e-10 s                 ; 3.82e-10 s                 ; Yes                       ; Yes                       ;
; MOV2          ; 2.5 V        ; 0 s                 ; 0 s                 ; 2.32 V                       ; 2.07e-09 V                   ; 2.36 V              ; -0.00737 V          ; 0.209 V                              ; 0.012 V                              ; 5.22e-10 s                  ; 5.33e-10 s                  ; Yes                        ; Yes                        ; 2.32 V                      ; 2.07e-09 V                  ; 2.36 V             ; -0.00737 V         ; 0.209 V                             ; 0.012 V                             ; 5.22e-10 s                 ; 5.33e-10 s                 ; Yes                       ; Yes                       ;
; ADD           ; 2.5 V        ; 0 s                 ; 0 s                 ; 2.32 V                       ; 2.07e-09 V                   ; 2.38 V              ; -0.0073 V           ; 0.097 V                              ; 0.018 V                              ; 4.24e-10 s                  ; 3.65e-10 s                  ; No                         ; Yes                        ; 2.32 V                      ; 2.07e-09 V                  ; 2.38 V             ; -0.0073 V          ; 0.097 V                             ; 0.018 V                             ; 4.24e-10 s                 ; 3.65e-10 s                 ; No                        ; Yes                       ;
; MOV3          ; 2.5 V        ; 0 s                 ; 0 s                 ; 2.32 V                       ; 2.07e-09 V                   ; 2.36 V              ; -0.00737 V          ; 0.209 V                              ; 0.012 V                              ; 5.22e-10 s                  ; 5.33e-10 s                  ; Yes                        ; Yes                        ; 2.32 V                      ; 2.07e-09 V                  ; 2.36 V             ; -0.00737 V         ; 0.209 V                             ; 0.012 V                             ; 5.22e-10 s                 ; 5.33e-10 s                 ; Yes                       ; Yes                       ;
; SUB           ; 2.5 V        ; 0 s                 ; 0 s                 ; 2.32 V                       ; 2.07e-09 V                   ; 2.38 V              ; -0.0073 V           ; 0.097 V                              ; 0.018 V                              ; 4.24e-10 s                  ; 3.65e-10 s                  ; No                         ; Yes                        ; 2.32 V                      ; 2.07e-09 V                  ; 2.38 V             ; -0.0073 V          ; 0.097 V                             ; 0.018 V                             ; 4.24e-10 s                 ; 3.65e-10 s                 ; No                        ; Yes                       ;
; MUL           ; 2.5 V        ; 0 s                 ; 0 s                 ; 2.32 V                       ; 2.8e-09 V                    ; 2.37 V              ; -0.00373 V          ; 0.104 V                              ; 0.011 V                              ; 4.34e-10 s                  ; 3.82e-10 s                  ; Yes                        ; Yes                        ; 2.32 V                      ; 2.8e-09 V                   ; 2.37 V             ; -0.00373 V         ; 0.104 V                             ; 0.011 V                             ; 4.34e-10 s                 ; 3.82e-10 s                 ; Yes                       ; Yes                       ;
; AND           ; 2.5 V        ; 0 s                 ; 0 s                 ; 2.32 V                       ; 2.8e-09 V                    ; 2.37 V              ; -0.00373 V          ; 0.104 V                              ; 0.011 V                              ; 4.34e-10 s                  ; 3.82e-10 s                  ; Yes                        ; Yes                        ; 2.32 V                      ; 2.8e-09 V                   ; 2.37 V             ; -0.00373 V         ; 0.104 V                             ; 0.011 V                             ; 4.34e-10 s                 ; 3.82e-10 s                 ; Yes                       ; Yes                       ;
; OR            ; 2.5 V        ; 0 s                 ; 0 s                 ; 2.32 V                       ; 2.07e-09 V                   ; 2.38 V              ; -0.0073 V           ; 0.097 V                              ; 0.018 V                              ; 4.24e-10 s                  ; 3.65e-10 s                  ; No                         ; Yes                        ; 2.32 V                      ; 2.07e-09 V                  ; 2.38 V             ; -0.0073 V          ; 0.097 V                             ; 0.018 V                             ; 4.24e-10 s                 ; 3.65e-10 s                 ; No                        ; Yes                       ;
; NOR           ; 2.5 V        ; 0 s                 ; 0 s                 ; 2.32 V                       ; 2.8e-09 V                    ; 2.33 V              ; -0.00425 V          ; 0.168 V                              ; 0.058 V                              ; 3.12e-09 s                  ; 2.87e-09 s                  ; Yes                        ; Yes                        ; 2.32 V                      ; 2.8e-09 V                   ; 2.33 V             ; -0.00425 V         ; 0.168 V                             ; 0.058 V                             ; 3.12e-09 s                 ; 2.87e-09 s                 ; Yes                       ; Yes                       ;
; XOR           ; 2.5 V        ; 0 s                 ; 0 s                 ; 2.32 V                       ; 2.8e-09 V                    ; 2.37 V              ; -0.00373 V          ; 0.104 V                              ; 0.011 V                              ; 4.34e-10 s                  ; 3.82e-10 s                  ; Yes                        ; Yes                        ; 2.32 V                      ; 2.8e-09 V                   ; 2.37 V             ; -0.00373 V         ; 0.104 V                             ; 0.011 V                             ; 4.34e-10 s                 ; 3.82e-10 s                 ; Yes                       ; Yes                       ;
; ADD_SELF      ; 2.5 V        ; 0 s                 ; 0 s                 ; 2.32 V                       ; 2.8e-09 V                    ; 2.37 V              ; -0.00373 V          ; 0.104 V                              ; 0.011 V                              ; 4.34e-10 s                  ; 3.82e-10 s                  ; Yes                        ; Yes                        ; 2.32 V                      ; 2.8e-09 V                   ; 2.37 V             ; -0.00373 V         ; 0.104 V                             ; 0.011 V                             ; 4.34e-10 s                 ; 3.82e-10 s                 ; Yes                       ; Yes                       ;
; SUB_SELF      ; 2.5 V        ; 0 s                 ; 0 s                 ; 2.32 V                       ; 2.8e-09 V                    ; 2.37 V              ; -0.00373 V          ; 0.104 V                              ; 0.011 V                              ; 4.34e-10 s                  ; 3.82e-10 s                  ; Yes                        ; Yes                        ; 2.32 V                      ; 2.8e-09 V                   ; 2.37 V             ; -0.00373 V         ; 0.104 V                             ; 0.011 V                             ; 4.34e-10 s                 ; 3.82e-10 s                 ; Yes                       ; Yes                       ;
; HALT          ; 2.5 V        ; 0 s                 ; 0 s                 ; 2.32 V                       ; 2.07e-09 V                   ; 2.38 V              ; -0.0073 V           ; 0.097 V                              ; 0.018 V                              ; 4.24e-10 s                  ; 3.65e-10 s                  ; No                         ; Yes                        ; 2.32 V                      ; 2.07e-09 V                  ; 2.38 V             ; -0.0073 V          ; 0.097 V                             ; 0.018 V                             ; 4.24e-10 s                 ; 3.65e-10 s                 ; No                        ; Yes                       ;
; LSL           ; 2.5 V        ; 0 s                 ; 0 s                 ; 2.32 V                       ; 2.07e-09 V                   ; 2.38 V              ; -0.0073 V           ; 0.097 V                              ; 0.018 V                              ; 4.24e-10 s                  ; 3.65e-10 s                  ; No                         ; Yes                        ; 2.32 V                      ; 2.07e-09 V                  ; 2.38 V             ; -0.0073 V          ; 0.097 V                             ; 0.018 V                             ; 4.24e-10 s                 ; 3.65e-10 s                 ; No                        ; Yes                       ;
; LSR           ; 2.5 V        ; 0 s                 ; 0 s                 ; 2.32 V                       ; 2.8e-09 V                    ; 2.37 V              ; -0.00373 V          ; 0.104 V                              ; 0.011 V                              ; 4.34e-10 s                  ; 3.82e-10 s                  ; Yes                        ; Yes                        ; 2.32 V                      ; 2.8e-09 V                   ; 2.37 V             ; -0.00373 V         ; 0.104 V                             ; 0.011 V                             ; 4.34e-10 s                 ; 3.82e-10 s                 ; Yes                       ; Yes                       ;
; DIV           ; 2.5 V        ; 0 s                 ; 0 s                 ; 2.32 V                       ; 2.8e-09 V                    ; 2.37 V              ; -0.00373 V          ; 0.104 V                              ; 0.011 V                              ; 4.34e-10 s                  ; 3.82e-10 s                  ; Yes                        ; Yes                        ; 2.32 V                      ; 2.8e-09 V                   ; 2.37 V             ; -0.00373 V         ; 0.104 V                             ; 0.011 V                             ; 4.34e-10 s                 ; 3.82e-10 s                 ; Yes                       ; Yes                       ;
; ~ALTERA_DCLK~ ; 2.5 V        ; 0 s                 ; 0 s                 ; 2.32 V                       ; 1.74e-09 V                   ; 2.37 V              ; -0.0346 V           ; 0.198 V                              ; 0.094 V                              ; 3.14e-10 s                  ; 2.92e-10 s                  ; Yes                        ; Yes                        ; 2.32 V                      ; 1.74e-09 V                  ; 2.37 V             ; -0.0346 V          ; 0.198 V                             ; 0.094 V                             ; 3.14e-10 s                 ; 2.92e-10 s                 ; Yes                       ; Yes                       ;
; ~ALTERA_nCEO~ ; 2.5 V        ; 0 s                 ; 0 s                 ; 2.32 V                       ; 2.57e-09 V                   ; 2.37 V              ; -0.00683 V          ; 0.171 V                              ; 0.018 V                              ; 4.97e-10 s                  ; 6.66e-10 s                  ; Yes                        ; Yes                        ; 2.32 V                      ; 2.57e-09 V                  ; 2.37 V             ; -0.00683 V         ; 0.171 V                             ; 0.018 V                             ; 4.97e-10 s                 ; 6.66e-10 s                 ; Yes                       ; Yes                       ;
+---------------+--------------+---------------------+---------------------+------------------------------+------------------------------+---------------------+---------------------+--------------------------------------+--------------------------------------+-----------------------------+-----------------------------+----------------------------+----------------------------+-----------------------------+-----------------------------+--------------------+--------------------+-------------------------------------+-------------------------------------+----------------------------+----------------------------+---------------------------+---------------------------+


+--------------------------------------------------------------------------------------------------------------------------------------------------------------------------------------------------------------------------------------------------------------------------------------------------------------------------------------------------------------------------------------------------------------------------------------------------------------------------------------------------------------------------------------------------------------------------------------------------------------------------------------------------------------------------------------------+
; Signal Integrity Metrics (Slow 1200mv 85c Model)                                                                                                                                                                                                                                                                                                                                                                                                                                                                                                                                                                                                                                           ;
+---------------+--------------+---------------------+---------------------+------------------------------+------------------------------+---------------------+---------------------+--------------------------------------+--------------------------------------+-----------------------------+-----------------------------+----------------------------+----------------------------+-----------------------------+-----------------------------+--------------------+--------------------+-------------------------------------+-------------------------------------+----------------------------+----------------------------+---------------------------+---------------------------+
; Pin           ; I/O Standard ; Board Delay on Rise ; Board Delay on Fall ; Steady State Voh at FPGA Pin ; Steady State Vol at FPGA Pin ; Voh Max at FPGA Pin ; Vol Min at FPGA Pin ; Ringback Voltage on Rise at FPGA Pin ; Ringback Voltage on Fall at FPGA Pin ; 10-90 Rise Time at FPGA Pin ; 90-10 Fall Time at FPGA Pin ; Monotonic Rise at FPGA Pin ; Monotonic Fall at FPGA Pin ; Steady State Voh at Far-end ; Steady State Vol at Far-end ; Voh Max at Far-end ; Vol Min at Far-end ; Ringback Voltage on Rise at Far-end ; Ringback Voltage on Fall at Far-end ; 10-90 Rise Time at Far-end ; 90-10 Fall Time at Far-end ; Monotonic Rise at Far-end ; Monotonic Fall at Far-end ;
+---------------+--------------+---------------------+---------------------+------------------------------+------------------------------+---------------------+---------------------+--------------------------------------+--------------------------------------+-----------------------------+-----------------------------+----------------------------+----------------------------+-----------------------------+-----------------------------+--------------------+--------------------+-------------------------------------+-------------------------------------+----------------------------+----------------------------+---------------------------+---------------------------+
; MOV1          ; 2.5 V        ; 0 s                 ; 0 s                 ; 2.32 V                       ; 2.85e-07 V                   ; 2.35 V              ; -0.0123 V           ; 0.144 V                              ; 0.042 V                              ; 4.81e-10 s                  ; 4.81e-10 s                  ; Yes                        ; Yes                        ; 2.32 V                      ; 2.85e-07 V                  ; 2.35 V             ; -0.0123 V          ; 0.144 V                             ; 0.042 V                             ; 4.81e-10 s                 ; 4.81e-10 s                 ; Yes                       ; Yes                       ;
; MOV2          ; 2.5 V        ; 0 s                 ; 0 s                 ; 2.32 V                       ; 1.93e-07 V                   ; 2.34 V              ; -0.00869 V          ; 0.14 V                               ; 0.046 V                              ; 6.89e-10 s                  ; 6.56e-10 s                  ; Yes                        ; Yes                        ; 2.32 V                      ; 1.93e-07 V                  ; 2.34 V             ; -0.00869 V         ; 0.14 V                              ; 0.046 V                             ; 6.89e-10 s                 ; 6.56e-10 s                 ; Yes                       ; Yes                       ;
; ADD           ; 2.5 V        ; 0 s                 ; 0 s                 ; 2.32 V                       ; 1.93e-07 V                   ; 2.35 V              ; -0.00834 V          ; 0.127 V                              ; 0.035 V                              ; 4.7e-10 s                   ; 4.64e-10 s                  ; Yes                        ; Yes                        ; 2.32 V                      ; 1.93e-07 V                  ; 2.35 V             ; -0.00834 V         ; 0.127 V                             ; 0.035 V                             ; 4.7e-10 s                  ; 4.64e-10 s                 ; Yes                       ; Yes                       ;
; MOV3          ; 2.5 V        ; 0 s                 ; 0 s                 ; 2.32 V                       ; 1.93e-07 V                   ; 2.34 V              ; -0.00869 V          ; 0.14 V                               ; 0.046 V                              ; 6.89e-10 s                  ; 6.56e-10 s                  ; Yes                        ; Yes                        ; 2.32 V                      ; 1.93e-07 V                  ; 2.34 V             ; -0.00869 V         ; 0.14 V                              ; 0.046 V                             ; 6.89e-10 s                 ; 6.56e-10 s                 ; Yes                       ; Yes                       ;
; SUB           ; 2.5 V        ; 0 s                 ; 0 s                 ; 2.32 V                       ; 1.93e-07 V                   ; 2.35 V              ; -0.00834 V          ; 0.127 V                              ; 0.035 V                              ; 4.7e-10 s                   ; 4.64e-10 s                  ; Yes                        ; Yes                        ; 2.32 V                      ; 1.93e-07 V                  ; 2.35 V             ; -0.00834 V         ; 0.127 V                             ; 0.035 V                             ; 4.7e-10 s                  ; 4.64e-10 s                 ; Yes                       ; Yes                       ;
; MUL           ; 2.5 V        ; 0 s                 ; 0 s                 ; 2.32 V                       ; 2.85e-07 V                   ; 2.35 V              ; -0.0123 V           ; 0.144 V                              ; 0.042 V                              ; 4.81e-10 s                  ; 4.81e-10 s                  ; Yes                        ; Yes                        ; 2.32 V                      ; 2.85e-07 V                  ; 2.35 V             ; -0.0123 V          ; 0.144 V                             ; 0.042 V                             ; 4.81e-10 s                 ; 4.81e-10 s                 ; Yes                       ; Yes                       ;
; AND           ; 2.5 V        ; 0 s                 ; 0 s                 ; 2.32 V                       ; 2.85e-07 V                   ; 2.35 V              ; -0.0123 V           ; 0.144 V                              ; 0.042 V                              ; 4.81e-10 s                  ; 4.81e-10 s                  ; Yes                        ; Yes                        ; 2.32 V                      ; 2.85e-07 V                  ; 2.35 V             ; -0.0123 V          ; 0.144 V                             ; 0.042 V                             ; 4.81e-10 s                 ; 4.81e-10 s                 ; Yes                       ; Yes                       ;
; OR            ; 2.5 V        ; 0 s                 ; 0 s                 ; 2.32 V                       ; 1.93e-07 V                   ; 2.35 V              ; -0.00834 V          ; 0.127 V                              ; 0.035 V                              ; 4.7e-10 s                   ; 4.64e-10 s                  ; Yes                        ; Yes                        ; 2.32 V                      ; 1.93e-07 V                  ; 2.35 V             ; -0.00834 V         ; 0.127 V                             ; 0.035 V                             ; 4.7e-10 s                  ; 4.64e-10 s                 ; Yes                       ; Yes                       ;
; NOR           ; 2.5 V        ; 0 s                 ; 0 s                 ; 2.32 V                       ; 2.85e-07 V                   ; 2.33 V              ; -0.00229 V          ; 0.111 V                              ; 0.057 V                              ; 3.78e-09 s                  ; 3.5e-09 s                   ; Yes                        ; Yes                        ; 2.32 V                      ; 2.85e-07 V                  ; 2.33 V             ; -0.00229 V         ; 0.111 V                             ; 0.057 V                             ; 3.78e-09 s                 ; 3.5e-09 s                  ; Yes                       ; Yes                       ;
; XOR           ; 2.5 V        ; 0 s                 ; 0 s                 ; 2.32 V                       ; 2.85e-07 V                   ; 2.35 V              ; -0.0123 V           ; 0.144 V                              ; 0.042 V                              ; 4.81e-10 s                  ; 4.81e-10 s                  ; Yes                        ; Yes                        ; 2.32 V                      ; 2.85e-07 V                  ; 2.35 V             ; -0.0123 V          ; 0.144 V                             ; 0.042 V                             ; 4.81e-10 s                 ; 4.81e-10 s                 ; Yes                       ; Yes                       ;
; ADD_SELF      ; 2.5 V        ; 0 s                 ; 0 s                 ; 2.32 V                       ; 2.85e-07 V                   ; 2.35 V              ; -0.0123 V           ; 0.144 V                              ; 0.042 V                              ; 4.81e-10 s                  ; 4.81e-10 s                  ; Yes                        ; Yes                        ; 2.32 V                      ; 2.85e-07 V                  ; 2.35 V             ; -0.0123 V          ; 0.144 V                             ; 0.042 V                             ; 4.81e-10 s                 ; 4.81e-10 s                 ; Yes                       ; Yes                       ;
; SUB_SELF      ; 2.5 V        ; 0 s                 ; 0 s                 ; 2.32 V                       ; 2.85e-07 V                   ; 2.35 V              ; -0.0123 V           ; 0.144 V                              ; 0.042 V                              ; 4.81e-10 s                  ; 4.81e-10 s                  ; Yes                        ; Yes                        ; 2.32 V                      ; 2.85e-07 V                  ; 2.35 V             ; -0.0123 V          ; 0.144 V                             ; 0.042 V                             ; 4.81e-10 s                 ; 4.81e-10 s                 ; Yes                       ; Yes                       ;
; HALT          ; 2.5 V        ; 0 s                 ; 0 s                 ; 2.32 V                       ; 1.93e-07 V                   ; 2.35 V              ; -0.00834 V          ; 0.127 V                              ; 0.035 V                              ; 4.7e-10 s                   ; 4.64e-10 s                  ; Yes                        ; Yes                        ; 2.32 V                      ; 1.93e-07 V                  ; 2.35 V             ; -0.00834 V         ; 0.127 V                             ; 0.035 V                             ; 4.7e-10 s                  ; 4.64e-10 s                 ; Yes                       ; Yes                       ;
; LSL           ; 2.5 V        ; 0 s                 ; 0 s                 ; 2.32 V                       ; 1.93e-07 V                   ; 2.35 V              ; -0.00834 V          ; 0.127 V                              ; 0.035 V                              ; 4.7e-10 s                   ; 4.64e-10 s                  ; Yes                        ; Yes                        ; 2.32 V                      ; 1.93e-07 V                  ; 2.35 V             ; -0.00834 V         ; 0.127 V                             ; 0.035 V                             ; 4.7e-10 s                  ; 4.64e-10 s                 ; Yes                       ; Yes                       ;
; LSR           ; 2.5 V        ; 0 s                 ; 0 s                 ; 2.32 V                       ; 2.85e-07 V                   ; 2.35 V              ; -0.0123 V           ; 0.144 V                              ; 0.042 V                              ; 4.81e-10 s                  ; 4.81e-10 s                  ; Yes                        ; Yes                        ; 2.32 V                      ; 2.85e-07 V                  ; 2.35 V             ; -0.0123 V          ; 0.144 V                             ; 0.042 V                             ; 4.81e-10 s                 ; 4.81e-10 s                 ; Yes                       ; Yes                       ;
; DIV           ; 2.5 V        ; 0 s                 ; 0 s                 ; 2.32 V                       ; 2.85e-07 V                   ; 2.35 V              ; -0.0123 V           ; 0.144 V                              ; 0.042 V                              ; 4.81e-10 s                  ; 4.81e-10 s                  ; Yes                        ; Yes                        ; 2.32 V                      ; 2.85e-07 V                  ; 2.35 V             ; -0.0123 V          ; 0.144 V                             ; 0.042 V                             ; 4.81e-10 s                 ; 4.81e-10 s                 ; Yes                       ; Yes                       ;
; ~ALTERA_DCLK~ ; 2.5 V        ; 0 s                 ; 0 s                 ; 2.32 V                       ; 1.55e-07 V                   ; 2.35 V              ; -0.00221 V          ; 0.097 V                              ; 0.005 V                              ; 4.49e-10 s                  ; 3.85e-10 s                  ; Yes                        ; Yes                        ; 2.32 V                      ; 1.55e-07 V                  ; 2.35 V             ; -0.00221 V         ; 0.097 V                             ; 0.005 V                             ; 4.49e-10 s                 ; 3.85e-10 s                 ; Yes                       ; Yes                       ;
; ~ALTERA_nCEO~ ; 2.5 V        ; 0 s                 ; 0 s                 ; 2.32 V                       ; 2.54e-07 V                   ; 2.34 V              ; -0.00774 V          ; 0.109 V                              ; 0.026 V                              ; 6.58e-10 s                  ; 8.24e-10 s                  ; Yes                        ; Yes                        ; 2.32 V                      ; 2.54e-07 V                  ; 2.34 V             ; -0.00774 V         ; 0.109 V                             ; 0.026 V                             ; 6.58e-10 s                 ; 8.24e-10 s                 ; Yes                       ; Yes                       ;
+---------------+--------------+---------------------+---------------------+------------------------------+------------------------------+---------------------+---------------------+--------------------------------------+--------------------------------------+-----------------------------+-----------------------------+----------------------------+----------------------------+-----------------------------+-----------------------------+--------------------+--------------------+-------------------------------------+-------------------------------------+----------------------------+----------------------------+---------------------------+---------------------------+


+--------------------------------------------------------------------------------------------------------------------------------------------------------------------------------------------------------------------------------------------------------------------------------------------------------------------------------------------------------------------------------------------------------------------------------------------------------------------------------------------------------------------------------------------------------------------------------------------------------------------------------------------------------------------------------------------+
; Signal Integrity Metrics (Fast 1200mv 0c Model)                                                                                                                                                                                                                                                                                                                                                                                                                                                                                                                                                                                                                                            ;
+---------------+--------------+---------------------+---------------------+------------------------------+------------------------------+---------------------+---------------------+--------------------------------------+--------------------------------------+-----------------------------+-----------------------------+----------------------------+----------------------------+-----------------------------+-----------------------------+--------------------+--------------------+-------------------------------------+-------------------------------------+----------------------------+----------------------------+---------------------------+---------------------------+
; Pin           ; I/O Standard ; Board Delay on Rise ; Board Delay on Fall ; Steady State Voh at FPGA Pin ; Steady State Vol at FPGA Pin ; Voh Max at FPGA Pin ; Vol Min at FPGA Pin ; Ringback Voltage on Rise at FPGA Pin ; Ringback Voltage on Fall at FPGA Pin ; 10-90 Rise Time at FPGA Pin ; 90-10 Fall Time at FPGA Pin ; Monotonic Rise at FPGA Pin ; Monotonic Fall at FPGA Pin ; Steady State Voh at Far-end ; Steady State Vol at Far-end ; Voh Max at Far-end ; Vol Min at Far-end ; Ringback Voltage on Rise at Far-end ; Ringback Voltage on Fall at Far-end ; 10-90 Rise Time at Far-end ; 90-10 Fall Time at Far-end ; Monotonic Rise at Far-end ; Monotonic Fall at Far-end ;
+---------------+--------------+---------------------+---------------------+------------------------------+------------------------------+---------------------+---------------------+--------------------------------------+--------------------------------------+-----------------------------+-----------------------------+----------------------------+----------------------------+-----------------------------+-----------------------------+--------------------+--------------------+-------------------------------------+-------------------------------------+----------------------------+----------------------------+---------------------------+---------------------------+
; MOV1          ; 2.5 V        ; 0 s                 ; 0 s                 ; 2.62 V                       ; 4.05e-08 V                   ; 2.72 V              ; -0.0349 V           ; 0.173 V                              ; 0.1 V                                ; 2.72e-10 s                  ; 2.69e-10 s                  ; Yes                        ; Yes                        ; 2.62 V                      ; 4.05e-08 V                  ; 2.72 V             ; -0.0349 V          ; 0.173 V                             ; 0.1 V                               ; 2.72e-10 s                 ; 2.69e-10 s                 ; Yes                       ; Yes                       ;
; MOV2          ; 2.5 V        ; 0 s                 ; 0 s                 ; 2.62 V                       ; 2.74e-08 V                   ; 2.71 V              ; -0.0317 V           ; 0.148 V                              ; 0.064 V                              ; 4.51e-10 s                  ; 4.15e-10 s                  ; No                         ; Yes                        ; 2.62 V                      ; 2.74e-08 V                  ; 2.71 V             ; -0.0317 V          ; 0.148 V                             ; 0.064 V                             ; 4.51e-10 s                 ; 4.15e-10 s                 ; No                        ; Yes                       ;
; ADD           ; 2.5 V        ; 0 s                 ; 0 s                 ; 2.62 V                       ; 2.74e-08 V                   ; 2.73 V              ; -0.0384 V           ; 0.169 V                              ; 0.089 V                              ; 2.7e-10 s                   ; 2.62e-10 s                  ; Yes                        ; Yes                        ; 2.62 V                      ; 2.74e-08 V                  ; 2.73 V             ; -0.0384 V          ; 0.169 V                             ; 0.089 V                             ; 2.7e-10 s                  ; 2.62e-10 s                 ; Yes                       ; Yes                       ;
; MOV3          ; 2.5 V        ; 0 s                 ; 0 s                 ; 2.62 V                       ; 2.74e-08 V                   ; 2.71 V              ; -0.0317 V           ; 0.148 V                              ; 0.064 V                              ; 4.51e-10 s                  ; 4.15e-10 s                  ; No                         ; Yes                        ; 2.62 V                      ; 2.74e-08 V                  ; 2.71 V             ; -0.0317 V          ; 0.148 V                             ; 0.064 V                             ; 4.51e-10 s                 ; 4.15e-10 s                 ; No                        ; Yes                       ;
; SUB           ; 2.5 V        ; 0 s                 ; 0 s                 ; 2.62 V                       ; 2.74e-08 V                   ; 2.73 V              ; -0.0384 V           ; 0.169 V                              ; 0.089 V                              ; 2.7e-10 s                   ; 2.62e-10 s                  ; Yes                        ; Yes                        ; 2.62 V                      ; 2.74e-08 V                  ; 2.73 V             ; -0.0384 V          ; 0.169 V                             ; 0.089 V                             ; 2.7e-10 s                  ; 2.62e-10 s                 ; Yes                       ; Yes                       ;
; MUL           ; 2.5 V        ; 0 s                 ; 0 s                 ; 2.62 V                       ; 4.05e-08 V                   ; 2.72 V              ; -0.0349 V           ; 0.173 V                              ; 0.1 V                                ; 2.72e-10 s                  ; 2.69e-10 s                  ; Yes                        ; Yes                        ; 2.62 V                      ; 4.05e-08 V                  ; 2.72 V             ; -0.0349 V          ; 0.173 V                             ; 0.1 V                               ; 2.72e-10 s                 ; 2.69e-10 s                 ; Yes                       ; Yes                       ;
; AND           ; 2.5 V        ; 0 s                 ; 0 s                 ; 2.62 V                       ; 4.05e-08 V                   ; 2.72 V              ; -0.0349 V           ; 0.173 V                              ; 0.1 V                                ; 2.72e-10 s                  ; 2.69e-10 s                  ; Yes                        ; Yes                        ; 2.62 V                      ; 4.05e-08 V                  ; 2.72 V             ; -0.0349 V          ; 0.173 V                             ; 0.1 V                               ; 2.72e-10 s                 ; 2.69e-10 s                 ; Yes                       ; Yes                       ;
; OR            ; 2.5 V        ; 0 s                 ; 0 s                 ; 2.62 V                       ; 2.74e-08 V                   ; 2.73 V              ; -0.0384 V           ; 0.169 V                              ; 0.089 V                              ; 2.7e-10 s                   ; 2.62e-10 s                  ; Yes                        ; Yes                        ; 2.62 V                      ; 2.74e-08 V                  ; 2.73 V             ; -0.0384 V          ; 0.169 V                             ; 0.089 V                             ; 2.7e-10 s                  ; 2.62e-10 s                 ; Yes                       ; Yes                       ;
; NOR           ; 2.5 V        ; 0 s                 ; 0 s                 ; 2.62 V                       ; 4.05e-08 V                   ; 2.64 V              ; -0.0113 V           ; 0.208 V                              ; 0.179 V                              ; 2.38e-09 s                  ; 2.23e-09 s                  ; No                         ; Yes                        ; 2.62 V                      ; 4.05e-08 V                  ; 2.64 V             ; -0.0113 V          ; 0.208 V                             ; 0.179 V                             ; 2.38e-09 s                 ; 2.23e-09 s                 ; No                        ; Yes                       ;
; XOR           ; 2.5 V        ; 0 s                 ; 0 s                 ; 2.62 V                       ; 4.05e-08 V                   ; 2.72 V              ; -0.0349 V           ; 0.173 V                              ; 0.1 V                                ; 2.72e-10 s                  ; 2.69e-10 s                  ; Yes                        ; Yes                        ; 2.62 V                      ; 4.05e-08 V                  ; 2.72 V             ; -0.0349 V          ; 0.173 V                             ; 0.1 V                               ; 2.72e-10 s                 ; 2.69e-10 s                 ; Yes                       ; Yes                       ;
; ADD_SELF      ; 2.5 V        ; 0 s                 ; 0 s                 ; 2.62 V                       ; 4.05e-08 V                   ; 2.72 V              ; -0.0349 V           ; 0.173 V                              ; 0.1 V                                ; 2.72e-10 s                  ; 2.69e-10 s                  ; Yes                        ; Yes                        ; 2.62 V                      ; 4.05e-08 V                  ; 2.72 V             ; -0.0349 V          ; 0.173 V                             ; 0.1 V                               ; 2.72e-10 s                 ; 2.69e-10 s                 ; Yes                       ; Yes                       ;
; SUB_SELF      ; 2.5 V        ; 0 s                 ; 0 s                 ; 2.62 V                       ; 4.05e-08 V                   ; 2.72 V              ; -0.0349 V           ; 0.173 V                              ; 0.1 V                                ; 2.72e-10 s                  ; 2.69e-10 s                  ; Yes                        ; Yes                        ; 2.62 V                      ; 4.05e-08 V                  ; 2.72 V             ; -0.0349 V          ; 0.173 V                             ; 0.1 V                               ; 2.72e-10 s                 ; 2.69e-10 s                 ; Yes                       ; Yes                       ;
; HALT          ; 2.5 V        ; 0 s                 ; 0 s                 ; 2.62 V                       ; 2.74e-08 V                   ; 2.73 V              ; -0.0384 V           ; 0.169 V                              ; 0.089 V                              ; 2.7e-10 s                   ; 2.62e-10 s                  ; Yes                        ; Yes                        ; 2.62 V                      ; 2.74e-08 V                  ; 2.73 V             ; -0.0384 V          ; 0.169 V                             ; 0.089 V                             ; 2.7e-10 s                  ; 2.62e-10 s                 ; Yes                       ; Yes                       ;
; LSL           ; 2.5 V        ; 0 s                 ; 0 s                 ; 2.62 V                       ; 2.74e-08 V                   ; 2.73 V              ; -0.0384 V           ; 0.169 V                              ; 0.089 V                              ; 2.7e-10 s                   ; 2.62e-10 s                  ; Yes                        ; Yes                        ; 2.62 V                      ; 2.74e-08 V                  ; 2.73 V             ; -0.0384 V          ; 0.169 V                             ; 0.089 V                             ; 2.7e-10 s                  ; 2.62e-10 s                 ; Yes                       ; Yes                       ;
; LSR           ; 2.5 V        ; 0 s                 ; 0 s                 ; 2.62 V                       ; 4.05e-08 V                   ; 2.72 V              ; -0.0349 V           ; 0.173 V                              ; 0.1 V                                ; 2.72e-10 s                  ; 2.69e-10 s                  ; Yes                        ; Yes                        ; 2.62 V                      ; 4.05e-08 V                  ; 2.72 V             ; -0.0349 V          ; 0.173 V                             ; 0.1 V                               ; 2.72e-10 s                 ; 2.69e-10 s                 ; Yes                       ; Yes                       ;
; DIV           ; 2.5 V        ; 0 s                 ; 0 s                 ; 2.62 V                       ; 4.05e-08 V                   ; 2.72 V              ; -0.0349 V           ; 0.173 V                              ; 0.1 V                                ; 2.72e-10 s                  ; 2.69e-10 s                  ; Yes                        ; Yes                        ; 2.62 V                      ; 4.05e-08 V                  ; 2.72 V             ; -0.0349 V          ; 0.173 V                             ; 0.1 V                               ; 2.72e-10 s                 ; 2.69e-10 s                 ; Yes                       ; Yes                       ;
; ~ALTERA_DCLK~ ; 2.5 V        ; 0 s                 ; 0 s                 ; 2.62 V                       ; 2.22e-08 V                   ; 2.74 V              ; -0.06 V             ; 0.158 V                              ; 0.08 V                               ; 2.68e-10 s                  ; 2.19e-10 s                  ; Yes                        ; Yes                        ; 2.62 V                      ; 2.22e-08 V                  ; 2.74 V             ; -0.06 V            ; 0.158 V                             ; 0.08 V                              ; 2.68e-10 s                 ; 2.19e-10 s                 ; Yes                       ; Yes                       ;
; ~ALTERA_nCEO~ ; 2.5 V        ; 0 s                 ; 0 s                 ; 2.62 V                       ; 3.54e-08 V                   ; 2.7 V               ; -0.00943 V          ; 0.276 V                              ; 0.035 V                              ; 3.19e-10 s                  ; 4.99e-10 s                  ; No                         ; Yes                        ; 2.62 V                      ; 3.54e-08 V                  ; 2.7 V              ; -0.00943 V         ; 0.276 V                             ; 0.035 V                             ; 3.19e-10 s                 ; 4.99e-10 s                 ; No                        ; Yes                       ;
+---------------+--------------+---------------------+---------------------+------------------------------+------------------------------+---------------------+---------------------+--------------------------------------+--------------------------------------+-----------------------------+-----------------------------+----------------------------+----------------------------+-----------------------------+-----------------------------+--------------------+--------------------+-------------------------------------+-------------------------------------+----------------------------+----------------------------+---------------------------+---------------------------+


-------------------
; Clock Transfers ;
-------------------
Nothing to report.


---------------
; Report TCCS ;
---------------
No dedicated SERDES Transmitter circuitry present in device or used in design


---------------
; Report RSKM ;
---------------
No non-DPA dedicated SERDES Receiver circuitry present in device or used in design


+------------------------------------------------+
; Unconstrained Paths                            ;
+---------------------------------+-------+------+
; Property                        ; Setup ; Hold ;
+---------------------------------+-------+------+
; Illegal Clocks                  ; 0     ; 0    ;
; Unconstrained Clocks            ; 0     ; 0    ;
; Unconstrained Input Ports       ; 4     ; 4    ;
; Unconstrained Input Port Paths  ; 64    ; 64   ;
; Unconstrained Output Ports      ; 16    ; 16   ;
; Unconstrained Output Port Paths ; 64    ; 64   ;
+---------------------------------+-------+------+


+------------------------------------+
; TimeQuest Timing Analyzer Messages ;
+------------------------------------+
Info: *******************************************************************
Info: Running Quartus II 64-Bit TimeQuest Timing Analyzer
    Info: Version 13.1.0 Build 162 10/23/2013 SJ Full Version
    Info: Processing started: Mon Nov 06 14:49:11 2023
Info: Command: quartus_sta 4_16decoder -c 4_16decoder
Info: qsta_default_script.tcl version: #1
Info (20030): Parallel compilation is enabled and will use 16 of the 16 processors detected
Info (21077): Core supply voltage is 1.2V
Info (21077): Low junction temperature is 0 degrees C
Info (21077): High junction temperature is 85 degrees C
Critical Warning (332012): Synopsys Design Constraints File file not found: '4_16decoder.sdc'. A Synopsys Design Constraints File is required by the TimeQuest Timing Analyzer to get proper timing constraints. Without it, the Compiler will not properly optimize the design.
Info (332142): No user constrained base clocks found in the design. Calling "derive_clocks -period 1.0"
Info (332096): The command derive_clocks did not find any clocks to derive.  No clocks were created or changed.
Warning (332068): No clocks defined in design.
Info (332143): No user constrained clock uncertainty found in the design. Calling "derive_clock_uncertainty"
Info (332154): The derive_clock_uncertainty command did not apply clock uncertainty to any clock-to-clock transfers.
Info: Found TIMEQUEST_REPORT_SCRIPT_INCLUDE_DEFAULT_ANALYSIS = ON
Info (332159): No clocks to report
Info: Analyzing Slow 1200mV 85C Model
Info (332140): No fmax paths to report
Info (332140): No Setup paths to report
Info (332140): No Hold paths to report
Info (332140): No Recovery paths to report
Info (332140): No Removal paths to report
Info (332140): No Minimum Pulse Width paths to report
Info: Analyzing Slow 1200mV 0C Model
Info (334003): Started post-fitting delay annotation
Info (334004): Delay annotation completed successfully
Info (332142): No user constrained base clocks found in the design. Calling "derive_clocks -period 1.0"
Info (332096): The command derive_clocks did not find any clocks to derive.  No clocks were created or changed.
Warning (332068): No clocks defined in design.
Info (332154): The derive_clock_uncertainty command did not apply clock uncertainty to any clock-to-clock transfers.
Info (332140): No fmax paths to report
Info (332140): No Setup paths to report
Info (332140): No Hold paths to report
Info (332140): No Recovery paths to report
Info (332140): No Removal paths to report
Info (332140): No Minimum Pulse Width paths to report
Info: Analyzing Fast 1200mV 0C Model
Info (332142): No user constrained base clocks found in the design. Calling "derive_clocks -period 1.0"
Info (332096): The command derive_clocks did not find any clocks to derive.  No clocks were created or changed.
Warning (332068): No clocks defined in design.
Info (332154): The derive_clock_uncertainty command did not apply clock uncertainty to any clock-to-clock transfers.
Info (332140): No Setup paths to report
Info (332140): No Hold paths to report
Info (332140): No Recovery paths to report
Info (332140): No Removal paths to report
Info (332140): No Minimum Pulse Width paths to report
Info (332102): Design is not fully constrained for setup requirements
Info (332102): Design is not fully constrained for hold requirements
Info: Quartus II 64-Bit TimeQuest Timing Analyzer was successful. 0 errors, 4 warnings
    Info: Peak virtual memory: 4803 megabytes
    Info: Processing ended: Mon Nov 06 14:49:12 2023
    Info: Elapsed time: 00:00:01
    Info: Total CPU time (on all processors): 00:00:01


