Fitter report for select6
Sun Nov 17 19:53:46 2024
Quartus II 64-Bit Version 13.0.1 Build 232 06/12/2013 Service Pack 1 SJ Full Version


---------------------
; Table of Contents ;
---------------------
  1. Legal Notice
  2. Fitter Summary
  3. Fitter Settings
  4. Parallel Compilation
  5. I/O Assignment Warnings
  6. Incremental Compilation Preservation Summary
  7. Incremental Compilation Partition Settings
  8. Incremental Compilation Placement Preservation
  9. Pin-Out File
 10. Fitter Resource Usage Summary
 11. Fitter Partition Statistics
 12. Input Pins
 13. Output Pins
 14. Dual Purpose and Dedicated Pins
 15. I/O Bank Usage
 16. All Package Pins
 17. Fitter Resource Utilization by Entity
 18. Delay Chain Summary
 19. Pad To Core Delay Chain Fanout
 20. Non-Global High Fan-Out Signals
 21. Other Routing Usage Summary
 22. LAB Logic Elements
 23. LAB Signals Sourced
 24. LAB Signals Sourced Out
 25. LAB Distinct Inputs
 26. I/O Rules Summary
 27. I/O Rules Details
 28. I/O Rules Matrix
 29. Fitter Device Options
 30. Operating Settings and Conditions
 31. Fitter Messages
 32. Fitter Suppressed Messages



----------------
; Legal Notice ;
----------------
Copyright (C) 1991-2013 Altera Corporation
Your use of Altera Corporation's design tools, logic functions 
and other software and tools, and its AMPP partner logic 
functions, and any output files from any of the foregoing 
(including device programming or simulation files), and any 
associated documentation or information are expressly subject 
to the terms and conditions of the Altera Program License 
Subscription Agreement, Altera MegaCore Function License 
Agreement, or other applicable license agreement, including, 
without limitation, that your use is for the sole purpose of 
programming logic devices manufactured by Altera and sold by 
Altera or its authorized distributors.  Please refer to the 
applicable agreement for further details.



+---------------------------------------------------------------------------------------+
; Fitter Summary                                                                        ;
+------------------------------------+--------------------------------------------------+
; Fitter Status                      ; Successful - Sun Nov 17 19:53:46 2024            ;
; Quartus II 64-Bit Version          ; 13.0.1 Build 232 06/12/2013 SP 1 SJ Full Version ;
; Revision Name                      ; select6                                          ;
; Top-level Entity Name              ; select6                                          ;
; Family                             ; Cyclone IV GX                                    ;
; Device                             ; EP4CGX22CF19C6                                   ;
; Timing Models                      ; Final                                            ;
; Total logic elements               ; 48 / 21,280 ( < 1 % )                            ;
;     Total combinational functions  ; 48 / 21,280 ( < 1 % )                            ;
;     Dedicated logic registers      ; 0 / 21,280 ( 0 % )                               ;
; Total registers                    ; 0                                                ;
; Total pins                         ; 101 / 167 ( 60 % )                               ;
; Total virtual pins                 ; 0                                                ;
; Total memory bits                  ; 0 / 774,144 ( 0 % )                              ;
; Embedded Multiplier 9-bit elements ; 0 / 80 ( 0 % )                                   ;
; Total GXB Receiver Channel PCS     ; 0 / 4 ( 0 % )                                    ;
; Total GXB Receiver Channel PMA     ; 0 / 4 ( 0 % )                                    ;
; Total GXB Transmitter Channel PCS  ; 0 / 4 ( 0 % )                                    ;
; Total GXB Transmitter Channel PMA  ; 0 / 4 ( 0 % )                                    ;
; Total PLLs                         ; 0 / 4 ( 0 % )                                    ;
+------------------------------------+--------------------------------------------------+


+------------------------------------------------------------------------------------------------------------------------------------------------------------+
; Fitter Settings                                                                                                                                            ;
+----------------------------------------------------------------------------+---------------------------------------+---------------------------------------+
; Option                                                                     ; Setting                               ; Default Value                         ;
+----------------------------------------------------------------------------+---------------------------------------+---------------------------------------+
; Device                                                                     ; auto                                  ;                                       ;
; Fit Attempts to Skip                                                       ; 0                                     ; 0.0                                   ;
; Use smart compilation                                                      ; Off                                   ; Off                                   ;
; Enable parallel Assembler and TimeQuest Timing Analyzer during compilation ; On                                    ; On                                    ;
; Enable compact report table                                                ; Off                                   ; Off                                   ;
; Auto Merge PLLs                                                            ; On                                    ; On                                    ;
; Router Timing Optimization Level                                           ; Normal                                ; Normal                                ;
; Perform Clocking Topology Analysis During Routing                          ; Off                                   ; Off                                   ;
; Placement Effort Multiplier                                                ; 1.0                                   ; 1.0                                   ;
; Router Effort Multiplier                                                   ; 1.0                                   ; 1.0                                   ;
; Optimize Hold Timing                                                       ; All Paths                             ; All Paths                             ;
; Optimize Multi-Corner Timing                                               ; On                                    ; On                                    ;
; PowerPlay Power Optimization                                               ; Normal compilation                    ; Normal compilation                    ;
; SSN Optimization                                                           ; Off                                   ; Off                                   ;
; Optimize Timing                                                            ; Normal compilation                    ; Normal compilation                    ;
; Optimize Timing for ECOs                                                   ; Off                                   ; Off                                   ;
; Regenerate full fit report during ECO compiles                             ; Off                                   ; Off                                   ;
; Optimize IOC Register Placement for Timing                                 ; Normal                                ; Normal                                ;
; Limit to One Fitting Attempt                                               ; Off                                   ; Off                                   ;
; Final Placement Optimizations                                              ; Automatically                         ; Automatically                         ;
; Fitter Aggressive Routability Optimizations                                ; Automatically                         ; Automatically                         ;
; Fitter Initial Placement Seed                                              ; 1                                     ; 1                                     ;
; PCI I/O                                                                    ; Off                                   ; Off                                   ;
; Weak Pull-Up Resistor                                                      ; Off                                   ; Off                                   ;
; Enable Bus-Hold Circuitry                                                  ; Off                                   ; Off                                   ;
; Auto Packed Registers                                                      ; Auto                                  ; Auto                                  ;
; Auto Delay Chains                                                          ; On                                    ; On                                    ;
; Auto Delay Chains for High Fanout Input Pins                               ; Off                                   ; Off                                   ;
; Allow Single-ended Buffer for Differential-XSTL Input                      ; Off                                   ; Off                                   ;
; Treat Bidirectional Pin as Output Pin                                      ; Off                                   ; Off                                   ;
; Perform Physical Synthesis for Combinational Logic for Fitting             ; Off                                   ; Off                                   ;
; Perform Physical Synthesis for Combinational Logic for Performance         ; Off                                   ; Off                                   ;
; Perform Register Duplication for Performance                               ; Off                                   ; Off                                   ;
; Perform Logic to Memory Mapping for Fitting                                ; Off                                   ; Off                                   ;
; Perform Register Retiming for Performance                                  ; Off                                   ; Off                                   ;
; Perform Asynchronous Signal Pipelining                                     ; Off                                   ; Off                                   ;
; Fitter Effort                                                              ; Auto Fit                              ; Auto Fit                              ;
; Physical Synthesis Effort Level                                            ; Normal                                ; Normal                                ;
; Logic Cell Insertion - Logic Duplication                                   ; Auto                                  ; Auto                                  ;
; Auto Register Duplication                                                  ; Auto                                  ; Auto                                  ;
; Auto Global Clock                                                          ; On                                    ; On                                    ;
; Auto Global Register Control Signals                                       ; On                                    ; On                                    ;
; Generate GXB Reconfig MIF                                                  ; Off                                   ; Off                                   ;
; Reserve all unused pins                                                    ; As input tri-stated with weak pull-up ; As input tri-stated with weak pull-up ;
; Synchronizer Identification                                                ; Off                                   ; Off                                   ;
; Enable Beneficial Skew Optimization                                        ; On                                    ; On                                    ;
; Optimize Design for Metastability                                          ; On                                    ; On                                    ;
; Active Serial clock source                                                 ; FREQ_40MHz                            ; FREQ_40MHz                            ;
; Force Fitter to Avoid Periphery Placement Warnings                         ; Off                                   ; Off                                   ;
; Enable input tri-state on active configuration pins in user mode           ; Off                                   ; Off                                   ;
+----------------------------------------------------------------------------+---------------------------------------+---------------------------------------+


+------------------------------------------+
; Parallel Compilation                     ;
+----------------------------+-------------+
; Processors                 ; Number      ;
+----------------------------+-------------+
; Number detected on machine ; 16          ;
; Maximum allowed            ; 10          ;
;                            ;             ;
; Average used               ; 1.00        ;
; Maximum used               ; 10          ;
;                            ;             ;
; Usage by Processor         ; % Time Used ;
;     Processor 1            ; 100.0%      ;
;     Processors 2-10        ; < 0.1%      ;
;     Processors 11-16       ;   0.0%      ;
+----------------------------+-------------+


+-------------------------------------------+
; I/O Assignment Warnings                   ;
+-----------+-------------------------------+
; Pin Name  ; Reason                        ;
+-----------+-------------------------------+
; gout1     ; Incomplete set of assignments ;
; gout2     ; Incomplete set of assignments ;
; gout3     ; Incomplete set of assignments ;
; gout4     ; Incomplete set of assignments ;
; gout5     ; Incomplete set of assignments ;
; gout6     ; Incomplete set of assignments ;
; gout7     ; Incomplete set of assignments ;
; gout10    ; Incomplete set of assignments ;
; gout11    ; Incomplete set of assignments ;
; gout12    ; Incomplete set of assignments ;
; gout13    ; Incomplete set of assignments ;
; gout14    ; Incomplete set of assignments ;
; gout15    ; Incomplete set of assignments ;
; gout16    ; Incomplete set of assignments ;
; gout99    ; Incomplete set of assignments ;
; g88       ; Incomplete set of assignments ;
; h_choose  ; Incomplete set of assignments ;
; l_choose  ; Incomplete set of assignments ;
; l1        ; Incomplete set of assignments ;
; h1        ; Incomplete set of assignments ;
; y_choose  ; Incomplete set of assignments ;
; z_choose  ; Incomplete set of assignments ;
; z1        ; Incomplete set of assignments ;
; y1        ; Incomplete set of assignments ;
; n_choose2 ; Incomplete set of assignments ;
; n1        ; Incomplete set of assignments ;
; l2        ; Incomplete set of assignments ;
; h2        ; Incomplete set of assignments ;
; z2        ; Incomplete set of assignments ;
; y2        ; Incomplete set of assignments ;
; n2        ; Incomplete set of assignments ;
; l3        ; Incomplete set of assignments ;
; h3        ; Incomplete set of assignments ;
; z3        ; Incomplete set of assignments ;
; y3        ; Incomplete set of assignments ;
; n3        ; Incomplete set of assignments ;
; l4        ; Incomplete set of assignments ;
; h4        ; Incomplete set of assignments ;
; z4        ; Incomplete set of assignments ;
; y4        ; Incomplete set of assignments ;
; n4        ; Incomplete set of assignments ;
; l5        ; Incomplete set of assignments ;
; h5        ; Incomplete set of assignments ;
; z5        ; Incomplete set of assignments ;
; y5        ; Incomplete set of assignments ;
; n5        ; Incomplete set of assignments ;
; l6        ; Incomplete set of assignments ;
; h6        ; Incomplete set of assignments ;
; z6        ; Incomplete set of assignments ;
; y6        ; Incomplete set of assignments ;
; n6        ; Incomplete set of assignments ;
; l7        ; Incomplete set of assignments ;
; h7        ; Incomplete set of assignments ;
; z7        ; Incomplete set of assignments ;
; y7        ; Incomplete set of assignments ;
; n7        ; Incomplete set of assignments ;
; l10       ; Incomplete set of assignments ;
; h10       ; Incomplete set of assignments ;
; z10       ; Incomplete set of assignments ;
; y10       ; Incomplete set of assignments ;
; n10       ; Incomplete set of assignments ;
; l11       ; Incomplete set of assignments ;
; h11       ; Incomplete set of assignments ;
; z11       ; Incomplete set of assignments ;
; y11       ; Incomplete set of assignments ;
; n11       ; Incomplete set of assignments ;
; l12       ; Incomplete set of assignments ;
; h12       ; Incomplete set of assignments ;
; z12       ; Incomplete set of assignments ;
; y12       ; Incomplete set of assignments ;
; n12       ; Incomplete set of assignments ;
; l13       ; Incomplete set of assignments ;
; h13       ; Incomplete set of assignments ;
; z13       ; Incomplete set of assignments ;
; y13       ; Incomplete set of assignments ;
; n13       ; Incomplete set of assignments ;
; l14       ; Incomplete set of assignments ;
; h14       ; Incomplete set of assignments ;
; z14       ; Incomplete set of assignments ;
; y14       ; Incomplete set of assignments ;
; n14       ; Incomplete set of assignments ;
; l15       ; Incomplete set of assignments ;
; h15       ; Incomplete set of assignments ;
; z15       ; Incomplete set of assignments ;
; y15       ; Incomplete set of assignments ;
; n15       ; Incomplete set of assignments ;
; l16       ; Incomplete set of assignments ;
; h16       ; Incomplete set of assignments ;
; z16       ; Incomplete set of assignments ;
; y16       ; Incomplete set of assignments ;
; n16       ; Incomplete set of assignments ;
; l9        ; Incomplete set of assignments ;
; h9        ; Incomplete set of assignments ;
; z9        ; Incomplete set of assignments ;
; y9        ; Incomplete set of assignments ;
; n9        ; Incomplete set of assignments ;
; l8        ; Incomplete set of assignments ;
; h8        ; Incomplete set of assignments ;
; z8        ; Incomplete set of assignments ;
; y8        ; Incomplete set of assignments ;
; n8        ; Incomplete set of assignments ;
+-----------+-------------------------------+


+----------------------------------------------+
; Incremental Compilation Preservation Summary ;
+---------------------+------------------------+
; Type                ; Value                  ;
+---------------------+------------------------+
; Placement (by node) ;                        ;
;     -- Requested    ; 0 / 261 ( 0.00 % )     ;
;     -- Achieved     ; 0 / 261 ( 0.00 % )     ;
;                     ;                        ;
; Routing (by net)    ;                        ;
;     -- Requested    ; 0 / 0 ( 0.00 % )       ;
;     -- Achieved     ; 0 / 0 ( 0.00 % )       ;
+---------------------+------------------------+


+----------------------------------------------------------------------------------------------------------------------------------------------------------------------------------------+
; Incremental Compilation Partition Settings                                                                                                                                             ;
+--------------------------------+----------------+-------------------+-------------------------+------------------------+------------------------------+--------------------------------+
; Partition Name                 ; Partition Type ; Netlist Type Used ; Preservation Level Used ; Netlist Type Requested ; Preservation Level Requested ; Contents                       ;
+--------------------------------+----------------+-------------------+-------------------------+------------------------+------------------------------+--------------------------------+
; Top                            ; User-created   ; Source File       ; N/A                     ; Source File            ; N/A                          ;                                ;
; hard_block:auto_generated_inst ; Auto-generated ; Source File       ; N/A                     ; Source File            ; N/A                          ; hard_block:auto_generated_inst ;
+--------------------------------+----------------+-------------------+-------------------------+------------------------+------------------------------+--------------------------------+


+------------------------------------------------------------------------------------------------------------+
; Incremental Compilation Placement Preservation                                                             ;
+--------------------------------+---------+-------------------+-------------------------+-------------------+
; Partition Name                 ; # Nodes ; # Preserved Nodes ; Preservation Level Used ; Netlist Type Used ;
+--------------------------------+---------+-------------------+-------------------------+-------------------+
; Top                            ; 251     ; 0                 ; N/A                     ; Source File       ;
; hard_block:auto_generated_inst ; 10      ; 0                 ; N/A                     ; Source File       ;
+--------------------------------+---------+-------------------+-------------------------+-------------------+


+--------------+
; Pin-Out File ;
+--------------+
The pin-out file can be found in D:/quartutusII13.0/alter/test31/select6/output_files/select6.pin.


+---------------------------------------------------------------------+
; Fitter Resource Usage Summary                                       ;
+---------------------------------------------+-----------------------+
; Resource                                    ; Usage                 ;
+---------------------------------------------+-----------------------+
; Total logic elements                        ; 48 / 21,280 ( < 1 % ) ;
;     -- Combinational with no register       ; 48                    ;
;     -- Register only                        ; 0                     ;
;     -- Combinational with a register        ; 0                     ;
;                                             ;                       ;
; Logic element usage by number of LUT inputs ;                       ;
;     -- 4 input functions                    ; 48                    ;
;     -- 3 input functions                    ; 0                     ;
;     -- <=2 input functions                  ; 0                     ;
;     -- Register only                        ; 0                     ;
;                                             ;                       ;
; Logic elements by mode                      ;                       ;
;     -- normal mode                          ; 48                    ;
;     -- arithmetic mode                      ; 0                     ;
;                                             ;                       ;
; Total registers*                            ; 0 / 22,031 ( 0 % )    ;
;     -- Dedicated logic registers            ; 0 / 21,280 ( 0 % )    ;
;     -- I/O registers                        ; 0 / 751 ( 0 % )       ;
;                                             ;                       ;
; Total LABs:  partially or completely used   ; 4 / 1,330 ( < 1 % )   ;
; Virtual pins                                ; 0                     ;
; I/O pins                                    ; 101 / 167 ( 60 % )    ;
;     -- Clock pins                           ; 2 / 6 ( 33 % )        ;
;     -- Dedicated input pins                 ; 0 / 16 ( 0 % )        ;
;                                             ;                       ;
; Global signals                              ; 0                     ;
; M9Ks                                        ; 0 / 84 ( 0 % )        ;
; Total block memory bits                     ; 0 / 774,144 ( 0 % )   ;
; Total block memory implementation bits      ; 0 / 774,144 ( 0 % )   ;
; Embedded Multiplier 9-bit elements          ; 0 / 80 ( 0 % )        ;
; PLLs                                        ; 0 / 4 ( 0 % )         ;
; Global clocks                               ; 0 / 20 ( 0 % )        ;
; JTAGs                                       ; 0 / 1 ( 0 % )         ;
; CRC blocks                                  ; 0 / 1 ( 0 % )         ;
; ASMI blocks                                 ; 0 / 1 ( 0 % )         ;
; GXB Receiver channel PCSs                   ; 0 / 4 ( 0 % )         ;
; GXB Receiver channel PMAs                   ; 0 / 4 ( 0 % )         ;
; GXB Transmitter channel PCSs                ; 0 / 4 ( 0 % )         ;
; GXB Transmitter channel PMAs                ; 0 / 4 ( 0 % )         ;
; Impedance control blocks                    ; 0 / 3 ( 0 % )         ;
; Average interconnect usage (total/H/V)      ; 0% / 0% / 0%          ;
; Peak interconnect usage (total/H/V)         ; 1% / 1% / 1%          ;
; Maximum fan-out                             ; 16                    ;
; Highest non-global fan-out                  ; 16                    ;
; Total fan-out                               ; 314                   ;
; Average fan-out                             ; 1.21                  ;
+---------------------------------------------+-----------------------+
*  Register count does not include registers inside RAM blocks or DSP blocks.



+-----------------------------------------------------------------------------------------------------+
; Fitter Partition Statistics                                                                         ;
+---------------------------------------------+----------------------+--------------------------------+
; Statistic                                   ; Top                  ; hard_block:auto_generated_inst ;
+---------------------------------------------+----------------------+--------------------------------+
; Difficulty Clustering Region                ; Low                  ; Low                            ;
;                                             ;                      ;                                ;
; Total logic elements                        ; 48 / 21280 ( < 1 % ) ; 0 / 21280 ( 0 % )              ;
;     -- Combinational with no register       ; 48                   ; 0                              ;
;     -- Register only                        ; 0                    ; 0                              ;
;     -- Combinational with a register        ; 0                    ; 0                              ;
;                                             ;                      ;                                ;
; Logic element usage by number of LUT inputs ;                      ;                                ;
;     -- 4 input functions                    ; 48                   ; 0                              ;
;     -- 3 input functions                    ; 0                    ; 0                              ;
;     -- <=2 input functions                  ; 0                    ; 0                              ;
;     -- Register only                        ; 0                    ; 0                              ;
;                                             ;                      ;                                ;
; Logic elements by mode                      ;                      ;                                ;
;     -- normal mode                          ; 48                   ; 0                              ;
;     -- arithmetic mode                      ; 0                    ; 0                              ;
;                                             ;                      ;                                ;
; Total registers                             ; 0                    ; 0                              ;
;     -- Dedicated logic registers            ; 0 / 21280 ( 0 % )    ; 0 / 21280 ( 0 % )              ;
;                                             ;                      ;                                ;
; Total LABs:  partially or completely used   ; 4 / 1330 ( < 1 % )   ; 0 / 1330 ( 0 % )               ;
;                                             ;                      ;                                ;
; Virtual pins                                ; 0                    ; 0                              ;
; I/O pins                                    ; 101                  ; 0                              ;
; Embedded Multiplier 9-bit elements          ; 0 / 80 ( 0 % )       ; 0 / 80 ( 0 % )                 ;
; Total memory bits                           ; 0                    ; 0                              ;
; Total RAM block bits                        ; 0                    ; 0                              ;
;                                             ;                      ;                                ;
; Connections                                 ;                      ;                                ;
;     -- Input Connections                    ; 0                    ; 0                              ;
;     -- Registered Input Connections         ; 0                    ; 0                              ;
;     -- Output Connections                   ; 0                    ; 0                              ;
;     -- Registered Output Connections        ; 0                    ; 0                              ;
;                                             ;                      ;                                ;
; Internal Connections                        ;                      ;                                ;
;     -- Total Connections                    ; 309                  ; 5                              ;
;     -- Registered Connections               ; 0                    ; 0                              ;
;                                             ;                      ;                                ;
; External Connections                        ;                      ;                                ;
;     -- Top                                  ; 0                    ; 0                              ;
;     -- hard_block:auto_generated_inst       ; 0                    ; 0                              ;
;                                             ;                      ;                                ;
; Partition Interface                         ;                      ;                                ;
;     -- Input Ports                          ; 85                   ; 0                              ;
;     -- Output Ports                         ; 16                   ; 0                              ;
;     -- Bidir Ports                          ; 0                    ; 0                              ;
;                                             ;                      ;                                ;
; Registered Ports                            ;                      ;                                ;
;     -- Registered Input Ports               ; 0                    ; 0                              ;
;     -- Registered Output Ports              ; 0                    ; 0                              ;
;                                             ;                      ;                                ;
; Port Connectivity                           ;                      ;                                ;
;     -- Input Ports driven by GND            ; 0                    ; 0                              ;
;     -- Output Ports driven by GND           ; 0                    ; 0                              ;
;     -- Input Ports driven by VCC            ; 0                    ; 0                              ;
;     -- Output Ports driven by VCC           ; 0                    ; 0                              ;
;     -- Input Ports with no Source           ; 0                    ; 0                              ;
;     -- Output Ports with no Source          ; 0                    ; 0                              ;
;     -- Input Ports with no Fanout           ; 0                    ; 0                              ;
;     -- Output Ports with no Fanout          ; 0                    ; 0                              ;
+---------------------------------------------+----------------------+--------------------------------+


+----------------------------------------------------------------------------------------------------------------------------------------------------------------------------------------------------------------------------------------------------------------------------------------------+
; Input Pins                                                                                                                                                                                                                                                                                   ;
+-----------+-------+----------+--------------+--------------+--------------+-----------------------+--------------------+--------+----------------+---------------+-----------------+----------+--------------+--------------+-------------+---------------------------+----------------------+
; Name      ; Pin # ; I/O Bank ; X coordinate ; Y coordinate ; Z coordinate ; Combinational Fan-Out ; Registered Fan-Out ; Global ; Input Register ; Power Up High ; PCI I/O Enabled ; Bus Hold ; Weak Pull Up ; I/O Standard ; Termination ; Termination Control Block ; Location assigned by ;
+-----------+-------+----------+--------------+--------------+--------------+-----------------------+--------------------+--------+----------------+---------------+-----------------+----------+--------------+--------------+-------------+---------------------------+----------------------+
; h1        ; A15   ; 7        ; 34           ; 41           ; 7            ; 1                     ; 0                  ; no     ; no             ; no            ; yes             ; no       ; Off          ; 2.5 V        ; Off         ; --                        ; Fitter               ;
; h10       ; E16   ; 6        ; 52           ; 32           ; 21           ; 1                     ; 0                  ; no     ; no             ; no            ; yes             ; no       ; Off          ; 2.5 V        ; Off         ; --                        ; Fitter               ;
; h11       ; D18   ; 6        ; 52           ; 31           ; 7            ; 1                     ; 0                  ; no     ; no             ; no            ; yes             ; no       ; Off          ; 2.5 V        ; Off         ; --                        ; Fitter               ;
; h12       ; A16   ; 7        ; 38           ; 41           ; 0            ; 1                     ; 0                  ; no     ; no             ; no            ; yes             ; no       ; Off          ; 2.5 V        ; Off         ; --                        ; Fitter               ;
; h13       ; B16   ; 7        ; 38           ; 41           ; 7            ; 1                     ; 0                  ; no     ; no             ; no            ; yes             ; no       ; Off          ; 2.5 V        ; Off         ; --                        ; Fitter               ;
; h14       ; A17   ; 7        ; 46           ; 41           ; 14           ; 1                     ; 0                  ; no     ; no             ; no            ; yes             ; no       ; Off          ; 2.5 V        ; Off         ; --                        ; Fitter               ;
; h15       ; C14   ; 7        ; 43           ; 41           ; 0            ; 1                     ; 0                  ; no     ; no             ; no            ; yes             ; no       ; Off          ; 2.5 V        ; Off         ; --                        ; Fitter               ;
; h16       ; A13   ; 7        ; 31           ; 41           ; 14           ; 1                     ; 0                  ; no     ; no             ; no            ; yes             ; no       ; Off          ; 2.5 V        ; Off         ; --                        ; Fitter               ;
; h2        ; D11   ; 7        ; 31           ; 41           ; 0            ; 1                     ; 0                  ; no     ; no             ; no            ; yes             ; no       ; Off          ; 2.5 V        ; Off         ; --                        ; Fitter               ;
; h3        ; C12   ; 7        ; 36           ; 41           ; 0            ; 1                     ; 0                  ; no     ; no             ; no            ; yes             ; no       ; Off          ; 2.5 V        ; Off         ; --                        ; Fitter               ;
; h4        ; C15   ; 7        ; 41           ; 41           ; 7            ; 1                     ; 0                  ; no     ; no             ; no            ; yes             ; no       ; Off          ; 2.5 V        ; Off         ; --                        ; Fitter               ;
; h5        ; A18   ; 7        ; 46           ; 41           ; 21           ; 1                     ; 0                  ; no     ; no             ; no            ; yes             ; no       ; Off          ; 2.5 V        ; Off         ; --                        ; Fitter               ;
; h6        ; D15   ; 7        ; 46           ; 41           ; 0            ; 1                     ; 0                  ; no     ; no             ; no            ; yes             ; no       ; Off          ; 2.5 V        ; Off         ; --                        ; Fitter               ;
; h7        ; C17   ; 7        ; 48           ; 41           ; 7            ; 1                     ; 0                  ; no     ; no             ; no            ; yes             ; no       ; Off          ; 2.5 V        ; Off         ; --                        ; Fitter               ;
; h8        ; U10   ; 3        ; 23           ; 0            ; 0            ; 1                     ; 0                  ; no     ; no             ; no            ; yes             ; no       ; Off          ; 2.5 V        ; Off         ; --                        ; Fitter               ;
; h9        ; F18   ; 6        ; 52           ; 30           ; 0            ; 1                     ; 0                  ; no     ; no             ; no            ; yes             ; no       ; Off          ; 2.5 V        ; Off         ; --                        ; Fitter               ;
; h_choose  ; V11   ; 4        ; 27           ; 0            ; 7            ; 16                    ; 0                  ; no     ; no             ; no            ; yes             ; no       ; Off          ; 2.5 V        ; Off         ; --                        ; Fitter               ;
; l1        ; C16   ; 7        ; 48           ; 41           ; 0            ; 1                     ; 0                  ; no     ; no             ; no            ; yes             ; no       ; Off          ; 2.5 V        ; Off         ; --                        ; Fitter               ;
; l10       ; D17   ; 6        ; 52           ; 31           ; 0            ; 1                     ; 0                  ; no     ; no             ; no            ; yes             ; no       ; Off          ; 2.5 V        ; Off         ; --                        ; Fitter               ;
; l11       ; D12   ; 7        ; 31           ; 41           ; 7            ; 1                     ; 0                  ; no     ; no             ; no            ; yes             ; no       ; Off          ; 2.5 V        ; Off         ; --                        ; Fitter               ;
; l12       ; B13   ; 7        ; 31           ; 41           ; 21           ; 1                     ; 0                  ; no     ; no             ; no            ; yes             ; no       ; Off          ; 2.5 V        ; Off         ; --                        ; Fitter               ;
; l13       ; B15   ; 7        ; 41           ; 41           ; 0            ; 1                     ; 0                  ; no     ; no             ; no            ; yes             ; no       ; Off          ; 2.5 V        ; Off         ; --                        ; Fitter               ;
; l14       ; D16   ; 7        ; 46           ; 41           ; 7            ; 1                     ; 0                  ; no     ; no             ; no            ; yes             ; no       ; Off          ; 2.5 V        ; Off         ; --                        ; Fitter               ;
; l15       ; F16   ; 6        ; 52           ; 32           ; 14           ; 1                     ; 0                  ; no     ; no             ; no            ; yes             ; no       ; Off          ; 2.5 V        ; Off         ; --                        ; Fitter               ;
; l16       ; E12   ; 7        ; 41           ; 41           ; 21           ; 1                     ; 0                  ; no     ; no             ; no            ; yes             ; no       ; Off          ; 2.5 V        ; Off         ; --                        ; Fitter               ;
; l2        ; F15   ; 6        ; 52           ; 32           ; 0            ; 1                     ; 0                  ; no     ; no             ; no            ; yes             ; no       ; Off          ; 2.5 V        ; Off         ; --                        ; Fitter               ;
; l3        ; E15   ; 6        ; 52           ; 32           ; 7            ; 1                     ; 0                  ; no     ; no             ; no            ; yes             ; no       ; Off          ; 2.5 V        ; Off         ; --                        ; Fitter               ;
; l4        ; C18   ; 7        ; 50           ; 41           ; 0            ; 1                     ; 0                  ; no     ; no             ; no            ; yes             ; no       ; Off          ; 2.5 V        ; Off         ; --                        ; Fitter               ;
; l5        ; D14   ; 7        ; 43           ; 41           ; 7            ; 1                     ; 0                  ; no     ; no             ; no            ; yes             ; no       ; Off          ; 2.5 V        ; Off         ; --                        ; Fitter               ;
; l6        ; A14   ; 7        ; 34           ; 41           ; 0            ; 1                     ; 0                  ; no     ; no             ; no            ; yes             ; no       ; Off          ; 2.5 V        ; Off         ; --                        ; Fitter               ;
; l7        ; D13   ; 7        ; 41           ; 41           ; 14           ; 1                     ; 0                  ; no     ; no             ; no            ; yes             ; no       ; Off          ; 2.5 V        ; Off         ; --                        ; Fitter               ;
; l8        ; U9    ; 3        ; 16           ; 0            ; 7            ; 1                     ; 0                  ; no     ; no             ; no            ; yes             ; no       ; Off          ; 2.5 V        ; Off         ; --                        ; Fitter               ;
; l9        ; C13   ; 7        ; 36           ; 41           ; 7            ; 1                     ; 0                  ; no     ; no             ; no            ; yes             ; no       ; Off          ; 2.5 V        ; Off         ; --                        ; Fitter               ;
; l_choose  ; V12   ; 4        ; 27           ; 0            ; 0            ; 16                    ; 0                  ; no     ; no             ; no            ; yes             ; no       ; Off          ; 2.5 V        ; Off         ; --                        ; Fitter               ;
; n1        ; C7    ; 8        ; 10           ; 41           ; 0            ; 1                     ; 0                  ; no     ; no             ; no            ; yes             ; no       ; Off          ; 2.5 V        ; Off         ; --                        ; Fitter               ;
; n10       ; E18   ; 6        ; 52           ; 30           ; 7            ; 1                     ; 0                  ; no     ; no             ; no            ; yes             ; no       ; Off          ; 2.5 V        ; Off         ; --                        ; Fitter               ;
; n11       ; A11   ; 8        ; 23           ; 41           ; 7            ; 1                     ; 0                  ; no     ; no             ; no            ; yes             ; no       ; Off          ; 2.5 V        ; Off         ; --                        ; Fitter               ;
; n12       ; B12   ; 7        ; 27           ; 41           ; 7            ; 1                     ; 0                  ; no     ; no             ; no            ; yes             ; no       ; Off          ; 2.5 V        ; Off         ; --                        ; Fitter               ;
; n13       ; M17   ; 5        ; 52           ; 15           ; 7            ; 1                     ; 0                  ; no     ; no             ; no            ; yes             ; no       ; Off          ; 2.5 V        ; Off         ; --                        ; Fitter               ;
; n14       ; C10   ; 8        ; 25           ; 41           ; 0            ; 1                     ; 0                  ; no     ; no             ; no            ; yes             ; no       ; Off          ; 2.5 V        ; Off         ; --                        ; Fitter               ;
; n15       ; H16   ; 6        ; 52           ; 28           ; 0            ; 1                     ; 0                  ; no     ; no             ; no            ; yes             ; no       ; Off          ; 2.5 V        ; Off         ; --                        ; Fitter               ;
; n16       ; D7    ; 8        ; 10           ; 41           ; 7            ; 1                     ; 0                  ; no     ; no             ; no            ; yes             ; no       ; Off          ; 2.5 V        ; Off         ; --                        ; Fitter               ;
; n2        ; V15   ; 4        ; 34           ; 0            ; 0            ; 1                     ; 0                  ; no     ; no             ; no            ; yes             ; no       ; Off          ; 2.5 V        ; Off         ; --                        ; Fitter               ;
; n3        ; T9    ; 3        ; 18           ; 0            ; 0            ; 1                     ; 0                  ; no     ; no             ; no            ; yes             ; no       ; Off          ; 2.5 V        ; Off         ; --                        ; Fitter               ;
; n4        ; D8    ; 8        ; 14           ; 41           ; 0            ; 1                     ; 0                  ; no     ; no             ; no            ; yes             ; no       ; Off          ; 2.5 V        ; Off         ; --                        ; Fitter               ;
; n5        ; R12   ; 4        ; 36           ; 0            ; 7            ; 1                     ; 0                  ; no     ; no             ; no            ; yes             ; no       ; Off          ; 2.5 V        ; Off         ; --                        ; Fitter               ;
; n6        ; U12   ; 4        ; 31           ; 0            ; 0            ; 1                     ; 0                  ; no     ; no             ; no            ; yes             ; no       ; Off          ; 2.5 V        ; Off         ; --                        ; Fitter               ;
; n7        ; R18   ; 5        ; 52           ; 12           ; 0            ; 1                     ; 0                  ; no     ; no             ; no            ; yes             ; no       ; Off          ; 2.5 V        ; Off         ; --                        ; Fitter               ;
; n8        ; P13   ; 4        ; 38           ; 0            ; 0            ; 1                     ; 0                  ; no     ; no             ; no            ; yes             ; no       ; Off          ; 2.5 V        ; Off         ; --                        ; Fitter               ;
; n9        ; C6    ; 8        ; 7            ; 41           ; 14           ; 1                     ; 0                  ; no     ; no             ; no            ; yes             ; no       ; Off          ; 2.5 V        ; Off         ; --                        ; Fitter               ;
; n_choose2 ; P15   ; 4        ; 50           ; 0            ; 7            ; 16                    ; 0                  ; no     ; no             ; no            ; yes             ; no       ; Off          ; 2.5 V        ; Off         ; --                        ; Fitter               ;
; y1        ; A5    ; 8        ; 5            ; 41           ; 0            ; 1                     ; 0                  ; no     ; no             ; no            ; yes             ; no       ; Off          ; 2.5 V        ; Off         ; --                        ; Fitter               ;
; y10       ; G15   ; 6        ; 52           ; 28           ; 7            ; 1                     ; 0                  ; no     ; no             ; no            ; yes             ; no       ; Off          ; 2.5 V        ; Off         ; --                        ; Fitter               ;
; y11       ; C9    ; 8        ; 18           ; 41           ; 0            ; 1                     ; 0                  ; no     ; no             ; no            ; yes             ; no       ; Off          ; 2.5 V        ; Off         ; --                        ; Fitter               ;
; y12       ; A12   ; 7        ; 27           ; 41           ; 0            ; 1                     ; 0                  ; no     ; no             ; no            ; yes             ; no       ; Off          ; 2.5 V        ; Off         ; --                        ; Fitter               ;
; y13       ; K16   ; 5        ; 52           ; 18           ; 7            ; 1                     ; 0                  ; no     ; no             ; no            ; yes             ; no       ; Off          ; 2.5 V        ; Off         ; --                        ; Fitter               ;
; y14       ; D10   ; 7        ; 29           ; 41           ; 0            ; 1                     ; 0                  ; no     ; no             ; no            ; yes             ; no       ; Off          ; 2.5 V        ; Off         ; --                        ; Fitter               ;
; y15       ; F17   ; 6        ; 52           ; 25           ; 0            ; 1                     ; 0                  ; no     ; no             ; no            ; yes             ; no       ; Off          ; 2.5 V        ; Off         ; --                        ; Fitter               ;
; y16       ; D9    ; 8        ; 18           ; 41           ; 7            ; 1                     ; 0                  ; no     ; no             ; no            ; yes             ; no       ; Off          ; 2.5 V        ; Off         ; --                        ; Fitter               ;
; y2        ; V13   ; 4        ; 29           ; 0            ; 0            ; 1                     ; 0                  ; no     ; no             ; no            ; yes             ; no       ; Off          ; 2.5 V        ; Off         ; --                        ; Fitter               ;
; y3        ; T11   ; 4        ; 31           ; 0            ; 14           ; 1                     ; 0                  ; no     ; no             ; no            ; yes             ; no       ; Off          ; 2.5 V        ; Off         ; --                        ; Fitter               ;
; y4        ; T8    ; 3        ; 14           ; 0            ; 7            ; 1                     ; 0                  ; no     ; no             ; no            ; yes             ; no       ; Off          ; 2.5 V        ; Off         ; --                        ; Fitter               ;
; y5        ; E10   ; 7        ; 29           ; 41           ; 7            ; 1                     ; 0                  ; no     ; no             ; no            ; yes             ; no       ; Off          ; 2.5 V        ; Off         ; --                        ; Fitter               ;
; y6        ; T10   ; 3        ; 23           ; 0            ; 7            ; 1                     ; 0                  ; no     ; no             ; no            ; yes             ; no       ; Off          ; 2.5 V        ; Off         ; --                        ; Fitter               ;
; y7        ; N17   ; 5        ; 52           ; 16           ; 0            ; 1                     ; 0                  ; no     ; no             ; no            ; yes             ; no       ; Off          ; 2.5 V        ; Off         ; --                        ; Fitter               ;
; y8        ; R13   ; 4        ; 36           ; 0            ; 0            ; 1                     ; 0                  ; no     ; no             ; no            ; yes             ; no       ; Off          ; 2.5 V        ; Off         ; --                        ; Fitter               ;
; y9        ; A9    ; 8        ; 16           ; 41           ; 7            ; 1                     ; 0                  ; no     ; no             ; no            ; yes             ; no       ; Off          ; 2.5 V        ; Off         ; --                        ; Fitter               ;
; y_choose  ; T16   ; 4        ; 46           ; 0            ; 7            ; 16                    ; 0                  ; no     ; no             ; no            ; yes             ; no       ; Off          ; 2.5 V        ; Off         ; --                        ; Fitter               ;
; z1        ; C11   ; 8        ; 25           ; 41           ; 7            ; 1                     ; 0                  ; no     ; no             ; no            ; yes             ; no       ; Off          ; 2.5 V        ; Off         ; --                        ; Fitter               ;
; z10       ; M16   ; 5        ; 52           ; 15           ; 0            ; 1                     ; 0                  ; no     ; no             ; no            ; yes             ; no       ; Off          ; 2.5 V        ; Off         ; --                        ; Fitter               ;
; z11       ; B9    ; 8        ; 21           ; 41           ; 0            ; 1                     ; 0                  ; no     ; no             ; no            ; yes             ; no       ; Off          ; 2.5 V        ; Off         ; --                        ; Fitter               ;
; z12       ; L18   ; 5        ; 52           ; 19           ; 7            ; 1                     ; 0                  ; no     ; no             ; no            ; yes             ; no       ; Off          ; 2.5 V        ; Off         ; --                        ; Fitter               ;
; z13       ; G16   ; 6        ; 52           ; 27           ; 0            ; 1                     ; 0                  ; no     ; no             ; no            ; yes             ; no       ; Off          ; 2.5 V        ; Off         ; --                        ; Fitter               ;
; z14       ; C8    ; 8        ; 14           ; 41           ; 7            ; 1                     ; 0                  ; no     ; no             ; no            ; yes             ; no       ; Off          ; 2.5 V        ; Off         ; --                        ; Fitter               ;
; z15       ; M18   ; 5        ; 52           ; 19           ; 0            ; 1                     ; 0                  ; no     ; no             ; no            ; yes             ; no       ; Off          ; 2.5 V        ; Off         ; --                        ; Fitter               ;
; z16       ; B10   ; 8        ; 21           ; 41           ; 7            ; 1                     ; 0                  ; no     ; no             ; no            ; yes             ; no       ; Off          ; 2.5 V        ; Off         ; --                        ; Fitter               ;
; z2        ; R11   ; 4        ; 31           ; 0            ; 21           ; 1                     ; 0                  ; no     ; no             ; no            ; yes             ; no       ; Off          ; 2.5 V        ; Off         ; --                        ; Fitter               ;
; z3        ; U13   ; 4        ; 29           ; 0            ; 7            ; 1                     ; 0                  ; no     ; no             ; no            ; yes             ; no       ; Off          ; 2.5 V        ; Off         ; --                        ; Fitter               ;
; z4        ; D6    ; 8        ; 7            ; 41           ; 21           ; 1                     ; 0                  ; no     ; no             ; no            ; yes             ; no       ; Off          ; 2.5 V        ; Off         ; --                        ; Fitter               ;
; z5        ; V14   ; 4        ; 34           ; 0            ; 7            ; 1                     ; 0                  ; no     ; no             ; no            ; yes             ; no       ; Off          ; 2.5 V        ; Off         ; --                        ; Fitter               ;
; z6        ; R9    ; 3        ; 18           ; 0            ; 7            ; 1                     ; 0                  ; no     ; no             ; no            ; yes             ; no       ; Off          ; 2.5 V        ; Off         ; --                        ; Fitter               ;
; z7        ; J17   ; 6        ; 52           ; 23           ; 7            ; 1                     ; 0                  ; no     ; no             ; no            ; yes             ; no       ; Off          ; 2.5 V        ; Off         ; --                        ; Fitter               ;
; z8        ; T12   ; 4        ; 31           ; 0            ; 7            ; 1                     ; 0                  ; no     ; no             ; no            ; yes             ; no       ; Off          ; 2.5 V        ; Off         ; --                        ; Fitter               ;
; z9        ; A10   ; 8        ; 23           ; 41           ; 0            ; 1                     ; 0                  ; no     ; no             ; no            ; yes             ; no       ; Off          ; 2.5 V        ; Off         ; --                        ; Fitter               ;
; z_choose  ; V16   ; 4        ; 43           ; 0            ; 7            ; 16                    ; 0                  ; no     ; no             ; no            ; yes             ; no       ; Off          ; 2.5 V        ; Off         ; --                        ; Fitter               ;
+-----------+-------+----------+--------------+--------------+--------------+-----------------------+--------------------+--------+----------------+---------------+-----------------+----------+--------------+--------------+-------------+---------------------------+----------------------+


+---------------------------------------------------------------------------------------------------------------------------------------------------------------------------------------------------------------------------------------------------------------------------------------------------------------------------------------------------------------------------------------------------------------------------------------------------------+
; Output Pins                                                                                                                                                                                                                                                                                                                                                                                                                                             ;
+--------+-------+----------+--------------+--------------+--------------+-----------------+------------------------+---------------+-----------+-----------------+------------+---------------+----------+--------------+--------------+------------------+-----------------------------------+---------------------------+----------------------------+-----------------------------+----------------------+----------------------+---------------------+
; Name   ; Pin # ; I/O Bank ; X coordinate ; Y coordinate ; Z coordinate ; Output Register ; Output Enable Register ; Power Up High ; Slew Rate ; PCI I/O Enabled ; Open Drain ; TRI Primitive ; Bus Hold ; Weak Pull Up ; I/O Standard ; Current Strength ; Termination                       ; Termination Control Block ; Output Buffer Pre-emphasis ; Voltage Output Differential ; Location assigned by ; Output Enable Source ; Output Enable Group ;
+--------+-------+----------+--------------+--------------+--------------+-----------------+------------------------+---------------+-----------+-----------------+------------+---------------+----------+--------------+--------------+------------------+-----------------------------------+---------------------------+----------------------------+-----------------------------+----------------------+----------------------+---------------------+
; g88    ; V10   ; 3        ; 21           ; 0            ; 0            ; no              ; no                     ; no            ; 2         ; no              ; no         ; no            ; no       ; Off          ; 2.5 V        ; Default          ; Series 50 Ohm without Calibration ; --                        ; no                         ; no                          ; Fitter               ; -                    ; -                   ;
; gout1  ; V8    ; 3        ; 16           ; 0            ; 0            ; no              ; no                     ; no            ; 2         ; no              ; no         ; no            ; no       ; Off          ; 2.5 V        ; Default          ; Series 50 Ohm without Calibration ; --                        ; no                         ; no                          ; Fitter               ; -                    ; -                   ;
; gout10 ; J16   ; 6        ; 52           ; 23           ; 0            ; no              ; no                     ; no            ; 2         ; no              ; no         ; no            ; no       ; Off          ; 2.5 V        ; Default          ; Series 50 Ohm without Calibration ; --                        ; no                         ; no                          ; Fitter               ; -                    ; -                   ;
; gout11 ; A6    ; 8        ; 7            ; 41           ; 0            ; no              ; no                     ; no            ; 2         ; no              ; no         ; no            ; no       ; Off          ; 2.5 V        ; Default          ; Series 50 Ohm without Calibration ; --                        ; no                         ; no                          ; Fitter               ; -                    ; -                   ;
; gout12 ; K15   ; 5        ; 52           ; 18           ; 0            ; no              ; no                     ; no            ; 2         ; no              ; no         ; no            ; no       ; Off          ; 2.5 V        ; Default          ; Series 50 Ohm without Calibration ; --                        ; no                         ; no                          ; Fitter               ; -                    ; -                   ;
; gout13 ; G17   ; 6        ; 52           ; 27           ; 7            ; no              ; no                     ; no            ; 2         ; no              ; no         ; no            ; no       ; Off          ; 2.5 V        ; Default          ; Series 50 Ohm without Calibration ; --                        ; no                         ; no                          ; Fitter               ; -                    ; -                   ;
; gout14 ; B6    ; 8        ; 7            ; 41           ; 7            ; no              ; no                     ; no            ; 2         ; no              ; no         ; no            ; no       ; Off          ; 2.5 V        ; Default          ; Series 50 Ohm without Calibration ; --                        ; no                         ; no                          ; Fitter               ; -                    ; -                   ;
; gout15 ; G18   ; 6        ; 52           ; 25           ; 7            ; no              ; no                     ; no            ; 2         ; no              ; no         ; no            ; no       ; Off          ; 2.5 V        ; Default          ; Series 50 Ohm without Calibration ; --                        ; no                         ; no                          ; Fitter               ; -                    ; -                   ;
; gout16 ; B7    ; 8        ; 12           ; 41           ; 7            ; no              ; no                     ; no            ; 2         ; no              ; no         ; no            ; no       ; Off          ; 2.5 V        ; Default          ; Series 50 Ohm without Calibration ; --                        ; no                         ; no                          ; Fitter               ; -                    ; -                   ;
; gout2  ; P10   ; 3        ; 25           ; 0            ; 7            ; no              ; no                     ; no            ; 2         ; no              ; no         ; no            ; no       ; Off          ; 2.5 V        ; Default          ; Series 50 Ohm without Calibration ; --                        ; no                         ; no                          ; Fitter               ; -                    ; -                   ;
; gout3  ; P12   ; 4        ; 38           ; 0            ; 7            ; no              ; no                     ; no            ; 2         ; no              ; no         ; no            ; no       ; Off          ; 2.5 V        ; Default          ; Series 50 Ohm without Calibration ; --                        ; no                         ; no                          ; Fitter               ; -                    ; -                   ;
; gout4  ; A8    ; 8        ; 16           ; 41           ; 0            ; no              ; no                     ; no            ; 2         ; no              ; no         ; no            ; no       ; Off          ; 2.5 V        ; Default          ; Series 50 Ohm without Calibration ; --                        ; no                         ; no                          ; Fitter               ; -                    ; -                   ;
; gout5  ; R10   ; 3        ; 25           ; 0            ; 0            ; no              ; no                     ; no            ; 2         ; no              ; no         ; no            ; no       ; Off          ; 2.5 V        ; Default          ; Series 50 Ohm without Calibration ; --                        ; no                         ; no                          ; Fitter               ; -                    ; -                   ;
; gout6  ; V9    ; 3        ; 21           ; 0            ; 7            ; no              ; no                     ; no            ; 2         ; no              ; no         ; no            ; no       ; Off          ; 2.5 V        ; Default          ; Series 50 Ohm without Calibration ; --                        ; no                         ; no                          ; Fitter               ; -                    ; -                   ;
; gout7  ; N18   ; 5        ; 52           ; 16           ; 7            ; no              ; no                     ; no            ; 2         ; no              ; no         ; no            ; no       ; Off          ; 2.5 V        ; Default          ; Series 50 Ohm without Calibration ; --                        ; no                         ; no                          ; Fitter               ; -                    ; -                   ;
; gout99 ; A7    ; 8        ; 12           ; 41           ; 0            ; no              ; no                     ; no            ; 2         ; no              ; no         ; no            ; no       ; Off          ; 2.5 V        ; Default          ; Series 50 Ohm without Calibration ; --                        ; no                         ; no                          ; Fitter               ; -                    ; -                   ;
+--------+-------+----------+--------------+--------------+--------------+-----------------+------------------------+---------------+-----------+-----------------+------------+---------------+----------+--------------+--------------+------------------+-----------------------------------+---------------------------+----------------------------+-----------------------------+----------------------+----------------------+---------------------+


+-----------------------------------------------------------------------------------------------------------+
; Dual Purpose and Dedicated Pins                                                                           ;
+----------+----------------------+--------------------------+------------------+---------------------------+
; Location ; Pin Name             ; Reserved As              ; User Signal Name ; Pin Type                  ;
+----------+----------------------+--------------------------+------------------+---------------------------+
; P4       ; MSEL2                ; -                        ; -                ; Dedicated Programming Pin ;
; R5       ; MSEL1                ; -                        ; -                ; Dedicated Programming Pin ;
; T5       ; MSEL0                ; -                        ; -                ; Dedicated Programming Pin ;
; U4       ; CONF_DONE            ; -                        ; -                ; Dedicated Programming Pin ;
; V4       ; nSTATUS              ; -                        ; -                ; Dedicated Programming Pin ;
; R6       ; DIFFIO_B1n, NCEO     ; Use as programming pin   ; ~ALTERA_NCEO~    ; Dual Purpose Pin          ;
; G18      ; DIFFIO_R6n, DEV_OE   ; Use as regular IO        ; gout15           ; Dual Purpose Pin          ;
; E18      ; DIFFIO_R4n, DEV_CLRn ; Use as regular IO        ; n10              ; Dual Purpose Pin          ;
; A4       ; DATA0                ; As input tri-stated      ; ~ALTERA_DATA0~   ; Dual Purpose Pin          ;
; B4       ; ASDO                 ; As input tri-stated      ; ~ALTERA_ASDO~    ; Dual Purpose Pin          ;
; C5       ; NCSO                 ; As input tri-stated      ; ~ALTERA_NCSO~    ; Dual Purpose Pin          ;
; D5       ; DCLK                 ; As output driving ground ; ~ALTERA_DCLK~    ; Dual Purpose Pin          ;
; C4       ; nCONFIG              ; -                        ; -                ; Dedicated Programming Pin ;
; D3       ; nCE                  ; -                        ; -                ; Dedicated Programming Pin ;
+----------+----------------------+--------------------------+------------------+---------------------------+


+-------------------------------------------------------------------------------+
; I/O Bank Usage                                                                ;
+----------+------------------+---------------+--------------+------------------+
; I/O Bank ; Usage            ; VCCIO Voltage ; VREF Voltage ; VCCCLKIN Voltage ;
+----------+------------------+---------------+--------------+------------------+
; QL0      ; 0 / 16 ( 0 % )   ; --            ; --           ; --               ;
; 3        ; 12 / 26 ( 46 % ) ; 2.5V          ; --           ; --               ;
; 3A       ; 0 / 2 ( 0 % )    ; --            ; --           ; 2.5V             ;
; 4        ; 17 / 28 ( 61 % ) ; 2.5V          ; --           ; --               ;
; 5        ; 9 / 20 ( 45 % )  ; 2.5V          ; --           ; --               ;
; 6        ; 16 / 18 ( 89 % ) ; 2.5V          ; --           ; --               ;
; 7        ; 27 / 28 ( 96 % ) ; 2.5V          ; --           ; --               ;
; 8A       ; 0 / 2 ( 0 % )    ; --            ; --           ; 2.5V             ;
; 8        ; 21 / 23 ( 91 % ) ; 2.5V          ; --           ; --               ;
; 9        ; 4 / 4 ( 100 % )  ; 2.5V          ; --           ; --               ;
+----------+------------------+---------------+--------------+------------------+


+--------------------------------------------------------------------------------------------------------------------------------------------------------------------------------+
; All Package Pins                                                                                                                                                               ;
+----------+------------+----------+--------------------------------------------------+--------+--------------+---------+------------+-----------------+----------+--------------+
; Location ; Pad Number ; I/O Bank ; Pin Name/Usage                                   ; Dir.   ; I/O Standard ; Voltage ; I/O Type   ; User Assignment ; Bus Hold ; Weak Pull Up ;
+----------+------------+----------+--------------------------------------------------+--------+--------------+---------+------------+-----------------+----------+--------------+
; A1       ;            ;          ; GND                                              ; gnd    ;              ;         ; --         ;                 ; --       ; --           ;
; A2       ;            ;          ; GND                                              ; gnd    ;              ;         ; --         ;                 ; --       ; --           ;
; A3       ;            ;          ; GND                                              ; gnd    ;              ;         ; --         ;                 ; --       ; --           ;
; A4       ; 168        ; 9        ; ~ALTERA_DATA0~ / RESERVED_INPUT_WITH_WEAK_PULLUP ; input  ; 2.5 V        ;         ; Column I/O ; N               ; no       ; On           ;
; A5       ; 165        ; 8        ; y1                                               ; input  ; 2.5 V        ;         ; Column I/O ; N               ; no       ; Off          ;
; A6       ; 161        ; 8        ; gout11                                           ; output ; 2.5 V        ;         ; Column I/O ; N               ; no       ; Off          ;
; A7       ; 157        ; 8        ; gout99                                           ; output ; 2.5 V        ;         ; Column I/O ; N               ; no       ; Off          ;
; A8       ; 153        ; 8        ; gout4                                            ; output ; 2.5 V        ;         ; Column I/O ; N               ; no       ; Off          ;
; A9       ; 154        ; 8        ; y9                                               ; input  ; 2.5 V        ;         ; Column I/O ; N               ; no       ; Off          ;
; A10      ; 147        ; 8        ; z9                                               ; input  ; 2.5 V        ;         ; Column I/O ; N               ; no       ; Off          ;
; A11      ; 148        ; 8        ; n11                                              ; input  ; 2.5 V        ;         ; Column I/O ; N               ; no       ; Off          ;
; A12      ; 141        ; 7        ; y12                                              ; input  ; 2.5 V        ;         ; Column I/O ; N               ; no       ; Off          ;
; A13      ; 137        ; 7        ; h16                                              ; input  ; 2.5 V        ;         ; Column I/O ; N               ; no       ; Off          ;
; A14      ; 133        ; 7        ; l6                                               ; input  ; 2.5 V        ;         ; Column I/O ; N               ; no       ; Off          ;
; A15      ; 134        ; 7        ; h1                                               ; input  ; 2.5 V        ;         ; Column I/O ; N               ; no       ; Off          ;
; A16      ; 129        ; 7        ; h12                                              ; input  ; 2.5 V        ;         ; Column I/O ; N               ; no       ; Off          ;
; A17      ; 121        ; 7        ; h14                                              ; input  ; 2.5 V        ;         ; Column I/O ; N               ; no       ; Off          ;
; A18      ; 122        ; 7        ; h5                                               ; input  ; 2.5 V        ;         ; Column I/O ; N               ; no       ; Off          ;
; B1       ; 1          ; QL0      ; GXB_NC                                           ;        ;              ;         ; --         ;                 ; --       ; --           ;
; B2       ; 0          ; QL0      ; GXB_NC                                           ;        ;              ;         ; --         ;                 ; --       ; --           ;
; B3       ;            ;          ; GND                                              ; gnd    ;              ;         ; --         ;                 ; --       ; --           ;
; B4       ; 169        ; 9        ; ~ALTERA_ASDO~ / RESERVED_INPUT_WITH_WEAK_PULLUP  ; input  ; 2.5 V        ;         ; Column I/O ; N               ; no       ; On           ;
; B5       ; 166        ; 8        ; RESERVED_INPUT_WITH_WEAK_PULLUP                  ;        ;              ;         ; Column I/O ;                 ; no       ; On           ;
; B6       ; 162        ; 8        ; gout14                                           ; output ; 2.5 V        ;         ; Column I/O ; N               ; no       ; Off          ;
; B7       ; 158        ; 8        ; gout16                                           ; output ; 2.5 V        ;         ; Column I/O ; N               ; no       ; Off          ;
; B8       ;            ;          ; GND                                              ; gnd    ;              ;         ; --         ;                 ; --       ; --           ;
; B9       ; 149        ; 8        ; z11                                              ; input  ; 2.5 V        ;         ; Column I/O ; N               ; no       ; Off          ;
; B10      ; 150        ; 8        ; z16                                              ; input  ; 2.5 V        ;         ; Column I/O ; N               ; no       ; Off          ;
; B11      ;            ;          ; GND                                              ; gnd    ;              ;         ; --         ;                 ; --       ; --           ;
; B12      ; 142        ; 7        ; n12                                              ; input  ; 2.5 V        ;         ; Column I/O ; N               ; no       ; Off          ;
; B13      ; 138        ; 7        ; l12                                              ; input  ; 2.5 V        ;         ; Column I/O ; N               ; no       ; Off          ;
; B14      ;            ;          ; GND                                              ; gnd    ;              ;         ; --         ;                 ; --       ; --           ;
; B15      ; 125        ; 7        ; l13                                              ; input  ; 2.5 V        ;         ; Column I/O ; N               ; no       ; Off          ;
; B16      ; 130        ; 7        ; h13                                              ; input  ; 2.5 V        ;         ; Column I/O ; N               ; no       ; Off          ;
; B17      ;            ;          ; GND                                              ; gnd    ;              ;         ; --         ;                 ; --       ; --           ;
; B18      ; 116        ; 7        ; RESERVED_INPUT_WITH_WEAK_PULLUP                  ;        ;              ;         ; Column I/O ;                 ; no       ; On           ;
; C1       ;            ;          ; GND                                              ; gnd    ;              ;         ; --         ;                 ; --       ; --           ;
; C2       ;            ;          ; GND                                              ; gnd    ;              ;         ; --         ;                 ; --       ; --           ;
; C3       ;            ;          ; GND                                              ; gnd    ;              ;         ; --         ;                 ; --       ; --           ;
; C4       ; 172        ; 9        ; ^nCONFIG                                         ;        ;              ;         ; --         ;                 ; --       ; --           ;
; C5       ; 170        ; 9        ; ~ALTERA_NCSO~ / RESERVED_INPUT_WITH_WEAK_PULLUP  ; input  ; 2.5 V        ;         ; Column I/O ; N               ; no       ; On           ;
; C6       ; 163        ; 8        ; n9                                               ; input  ; 2.5 V        ;         ; Column I/O ; N               ; no       ; Off          ;
; C7       ; 159        ; 8        ; n1                                               ; input  ; 2.5 V        ;         ; Column I/O ; N               ; no       ; Off          ;
; C8       ; 156        ; 8        ; z14                                              ; input  ; 2.5 V        ;         ; Column I/O ; N               ; no       ; Off          ;
; C9       ; 151        ; 8        ; y11                                              ; input  ; 2.5 V        ;         ; Column I/O ; N               ; no       ; Off          ;
; C10      ; 145        ; 8        ; n14                                              ; input  ; 2.5 V        ;         ; Column I/O ; N               ; no       ; Off          ;
; C11      ; 146        ; 8        ; z1                                               ; input  ; 2.5 V        ;         ; Column I/O ; N               ; no       ; Off          ;
; C12      ; 131        ; 7        ; h3                                               ; input  ; 2.5 V        ;         ; Column I/O ; N               ; no       ; Off          ;
; C13      ; 132        ; 7        ; l9                                               ; input  ; 2.5 V        ;         ; Column I/O ; N               ; no       ; Off          ;
; C14      ; 123        ; 7        ; h15                                              ; input  ; 2.5 V        ;         ; Column I/O ; N               ; no       ; Off          ;
; C15      ; 126        ; 7        ; h4                                               ; input  ; 2.5 V        ;         ; Column I/O ; N               ; no       ; Off          ;
; C16      ; 117        ; 7        ; l1                                               ; input  ; 2.5 V        ;         ; Column I/O ; N               ; no       ; Off          ;
; C17      ; 118        ; 7        ; h7                                               ; input  ; 2.5 V        ;         ; Column I/O ; N               ; no       ; Off          ;
; C18      ; 115        ; 7        ; l4                                               ; input  ; 2.5 V        ;         ; Column I/O ; N               ; no       ; Off          ;
; D1       ; 3          ; QL0      ; GXB_GND*                                         ;        ;              ;         ; --         ;                 ; --       ; --           ;
; D2       ; 2          ; QL0      ; GXB_GND*                                         ;        ;              ;         ; --         ;                 ; --       ; --           ;
; D3       ; 173        ; 9        ; ^nCE                                             ;        ;              ;         ; --         ;                 ; --       ; --           ;
; D4       ; 174        ; 9        ; #TDI                                             ; input  ;              ;         ; --         ;                 ; --       ; --           ;
; D5       ; 171        ; 9        ; ~ALTERA_DCLK~                                    ; output ; 2.5 V        ;         ; Column I/O ; N               ; no       ; On           ;
; D6       ; 164        ; 8        ; z4                                               ; input  ; 2.5 V        ;         ; Column I/O ; N               ; no       ; Off          ;
; D7       ; 160        ; 8        ; n16                                              ; input  ; 2.5 V        ;         ; Column I/O ; N               ; no       ; Off          ;
; D8       ; 155        ; 8        ; n4                                               ; input  ; 2.5 V        ;         ; Column I/O ; N               ; no       ; Off          ;
; D9       ; 152        ; 8        ; y16                                              ; input  ; 2.5 V        ;         ; Column I/O ; N               ; no       ; Off          ;
; D10      ; 139        ; 7        ; y14                                              ; input  ; 2.5 V        ;         ; Column I/O ; N               ; no       ; Off          ;
; D11      ; 135        ; 7        ; h2                                               ; input  ; 2.5 V        ;         ; Column I/O ; N               ; no       ; Off          ;
; D12      ; 136        ; 7        ; l11                                              ; input  ; 2.5 V        ;         ; Column I/O ; N               ; no       ; Off          ;
; D13      ; 127        ; 7        ; l7                                               ; input  ; 2.5 V        ;         ; Column I/O ; N               ; no       ; Off          ;
; D14      ; 124        ; 7        ; l5                                               ; input  ; 2.5 V        ;         ; Column I/O ; N               ; no       ; Off          ;
; D15      ; 119        ; 7        ; h6                                               ; input  ; 2.5 V        ;         ; Column I/O ; N               ; no       ; Off          ;
; D16      ; 120        ; 7        ; l14                                              ; input  ; 2.5 V        ;         ; Column I/O ; N               ; no       ; Off          ;
; D17      ; 110        ; 6        ; l10                                              ; input  ; 2.5 V        ;         ; Row I/O    ; N               ; no       ; Off          ;
; D18      ; 109        ; 6        ; h11                                              ; input  ; 2.5 V        ;         ; Row I/O    ; N               ; no       ; Off          ;
; E1       ;            ;          ; GND                                              ; gnd    ;              ;         ; --         ;                 ; --       ; --           ;
; E2       ;            ;          ; GND                                              ; gnd    ;              ;         ; --         ;                 ; --       ; --           ;
; E3       ; 176        ; 9        ; #TMS                                             ; input  ;              ;         ; --         ;                 ; --       ; --           ;
; E4       ; 177        ; 9        ; #TDO                                             ; output ;              ;         ; --         ;                 ; --       ; --           ;
; E5       ; 175        ; 9        ; #TCK                                             ; input  ;              ;         ; --         ;                 ; --       ; --           ;
; E6       ; 167        ; 8        ; RESERVED_INPUT_WITH_WEAK_PULLUP                  ;        ;              ;         ; Column I/O ;                 ; no       ; On           ;
; E7       ;            ; 8        ; VCCIO8                                           ; power  ;              ; 2.5V    ; --         ;                 ; --       ; --           ;
; E8       ;            ;          ; GND                                              ; gnd    ;              ;         ; --         ;                 ; --       ; --           ;
; E9       ;            ; 8        ; VCCIO8                                           ; power  ;              ; 2.5V    ; --         ;                 ; --       ; --           ;
; E10      ; 140        ; 7        ; y5                                               ; input  ; 2.5 V        ;         ; Column I/O ; N               ; no       ; Off          ;
; E11      ;            ;          ; GND                                              ; gnd    ;              ;         ; --         ;                 ; --       ; --           ;
; E12      ; 128        ; 7        ; l16                                              ; input  ; 2.5 V        ;         ; Column I/O ; N               ; no       ; Off          ;
; E13      ;            ; 7        ; VCCIO7                                           ; power  ;              ; 2.5V    ; --         ;                 ; --       ; --           ;
; E14      ;            ;          ; GND                                              ; gnd    ;              ;         ; --         ;                 ; --       ; --           ;
; E15      ; 113        ; 6        ; l3                                               ; input  ; 2.5 V        ;         ; Row I/O    ; N               ; no       ; Off          ;
; E16      ; 111        ; 6        ; h10                                              ; input  ; 2.5 V        ;         ; Row I/O    ; N               ; no       ; Off          ;
; E17      ;            ;          ; GND                                              ; gnd    ;              ;         ; --         ;                 ; --       ; --           ;
; E18      ; 107        ; 6        ; n10                                              ; input  ; 2.5 V        ;         ; Row I/O    ; N               ; no       ; Off          ;
; F1       ; 5          ; QL0      ; GXB_NC                                           ;        ;              ;         ; --         ;                 ; --       ; --           ;
; F2       ; 4          ; QL0      ; GXB_NC                                           ;        ;              ;         ; --         ;                 ; --       ; --           ;
; F3       ;            ; --       ; VCCL_GXB                                         ; power  ;              ; 1.2V    ; --         ;                 ; --       ; --           ;
; F4       ;            ; 9        ; VCCIO9                                           ; power  ;              ; 2.5V    ; --         ;                 ; --       ; --           ;
; F5       ;            ;          ; GND                                              ; gnd    ;              ;         ; --         ;                 ; --       ; --           ;
; F6       ;            ;          ; VCCD_PLL                                         ; power  ;              ; 1.2V    ; --         ;                 ; --       ; --           ;
; F7       ;            ;          ; VCCINT                                           ; power  ;              ; 1.2V    ; --         ;                 ; --       ; --           ;
; F8       ;            ; 8        ; VCCIO8                                           ; power  ;              ; 2.5V    ; --         ;                 ; --       ; --           ;
; F9       ;            ; 8A       ; VCC_CLKIN8A                                      ; power  ;              ; 2.5V    ; --         ;                 ; --       ; --           ;
; F10      ;            ; 7        ; VCCIO7                                           ; power  ;              ; 2.5V    ; --         ;                 ; --       ; --           ;
; F11      ;            ; 7        ; VCCIO7                                           ; power  ;              ; 2.5V    ; --         ;                 ; --       ; --           ;
; F12      ;            ; 7        ; VCCIO7                                           ; power  ;              ; 2.5V    ; --         ;                 ; --       ; --           ;
; F13      ;            ;          ; GND                                              ; gnd    ;              ;         ; --         ;                 ; --       ; --           ;
; F14      ;            ;          ; VCCD_PLL                                         ; power  ;              ; 1.2V    ; --         ;                 ; --       ; --           ;
; F15      ; 114        ; 6        ; l2                                               ; input  ; 2.5 V        ;         ; Row I/O    ; N               ; no       ; Off          ;
; F16      ; 112        ; 6        ; l15                                              ; input  ; 2.5 V        ;         ; Row I/O    ; N               ; no       ; Off          ;
; F17      ; 102        ; 6        ; y15                                              ; input  ; 2.5 V        ;         ; Row I/O    ; N               ; no       ; Off          ;
; F18      ; 108        ; 6        ; h9                                               ; input  ; 2.5 V        ;         ; Row I/O    ; N               ; no       ; Off          ;
; G1       ;            ;          ; GND                                              ; gnd    ;              ;         ; --         ;                 ; --       ; --           ;
; G2       ;            ;          ; GND                                              ; gnd    ;              ;         ; --         ;                 ; --       ; --           ;
; G3       ;            ; --       ; VCCH_GXB                                         ; power  ;              ; 2.5V    ; --         ;                 ; --       ; --           ;
; G4       ;            ;          ; VCCINT                                           ; power  ;              ; 1.2V    ; --         ;                 ; --       ; --           ;
; G5       ;            ; --       ; VCCA                                             ; power  ;              ; 2.5V    ; --         ;                 ; --       ; --           ;
; G6       ;            ;          ; VCCINT                                           ; power  ;              ; 1.2V    ; --         ;                 ; --       ; --           ;
; G7       ;            ;          ; GND                                              ; gnd    ;              ;         ; --         ;                 ; --       ; --           ;
; G8       ;            ;          ; VCCINT                                           ; power  ;              ; 1.2V    ; --         ;                 ; --       ; --           ;
; G9       ; 143        ; 8A       ; GXB_GND*                                         ;        ;              ;         ; Column I/O ;                 ; --       ; --           ;
; G10      ; 144        ; 8A       ; GXB_GND*                                         ;        ;              ;         ; Column I/O ;                 ; --       ; --           ;
; G11      ;            ;          ; GND                                              ; gnd    ;              ;         ; --         ;                 ; --       ; --           ;
; G12      ;            ;          ; VCCINT                                           ; power  ;              ; 1.2V    ; --         ;                 ; --       ; --           ;
; G13      ;            ; --       ; VCCA                                             ; power  ;              ; 2.5V    ; --         ;                 ; --       ; --           ;
; G14      ;            ; 6        ; VCCIO6                                           ; power  ;              ; 2.5V    ; --         ;                 ; --       ; --           ;
; G15      ; 105        ; 6        ; y10                                              ; input  ; 2.5 V        ;         ; Row I/O    ; N               ; no       ; Off          ;
; G16      ; 104        ; 6        ; z13                                              ; input  ; 2.5 V        ;         ; Row I/O    ; N               ; no       ; Off          ;
; G17      ; 103        ; 6        ; gout13                                           ; output ; 2.5 V        ;         ; Row I/O    ; N               ; no       ; Off          ;
; G18      ; 101        ; 6        ; gout15                                           ; output ; 2.5 V        ;         ; Row I/O    ; N               ; no       ; Off          ;
; H1       ; 7          ; QL0      ; GXB_GND*                                         ;        ;              ;         ; --         ;                 ; --       ; --           ;
; H2       ; 6          ; QL0      ; GXB_GND*                                         ;        ;              ;         ; --         ;                 ; --       ; --           ;
; H3       ;            ; --       ; VCCL_GXB                                         ; power  ;              ; 1.2V    ; --         ;                 ; --       ; --           ;
; H4       ;            ;          ; GND                                              ; gnd    ;              ;         ; --         ;                 ; --       ; --           ;
; H5       ;            ;          ; VCCINT                                           ; power  ;              ; 1.2V    ; --         ;                 ; --       ; --           ;
; H6       ;            ;          ; GND                                              ; gnd    ;              ;         ; --         ;                 ; --       ; --           ;
; H7       ;            ;          ; VCCINT                                           ; power  ;              ; 1.2V    ; --         ;                 ; --       ; --           ;
; H8       ;            ;          ; GND                                              ; gnd    ;              ;         ; --         ;                 ; --       ; --           ;
; H9       ;            ;          ; VCCINT                                           ; power  ;              ; 1.2V    ; --         ;                 ; --       ; --           ;
; H10      ;            ;          ; GND                                              ; gnd    ;              ;         ; --         ;                 ; --       ; --           ;
; H11      ;            ;          ; VCCINT                                           ; power  ;              ; 1.2V    ; --         ;                 ; --       ; --           ;
; H12      ;            ;          ; GND                                              ; gnd    ;              ;         ; --         ;                 ; --       ; --           ;
; H13      ;            ;          ; VCCINT                                           ; power  ;              ; 1.2V    ; --         ;                 ; --       ; --           ;
; H14      ;            ;          ; GND                                              ; gnd    ;              ;         ; --         ;                 ; --       ; --           ;
; H15      ;            ; 6        ; VCCIO6                                           ; power  ;              ; 2.5V    ; --         ;                 ; --       ; --           ;
; H16      ; 106        ; 6        ; n15                                              ; input  ; 2.5 V        ;         ; Row I/O    ; N               ; no       ; Off          ;
; H17      ;            ;          ; GND                                              ; gnd    ;              ;         ; --         ;                 ; --       ; --           ;
; H18      ; 97         ; 6        ; GND+                                             ;        ;              ;         ; Row I/O    ;                 ; --       ; --           ;
; J1       ;            ;          ; GND                                              ; gnd    ;              ;         ; --         ;                 ; --       ; --           ;
; J2       ;            ;          ; GND                                              ; gnd    ;              ;         ; --         ;                 ; --       ; --           ;
; J3       ;            ; --       ; VCCA_GXB                                         ; power  ;              ; 2.5V    ; --         ;                 ; --       ; --           ;
; J4       ;            ;          ; VCCINT                                           ; power  ;              ; 1.2V    ; --         ;                 ; --       ; --           ;
; J5       ;            ;          ; GND                                              ; gnd    ;              ;         ; --         ;                 ; --       ; --           ;
; J6       ;            ;          ; VCCINT                                           ; power  ;              ; 1.2V    ; --         ;                 ; --       ; --           ;
; J7       ;            ;          ; GND                                              ; gnd    ;              ;         ; --         ;                 ; --       ; --           ;
; J8       ;            ;          ; VCCINT                                           ; power  ;              ; 1.2V    ; --         ;                 ; --       ; --           ;
; J9       ;            ;          ; GND                                              ; gnd    ;              ;         ; --         ;                 ; --       ; --           ;
; J10      ;            ;          ; VCCINT                                           ; power  ;              ; 1.2V    ; --         ;                 ; --       ; --           ;
; J11      ;            ;          ; GND                                              ; gnd    ;              ;         ; --         ;                 ; --       ; --           ;
; J12      ;            ;          ; VCCINT                                           ; power  ;              ; 1.2V    ; --         ;                 ; --       ; --           ;
; J13      ;            ;          ; GND                                              ; gnd    ;              ;         ; --         ;                 ; --       ; --           ;
; J14      ;            ;          ; VCCINT                                           ; power  ;              ; 1.2V    ; --         ;                 ; --       ; --           ;
; J15      ;            ; 6        ; VCCIO6                                           ; power  ;              ; 2.5V    ; --         ;                 ; --       ; --           ;
; J16      ; 100        ; 6        ; gout10                                           ; output ; 2.5 V        ;         ; Row I/O    ; N               ; no       ; Off          ;
; J17      ; 99         ; 6        ; z7                                               ; input  ; 2.5 V        ;         ; Row I/O    ; N               ; no       ; Off          ;
; J18      ; 98         ; 6        ; GND+                                             ;        ;              ;         ; Row I/O    ;                 ; --       ; --           ;
; K1       ; 9          ; QL0      ; GXB_NC                                           ;        ;              ;         ; --         ;                 ; --       ; --           ;
; K2       ; 8          ; QL0      ; GXB_NC                                           ;        ;              ;         ; --         ;                 ; --       ; --           ;
; K3       ;            ; --       ; VCCL_GXB                                         ; power  ;              ; 1.2V    ; --         ;                 ; --       ; --           ;
; K4       ;            ;          ; GND                                              ; gnd    ;              ;         ; --         ;                 ; --       ; --           ;
; K5       ;            ;          ; VCCINT                                           ; power  ;              ; 1.2V    ; --         ;                 ; --       ; --           ;
; K6       ;            ;          ; GND                                              ; gnd    ;              ;         ; --         ;                 ; --       ; --           ;
; K7       ;            ;          ; VCCINT                                           ; power  ;              ; 1.2V    ; --         ;                 ; --       ; --           ;
; K8       ;            ;          ; GND                                              ; gnd    ;              ;         ; --         ;                 ; --       ; --           ;
; K9       ;            ;          ; VCCINT                                           ; power  ;              ; 1.2V    ; --         ;                 ; --       ; --           ;
; K10      ;            ;          ; GND                                              ; gnd    ;              ;         ; --         ;                 ; --       ; --           ;
; K11      ;            ;          ; VCCINT                                           ; power  ;              ; 1.2V    ; --         ;                 ; --       ; --           ;
; K12      ;            ;          ; GND                                              ; gnd    ;              ;         ; --         ;                 ; --       ; --           ;
; K13      ;            ;          ; VCCINT                                           ; power  ;              ; 1.2V    ; --         ;                 ; --       ; --           ;
; K14      ;            ; 5        ; VCCIO5                                           ; power  ;              ; 2.5V    ; --         ;                 ; --       ; --           ;
; K15      ; 92         ; 5        ; gout12                                           ; output ; 2.5 V        ;         ; Row I/O    ; N               ; no       ; Off          ;
; K16      ; 91         ; 5        ; y13                                              ; input  ; 2.5 V        ;         ; Row I/O    ; N               ; no       ; Off          ;
; K17      ; 96         ; 5        ; GND+                                             ;        ;              ;         ; Row I/O    ;                 ; --       ; --           ;
; K18      ; 95         ; 5        ; GND+                                             ;        ;              ;         ; Row I/O    ;                 ; --       ; --           ;
; L1       ;            ;          ; GND                                              ; gnd    ;              ;         ; --         ;                 ; --       ; --           ;
; L2       ;            ;          ; GND                                              ; gnd    ;              ;         ; --         ;                 ; --       ; --           ;
; L3       ;            ; --       ; VCCH_GXB                                         ; power  ;              ; 2.5V    ; --         ;                 ; --       ; --           ;
; L4       ;            ;          ; VCCINT                                           ; power  ;              ; 1.2V    ; --         ;                 ; --       ; --           ;
; L5       ;            ;          ; GND                                              ; gnd    ;              ;         ; --         ;                 ; --       ; --           ;
; L6       ;            ; --       ; VCCA                                             ; power  ;              ; 2.5V    ; --         ;                 ; --       ; --           ;
; L7       ;            ;          ; GND                                              ; gnd    ;              ;         ; --         ;                 ; --       ; --           ;
; L8       ;            ;          ; VCCINT                                           ; power  ;              ; 1.2V    ; --         ;                 ; --       ; --           ;
; L9       ;            ;          ; GND                                              ; gnd    ;              ;         ; --         ;                 ; --       ; --           ;
; L10      ;            ;          ; VCCINT                                           ; power  ;              ; 1.2V    ; --         ;                 ; --       ; --           ;
; L11      ;            ;          ; GND                                              ; gnd    ;              ;         ; --         ;                 ; --       ; --           ;
; L12      ;            ;          ; VCCINT                                           ; power  ;              ; 1.2V    ; --         ;                 ; --       ; --           ;
; L13      ;            ; --       ; VCCA                                             ; power  ;              ; 2.5V    ; --         ;                 ; --       ; --           ;
; L14      ;            ;          ; GND                                              ; gnd    ;              ;         ; --         ;                 ; --       ; --           ;
; L15      ; 86         ; 5        ; RESERVED_INPUT_WITH_WEAK_PULLUP                  ;        ;              ;         ; Row I/O    ;                 ; no       ; On           ;
; L16      ; 85         ; 5        ; RESERVED_INPUT_WITH_WEAK_PULLUP                  ;        ;              ;         ; Row I/O    ;                 ; --       ; --           ;
; L17      ;            ;          ; GND                                              ; gnd    ;              ;         ; --         ;                 ; --       ; --           ;
; L18      ; 93         ; 5        ; z12                                              ; input  ; 2.5 V        ;         ; Row I/O    ; N               ; no       ; Off          ;
; M1       ; 11         ; QL0      ; GXB_GND*                                         ;        ;              ;         ; --         ;                 ; --       ; --           ;
; M2       ; 10         ; QL0      ; GXB_GND*                                         ;        ;              ;         ; --         ;                 ; --       ; --           ;
; M3       ;            ; --       ; VCCL_GXB                                         ; power  ;              ; 1.2V    ; --         ;                 ; --       ; --           ;
; M4       ;            ;          ; GND                                              ; gnd    ;              ;         ; --         ;                 ; --       ; --           ;
; M5       ;            ;          ; VCCD_PLL                                         ; power  ;              ; 1.2V    ; --         ;                 ; --       ; --           ;
; M6       ;            ;          ; GND                                              ; gnd    ;              ;         ; --         ;                 ; --       ; --           ;
; M7       ; 31         ; 3        ; RESERVED_INPUT_WITH_WEAK_PULLUP                  ;        ;              ;         ; Column I/O ;                 ; no       ; On           ;
; M8       ;            ;          ; GND                                              ; gnd    ;              ;         ; --         ;                 ; --       ; --           ;
; M9       ; 47         ; 3A       ; GXB_GND*                                         ;        ;              ;         ; Column I/O ;                 ; --       ; --           ;
; M10      ; 48         ; 3A       ; GXB_GND*                                         ;        ;              ;         ; Column I/O ;                 ; --       ; --           ;
; M11      ;            ;          ; VCCINT                                           ; power  ;              ; 1.2V    ; --         ;                 ; --       ; --           ;
; M12      ;            ;          ; GND                                              ; gnd    ;              ;         ; --         ;                 ; --       ; --           ;
; M13      ;            ;          ; GND                                              ; gnd    ;              ;         ; --         ;                 ; --       ; --           ;
; M14      ;            ;          ; VCCD_PLL                                         ; power  ;              ; 1.2V    ; --         ;                 ; --       ; --           ;
; M15      ;            ; 5        ; VCCIO5                                           ; power  ;              ; 2.5V    ; --         ;                 ; --       ; --           ;
; M16      ; 88         ; 5        ; z10                                              ; input  ; 2.5 V        ;         ; Row I/O    ; N               ; no       ; Off          ;
; M17      ; 87         ; 5        ; n13                                              ; input  ; 2.5 V        ;         ; Row I/O    ; N               ; no       ; Off          ;
; M18      ; 94         ; 5        ; z15                                              ; input  ; 2.5 V        ;         ; Row I/O    ; N               ; no       ; Off          ;
; N1       ;            ;          ; GND                                              ; gnd    ;              ;         ; --         ;                 ; --       ; --           ;
; N2       ;            ;          ; GND                                              ; gnd    ;              ;         ; --         ;                 ; --       ; --           ;
; N3       ;            ; --       ; VCCA_GXB                                         ; power  ;              ; 2.5V    ; --         ;                 ; --       ; --           ;
; N4       ;            ;          ; VCCINT                                           ; power  ;              ; 1.2V    ; --         ;                 ; --       ; --           ;
; N5       ; 21         ; 3        ; RESERVED_INPUT_WITH_WEAK_PULLUP                  ;        ;              ;         ; Column I/O ;                 ; no       ; On           ;
; N6       ; 22         ; 3        ; RESERVED_INPUT_WITH_WEAK_PULLUP                  ;        ;              ;         ; Column I/O ;                 ; no       ; On           ;
; N7       ; 32         ; 3        ; RESERVED_INPUT_WITH_WEAK_PULLUP                  ;        ;              ;         ; Column I/O ;                 ; no       ; On           ;
; N8       ;            ; 3        ; VCCIO3                                           ; power  ;              ; 2.5V    ; --         ;                 ; --       ; --           ;
; N9       ;            ; 3A       ; VCC_CLKIN3A                                      ; power  ;              ; 2.5V    ; --         ;                 ; --       ; --           ;
; N10      ;            ;          ; GND                                              ; gnd    ;              ;         ; --         ;                 ; --       ; --           ;
; N11      ;            ; 4        ; VCCIO4                                           ; power  ;              ; 2.5V    ; --         ;                 ; --       ; --           ;
; N12      ;            ; 4        ; VCCIO4                                           ; power  ;              ; 2.5V    ; --         ;                 ; --       ; --           ;
; N13      ;            ; 4        ; VCCIO4                                           ; power  ;              ; 2.5V    ; --         ;                 ; --       ; --           ;
; N14      ;            ; 4        ; VCCIO4                                           ; power  ;              ; 2.5V    ; --         ;                 ; --       ; --           ;
; N15      ; 77         ; 5        ; RESERVED_INPUT_WITH_WEAK_PULLUP                  ;        ;              ;         ; Row I/O    ;                 ; no       ; On           ;
; N16      ; 78         ; 5        ; RESERVED_INPUT_WITH_WEAK_PULLUP                  ;        ;              ;         ; Row I/O    ;                 ; no       ; On           ;
; N17      ; 90         ; 5        ; y7                                               ; input  ; 2.5 V        ;         ; Row I/O    ; N               ; no       ; Off          ;
; N18      ; 89         ; 5        ; gout7                                            ; output ; 2.5 V        ;         ; Row I/O    ; N               ; no       ; Off          ;
; P1       ; 13         ; QL0      ; GXB_NC                                           ;        ;              ;         ; --         ;                 ; --       ; --           ;
; P2       ; 12         ; QL0      ; GXB_NC                                           ;        ;              ;         ; --         ;                 ; --       ; --           ;
; P3       ;            ;          ; GND                                              ; gnd    ;              ;         ; --         ;                 ; --       ; --           ;
; P4       ; 16         ; 3        ; ^MSEL2                                           ;        ;              ;         ; --         ;                 ; --       ; --           ;
; P5       ;            ;          ; GND                                              ; gnd    ;              ;         ; --         ;                 ; --       ; --           ;
; P6       ; 23         ; 3        ; RESERVED_INPUT_WITH_WEAK_PULLUP                  ;        ;              ;         ; Column I/O ;                 ; no       ; On           ;
; P7       ;            ; 3        ; VCCIO3                                           ; power  ;              ; 2.5V    ; --         ;                 ; --       ; --           ;
; P8       ;            ;          ; GND                                              ; gnd    ;              ;         ; --         ;                 ; --       ; --           ;
; P9       ;            ; 3        ; VCCIO3                                           ; power  ;              ; 2.5V    ; --         ;                 ; --       ; --           ;
; P10      ; 45         ; 3        ; gout2                                            ; output ; 2.5 V        ;         ; Column I/O ; N               ; no       ; Off          ;
; P11      ;            ;          ; GND                                              ; gnd    ;              ;         ; --         ;                 ; --       ; --           ;
; P12      ; 61         ; 4        ; gout3                                            ; output ; 2.5 V        ;         ; Column I/O ; N               ; no       ; Off          ;
; P13      ; 62         ; 4        ; n8                                               ; input  ; 2.5 V        ;         ; Column I/O ; N               ; no       ; Off          ;
; P14      ;            ;          ; GND                                              ; gnd    ;              ;         ; --         ;                 ; --       ; --           ;
; P15      ; 75         ; 4        ; n_choose2                                        ; input  ; 2.5 V        ;         ; Column I/O ; N               ; no       ; Off          ;
; P16      ; 79         ; 5        ; RESERVED_INPUT_WITH_WEAK_PULLUP                  ;        ;              ;         ; Row I/O    ;                 ; no       ; On           ;
; P17      ;            ;          ; GND                                              ; gnd    ;              ;         ; --         ;                 ; --       ; --           ;
; P18      ; 83         ; 5        ; RESERVED_INPUT_WITH_WEAK_PULLUP                  ;        ;              ;         ; Row I/O    ;                 ; no       ; On           ;
; R1       ;            ;          ; GND                                              ; gnd    ;              ;         ; --         ;                 ; --       ; --           ;
; R2       ;            ;          ; GND                                              ; gnd    ;              ;         ; --         ;                 ; --       ; --           ;
; R3       ;            ;          ; GND                                              ; gnd    ;              ;         ; --         ;                 ; --       ; --           ;
; R4       ;            ; --       ; VCCL_GXB                                         ; power  ;              ; 1.2V    ; --         ;                 ; --       ; --           ;
; R5       ; 17         ; 3        ; ^MSEL1                                           ;        ;              ;         ; --         ;                 ; --       ; --           ;
; R6       ; 24         ; 3        ; ~ALTERA_NCEO~ / RESERVED_OUTPUT_OPEN_DRAIN       ; output ; 2.5 V        ;         ; Column I/O ; N               ; no       ; Off          ;
; R7       ; 29         ; 3        ; RESERVED_INPUT_WITH_WEAK_PULLUP                  ;        ;              ;         ; Column I/O ;                 ; no       ; On           ;
; R8       ; 36         ; 3        ; RESERVED_INPUT_WITH_WEAK_PULLUP                  ;        ;              ;         ; Column I/O ;                 ; --       ; --           ;
; R9       ; 39         ; 3        ; z6                                               ; input  ; 2.5 V        ;         ; Column I/O ; N               ; no       ; Off          ;
; R10      ; 46         ; 3        ; gout5                                            ; output ; 2.5 V        ;         ; Column I/O ; N               ; no       ; Off          ;
; R11      ; 53         ; 4        ; z2                                               ; input  ; 2.5 V        ;         ; Column I/O ; N               ; no       ; Off          ;
; R12      ; 59         ; 4        ; n5                                               ; input  ; 2.5 V        ;         ; Column I/O ; N               ; no       ; Off          ;
; R13      ; 60         ; 4        ; y8                                               ; input  ; 2.5 V        ;         ; Column I/O ; N               ; no       ; Off          ;
; R14      ; 73         ; 4        ; RESERVED_INPUT_WITH_WEAK_PULLUP                  ;        ;              ;         ; Column I/O ;                 ; no       ; On           ;
; R15      ; 76         ; 4        ; RESERVED_INPUT_WITH_WEAK_PULLUP                  ;        ;              ;         ; Column I/O ;                 ; no       ; On           ;
; R16      ; 80         ; 5        ; RESERVED_INPUT_WITH_WEAK_PULLUP                  ;        ;              ;         ; Row I/O    ;                 ; no       ; On           ;
; R17      ; 82         ; 5        ; RESERVED_INPUT_WITH_WEAK_PULLUP                  ;        ;              ;         ; Row I/O    ;                 ; no       ; On           ;
; R18      ; 84         ; 5        ; n7                                               ; input  ; 2.5 V        ;         ; Row I/O    ; N               ; no       ; Off          ;
; T1       ; 15         ; QL0      ; GXB_GND*                                         ;        ;              ;         ; --         ;                 ; --       ; --           ;
; T2       ; 14         ; QL0      ; GXB_GND*                                         ;        ;              ;         ; --         ;                 ; --       ; --           ;
; T3       ;            ;          ; GND                                              ; gnd    ;              ;         ; --         ;                 ; --       ; --           ;
; T4       ;            ; --       ; VCCA_GXB                                         ; power  ;              ; 2.5V    ; --         ;                 ; --       ; --           ;
; T5       ; 18         ; 3        ; ^MSEL0                                           ;        ;              ;         ; --         ;                 ; --       ; --           ;
; T6       ; 25         ; 3        ; RESERVED_INPUT_WITH_WEAK_PULLUP                  ;        ;              ;         ; Column I/O ;                 ; no       ; On           ;
; T7       ; 30         ; 3        ; RESERVED_INPUT_WITH_WEAK_PULLUP                  ;        ;              ;         ; Column I/O ;                 ; no       ; On           ;
; T8       ; 35         ; 3        ; y4                                               ; input  ; 2.5 V        ;         ; Column I/O ; N               ; no       ; Off          ;
; T9       ; 40         ; 3        ; n3                                               ; input  ; 2.5 V        ;         ; Column I/O ; N               ; no       ; Off          ;
; T10      ; 43         ; 3        ; y6                                               ; input  ; 2.5 V        ;         ; Column I/O ; N               ; no       ; Off          ;
; T11      ; 54         ; 4        ; y3                                               ; input  ; 2.5 V        ;         ; Column I/O ; N               ; no       ; Off          ;
; T12      ; 55         ; 4        ; z8                                               ; input  ; 2.5 V        ;         ; Column I/O ; N               ; no       ; Off          ;
; T13      ; 63         ; 4        ; RESERVED_INPUT_WITH_WEAK_PULLUP                  ;        ;              ;         ; Column I/O ;                 ; no       ; On           ;
; T14      ; 64         ; 4        ; RESERVED_INPUT_WITH_WEAK_PULLUP                  ;        ;              ;         ; Column I/O ;                 ; no       ; On           ;
; T15      ; 74         ; 4        ; RESERVED_INPUT_WITH_WEAK_PULLUP                  ;        ;              ;         ; Column I/O ;                 ; no       ; On           ;
; T16      ; 71         ; 4        ; y_choose                                         ; input  ; 2.5 V        ;         ; Column I/O ; N               ; no       ; Off          ;
; T17      ; 72         ; 4        ; RESERVED_INPUT_WITH_WEAK_PULLUP                  ;        ;              ;         ; Column I/O ;                 ; no       ; On           ;
; T18      ; 81         ; 5        ; RESERVED_INPUT_WITH_WEAK_PULLUP                  ;        ;              ;         ; Row I/O    ;                 ; no       ; On           ;
; U1       ;            ;          ; GND                                              ; gnd    ;              ;         ; --         ;                 ; --       ; --           ;
; U2       ;            ;          ; GND                                              ; gnd    ;              ;         ; --         ;                 ; --       ; --           ;
; U3       ;            ;          ; NC                                               ;        ;              ;         ; --         ;                 ; --       ; --           ;
; U4       ; 19         ; 3        ; ^CONF_DONE                                       ;        ;              ;         ; --         ;                 ; --       ; --           ;
; U5       ;            ;          ; GND                                              ; gnd    ;              ;         ; --         ;                 ; --       ; --           ;
; U6       ; 26         ; 3        ; RESERVED_INPUT_WITH_WEAK_PULLUP                  ;        ;              ;         ; Column I/O ;                 ; no       ; On           ;
; U7       ; 33         ; 3        ; RESERVED_INPUT_WITH_WEAK_PULLUP                  ;        ;              ;         ; Column I/O ;                 ; no       ; On           ;
; U8       ;            ;          ; GND                                              ; gnd    ;              ;         ; --         ;                 ; --       ; --           ;
; U9       ; 37         ; 3        ; l8                                               ; input  ; 2.5 V        ;         ; Column I/O ; N               ; no       ; Off          ;
; U10      ; 44         ; 3        ; h8                                               ; input  ; 2.5 V        ;         ; Column I/O ; N               ; no       ; Off          ;
; U11      ;            ;          ; GND                                              ; gnd    ;              ;         ; --         ;                 ; --       ; --           ;
; U12      ; 56         ; 4        ; n6                                               ; input  ; 2.5 V        ;         ; Column I/O ; N               ; no       ; Off          ;
; U13      ; 51         ; 4        ; z3                                               ; input  ; 2.5 V        ;         ; Column I/O ; N               ; no       ; Off          ;
; U14      ;            ;          ; GND                                              ; gnd    ;              ;         ; --         ;                 ; --       ; --           ;
; U15      ; 65         ; 4        ; RESERVED_INPUT_WITH_WEAK_PULLUP                  ;        ;              ;         ; Column I/O ;                 ; no       ; On           ;
; U16      ; 66         ; 4        ; RESERVED_INPUT_WITH_WEAK_PULLUP                  ;        ;              ;         ; Column I/O ;                 ; no       ; On           ;
; U17      ;            ;          ; GND                                              ; gnd    ;              ;         ; --         ;                 ; --       ; --           ;
; U18      ; 69         ; 4        ; RESERVED_INPUT_WITH_WEAK_PULLUP                  ;        ;              ;         ; Column I/O ;                 ; no       ; On           ;
; V1       ;            ;          ; RREF                                             ;        ;              ;         ; --         ;                 ; --       ; --           ;
; V2       ;            ;          ; GND                                              ; gnd    ;              ;         ; --         ;                 ; --       ; --           ;
; V3       ;            ;          ; NC                                               ;        ;              ;         ; --         ;                 ; --       ; --           ;
; V4       ; 20         ; 3        ; ^nSTATUS                                         ;        ;              ;         ; --         ;                 ; --       ; --           ;
; V5       ; 27         ; 3        ; RESERVED_INPUT_WITH_WEAK_PULLUP                  ;        ;              ;         ; Column I/O ;                 ; no       ; On           ;
; V6       ; 28         ; 3        ; RESERVED_INPUT_WITH_WEAK_PULLUP                  ;        ;              ;         ; Column I/O ;                 ; no       ; On           ;
; V7       ; 34         ; 3        ; RESERVED_INPUT_WITH_WEAK_PULLUP                  ;        ;              ;         ; Column I/O ;                 ; no       ; On           ;
; V8       ; 38         ; 3        ; gout1                                            ; output ; 2.5 V        ;         ; Column I/O ; N               ; no       ; Off          ;
; V9       ; 41         ; 3        ; gout6                                            ; output ; 2.5 V        ;         ; Column I/O ; N               ; no       ; Off          ;
; V10      ; 42         ; 3        ; g88                                              ; output ; 2.5 V        ;         ; Column I/O ; N               ; no       ; Off          ;
; V11      ; 49         ; 4        ; h_choose                                         ; input  ; 2.5 V        ;         ; Column I/O ; N               ; no       ; Off          ;
; V12      ; 50         ; 4        ; l_choose                                         ; input  ; 2.5 V        ;         ; Column I/O ; N               ; no       ; Off          ;
; V13      ; 52         ; 4        ; y2                                               ; input  ; 2.5 V        ;         ; Column I/O ; N               ; no       ; Off          ;
; V14      ; 57         ; 4        ; z5                                               ; input  ; 2.5 V        ;         ; Column I/O ; N               ; no       ; Off          ;
; V15      ; 58         ; 4        ; n2                                               ; input  ; 2.5 V        ;         ; Column I/O ; N               ; no       ; Off          ;
; V16      ; 67         ; 4        ; z_choose                                         ; input  ; 2.5 V        ;         ; Column I/O ; N               ; no       ; Off          ;
; V17      ; 68         ; 4        ; RESERVED_INPUT_WITH_WEAK_PULLUP                  ;        ;              ;         ; Column I/O ;                 ; no       ; On           ;
; V18      ; 70         ; 4        ; RESERVED_INPUT_WITH_WEAK_PULLUP                  ;        ;              ;         ; Column I/O ;                 ; no       ; On           ;
+----------+------------+----------+--------------------------------------------------+--------+--------------+---------+------------+-----------------+----------+--------------+
Note: Pin directions (input, output or bidir) are based on device operating in user mode.


+------------------------------------------------------------------------------------------------------------------------------------------------------------------------------------------------------------------------------------------------------------------------------------+
; Fitter Resource Utilization by Entity                                                                                                                                                                                                                                              ;
+----------------------------+-------------+---------------------------+---------------+-------------+------+--------------+---------+-----------+-----------+------+--------------+--------------+-------------------+------------------+----------------------------+--------------+
; Compilation Hierarchy Node ; Logic Cells ; Dedicated Logic Registers ; I/O Registers ; Memory Bits ; M9Ks ; DSP Elements ; DSP 9x9 ; DSP 18x18 ; DSP 36x36 ; Pins ; Virtual Pins ; LUT-Only LCs ; Register-Only LCs ; LUT/Register LCs ; Full Hierarchy Name        ; Library Name ;
+----------------------------+-------------+---------------------------+---------------+-------------+------+--------------+---------+-----------+-----------+------+--------------+--------------+-------------------+------------------+----------------------------+--------------+
; |select6                   ; 48 (0)      ; 0 (0)                     ; 0 (0)         ; 0           ; 0    ; 0            ; 0       ; 0         ; 0         ; 101  ; 0            ; 48 (0)       ; 0 (0)             ; 0 (0)            ; |select6                   ; work         ;
;    |CHOOSE_LAB3:inst1|     ; 48 (48)     ; 0 (0)                     ; 0 (0)         ; 0           ; 0    ; 0            ; 0       ; 0         ; 0         ; 0    ; 0            ; 48 (48)      ; 0 (0)             ; 0 (0)            ; |select6|CHOOSE_LAB3:inst1 ; work         ;
+----------------------------+-------------+---------------------------+---------------+-------------+------+--------------+---------+-----------+-----------+------+--------------+--------------+-------------------+------------------+----------------------------+--------------+
Note: For table entries with two numbers listed, the numbers in parentheses indicate the number of resources of the given type used by the specific entity alone. The numbers listed outside of parentheses indicate the total resources of the given type used by the specific entity and all of its sub-entities in the hierarchy.


+-------------------------------------------------------------------------------------------+
; Delay Chain Summary                                                                       ;
+-----------+----------+---------------+---------------+-----------------------+-----+------+
; Name      ; Pin Type ; Pad to Core 0 ; Pad to Core 1 ; Pad to Input Register ; TCO ; TCOE ;
+-----------+----------+---------------+---------------+-----------------------+-----+------+
; gout1     ; Output   ; --            ; --            ; --                    ; --  ; --   ;
; gout2     ; Output   ; --            ; --            ; --                    ; --  ; --   ;
; gout3     ; Output   ; --            ; --            ; --                    ; --  ; --   ;
; gout4     ; Output   ; --            ; --            ; --                    ; --  ; --   ;
; gout5     ; Output   ; --            ; --            ; --                    ; --  ; --   ;
; gout6     ; Output   ; --            ; --            ; --                    ; --  ; --   ;
; gout7     ; Output   ; --            ; --            ; --                    ; --  ; --   ;
; gout10    ; Output   ; --            ; --            ; --                    ; --  ; --   ;
; gout11    ; Output   ; --            ; --            ; --                    ; --  ; --   ;
; gout12    ; Output   ; --            ; --            ; --                    ; --  ; --   ;
; gout13    ; Output   ; --            ; --            ; --                    ; --  ; --   ;
; gout14    ; Output   ; --            ; --            ; --                    ; --  ; --   ;
; gout15    ; Output   ; --            ; --            ; --                    ; --  ; --   ;
; gout16    ; Output   ; --            ; --            ; --                    ; --  ; --   ;
; gout99    ; Output   ; --            ; --            ; --                    ; --  ; --   ;
; g88       ; Output   ; --            ; --            ; --                    ; --  ; --   ;
; h_choose  ; Input    ; (0) 0 ps      ; --            ; --                    ; --  ; --   ;
; l_choose  ; Input    ; (0) 0 ps      ; --            ; --                    ; --  ; --   ;
; l1        ; Input    ; (6) 1313 ps   ; --            ; --                    ; --  ; --   ;
; h1        ; Input    ; (6) 1313 ps   ; --            ; --                    ; --  ; --   ;
; y_choose  ; Input    ; (6) 1313 ps   ; --            ; --                    ; --  ; --   ;
; z_choose  ; Input    ; (6) 1313 ps   ; --            ; --                    ; --  ; --   ;
; z1        ; Input    ; --            ; (6) 1313 ps   ; --                    ; --  ; --   ;
; y1        ; Input    ; (6) 1313 ps   ; --            ; --                    ; --  ; --   ;
; n_choose2 ; Input    ; (6) 1313 ps   ; --            ; --                    ; --  ; --   ;
; n1        ; Input    ; (6) 1313 ps   ; --            ; --                    ; --  ; --   ;
; l2        ; Input    ; (6) 1314 ps   ; --            ; --                    ; --  ; --   ;
; h2        ; Input    ; (6) 1313 ps   ; --            ; --                    ; --  ; --   ;
; z2        ; Input    ; --            ; (6) 1313 ps   ; --                    ; --  ; --   ;
; y2        ; Input    ; --            ; (6) 1313 ps   ; --                    ; --  ; --   ;
; n2        ; Input    ; (6) 1313 ps   ; --            ; --                    ; --  ; --   ;
; l3        ; Input    ; --            ; (6) 1314 ps   ; --                    ; --  ; --   ;
; h3        ; Input    ; (6) 1313 ps   ; --            ; --                    ; --  ; --   ;
; z3        ; Input    ; (6) 1313 ps   ; --            ; --                    ; --  ; --   ;
; y3        ; Input    ; (6) 1313 ps   ; --            ; --                    ; --  ; --   ;
; n3        ; Input    ; --            ; (6) 1313 ps   ; --                    ; --  ; --   ;
; l4        ; Input    ; (6) 1313 ps   ; --            ; --                    ; --  ; --   ;
; h4        ; Input    ; (6) 1313 ps   ; --            ; --                    ; --  ; --   ;
; z4        ; Input    ; (6) 1313 ps   ; --            ; --                    ; --  ; --   ;
; y4        ; Input    ; --            ; (6) 1313 ps   ; --                    ; --  ; --   ;
; n4        ; Input    ; --            ; (6) 1313 ps   ; --                    ; --  ; --   ;
; l5        ; Input    ; --            ; (6) 1313 ps   ; --                    ; --  ; --   ;
; h5        ; Input    ; --            ; (6) 1313 ps   ; --                    ; --  ; --   ;
; z5        ; Input    ; --            ; (6) 1313 ps   ; --                    ; --  ; --   ;
; y5        ; Input    ; (6) 1313 ps   ; --            ; --                    ; --  ; --   ;
; n5        ; Input    ; (6) 1313 ps   ; --            ; --                    ; --  ; --   ;
; l6        ; Input    ; --            ; (6) 1313 ps   ; --                    ; --  ; --   ;
; h6        ; Input    ; (6) 1313 ps   ; --            ; --                    ; --  ; --   ;
; z6        ; Input    ; (6) 1313 ps   ; --            ; --                    ; --  ; --   ;
; y6        ; Input    ; --            ; (6) 1313 ps   ; --                    ; --  ; --   ;
; n6        ; Input    ; (6) 1313 ps   ; --            ; --                    ; --  ; --   ;
; l7        ; Input    ; (6) 1313 ps   ; --            ; --                    ; --  ; --   ;
; h7        ; Input    ; (6) 1313 ps   ; --            ; --                    ; --  ; --   ;
; z7        ; Input    ; (6) 1314 ps   ; --            ; --                    ; --  ; --   ;
; y7        ; Input    ; (6) 1314 ps   ; --            ; --                    ; --  ; --   ;
; n7        ; Input    ; (6) 1314 ps   ; --            ; --                    ; --  ; --   ;
; l10       ; Input    ; --            ; (6) 1314 ps   ; --                    ; --  ; --   ;
; h10       ; Input    ; --            ; (6) 1314 ps   ; --                    ; --  ; --   ;
; z10       ; Input    ; --            ; (6) 1314 ps   ; --                    ; --  ; --   ;
; y10       ; Input    ; --            ; (6) 1314 ps   ; --                    ; --  ; --   ;
; n10       ; Input    ; (6) 1314 ps   ; --            ; --                    ; --  ; --   ;
; l11       ; Input    ; (6) 1313 ps   ; --            ; --                    ; --  ; --   ;
; h11       ; Input    ; (6) 1314 ps   ; --            ; --                    ; --  ; --   ;
; z11       ; Input    ; (6) 1313 ps   ; --            ; --                    ; --  ; --   ;
; y11       ; Input    ; --            ; (6) 1313 ps   ; --                    ; --  ; --   ;
; n11       ; Input    ; --            ; (6) 1313 ps   ; --                    ; --  ; --   ;
; l12       ; Input    ; --            ; (6) 1313 ps   ; --                    ; --  ; --   ;
; h12       ; Input    ; (6) 1313 ps   ; --            ; --                    ; --  ; --   ;
; z12       ; Input    ; (6) 1314 ps   ; --            ; --                    ; --  ; --   ;
; y12       ; Input    ; (0) 0 ps      ; --            ; --                    ; --  ; --   ;
; n12       ; Input    ; (0) 0 ps      ; --            ; --                    ; --  ; --   ;
; l13       ; Input    ; (6) 1313 ps   ; --            ; --                    ; --  ; --   ;
; h13       ; Input    ; (6) 1313 ps   ; --            ; --                    ; --  ; --   ;
; z13       ; Input    ; (6) 1314 ps   ; --            ; --                    ; --  ; --   ;
; y13       ; Input    ; --            ; (6) 1314 ps   ; --                    ; --  ; --   ;
; n13       ; Input    ; (6) 1314 ps   ; --            ; --                    ; --  ; --   ;
; l14       ; Input    ; --            ; (6) 1313 ps   ; --                    ; --  ; --   ;
; h14       ; Input    ; (6) 1313 ps   ; --            ; --                    ; --  ; --   ;
; z14       ; Input    ; --            ; (6) 1313 ps   ; --                    ; --  ; --   ;
; y14       ; Input    ; (6) 1313 ps   ; --            ; --                    ; --  ; --   ;
; n14       ; Input    ; --            ; (6) 1313 ps   ; --                    ; --  ; --   ;
; l15       ; Input    ; (6) 1314 ps   ; --            ; --                    ; --  ; --   ;
; h15       ; Input    ; (6) 1313 ps   ; --            ; --                    ; --  ; --   ;
; z15       ; Input    ; (6) 1314 ps   ; --            ; --                    ; --  ; --   ;
; y15       ; Input    ; --            ; (6) 1314 ps   ; --                    ; --  ; --   ;
; n15       ; Input    ; (6) 1314 ps   ; --            ; --                    ; --  ; --   ;
; l16       ; Input    ; --            ; (6) 1313 ps   ; --                    ; --  ; --   ;
; h16       ; Input    ; (6) 1313 ps   ; --            ; --                    ; --  ; --   ;
; z16       ; Input    ; --            ; (6) 1313 ps   ; --                    ; --  ; --   ;
; y16       ; Input    ; (6) 1313 ps   ; --            ; --                    ; --  ; --   ;
; n16       ; Input    ; (6) 1313 ps   ; --            ; --                    ; --  ; --   ;
; l9        ; Input    ; (6) 1313 ps   ; --            ; --                    ; --  ; --   ;
; h9        ; Input    ; (6) 1314 ps   ; --            ; --                    ; --  ; --   ;
; z9        ; Input    ; (6) 1313 ps   ; --            ; --                    ; --  ; --   ;
; y9        ; Input    ; (6) 1313 ps   ; --            ; --                    ; --  ; --   ;
; n9        ; Input    ; (6) 1313 ps   ; --            ; --                    ; --  ; --   ;
; l8        ; Input    ; --            ; (6) 1313 ps   ; --                    ; --  ; --   ;
; h8        ; Input    ; --            ; (6) 1313 ps   ; --                    ; --  ; --   ;
; z8        ; Input    ; --            ; (6) 1313 ps   ; --                    ; --  ; --   ;
; y8        ; Input    ; (6) 1313 ps   ; --            ; --                    ; --  ; --   ;
; n8        ; Input    ; (6) 1313 ps   ; --            ; --                    ; --  ; --   ;
+-----------+----------+---------------+---------------+-----------------------+-----+------+


+-----------------------------------------------------------------+
; Pad To Core Delay Chain Fanout                                  ;
+-----------------------------------+-------------------+---------+
; Source Pin / Fanout               ; Pad To Core Index ; Setting ;
+-----------------------------------+-------------------+---------+
; h_choose                          ;                   ;         ;
; l_choose                          ;                   ;         ;
; l1                                ;                   ;         ;
;      - CHOOSE_LAB3:inst1|c_or1~0  ; 0                 ; 6       ;
; h1                                ;                   ;         ;
;      - CHOOSE_LAB3:inst1|c_or1~0  ; 0                 ; 6       ;
; y_choose                          ;                   ;         ;
;      - CHOOSE_LAB3:inst1|c_or1~1  ; 0                 ; 6       ;
;      - CHOOSE_LAB3:inst1|c_or2~1  ; 0                 ; 6       ;
;      - CHOOSE_LAB3:inst1|c_or3~1  ; 0                 ; 6       ;
;      - CHOOSE_LAB3:inst1|c_or4~1  ; 0                 ; 6       ;
;      - CHOOSE_LAB3:inst1|c_or5~1  ; 0                 ; 6       ;
;      - CHOOSE_LAB3:inst1|c_or6~1  ; 0                 ; 6       ;
;      - CHOOSE_LAB3:inst1|c_or7~1  ; 0                 ; 6       ;
;      - CHOOSE_LAB3:inst1|c_or10~1 ; 0                 ; 6       ;
;      - CHOOSE_LAB3:inst1|c_or11~1 ; 0                 ; 6       ;
;      - CHOOSE_LAB3:inst1|c_or12~1 ; 0                 ; 6       ;
;      - CHOOSE_LAB3:inst1|c_or13~1 ; 0                 ; 6       ;
;      - CHOOSE_LAB3:inst1|c_or14~1 ; 0                 ; 6       ;
;      - CHOOSE_LAB3:inst1|c_or15~1 ; 0                 ; 6       ;
;      - CHOOSE_LAB3:inst1|c_or16~1 ; 0                 ; 6       ;
;      - CHOOSE_LAB3:inst1|c_or9~1  ; 0                 ; 6       ;
;      - CHOOSE_LAB3:inst1|c_or8~1  ; 0                 ; 6       ;
; z_choose                          ;                   ;         ;
;      - CHOOSE_LAB3:inst1|c_or1~1  ; 0                 ; 6       ;
;      - CHOOSE_LAB3:inst1|c_or2~1  ; 0                 ; 6       ;
;      - CHOOSE_LAB3:inst1|c_or3~1  ; 0                 ; 6       ;
;      - CHOOSE_LAB3:inst1|c_or4~1  ; 0                 ; 6       ;
;      - CHOOSE_LAB3:inst1|c_or5~1  ; 0                 ; 6       ;
;      - CHOOSE_LAB3:inst1|c_or6~1  ; 0                 ; 6       ;
;      - CHOOSE_LAB3:inst1|c_or7~1  ; 0                 ; 6       ;
;      - CHOOSE_LAB3:inst1|c_or10~1 ; 0                 ; 6       ;
;      - CHOOSE_LAB3:inst1|c_or11~1 ; 0                 ; 6       ;
;      - CHOOSE_LAB3:inst1|c_or12~1 ; 0                 ; 6       ;
;      - CHOOSE_LAB3:inst1|c_or13~1 ; 0                 ; 6       ;
;      - CHOOSE_LAB3:inst1|c_or14~1 ; 0                 ; 6       ;
;      - CHOOSE_LAB3:inst1|c_or15~1 ; 0                 ; 6       ;
;      - CHOOSE_LAB3:inst1|c_or16~1 ; 0                 ; 6       ;
;      - CHOOSE_LAB3:inst1|c_or9~1  ; 0                 ; 6       ;
;      - CHOOSE_LAB3:inst1|c_or8~1  ; 0                 ; 6       ;
; z1                                ;                   ;         ;
;      - CHOOSE_LAB3:inst1|c_or1~1  ; 1                 ; 6       ;
; y1                                ;                   ;         ;
;      - CHOOSE_LAB3:inst1|c_or1~1  ; 0                 ; 6       ;
; n_choose2                         ;                   ;         ;
;      - CHOOSE_LAB3:inst1|c_or1~2  ; 0                 ; 6       ;
;      - CHOOSE_LAB3:inst1|c_or2~2  ; 0                 ; 6       ;
;      - CHOOSE_LAB3:inst1|c_or3~2  ; 0                 ; 6       ;
;      - CHOOSE_LAB3:inst1|c_or4~2  ; 0                 ; 6       ;
;      - CHOOSE_LAB3:inst1|c_or5~2  ; 0                 ; 6       ;
;      - CHOOSE_LAB3:inst1|c_or6~2  ; 0                 ; 6       ;
;      - CHOOSE_LAB3:inst1|c_or7~2  ; 0                 ; 6       ;
;      - CHOOSE_LAB3:inst1|c_or10~2 ; 0                 ; 6       ;
;      - CHOOSE_LAB3:inst1|c_or11~2 ; 0                 ; 6       ;
;      - CHOOSE_LAB3:inst1|c_or12~2 ; 0                 ; 6       ;
;      - CHOOSE_LAB3:inst1|c_or13~2 ; 0                 ; 6       ;
;      - CHOOSE_LAB3:inst1|c_or14~2 ; 0                 ; 6       ;
;      - CHOOSE_LAB3:inst1|c_or15~2 ; 0                 ; 6       ;
;      - CHOOSE_LAB3:inst1|c_or16~2 ; 0                 ; 6       ;
;      - CHOOSE_LAB3:inst1|c_or9~2  ; 0                 ; 6       ;
;      - CHOOSE_LAB3:inst1|c_or8~2  ; 0                 ; 6       ;
; n1                                ;                   ;         ;
;      - CHOOSE_LAB3:inst1|c_or1~2  ; 0                 ; 6       ;
; l2                                ;                   ;         ;
;      - CHOOSE_LAB3:inst1|c_or2~0  ; 0                 ; 6       ;
; h2                                ;                   ;         ;
;      - CHOOSE_LAB3:inst1|c_or2~0  ; 0                 ; 6       ;
; z2                                ;                   ;         ;
;      - CHOOSE_LAB3:inst1|c_or2~1  ; 1                 ; 6       ;
; y2                                ;                   ;         ;
;      - CHOOSE_LAB3:inst1|c_or2~1  ; 1                 ; 6       ;
; n2                                ;                   ;         ;
;      - CHOOSE_LAB3:inst1|c_or2~2  ; 0                 ; 6       ;
; l3                                ;                   ;         ;
;      - CHOOSE_LAB3:inst1|c_or3~0  ; 1                 ; 6       ;
; h3                                ;                   ;         ;
;      - CHOOSE_LAB3:inst1|c_or3~0  ; 0                 ; 6       ;
; z3                                ;                   ;         ;
;      - CHOOSE_LAB3:inst1|c_or3~1  ; 0                 ; 6       ;
; y3                                ;                   ;         ;
;      - CHOOSE_LAB3:inst1|c_or3~1  ; 0                 ; 6       ;
; n3                                ;                   ;         ;
;      - CHOOSE_LAB3:inst1|c_or3~2  ; 1                 ; 6       ;
; l4                                ;                   ;         ;
;      - CHOOSE_LAB3:inst1|c_or4~0  ; 0                 ; 6       ;
; h4                                ;                   ;         ;
;      - CHOOSE_LAB3:inst1|c_or4~0  ; 0                 ; 6       ;
; z4                                ;                   ;         ;
;      - CHOOSE_LAB3:inst1|c_or4~1  ; 0                 ; 6       ;
; y4                                ;                   ;         ;
;      - CHOOSE_LAB3:inst1|c_or4~1  ; 1                 ; 6       ;
; n4                                ;                   ;         ;
;      - CHOOSE_LAB3:inst1|c_or4~2  ; 1                 ; 6       ;
; l5                                ;                   ;         ;
;      - CHOOSE_LAB3:inst1|c_or5~0  ; 1                 ; 6       ;
; h5                                ;                   ;         ;
;      - CHOOSE_LAB3:inst1|c_or5~0  ; 1                 ; 6       ;
; z5                                ;                   ;         ;
;      - CHOOSE_LAB3:inst1|c_or5~1  ; 1                 ; 6       ;
; y5                                ;                   ;         ;
;      - CHOOSE_LAB3:inst1|c_or5~1  ; 0                 ; 6       ;
; n5                                ;                   ;         ;
;      - CHOOSE_LAB3:inst1|c_or5~2  ; 0                 ; 6       ;
; l6                                ;                   ;         ;
;      - CHOOSE_LAB3:inst1|c_or6~0  ; 1                 ; 6       ;
; h6                                ;                   ;         ;
;      - CHOOSE_LAB3:inst1|c_or6~0  ; 0                 ; 6       ;
; z6                                ;                   ;         ;
;      - CHOOSE_LAB3:inst1|c_or6~1  ; 0                 ; 6       ;
; y6                                ;                   ;         ;
;      - CHOOSE_LAB3:inst1|c_or6~1  ; 1                 ; 6       ;
; n6                                ;                   ;         ;
;      - CHOOSE_LAB3:inst1|c_or6~2  ; 0                 ; 6       ;
; l7                                ;                   ;         ;
;      - CHOOSE_LAB3:inst1|c_or7~0  ; 0                 ; 6       ;
; h7                                ;                   ;         ;
;      - CHOOSE_LAB3:inst1|c_or7~0  ; 0                 ; 6       ;
; z7                                ;                   ;         ;
;      - CHOOSE_LAB3:inst1|c_or7~1  ; 0                 ; 6       ;
; y7                                ;                   ;         ;
;      - CHOOSE_LAB3:inst1|c_or7~1  ; 0                 ; 6       ;
; n7                                ;                   ;         ;
;      - CHOOSE_LAB3:inst1|c_or7~2  ; 0                 ; 6       ;
; l10                               ;                   ;         ;
;      - CHOOSE_LAB3:inst1|c_or10~0 ; 1                 ; 6       ;
; h10                               ;                   ;         ;
;      - CHOOSE_LAB3:inst1|c_or10~0 ; 1                 ; 6       ;
; z10                               ;                   ;         ;
;      - CHOOSE_LAB3:inst1|c_or10~1 ; 1                 ; 6       ;
; y10                               ;                   ;         ;
;      - CHOOSE_LAB3:inst1|c_or10~1 ; 1                 ; 6       ;
; n10                               ;                   ;         ;
;      - CHOOSE_LAB3:inst1|c_or10~2 ; 0                 ; 6       ;
; l11                               ;                   ;         ;
;      - CHOOSE_LAB3:inst1|c_or11~0 ; 0                 ; 6       ;
; h11                               ;                   ;         ;
;      - CHOOSE_LAB3:inst1|c_or11~0 ; 0                 ; 6       ;
; z11                               ;                   ;         ;
;      - CHOOSE_LAB3:inst1|c_or11~1 ; 0                 ; 6       ;
; y11                               ;                   ;         ;
;      - CHOOSE_LAB3:inst1|c_or11~1 ; 1                 ; 6       ;
; n11                               ;                   ;         ;
;      - CHOOSE_LAB3:inst1|c_or11~2 ; 1                 ; 6       ;
; l12                               ;                   ;         ;
;      - CHOOSE_LAB3:inst1|c_or12~0 ; 1                 ; 6       ;
; h12                               ;                   ;         ;
;      - CHOOSE_LAB3:inst1|c_or12~0 ; 0                 ; 6       ;
; z12                               ;                   ;         ;
;      - CHOOSE_LAB3:inst1|c_or12~1 ; 0                 ; 6       ;
; y12                               ;                   ;         ;
; n12                               ;                   ;         ;
; l13                               ;                   ;         ;
;      - CHOOSE_LAB3:inst1|c_or13~0 ; 0                 ; 6       ;
; h13                               ;                   ;         ;
;      - CHOOSE_LAB3:inst1|c_or13~0 ; 0                 ; 6       ;
; z13                               ;                   ;         ;
;      - CHOOSE_LAB3:inst1|c_or13~1 ; 0                 ; 6       ;
; y13                               ;                   ;         ;
;      - CHOOSE_LAB3:inst1|c_or13~1 ; 1                 ; 6       ;
; n13                               ;                   ;         ;
;      - CHOOSE_LAB3:inst1|c_or13~2 ; 0                 ; 6       ;
; l14                               ;                   ;         ;
;      - CHOOSE_LAB3:inst1|c_or14~0 ; 1                 ; 6       ;
; h14                               ;                   ;         ;
;      - CHOOSE_LAB3:inst1|c_or14~0 ; 0                 ; 6       ;
; z14                               ;                   ;         ;
;      - CHOOSE_LAB3:inst1|c_or14~1 ; 1                 ; 6       ;
; y14                               ;                   ;         ;
;      - CHOOSE_LAB3:inst1|c_or14~1 ; 0                 ; 6       ;
; n14                               ;                   ;         ;
;      - CHOOSE_LAB3:inst1|c_or14~2 ; 1                 ; 6       ;
; l15                               ;                   ;         ;
;      - CHOOSE_LAB3:inst1|c_or15~0 ; 0                 ; 6       ;
; h15                               ;                   ;         ;
;      - CHOOSE_LAB3:inst1|c_or15~0 ; 0                 ; 6       ;
; z15                               ;                   ;         ;
;      - CHOOSE_LAB3:inst1|c_or15~1 ; 0                 ; 6       ;
; y15                               ;                   ;         ;
;      - CHOOSE_LAB3:inst1|c_or15~1 ; 1                 ; 6       ;
; n15                               ;                   ;         ;
;      - CHOOSE_LAB3:inst1|c_or15~2 ; 0                 ; 6       ;
; l16                               ;                   ;         ;
;      - CHOOSE_LAB3:inst1|c_or16~0 ; 1                 ; 6       ;
; h16                               ;                   ;         ;
;      - CHOOSE_LAB3:inst1|c_or16~0 ; 0                 ; 6       ;
; z16                               ;                   ;         ;
;      - CHOOSE_LAB3:inst1|c_or16~1 ; 1                 ; 6       ;
; y16                               ;                   ;         ;
;      - CHOOSE_LAB3:inst1|c_or16~1 ; 0                 ; 6       ;
; n16                               ;                   ;         ;
;      - CHOOSE_LAB3:inst1|c_or16~2 ; 0                 ; 6       ;
; l9                                ;                   ;         ;
;      - CHOOSE_LAB3:inst1|c_or9~0  ; 0                 ; 6       ;
; h9                                ;                   ;         ;
;      - CHOOSE_LAB3:inst1|c_or9~0  ; 0                 ; 6       ;
; z9                                ;                   ;         ;
;      - CHOOSE_LAB3:inst1|c_or9~1  ; 0                 ; 6       ;
; y9                                ;                   ;         ;
;      - CHOOSE_LAB3:inst1|c_or9~1  ; 0                 ; 6       ;
; n9                                ;                   ;         ;
;      - CHOOSE_LAB3:inst1|c_or9~2  ; 0                 ; 6       ;
; l8                                ;                   ;         ;
;      - CHOOSE_LAB3:inst1|c_or8~0  ; 1                 ; 6       ;
; h8                                ;                   ;         ;
;      - CHOOSE_LAB3:inst1|c_or8~0  ; 1                 ; 6       ;
; z8                                ;                   ;         ;
;      - CHOOSE_LAB3:inst1|c_or8~1  ; 1                 ; 6       ;
; y8                                ;                   ;         ;
;      - CHOOSE_LAB3:inst1|c_or8~1  ; 0                 ; 6       ;
; n8                                ;                   ;         ;
;      - CHOOSE_LAB3:inst1|c_or8~2  ; 0                 ; 6       ;
+-----------------------------------+-------------------+---------+


+--------------------------------------+
; Non-Global High Fan-Out Signals      ;
+----------------------------+---------+
; Name                       ; Fan-Out ;
+----------------------------+---------+
; n_choose2~input            ; 16      ;
; z_choose~input             ; 16      ;
; y_choose~input             ; 16      ;
; l_choose~input             ; 16      ;
; h_choose~input             ; 16      ;
; n8~input                   ; 1       ;
; y8~input                   ; 1       ;
; z8~input                   ; 1       ;
; h8~input                   ; 1       ;
; l8~input                   ; 1       ;
; n9~input                   ; 1       ;
; y9~input                   ; 1       ;
; z9~input                   ; 1       ;
; h9~input                   ; 1       ;
; l9~input                   ; 1       ;
; n16~input                  ; 1       ;
; y16~input                  ; 1       ;
; z16~input                  ; 1       ;
; h16~input                  ; 1       ;
; l16~input                  ; 1       ;
; n15~input                  ; 1       ;
; y15~input                  ; 1       ;
; z15~input                  ; 1       ;
; h15~input                  ; 1       ;
; l15~input                  ; 1       ;
; n14~input                  ; 1       ;
; y14~input                  ; 1       ;
; z14~input                  ; 1       ;
; h14~input                  ; 1       ;
; l14~input                  ; 1       ;
; n13~input                  ; 1       ;
; y13~input                  ; 1       ;
; z13~input                  ; 1       ;
; h13~input                  ; 1       ;
; l13~input                  ; 1       ;
; n12~input                  ; 1       ;
; y12~input                  ; 1       ;
; z12~input                  ; 1       ;
; h12~input                  ; 1       ;
; l12~input                  ; 1       ;
; n11~input                  ; 1       ;
; y11~input                  ; 1       ;
; z11~input                  ; 1       ;
; h11~input                  ; 1       ;
; l11~input                  ; 1       ;
; n10~input                  ; 1       ;
; y10~input                  ; 1       ;
; z10~input                  ; 1       ;
; h10~input                  ; 1       ;
; l10~input                  ; 1       ;
; n7~input                   ; 1       ;
; y7~input                   ; 1       ;
; z7~input                   ; 1       ;
; h7~input                   ; 1       ;
; l7~input                   ; 1       ;
; n6~input                   ; 1       ;
; y6~input                   ; 1       ;
; z6~input                   ; 1       ;
; h6~input                   ; 1       ;
; l6~input                   ; 1       ;
; n5~input                   ; 1       ;
; y5~input                   ; 1       ;
; z5~input                   ; 1       ;
; h5~input                   ; 1       ;
; l5~input                   ; 1       ;
; n4~input                   ; 1       ;
; y4~input                   ; 1       ;
; z4~input                   ; 1       ;
; h4~input                   ; 1       ;
; l4~input                   ; 1       ;
; n3~input                   ; 1       ;
; y3~input                   ; 1       ;
; z3~input                   ; 1       ;
; h3~input                   ; 1       ;
; l3~input                   ; 1       ;
; n2~input                   ; 1       ;
; y2~input                   ; 1       ;
; z2~input                   ; 1       ;
; h2~input                   ; 1       ;
; l2~input                   ; 1       ;
; n1~input                   ; 1       ;
; y1~input                   ; 1       ;
; z1~input                   ; 1       ;
; h1~input                   ; 1       ;
; l1~input                   ; 1       ;
; CHOOSE_LAB3:inst1|c_or8~2  ; 1       ;
; CHOOSE_LAB3:inst1|c_or8~1  ; 1       ;
; CHOOSE_LAB3:inst1|c_or8~0  ; 1       ;
; CHOOSE_LAB3:inst1|c_or9~2  ; 1       ;
; CHOOSE_LAB3:inst1|c_or9~1  ; 1       ;
; CHOOSE_LAB3:inst1|c_or9~0  ; 1       ;
; CHOOSE_LAB3:inst1|c_or16~2 ; 1       ;
; CHOOSE_LAB3:inst1|c_or16~1 ; 1       ;
; CHOOSE_LAB3:inst1|c_or16~0 ; 1       ;
; CHOOSE_LAB3:inst1|c_or15~2 ; 1       ;
; CHOOSE_LAB3:inst1|c_or15~1 ; 1       ;
; CHOOSE_LAB3:inst1|c_or15~0 ; 1       ;
; CHOOSE_LAB3:inst1|c_or14~2 ; 1       ;
; CHOOSE_LAB3:inst1|c_or14~1 ; 1       ;
; CHOOSE_LAB3:inst1|c_or14~0 ; 1       ;
; CHOOSE_LAB3:inst1|c_or13~2 ; 1       ;
; CHOOSE_LAB3:inst1|c_or13~1 ; 1       ;
; CHOOSE_LAB3:inst1|c_or13~0 ; 1       ;
; CHOOSE_LAB3:inst1|c_or12~2 ; 1       ;
; CHOOSE_LAB3:inst1|c_or12~1 ; 1       ;
; CHOOSE_LAB3:inst1|c_or12~0 ; 1       ;
; CHOOSE_LAB3:inst1|c_or11~2 ; 1       ;
; CHOOSE_LAB3:inst1|c_or11~1 ; 1       ;
; CHOOSE_LAB3:inst1|c_or11~0 ; 1       ;
; CHOOSE_LAB3:inst1|c_or10~2 ; 1       ;
; CHOOSE_LAB3:inst1|c_or10~1 ; 1       ;
; CHOOSE_LAB3:inst1|c_or10~0 ; 1       ;
; CHOOSE_LAB3:inst1|c_or7~2  ; 1       ;
; CHOOSE_LAB3:inst1|c_or7~1  ; 1       ;
; CHOOSE_LAB3:inst1|c_or7~0  ; 1       ;
; CHOOSE_LAB3:inst1|c_or6~2  ; 1       ;
; CHOOSE_LAB3:inst1|c_or6~1  ; 1       ;
; CHOOSE_LAB3:inst1|c_or6~0  ; 1       ;
; CHOOSE_LAB3:inst1|c_or5~2  ; 1       ;
; CHOOSE_LAB3:inst1|c_or5~1  ; 1       ;
; CHOOSE_LAB3:inst1|c_or5~0  ; 1       ;
; CHOOSE_LAB3:inst1|c_or4~2  ; 1       ;
; CHOOSE_LAB3:inst1|c_or4~1  ; 1       ;
; CHOOSE_LAB3:inst1|c_or4~0  ; 1       ;
; CHOOSE_LAB3:inst1|c_or3~2  ; 1       ;
; CHOOSE_LAB3:inst1|c_or3~1  ; 1       ;
; CHOOSE_LAB3:inst1|c_or3~0  ; 1       ;
; CHOOSE_LAB3:inst1|c_or2~2  ; 1       ;
; CHOOSE_LAB3:inst1|c_or2~1  ; 1       ;
; CHOOSE_LAB3:inst1|c_or2~0  ; 1       ;
; CHOOSE_LAB3:inst1|c_or1~2  ; 1       ;
; CHOOSE_LAB3:inst1|c_or1~1  ; 1       ;
; CHOOSE_LAB3:inst1|c_or1~0  ; 1       ;
+----------------------------+---------+


+------------------------------------------------------------+
; Other Routing Usage Summary                                ;
+-----------------------------------+------------------------+
; Other Routing Resource Type       ; Usage                  ;
+-----------------------------------+------------------------+
; Block interconnects               ; 124 / 88,936 ( < 1 % ) ;
; C16 interconnects                 ; 54 / 2,912 ( 2 % )     ;
; C4 interconnects                  ; 149 / 54,912 ( < 1 % ) ;
; GXB block output buffers          ; 0 / 1,600 ( 0 % )      ;
; Global clocks                     ; 0 / 20 ( 0 % )         ;
; Interquad Reference Clock Outputs ; 0 / 1 ( 0 % )          ;
; Interquad TXRX Clocks             ; 0 / 8 ( 0 % )          ;
; Interquad TXRX PCSRX outputs      ; 0 / 4 ( 0 % )          ;
; Interquad TXRX PCSTX outputs      ; 0 / 4 ( 0 % )          ;
; Local interconnects               ; 17 / 29,440 ( < 1 % )  ;
; R24 interconnects                 ; 36 / 3,040 ( 1 % )     ;
; R4 interconnects                  ; 137 / 76,160 ( < 1 % ) ;
+-----------------------------------+------------------------+


+---------------------------------------------------------------------------+
; LAB Logic Elements                                                        ;
+---------------------------------------------+-----------------------------+
; Number of Logic Elements  (Average = 12.00) ; Number of LABs  (Total = 4) ;
+---------------------------------------------+-----------------------------+
; 1                                           ; 0                           ;
; 2                                           ; 0                           ;
; 3                                           ; 0                           ;
; 4                                           ; 0                           ;
; 5                                           ; 0                           ;
; 6                                           ; 0                           ;
; 7                                           ; 0                           ;
; 8                                           ; 0                           ;
; 9                                           ; 0                           ;
; 10                                          ; 1                           ;
; 11                                          ; 1                           ;
; 12                                          ; 1                           ;
; 13                                          ; 0                           ;
; 14                                          ; 0                           ;
; 15                                          ; 1                           ;
; 16                                          ; 0                           ;
+---------------------------------------------+-----------------------------+


+----------------------------------------------------------------------------+
; LAB Signals Sourced                                                        ;
+----------------------------------------------+-----------------------------+
; Number of Signals Sourced  (Average = 12.00) ; Number of LABs  (Total = 4) ;
+----------------------------------------------+-----------------------------+
; 0                                            ; 0                           ;
; 1                                            ; 0                           ;
; 2                                            ; 0                           ;
; 3                                            ; 0                           ;
; 4                                            ; 0                           ;
; 5                                            ; 0                           ;
; 6                                            ; 0                           ;
; 7                                            ; 0                           ;
; 8                                            ; 0                           ;
; 9                                            ; 0                           ;
; 10                                           ; 1                           ;
; 11                                           ; 1                           ;
; 12                                           ; 1                           ;
; 13                                           ; 0                           ;
; 14                                           ; 0                           ;
; 15                                           ; 1                           ;
+----------------------------------------------+-----------------------------+


+-------------------------------------------------------------------------------+
; LAB Signals Sourced Out                                                       ;
+-------------------------------------------------+-----------------------------+
; Number of Signals Sourced Out  (Average = 7.75) ; Number of LABs  (Total = 4) ;
+-------------------------------------------------+-----------------------------+
; 0                                               ; 0                           ;
; 1                                               ; 0                           ;
; 2                                               ; 0                           ;
; 3                                               ; 0                           ;
; 4                                               ; 0                           ;
; 5                                               ; 2                           ;
; 6                                               ; 1                           ;
; 7                                               ; 0                           ;
; 8                                               ; 0                           ;
; 9                                               ; 0                           ;
; 10                                              ; 0                           ;
; 11                                              ; 0                           ;
; 12                                              ; 0                           ;
; 13                                              ; 0                           ;
; 14                                              ; 0                           ;
; 15                                              ; 1                           ;
+-------------------------------------------------+-----------------------------+


+----------------------------------------------------------------------------+
; LAB Distinct Inputs                                                        ;
+----------------------------------------------+-----------------------------+
; Number of Distinct Inputs  (Average = 27.00) ; Number of LABs  (Total = 4) ;
+----------------------------------------------+-----------------------------+
; 0                                            ; 0                           ;
; 1                                            ; 0                           ;
; 2                                            ; 0                           ;
; 3                                            ; 0                           ;
; 4                                            ; 0                           ;
; 5                                            ; 0                           ;
; 6                                            ; 0                           ;
; 7                                            ; 0                           ;
; 8                                            ; 0                           ;
; 9                                            ; 0                           ;
; 10                                           ; 0                           ;
; 11                                           ; 0                           ;
; 12                                           ; 0                           ;
; 13                                           ; 0                           ;
; 14                                           ; 0                           ;
; 15                                           ; 0                           ;
; 16                                           ; 0                           ;
; 17                                           ; 0                           ;
; 18                                           ; 0                           ;
; 19                                           ; 0                           ;
; 20                                           ; 0                           ;
; 21                                           ; 0                           ;
; 22                                           ; 0                           ;
; 23                                           ; 1                           ;
; 24                                           ; 0                           ;
; 25                                           ; 0                           ;
; 26                                           ; 1                           ;
; 27                                           ; 1                           ;
; 28                                           ; 0                           ;
; 29                                           ; 0                           ;
; 30                                           ; 0                           ;
; 31                                           ; 0                           ;
; 32                                           ; 1                           ;
+----------------------------------------------+-----------------------------+


+------------------------------------------+
; I/O Rules Summary                        ;
+----------------------------------+-------+
; I/O Rules Statistic              ; Total ;
+----------------------------------+-------+
; Total I/O Rules                  ; 30    ;
; Number of I/O Rules Passed       ; 9     ;
; Number of I/O Rules Failed       ; 0     ;
; Number of I/O Rules Unchecked    ; 0     ;
; Number of I/O Rules Inapplicable ; 21    ;
+----------------------------------+-------+


+-----------------------------------------------------------------------------------------------------------------------------------------------------------------------------------------------------------------------------------------------------------------------------------------------------+
; I/O Rules Details                                                                                                                                                                                                                                                                                   ;
+--------------+-----------+-----------------------------------+------------------------------------------------------------------------------------------------------+----------+--------------------------------------------------------------------------+---------------------+-------------------+
; Status       ; ID        ; Category                          ; Rule Description                                                                                     ; Severity ; Information                                                              ; Area                ; Extra Information ;
+--------------+-----------+-----------------------------------+------------------------------------------------------------------------------------------------------+----------+--------------------------------------------------------------------------+---------------------+-------------------+
; Inapplicable ; IO_000001 ; Capacity Checks                   ; Number of pins in an I/O bank should not exceed the number of locations available.                   ; Critical ; No Location assignments found.                                           ; I/O                 ;                   ;
; Inapplicable ; IO_000002 ; Capacity Checks                   ; Number of clocks in an I/O bank should not exceed the number of clocks available.                    ; Critical ; No Global Signal assignments found.                                      ; I/O                 ;                   ;
; Inapplicable ; IO_000003 ; Capacity Checks                   ; Number of pins in a Vrefgroup should not exceed the number of locations available.                   ; Critical ; No Location assignments found.                                           ; I/O                 ;                   ;
; Inapplicable ; IO_000004 ; Voltage Compatibility Checks      ; The I/O bank should support the requested VCCIO.                                                     ; Critical ; No IOBANK_VCCIO assignments found.                                       ; I/O                 ;                   ;
; Inapplicable ; IO_000005 ; Voltage Compatibility Checks      ; The I/O bank should not have competing VREF values.                                                  ; Critical ; No VREF I/O Standard assignments found.                                  ; I/O                 ;                   ;
; Pass         ; IO_000006 ; Voltage Compatibility Checks      ; The I/O bank should not have competing VCCIO values.                                                 ; Critical ; 0 such failures found.                                                   ; I/O                 ;                   ;
; Inapplicable ; IO_000007 ; Valid Location Checks             ; Checks for unavailable locations.                                                                    ; Critical ; No Location assignments found.                                           ; I/O                 ;                   ;
; Inapplicable ; IO_000008 ; Valid Location Checks             ; Checks for reserved locations.                                                                       ; Critical ; No reserved LogicLock region found.                                      ; I/O                 ;                   ;
; Pass         ; IO_000009 ; I/O Properties Checks for One I/O ; The location should support the requested I/O standard.                                              ; Critical ; 0 such failures found.                                                   ; I/O                 ;                   ;
; Pass         ; IO_000010 ; I/O Properties Checks for One I/O ; The location should support the requested I/O direction.                                             ; Critical ; 0 such failures found.                                                   ; I/O                 ;                   ;
; Inapplicable ; IO_000011 ; I/O Properties Checks for One I/O ; The location should support the requested Current Strength.                                          ; Critical ; No Current Strength assignments found.                                   ; I/O                 ;                   ;
; Pass         ; IO_000012 ; I/O Properties Checks for One I/O ; The location should support the requested On Chip Termination value.                                 ; Critical ; 0 such failures found.                                                   ; I/O                 ;                   ;
; Inapplicable ; IO_000013 ; I/O Properties Checks for One I/O ; The location should support the requested Bus Hold value.                                            ; Critical ; No Enable Bus-Hold Circuitry assignments found.                          ; I/O                 ;                   ;
; Inapplicable ; IO_000014 ; I/O Properties Checks for One I/O ; The location should support the requested Weak Pull Up value.                                        ; Critical ; No Weak Pull-Up Resistor assignments found.                              ; I/O                 ;                   ;
; Pass         ; IO_000015 ; I/O Properties Checks for One I/O ; The location should support the requested PCI Clamp Diode.                                           ; Critical ; 0 such failures found.                                                   ; I/O                 ;                   ;
; Inapplicable ; IO_000018 ; I/O Properties Checks for One I/O ; The I/O standard should support the requested Current Strength.                                      ; Critical ; No Current Strength assignments found.                                   ; I/O                 ;                   ;
; Pass         ; IO_000019 ; I/O Properties Checks for One I/O ; The I/O standard should support the requested On Chip Termination value.                             ; Critical ; 0 such failures found.                                                   ; I/O                 ;                   ;
; Pass         ; IO_000020 ; I/O Properties Checks for One I/O ; The I/O standard should support the requested PCI Clamp Diode.                                       ; Critical ; 0 such failures found.                                                   ; I/O                 ;                   ;
; Inapplicable ; IO_000021 ; I/O Properties Checks for One I/O ; The I/O standard should support the requested Weak Pull Up value.                                    ; Critical ; No Weak Pull-Up Resistor assignments found.                              ; I/O                 ;                   ;
; Inapplicable ; IO_000022 ; I/O Properties Checks for One I/O ; The I/O standard should support the requested Bus Hold value.                                        ; Critical ; No Enable Bus-Hold Circuitry assignments found.                          ; I/O                 ;                   ;
; Inapplicable ; IO_000023 ; I/O Properties Checks for One I/O ; The I/O standard should support the Open Drain value.                                                ; Critical ; No open drain assignments found.                                         ; I/O                 ;                   ;
; Pass         ; IO_000024 ; I/O Properties Checks for One I/O ; The I/O direction should support the On Chip Termination value.                                      ; Critical ; 0 such failures found.                                                   ; I/O                 ;                   ;
; Inapplicable ; IO_000026 ; I/O Properties Checks for One I/O ; On Chip Termination and Current Strength should not be used at the same time.                        ; Critical ; No Current Strength assignments found.                                   ; I/O                 ;                   ;
; Inapplicable ; IO_000027 ; I/O Properties Checks for One I/O ; Weak Pull Up and Bus Hold should not be used at the same time.                                       ; Critical ; No Enable Bus-Hold Circuitry or Weak Pull-Up Resistor assignments found. ; I/O                 ;                   ;
; Inapplicable ; IO_000045 ; I/O Properties Checks for One I/O ; The I/O standard should support the requested Slew Rate value.                                       ; Critical ; No Slew Rate assignments found.                                          ; I/O                 ;                   ;
; Inapplicable ; IO_000046 ; I/O Properties Checks for One I/O ; The location should support the requested Slew Rate value.                                           ; Critical ; No Slew Rate assignments found.                                          ; I/O                 ;                   ;
; Inapplicable ; IO_000047 ; I/O Properties Checks for One I/O ; On Chip Termination and Slew Rate should not be used at the same time.                               ; Critical ; No Slew Rate assignments found.                                          ; I/O                 ;                   ;
; Pass         ; IO_000033 ; Electromigration Checks           ; Current density for consecutive I/Os should not exceed 240mA for row I/Os and 240mA for column I/Os. ; Critical ; 0 such failures found.                                                   ; I/O                 ;                   ;
; Inapplicable ; IO_000034 ; SI Related Distance Checks        ; Single-ended outputs should be 5 LAB row(s) away from a differential I/O.                            ; High     ; No Differential I/O Standard assignments found.                          ; I/O                 ;                   ;
; Inapplicable ; IO_000042 ; SI Related SSO Limit Checks       ; No more than 20 outputs are allowed in a VREF group when VREF is being read from.                    ; High     ; No VREF I/O Standard assignments found.                                  ; I/O                 ;                   ;
; ----         ; ----      ; Disclaimer                        ; OCT rules are checked but not reported.                                                              ; None     ; ----                                                                     ; On Chip Termination ;                   ;
+--------------+-----------+-----------------------------------+------------------------------------------------------------------------------------------------------+----------+--------------------------------------------------------------------------+---------------------+-------------------+


+--------------------------------------------------------------------------------------------------------------------------------------------------------------------------------------------------------------------------------------------------------------------------------------------------------------------------------------------------------------------------------------------------------------------------------------------------------------------------+
; I/O Rules Matrix                                                                                                                                                                                                                                                                                                                                                                                                                                                         ;
+--------------------+--------------+--------------+--------------+--------------+--------------+-----------+--------------+--------------+-----------+-----------+--------------+--------------+--------------+--------------+--------------+--------------+--------------+--------------+--------------+--------------+--------------+--------------+--------------+--------------+--------------+--------------+--------------+-----------+--------------+--------------+
; Pin/Rules          ; IO_000001    ; IO_000002    ; IO_000003    ; IO_000004    ; IO_000005    ; IO_000006 ; IO_000007    ; IO_000008    ; IO_000009 ; IO_000010 ; IO_000011    ; IO_000012    ; IO_000013    ; IO_000014    ; IO_000015    ; IO_000018    ; IO_000019    ; IO_000020    ; IO_000021    ; IO_000022    ; IO_000023    ; IO_000024    ; IO_000026    ; IO_000027    ; IO_000045    ; IO_000046    ; IO_000047    ; IO_000033 ; IO_000034    ; IO_000042    ;
+--------------------+--------------+--------------+--------------+--------------+--------------+-----------+--------------+--------------+-----------+-----------+--------------+--------------+--------------+--------------+--------------+--------------+--------------+--------------+--------------+--------------+--------------+--------------+--------------+--------------+--------------+--------------+--------------+-----------+--------------+--------------+
; Total Pass         ; 0            ; 0            ; 0            ; 0            ; 0            ; 101       ; 0            ; 0            ; 101       ; 101       ; 0            ; 16           ; 0            ; 0            ; 85           ; 0            ; 16           ; 85           ; 0            ; 0            ; 0            ; 16           ; 0            ; 0            ; 0            ; 0            ; 0            ; 101       ; 0            ; 0            ;
; Total Unchecked    ; 0            ; 0            ; 0            ; 0            ; 0            ; 0         ; 0            ; 0            ; 0         ; 0         ; 0            ; 0            ; 0            ; 0            ; 0            ; 0            ; 0            ; 0            ; 0            ; 0            ; 0            ; 0            ; 0            ; 0            ; 0            ; 0            ; 0            ; 0         ; 0            ; 0            ;
; Total Inapplicable ; 101          ; 101          ; 101          ; 101          ; 101          ; 0         ; 101          ; 101          ; 0         ; 0         ; 101          ; 85           ; 101          ; 101          ; 16           ; 101          ; 85           ; 16           ; 101          ; 101          ; 101          ; 85           ; 101          ; 101          ; 101          ; 101          ; 101          ; 0         ; 101          ; 101          ;
; Total Fail         ; 0            ; 0            ; 0            ; 0            ; 0            ; 0         ; 0            ; 0            ; 0         ; 0         ; 0            ; 0            ; 0            ; 0            ; 0            ; 0            ; 0            ; 0            ; 0            ; 0            ; 0            ; 0            ; 0            ; 0            ; 0            ; 0            ; 0            ; 0         ; 0            ; 0            ;
; gout1              ; Inapplicable ; Inapplicable ; Inapplicable ; Inapplicable ; Inapplicable ; Pass      ; Inapplicable ; Inapplicable ; Pass      ; Pass      ; Inapplicable ; Pass         ; Inapplicable ; Inapplicable ; Inapplicable ; Inapplicable ; Pass         ; Inapplicable ; Inapplicable ; Inapplicable ; Inapplicable ; Pass         ; Inapplicable ; Inapplicable ; Inapplicable ; Inapplicable ; Inapplicable ; Pass      ; Inapplicable ; Inapplicable ;
; gout2              ; Inapplicable ; Inapplicable ; Inapplicable ; Inapplicable ; Inapplicable ; Pass      ; Inapplicable ; Inapplicable ; Pass      ; Pass      ; Inapplicable ; Pass         ; Inapplicable ; Inapplicable ; Inapplicable ; Inapplicable ; Pass         ; Inapplicable ; Inapplicable ; Inapplicable ; Inapplicable ; Pass         ; Inapplicable ; Inapplicable ; Inapplicable ; Inapplicable ; Inapplicable ; Pass      ; Inapplicable ; Inapplicable ;
; gout3              ; Inapplicable ; Inapplicable ; Inapplicable ; Inapplicable ; Inapplicable ; Pass      ; Inapplicable ; Inapplicable ; Pass      ; Pass      ; Inapplicable ; Pass         ; Inapplicable ; Inapplicable ; Inapplicable ; Inapplicable ; Pass         ; Inapplicable ; Inapplicable ; Inapplicable ; Inapplicable ; Pass         ; Inapplicable ; Inapplicable ; Inapplicable ; Inapplicable ; Inapplicable ; Pass      ; Inapplicable ; Inapplicable ;
; gout4              ; Inapplicable ; Inapplicable ; Inapplicable ; Inapplicable ; Inapplicable ; Pass      ; Inapplicable ; Inapplicable ; Pass      ; Pass      ; Inapplicable ; Pass         ; Inapplicable ; Inapplicable ; Inapplicable ; Inapplicable ; Pass         ; Inapplicable ; Inapplicable ; Inapplicable ; Inapplicable ; Pass         ; Inapplicable ; Inapplicable ; Inapplicable ; Inapplicable ; Inapplicable ; Pass      ; Inapplicable ; Inapplicable ;
; gout5              ; Inapplicable ; Inapplicable ; Inapplicable ; Inapplicable ; Inapplicable ; Pass      ; Inapplicable ; Inapplicable ; Pass      ; Pass      ; Inapplicable ; Pass         ; Inapplicable ; Inapplicable ; Inapplicable ; Inapplicable ; Pass         ; Inapplicable ; Inapplicable ; Inapplicable ; Inapplicable ; Pass         ; Inapplicable ; Inapplicable ; Inapplicable ; Inapplicable ; Inapplicable ; Pass      ; Inapplicable ; Inapplicable ;
; gout6              ; Inapplicable ; Inapplicable ; Inapplicable ; Inapplicable ; Inapplicable ; Pass      ; Inapplicable ; Inapplicable ; Pass      ; Pass      ; Inapplicable ; Pass         ; Inapplicable ; Inapplicable ; Inapplicable ; Inapplicable ; Pass         ; Inapplicable ; Inapplicable ; Inapplicable ; Inapplicable ; Pass         ; Inapplicable ; Inapplicable ; Inapplicable ; Inapplicable ; Inapplicable ; Pass      ; Inapplicable ; Inapplicable ;
; gout7              ; Inapplicable ; Inapplicable ; Inapplicable ; Inapplicable ; Inapplicable ; Pass      ; Inapplicable ; Inapplicable ; Pass      ; Pass      ; Inapplicable ; Pass         ; Inapplicable ; Inapplicable ; Inapplicable ; Inapplicable ; Pass         ; Inapplicable ; Inapplicable ; Inapplicable ; Inapplicable ; Pass         ; Inapplicable ; Inapplicable ; Inapplicable ; Inapplicable ; Inapplicable ; Pass      ; Inapplicable ; Inapplicable ;
; gout10             ; Inapplicable ; Inapplicable ; Inapplicable ; Inapplicable ; Inapplicable ; Pass      ; Inapplicable ; Inapplicable ; Pass      ; Pass      ; Inapplicable ; Pass         ; Inapplicable ; Inapplicable ; Inapplicable ; Inapplicable ; Pass         ; Inapplicable ; Inapplicable ; Inapplicable ; Inapplicable ; Pass         ; Inapplicable ; Inapplicable ; Inapplicable ; Inapplicable ; Inapplicable ; Pass      ; Inapplicable ; Inapplicable ;
; gout11             ; Inapplicable ; Inapplicable ; Inapplicable ; Inapplicable ; Inapplicable ; Pass      ; Inapplicable ; Inapplicable ; Pass      ; Pass      ; Inapplicable ; Pass         ; Inapplicable ; Inapplicable ; Inapplicable ; Inapplicable ; Pass         ; Inapplicable ; Inapplicable ; Inapplicable ; Inapplicable ; Pass         ; Inapplicable ; Inapplicable ; Inapplicable ; Inapplicable ; Inapplicable ; Pass      ; Inapplicable ; Inapplicable ;
; gout12             ; Inapplicable ; Inapplicable ; Inapplicable ; Inapplicable ; Inapplicable ; Pass      ; Inapplicable ; Inapplicable ; Pass      ; Pass      ; Inapplicable ; Pass         ; Inapplicable ; Inapplicable ; Inapplicable ; Inapplicable ; Pass         ; Inapplicable ; Inapplicable ; Inapplicable ; Inapplicable ; Pass         ; Inapplicable ; Inapplicable ; Inapplicable ; Inapplicable ; Inapplicable ; Pass      ; Inapplicable ; Inapplicable ;
; gout13             ; Inapplicable ; Inapplicable ; Inapplicable ; Inapplicable ; Inapplicable ; Pass      ; Inapplicable ; Inapplicable ; Pass      ; Pass      ; Inapplicable ; Pass         ; Inapplicable ; Inapplicable ; Inapplicable ; Inapplicable ; Pass         ; Inapplicable ; Inapplicable ; Inapplicable ; Inapplicable ; Pass         ; Inapplicable ; Inapplicable ; Inapplicable ; Inapplicable ; Inapplicable ; Pass      ; Inapplicable ; Inapplicable ;
; gout14             ; Inapplicable ; Inapplicable ; Inapplicable ; Inapplicable ; Inapplicable ; Pass      ; Inapplicable ; Inapplicable ; Pass      ; Pass      ; Inapplicable ; Pass         ; Inapplicable ; Inapplicable ; Inapplicable ; Inapplicable ; Pass         ; Inapplicable ; Inapplicable ; Inapplicable ; Inapplicable ; Pass         ; Inapplicable ; Inapplicable ; Inapplicable ; Inapplicable ; Inapplicable ; Pass      ; Inapplicable ; Inapplicable ;
; gout15             ; Inapplicable ; Inapplicable ; Inapplicable ; Inapplicable ; Inapplicable ; Pass      ; Inapplicable ; Inapplicable ; Pass      ; Pass      ; Inapplicable ; Pass         ; Inapplicable ; Inapplicable ; Inapplicable ; Inapplicable ; Pass         ; Inapplicable ; Inapplicable ; Inapplicable ; Inapplicable ; Pass         ; Inapplicable ; Inapplicable ; Inapplicable ; Inapplicable ; Inapplicable ; Pass      ; Inapplicable ; Inapplicable ;
; gout16             ; Inapplicable ; Inapplicable ; Inapplicable ; Inapplicable ; Inapplicable ; Pass      ; Inapplicable ; Inapplicable ; Pass      ; Pass      ; Inapplicable ; Pass         ; Inapplicable ; Inapplicable ; Inapplicable ; Inapplicable ; Pass         ; Inapplicable ; Inapplicable ; Inapplicable ; Inapplicable ; Pass         ; Inapplicable ; Inapplicable ; Inapplicable ; Inapplicable ; Inapplicable ; Pass      ; Inapplicable ; Inapplicable ;
; gout99             ; Inapplicable ; Inapplicable ; Inapplicable ; Inapplicable ; Inapplicable ; Pass      ; Inapplicable ; Inapplicable ; Pass      ; Pass      ; Inapplicable ; Pass         ; Inapplicable ; Inapplicable ; Inapplicable ; Inapplicable ; Pass         ; Inapplicable ; Inapplicable ; Inapplicable ; Inapplicable ; Pass         ; Inapplicable ; Inapplicable ; Inapplicable ; Inapplicable ; Inapplicable ; Pass      ; Inapplicable ; Inapplicable ;
; g88                ; Inapplicable ; Inapplicable ; Inapplicable ; Inapplicable ; Inapplicable ; Pass      ; Inapplicable ; Inapplicable ; Pass      ; Pass      ; Inapplicable ; Pass         ; Inapplicable ; Inapplicable ; Inapplicable ; Inapplicable ; Pass         ; Inapplicable ; Inapplicable ; Inapplicable ; Inapplicable ; Pass         ; Inapplicable ; Inapplicable ; Inapplicable ; Inapplicable ; Inapplicable ; Pass      ; Inapplicable ; Inapplicable ;
; h_choose           ; Inapplicable ; Inapplicable ; Inapplicable ; Inapplicable ; Inapplicable ; Pass      ; Inapplicable ; Inapplicable ; Pass      ; Pass      ; Inapplicable ; Inapplicable ; Inapplicable ; Inapplicable ; Pass         ; Inapplicable ; Inapplicable ; Pass         ; Inapplicable ; Inapplicable ; Inapplicable ; Inapplicable ; Inapplicable ; Inapplicable ; Inapplicable ; Inapplicable ; Inapplicable ; Pass      ; Inapplicable ; Inapplicable ;
; l_choose           ; Inapplicable ; Inapplicable ; Inapplicable ; Inapplicable ; Inapplicable ; Pass      ; Inapplicable ; Inapplicable ; Pass      ; Pass      ; Inapplicable ; Inapplicable ; Inapplicable ; Inapplicable ; Pass         ; Inapplicable ; Inapplicable ; Pass         ; Inapplicable ; Inapplicable ; Inapplicable ; Inapplicable ; Inapplicable ; Inapplicable ; Inapplicable ; Inapplicable ; Inapplicable ; Pass      ; Inapplicable ; Inapplicable ;
; l1                 ; Inapplicable ; Inapplicable ; Inapplicable ; Inapplicable ; Inapplicable ; Pass      ; Inapplicable ; Inapplicable ; Pass      ; Pass      ; Inapplicable ; Inapplicable ; Inapplicable ; Inapplicable ; Pass         ; Inapplicable ; Inapplicable ; Pass         ; Inapplicable ; Inapplicable ; Inapplicable ; Inapplicable ; Inapplicable ; Inapplicable ; Inapplicable ; Inapplicable ; Inapplicable ; Pass      ; Inapplicable ; Inapplicable ;
; h1                 ; Inapplicable ; Inapplicable ; Inapplicable ; Inapplicable ; Inapplicable ; Pass      ; Inapplicable ; Inapplicable ; Pass      ; Pass      ; Inapplicable ; Inapplicable ; Inapplicable ; Inapplicable ; Pass         ; Inapplicable ; Inapplicable ; Pass         ; Inapplicable ; Inapplicable ; Inapplicable ; Inapplicable ; Inapplicable ; Inapplicable ; Inapplicable ; Inapplicable ; Inapplicable ; Pass      ; Inapplicable ; Inapplicable ;
; y_choose           ; Inapplicable ; Inapplicable ; Inapplicable ; Inapplicable ; Inapplicable ; Pass      ; Inapplicable ; Inapplicable ; Pass      ; Pass      ; Inapplicable ; Inapplicable ; Inapplicable ; Inapplicable ; Pass         ; Inapplicable ; Inapplicable ; Pass         ; Inapplicable ; Inapplicable ; Inapplicable ; Inapplicable ; Inapplicable ; Inapplicable ; Inapplicable ; Inapplicable ; Inapplicable ; Pass      ; Inapplicable ; Inapplicable ;
; z_choose           ; Inapplicable ; Inapplicable ; Inapplicable ; Inapplicable ; Inapplicable ; Pass      ; Inapplicable ; Inapplicable ; Pass      ; Pass      ; Inapplicable ; Inapplicable ; Inapplicable ; Inapplicable ; Pass         ; Inapplicable ; Inapplicable ; Pass         ; Inapplicable ; Inapplicable ; Inapplicable ; Inapplicable ; Inapplicable ; Inapplicable ; Inapplicable ; Inapplicable ; Inapplicable ; Pass      ; Inapplicable ; Inapplicable ;
; z1                 ; Inapplicable ; Inapplicable ; Inapplicable ; Inapplicable ; Inapplicable ; Pass      ; Inapplicable ; Inapplicable ; Pass      ; Pass      ; Inapplicable ; Inapplicable ; Inapplicable ; Inapplicable ; Pass         ; Inapplicable ; Inapplicable ; Pass         ; Inapplicable ; Inapplicable ; Inapplicable ; Inapplicable ; Inapplicable ; Inapplicable ; Inapplicable ; Inapplicable ; Inapplicable ; Pass      ; Inapplicable ; Inapplicable ;
; y1                 ; Inapplicable ; Inapplicable ; Inapplicable ; Inapplicable ; Inapplicable ; Pass      ; Inapplicable ; Inapplicable ; Pass      ; Pass      ; Inapplicable ; Inapplicable ; Inapplicable ; Inapplicable ; Pass         ; Inapplicable ; Inapplicable ; Pass         ; Inapplicable ; Inapplicable ; Inapplicable ; Inapplicable ; Inapplicable ; Inapplicable ; Inapplicable ; Inapplicable ; Inapplicable ; Pass      ; Inapplicable ; Inapplicable ;
; n_choose2          ; Inapplicable ; Inapplicable ; Inapplicable ; Inapplicable ; Inapplicable ; Pass      ; Inapplicable ; Inapplicable ; Pass      ; Pass      ; Inapplicable ; Inapplicable ; Inapplicable ; Inapplicable ; Pass         ; Inapplicable ; Inapplicable ; Pass         ; Inapplicable ; Inapplicable ; Inapplicable ; Inapplicable ; Inapplicable ; Inapplicable ; Inapplicable ; Inapplicable ; Inapplicable ; Pass      ; Inapplicable ; Inapplicable ;
; n1                 ; Inapplicable ; Inapplicable ; Inapplicable ; Inapplicable ; Inapplicable ; Pass      ; Inapplicable ; Inapplicable ; Pass      ; Pass      ; Inapplicable ; Inapplicable ; Inapplicable ; Inapplicable ; Pass         ; Inapplicable ; Inapplicable ; Pass         ; Inapplicable ; Inapplicable ; Inapplicable ; Inapplicable ; Inapplicable ; Inapplicable ; Inapplicable ; Inapplicable ; Inapplicable ; Pass      ; Inapplicable ; Inapplicable ;
; l2                 ; Inapplicable ; Inapplicable ; Inapplicable ; Inapplicable ; Inapplicable ; Pass      ; Inapplicable ; Inapplicable ; Pass      ; Pass      ; Inapplicable ; Inapplicable ; Inapplicable ; Inapplicable ; Pass         ; Inapplicable ; Inapplicable ; Pass         ; Inapplicable ; Inapplicable ; Inapplicable ; Inapplicable ; Inapplicable ; Inapplicable ; Inapplicable ; Inapplicable ; Inapplicable ; Pass      ; Inapplicable ; Inapplicable ;
; h2                 ; Inapplicable ; Inapplicable ; Inapplicable ; Inapplicable ; Inapplicable ; Pass      ; Inapplicable ; Inapplicable ; Pass      ; Pass      ; Inapplicable ; Inapplicable ; Inapplicable ; Inapplicable ; Pass         ; Inapplicable ; Inapplicable ; Pass         ; Inapplicable ; Inapplicable ; Inapplicable ; Inapplicable ; Inapplicable ; Inapplicable ; Inapplicable ; Inapplicable ; Inapplicable ; Pass      ; Inapplicable ; Inapplicable ;
; z2                 ; Inapplicable ; Inapplicable ; Inapplicable ; Inapplicable ; Inapplicable ; Pass      ; Inapplicable ; Inapplicable ; Pass      ; Pass      ; Inapplicable ; Inapplicable ; Inapplicable ; Inapplicable ; Pass         ; Inapplicable ; Inapplicable ; Pass         ; Inapplicable ; Inapplicable ; Inapplicable ; Inapplicable ; Inapplicable ; Inapplicable ; Inapplicable ; Inapplicable ; Inapplicable ; Pass      ; Inapplicable ; Inapplicable ;
; y2                 ; Inapplicable ; Inapplicable ; Inapplicable ; Inapplicable ; Inapplicable ; Pass      ; Inapplicable ; Inapplicable ; Pass      ; Pass      ; Inapplicable ; Inapplicable ; Inapplicable ; Inapplicable ; Pass         ; Inapplicable ; Inapplicable ; Pass         ; Inapplicable ; Inapplicable ; Inapplicable ; Inapplicable ; Inapplicable ; Inapplicable ; Inapplicable ; Inapplicable ; Inapplicable ; Pass      ; Inapplicable ; Inapplicable ;
; n2                 ; Inapplicable ; Inapplicable ; Inapplicable ; Inapplicable ; Inapplicable ; Pass      ; Inapplicable ; Inapplicable ; Pass      ; Pass      ; Inapplicable ; Inapplicable ; Inapplicable ; Inapplicable ; Pass         ; Inapplicable ; Inapplicable ; Pass         ; Inapplicable ; Inapplicable ; Inapplicable ; Inapplicable ; Inapplicable ; Inapplicable ; Inapplicable ; Inapplicable ; Inapplicable ; Pass      ; Inapplicable ; Inapplicable ;
; l3                 ; Inapplicable ; Inapplicable ; Inapplicable ; Inapplicable ; Inapplicable ; Pass      ; Inapplicable ; Inapplicable ; Pass      ; Pass      ; Inapplicable ; Inapplicable ; Inapplicable ; Inapplicable ; Pass         ; Inapplicable ; Inapplicable ; Pass         ; Inapplicable ; Inapplicable ; Inapplicable ; Inapplicable ; Inapplicable ; Inapplicable ; Inapplicable ; Inapplicable ; Inapplicable ; Pass      ; Inapplicable ; Inapplicable ;
; h3                 ; Inapplicable ; Inapplicable ; Inapplicable ; Inapplicable ; Inapplicable ; Pass      ; Inapplicable ; Inapplicable ; Pass      ; Pass      ; Inapplicable ; Inapplicable ; Inapplicable ; Inapplicable ; Pass         ; Inapplicable ; Inapplicable ; Pass         ; Inapplicable ; Inapplicable ; Inapplicable ; Inapplicable ; Inapplicable ; Inapplicable ; Inapplicable ; Inapplicable ; Inapplicable ; Pass      ; Inapplicable ; Inapplicable ;
; z3                 ; Inapplicable ; Inapplicable ; Inapplicable ; Inapplicable ; Inapplicable ; Pass      ; Inapplicable ; Inapplicable ; Pass      ; Pass      ; Inapplicable ; Inapplicable ; Inapplicable ; Inapplicable ; Pass         ; Inapplicable ; Inapplicable ; Pass         ; Inapplicable ; Inapplicable ; Inapplicable ; Inapplicable ; Inapplicable ; Inapplicable ; Inapplicable ; Inapplicable ; Inapplicable ; Pass      ; Inapplicable ; Inapplicable ;
; y3                 ; Inapplicable ; Inapplicable ; Inapplicable ; Inapplicable ; Inapplicable ; Pass      ; Inapplicable ; Inapplicable ; Pass      ; Pass      ; Inapplicable ; Inapplicable ; Inapplicable ; Inapplicable ; Pass         ; Inapplicable ; Inapplicable ; Pass         ; Inapplicable ; Inapplicable ; Inapplicable ; Inapplicable ; Inapplicable ; Inapplicable ; Inapplicable ; Inapplicable ; Inapplicable ; Pass      ; Inapplicable ; Inapplicable ;
; n3                 ; Inapplicable ; Inapplicable ; Inapplicable ; Inapplicable ; Inapplicable ; Pass      ; Inapplicable ; Inapplicable ; Pass      ; Pass      ; Inapplicable ; Inapplicable ; Inapplicable ; Inapplicable ; Pass         ; Inapplicable ; Inapplicable ; Pass         ; Inapplicable ; Inapplicable ; Inapplicable ; Inapplicable ; Inapplicable ; Inapplicable ; Inapplicable ; Inapplicable ; Inapplicable ; Pass      ; Inapplicable ; Inapplicable ;
; l4                 ; Inapplicable ; Inapplicable ; Inapplicable ; Inapplicable ; Inapplicable ; Pass      ; Inapplicable ; Inapplicable ; Pass      ; Pass      ; Inapplicable ; Inapplicable ; Inapplicable ; Inapplicable ; Pass         ; Inapplicable ; Inapplicable ; Pass         ; Inapplicable ; Inapplicable ; Inapplicable ; Inapplicable ; Inapplicable ; Inapplicable ; Inapplicable ; Inapplicable ; Inapplicable ; Pass      ; Inapplicable ; Inapplicable ;
; h4                 ; Inapplicable ; Inapplicable ; Inapplicable ; Inapplicable ; Inapplicable ; Pass      ; Inapplicable ; Inapplicable ; Pass      ; Pass      ; Inapplicable ; Inapplicable ; Inapplicable ; Inapplicable ; Pass         ; Inapplicable ; Inapplicable ; Pass         ; Inapplicable ; Inapplicable ; Inapplicable ; Inapplicable ; Inapplicable ; Inapplicable ; Inapplicable ; Inapplicable ; Inapplicable ; Pass      ; Inapplicable ; Inapplicable ;
; z4                 ; Inapplicable ; Inapplicable ; Inapplicable ; Inapplicable ; Inapplicable ; Pass      ; Inapplicable ; Inapplicable ; Pass      ; Pass      ; Inapplicable ; Inapplicable ; Inapplicable ; Inapplicable ; Pass         ; Inapplicable ; Inapplicable ; Pass         ; Inapplicable ; Inapplicable ; Inapplicable ; Inapplicable ; Inapplicable ; Inapplicable ; Inapplicable ; Inapplicable ; Inapplicable ; Pass      ; Inapplicable ; Inapplicable ;
; y4                 ; Inapplicable ; Inapplicable ; Inapplicable ; Inapplicable ; Inapplicable ; Pass      ; Inapplicable ; Inapplicable ; Pass      ; Pass      ; Inapplicable ; Inapplicable ; Inapplicable ; Inapplicable ; Pass         ; Inapplicable ; Inapplicable ; Pass         ; Inapplicable ; Inapplicable ; Inapplicable ; Inapplicable ; Inapplicable ; Inapplicable ; Inapplicable ; Inapplicable ; Inapplicable ; Pass      ; Inapplicable ; Inapplicable ;
; n4                 ; Inapplicable ; Inapplicable ; Inapplicable ; Inapplicable ; Inapplicable ; Pass      ; Inapplicable ; Inapplicable ; Pass      ; Pass      ; Inapplicable ; Inapplicable ; Inapplicable ; Inapplicable ; Pass         ; Inapplicable ; Inapplicable ; Pass         ; Inapplicable ; Inapplicable ; Inapplicable ; Inapplicable ; Inapplicable ; Inapplicable ; Inapplicable ; Inapplicable ; Inapplicable ; Pass      ; Inapplicable ; Inapplicable ;
; l5                 ; Inapplicable ; Inapplicable ; Inapplicable ; Inapplicable ; Inapplicable ; Pass      ; Inapplicable ; Inapplicable ; Pass      ; Pass      ; Inapplicable ; Inapplicable ; Inapplicable ; Inapplicable ; Pass         ; Inapplicable ; Inapplicable ; Pass         ; Inapplicable ; Inapplicable ; Inapplicable ; Inapplicable ; Inapplicable ; Inapplicable ; Inapplicable ; Inapplicable ; Inapplicable ; Pass      ; Inapplicable ; Inapplicable ;
; h5                 ; Inapplicable ; Inapplicable ; Inapplicable ; Inapplicable ; Inapplicable ; Pass      ; Inapplicable ; Inapplicable ; Pass      ; Pass      ; Inapplicable ; Inapplicable ; Inapplicable ; Inapplicable ; Pass         ; Inapplicable ; Inapplicable ; Pass         ; Inapplicable ; Inapplicable ; Inapplicable ; Inapplicable ; Inapplicable ; Inapplicable ; Inapplicable ; Inapplicable ; Inapplicable ; Pass      ; Inapplicable ; Inapplicable ;
; z5                 ; Inapplicable ; Inapplicable ; Inapplicable ; Inapplicable ; Inapplicable ; Pass      ; Inapplicable ; Inapplicable ; Pass      ; Pass      ; Inapplicable ; Inapplicable ; Inapplicable ; Inapplicable ; Pass         ; Inapplicable ; Inapplicable ; Pass         ; Inapplicable ; Inapplicable ; Inapplicable ; Inapplicable ; Inapplicable ; Inapplicable ; Inapplicable ; Inapplicable ; Inapplicable ; Pass      ; Inapplicable ; Inapplicable ;
; y5                 ; Inapplicable ; Inapplicable ; Inapplicable ; Inapplicable ; Inapplicable ; Pass      ; Inapplicable ; Inapplicable ; Pass      ; Pass      ; Inapplicable ; Inapplicable ; Inapplicable ; Inapplicable ; Pass         ; Inapplicable ; Inapplicable ; Pass         ; Inapplicable ; Inapplicable ; Inapplicable ; Inapplicable ; Inapplicable ; Inapplicable ; Inapplicable ; Inapplicable ; Inapplicable ; Pass      ; Inapplicable ; Inapplicable ;
; n5                 ; Inapplicable ; Inapplicable ; Inapplicable ; Inapplicable ; Inapplicable ; Pass      ; Inapplicable ; Inapplicable ; Pass      ; Pass      ; Inapplicable ; Inapplicable ; Inapplicable ; Inapplicable ; Pass         ; Inapplicable ; Inapplicable ; Pass         ; Inapplicable ; Inapplicable ; Inapplicable ; Inapplicable ; Inapplicable ; Inapplicable ; Inapplicable ; Inapplicable ; Inapplicable ; Pass      ; Inapplicable ; Inapplicable ;
; l6                 ; Inapplicable ; Inapplicable ; Inapplicable ; Inapplicable ; Inapplicable ; Pass      ; Inapplicable ; Inapplicable ; Pass      ; Pass      ; Inapplicable ; Inapplicable ; Inapplicable ; Inapplicable ; Pass         ; Inapplicable ; Inapplicable ; Pass         ; Inapplicable ; Inapplicable ; Inapplicable ; Inapplicable ; Inapplicable ; Inapplicable ; Inapplicable ; Inapplicable ; Inapplicable ; Pass      ; Inapplicable ; Inapplicable ;
; h6                 ; Inapplicable ; Inapplicable ; Inapplicable ; Inapplicable ; Inapplicable ; Pass      ; Inapplicable ; Inapplicable ; Pass      ; Pass      ; Inapplicable ; Inapplicable ; Inapplicable ; Inapplicable ; Pass         ; Inapplicable ; Inapplicable ; Pass         ; Inapplicable ; Inapplicable ; Inapplicable ; Inapplicable ; Inapplicable ; Inapplicable ; Inapplicable ; Inapplicable ; Inapplicable ; Pass      ; Inapplicable ; Inapplicable ;
; z6                 ; Inapplicable ; Inapplicable ; Inapplicable ; Inapplicable ; Inapplicable ; Pass      ; Inapplicable ; Inapplicable ; Pass      ; Pass      ; Inapplicable ; Inapplicable ; Inapplicable ; Inapplicable ; Pass         ; Inapplicable ; Inapplicable ; Pass         ; Inapplicable ; Inapplicable ; Inapplicable ; Inapplicable ; Inapplicable ; Inapplicable ; Inapplicable ; Inapplicable ; Inapplicable ; Pass      ; Inapplicable ; Inapplicable ;
; y6                 ; Inapplicable ; Inapplicable ; Inapplicable ; Inapplicable ; Inapplicable ; Pass      ; Inapplicable ; Inapplicable ; Pass      ; Pass      ; Inapplicable ; Inapplicable ; Inapplicable ; Inapplicable ; Pass         ; Inapplicable ; Inapplicable ; Pass         ; Inapplicable ; Inapplicable ; Inapplicable ; Inapplicable ; Inapplicable ; Inapplicable ; Inapplicable ; Inapplicable ; Inapplicable ; Pass      ; Inapplicable ; Inapplicable ;
; n6                 ; Inapplicable ; Inapplicable ; Inapplicable ; Inapplicable ; Inapplicable ; Pass      ; Inapplicable ; Inapplicable ; Pass      ; Pass      ; Inapplicable ; Inapplicable ; Inapplicable ; Inapplicable ; Pass         ; Inapplicable ; Inapplicable ; Pass         ; Inapplicable ; Inapplicable ; Inapplicable ; Inapplicable ; Inapplicable ; Inapplicable ; Inapplicable ; Inapplicable ; Inapplicable ; Pass      ; Inapplicable ; Inapplicable ;
; l7                 ; Inapplicable ; Inapplicable ; Inapplicable ; Inapplicable ; Inapplicable ; Pass      ; Inapplicable ; Inapplicable ; Pass      ; Pass      ; Inapplicable ; Inapplicable ; Inapplicable ; Inapplicable ; Pass         ; Inapplicable ; Inapplicable ; Pass         ; Inapplicable ; Inapplicable ; Inapplicable ; Inapplicable ; Inapplicable ; Inapplicable ; Inapplicable ; Inapplicable ; Inapplicable ; Pass      ; Inapplicable ; Inapplicable ;
; h7                 ; Inapplicable ; Inapplicable ; Inapplicable ; Inapplicable ; Inapplicable ; Pass      ; Inapplicable ; Inapplicable ; Pass      ; Pass      ; Inapplicable ; Inapplicable ; Inapplicable ; Inapplicable ; Pass         ; Inapplicable ; Inapplicable ; Pass         ; Inapplicable ; Inapplicable ; Inapplicable ; Inapplicable ; Inapplicable ; Inapplicable ; Inapplicable ; Inapplicable ; Inapplicable ; Pass      ; Inapplicable ; Inapplicable ;
; z7                 ; Inapplicable ; Inapplicable ; Inapplicable ; Inapplicable ; Inapplicable ; Pass      ; Inapplicable ; Inapplicable ; Pass      ; Pass      ; Inapplicable ; Inapplicable ; Inapplicable ; Inapplicable ; Pass         ; Inapplicable ; Inapplicable ; Pass         ; Inapplicable ; Inapplicable ; Inapplicable ; Inapplicable ; Inapplicable ; Inapplicable ; Inapplicable ; Inapplicable ; Inapplicable ; Pass      ; Inapplicable ; Inapplicable ;
; y7                 ; Inapplicable ; Inapplicable ; Inapplicable ; Inapplicable ; Inapplicable ; Pass      ; Inapplicable ; Inapplicable ; Pass      ; Pass      ; Inapplicable ; Inapplicable ; Inapplicable ; Inapplicable ; Pass         ; Inapplicable ; Inapplicable ; Pass         ; Inapplicable ; Inapplicable ; Inapplicable ; Inapplicable ; Inapplicable ; Inapplicable ; Inapplicable ; Inapplicable ; Inapplicable ; Pass      ; Inapplicable ; Inapplicable ;
; n7                 ; Inapplicable ; Inapplicable ; Inapplicable ; Inapplicable ; Inapplicable ; Pass      ; Inapplicable ; Inapplicable ; Pass      ; Pass      ; Inapplicable ; Inapplicable ; Inapplicable ; Inapplicable ; Pass         ; Inapplicable ; Inapplicable ; Pass         ; Inapplicable ; Inapplicable ; Inapplicable ; Inapplicable ; Inapplicable ; Inapplicable ; Inapplicable ; Inapplicable ; Inapplicable ; Pass      ; Inapplicable ; Inapplicable ;
; l10                ; Inapplicable ; Inapplicable ; Inapplicable ; Inapplicable ; Inapplicable ; Pass      ; Inapplicable ; Inapplicable ; Pass      ; Pass      ; Inapplicable ; Inapplicable ; Inapplicable ; Inapplicable ; Pass         ; Inapplicable ; Inapplicable ; Pass         ; Inapplicable ; Inapplicable ; Inapplicable ; Inapplicable ; Inapplicable ; Inapplicable ; Inapplicable ; Inapplicable ; Inapplicable ; Pass      ; Inapplicable ; Inapplicable ;
; h10                ; Inapplicable ; Inapplicable ; Inapplicable ; Inapplicable ; Inapplicable ; Pass      ; Inapplicable ; Inapplicable ; Pass      ; Pass      ; Inapplicable ; Inapplicable ; Inapplicable ; Inapplicable ; Pass         ; Inapplicable ; Inapplicable ; Pass         ; Inapplicable ; Inapplicable ; Inapplicable ; Inapplicable ; Inapplicable ; Inapplicable ; Inapplicable ; Inapplicable ; Inapplicable ; Pass      ; Inapplicable ; Inapplicable ;
; z10                ; Inapplicable ; Inapplicable ; Inapplicable ; Inapplicable ; Inapplicable ; Pass      ; Inapplicable ; Inapplicable ; Pass      ; Pass      ; Inapplicable ; Inapplicable ; Inapplicable ; Inapplicable ; Pass         ; Inapplicable ; Inapplicable ; Pass         ; Inapplicable ; Inapplicable ; Inapplicable ; Inapplicable ; Inapplicable ; Inapplicable ; Inapplicable ; Inapplicable ; Inapplicable ; Pass      ; Inapplicable ; Inapplicable ;
; y10                ; Inapplicable ; Inapplicable ; Inapplicable ; Inapplicable ; Inapplicable ; Pass      ; Inapplicable ; Inapplicable ; Pass      ; Pass      ; Inapplicable ; Inapplicable ; Inapplicable ; Inapplicable ; Pass         ; Inapplicable ; Inapplicable ; Pass         ; Inapplicable ; Inapplicable ; Inapplicable ; Inapplicable ; Inapplicable ; Inapplicable ; Inapplicable ; Inapplicable ; Inapplicable ; Pass      ; Inapplicable ; Inapplicable ;
; n10                ; Inapplicable ; Inapplicable ; Inapplicable ; Inapplicable ; Inapplicable ; Pass      ; Inapplicable ; Inapplicable ; Pass      ; Pass      ; Inapplicable ; Inapplicable ; Inapplicable ; Inapplicable ; Pass         ; Inapplicable ; Inapplicable ; Pass         ; Inapplicable ; Inapplicable ; Inapplicable ; Inapplicable ; Inapplicable ; Inapplicable ; Inapplicable ; Inapplicable ; Inapplicable ; Pass      ; Inapplicable ; Inapplicable ;
; l11                ; Inapplicable ; Inapplicable ; Inapplicable ; Inapplicable ; Inapplicable ; Pass      ; Inapplicable ; Inapplicable ; Pass      ; Pass      ; Inapplicable ; Inapplicable ; Inapplicable ; Inapplicable ; Pass         ; Inapplicable ; Inapplicable ; Pass         ; Inapplicable ; Inapplicable ; Inapplicable ; Inapplicable ; Inapplicable ; Inapplicable ; Inapplicable ; Inapplicable ; Inapplicable ; Pass      ; Inapplicable ; Inapplicable ;
; h11                ; Inapplicable ; Inapplicable ; Inapplicable ; Inapplicable ; Inapplicable ; Pass      ; Inapplicable ; Inapplicable ; Pass      ; Pass      ; Inapplicable ; Inapplicable ; Inapplicable ; Inapplicable ; Pass         ; Inapplicable ; Inapplicable ; Pass         ; Inapplicable ; Inapplicable ; Inapplicable ; Inapplicable ; Inapplicable ; Inapplicable ; Inapplicable ; Inapplicable ; Inapplicable ; Pass      ; Inapplicable ; Inapplicable ;
; z11                ; Inapplicable ; Inapplicable ; Inapplicable ; Inapplicable ; Inapplicable ; Pass      ; Inapplicable ; Inapplicable ; Pass      ; Pass      ; Inapplicable ; Inapplicable ; Inapplicable ; Inapplicable ; Pass         ; Inapplicable ; Inapplicable ; Pass         ; Inapplicable ; Inapplicable ; Inapplicable ; Inapplicable ; Inapplicable ; Inapplicable ; Inapplicable ; Inapplicable ; Inapplicable ; Pass      ; Inapplicable ; Inapplicable ;
; y11                ; Inapplicable ; Inapplicable ; Inapplicable ; Inapplicable ; Inapplicable ; Pass      ; Inapplicable ; Inapplicable ; Pass      ; Pass      ; Inapplicable ; Inapplicable ; Inapplicable ; Inapplicable ; Pass         ; Inapplicable ; Inapplicable ; Pass         ; Inapplicable ; Inapplicable ; Inapplicable ; Inapplicable ; Inapplicable ; Inapplicable ; Inapplicable ; Inapplicable ; Inapplicable ; Pass      ; Inapplicable ; Inapplicable ;
; n11                ; Inapplicable ; Inapplicable ; Inapplicable ; Inapplicable ; Inapplicable ; Pass      ; Inapplicable ; Inapplicable ; Pass      ; Pass      ; Inapplicable ; Inapplicable ; Inapplicable ; Inapplicable ; Pass         ; Inapplicable ; Inapplicable ; Pass         ; Inapplicable ; Inapplicable ; Inapplicable ; Inapplicable ; Inapplicable ; Inapplicable ; Inapplicable ; Inapplicable ; Inapplicable ; Pass      ; Inapplicable ; Inapplicable ;
; l12                ; Inapplicable ; Inapplicable ; Inapplicable ; Inapplicable ; Inapplicable ; Pass      ; Inapplicable ; Inapplicable ; Pass      ; Pass      ; Inapplicable ; Inapplicable ; Inapplicable ; Inapplicable ; Pass         ; Inapplicable ; Inapplicable ; Pass         ; Inapplicable ; Inapplicable ; Inapplicable ; Inapplicable ; Inapplicable ; Inapplicable ; Inapplicable ; Inapplicable ; Inapplicable ; Pass      ; Inapplicable ; Inapplicable ;
; h12                ; Inapplicable ; Inapplicable ; Inapplicable ; Inapplicable ; Inapplicable ; Pass      ; Inapplicable ; Inapplicable ; Pass      ; Pass      ; Inapplicable ; Inapplicable ; Inapplicable ; Inapplicable ; Pass         ; Inapplicable ; Inapplicable ; Pass         ; Inapplicable ; Inapplicable ; Inapplicable ; Inapplicable ; Inapplicable ; Inapplicable ; Inapplicable ; Inapplicable ; Inapplicable ; Pass      ; Inapplicable ; Inapplicable ;
; z12                ; Inapplicable ; Inapplicable ; Inapplicable ; Inapplicable ; Inapplicable ; Pass      ; Inapplicable ; Inapplicable ; Pass      ; Pass      ; Inapplicable ; Inapplicable ; Inapplicable ; Inapplicable ; Pass         ; Inapplicable ; Inapplicable ; Pass         ; Inapplicable ; Inapplicable ; Inapplicable ; Inapplicable ; Inapplicable ; Inapplicable ; Inapplicable ; Inapplicable ; Inapplicable ; Pass      ; Inapplicable ; Inapplicable ;
; y12                ; Inapplicable ; Inapplicable ; Inapplicable ; Inapplicable ; Inapplicable ; Pass      ; Inapplicable ; Inapplicable ; Pass      ; Pass      ; Inapplicable ; Inapplicable ; Inapplicable ; Inapplicable ; Pass         ; Inapplicable ; Inapplicable ; Pass         ; Inapplicable ; Inapplicable ; Inapplicable ; Inapplicable ; Inapplicable ; Inapplicable ; Inapplicable ; Inapplicable ; Inapplicable ; Pass      ; Inapplicable ; Inapplicable ;
; n12                ; Inapplicable ; Inapplicable ; Inapplicable ; Inapplicable ; Inapplicable ; Pass      ; Inapplicable ; Inapplicable ; Pass      ; Pass      ; Inapplicable ; Inapplicable ; Inapplicable ; Inapplicable ; Pass         ; Inapplicable ; Inapplicable ; Pass         ; Inapplicable ; Inapplicable ; Inapplicable ; Inapplicable ; Inapplicable ; Inapplicable ; Inapplicable ; Inapplicable ; Inapplicable ; Pass      ; Inapplicable ; Inapplicable ;
; l13                ; Inapplicable ; Inapplicable ; Inapplicable ; Inapplicable ; Inapplicable ; Pass      ; Inapplicable ; Inapplicable ; Pass      ; Pass      ; Inapplicable ; Inapplicable ; Inapplicable ; Inapplicable ; Pass         ; Inapplicable ; Inapplicable ; Pass         ; Inapplicable ; Inapplicable ; Inapplicable ; Inapplicable ; Inapplicable ; Inapplicable ; Inapplicable ; Inapplicable ; Inapplicable ; Pass      ; Inapplicable ; Inapplicable ;
; h13                ; Inapplicable ; Inapplicable ; Inapplicable ; Inapplicable ; Inapplicable ; Pass      ; Inapplicable ; Inapplicable ; Pass      ; Pass      ; Inapplicable ; Inapplicable ; Inapplicable ; Inapplicable ; Pass         ; Inapplicable ; Inapplicable ; Pass         ; Inapplicable ; Inapplicable ; Inapplicable ; Inapplicable ; Inapplicable ; Inapplicable ; Inapplicable ; Inapplicable ; Inapplicable ; Pass      ; Inapplicable ; Inapplicable ;
; z13                ; Inapplicable ; Inapplicable ; Inapplicable ; Inapplicable ; Inapplicable ; Pass      ; Inapplicable ; Inapplicable ; Pass      ; Pass      ; Inapplicable ; Inapplicable ; Inapplicable ; Inapplicable ; Pass         ; Inapplicable ; Inapplicable ; Pass         ; Inapplicable ; Inapplicable ; Inapplicable ; Inapplicable ; Inapplicable ; Inapplicable ; Inapplicable ; Inapplicable ; Inapplicable ; Pass      ; Inapplicable ; Inapplicable ;
; y13                ; Inapplicable ; Inapplicable ; Inapplicable ; Inapplicable ; Inapplicable ; Pass      ; Inapplicable ; Inapplicable ; Pass      ; Pass      ; Inapplicable ; Inapplicable ; Inapplicable ; Inapplicable ; Pass         ; Inapplicable ; Inapplicable ; Pass         ; Inapplicable ; Inapplicable ; Inapplicable ; Inapplicable ; Inapplicable ; Inapplicable ; Inapplicable ; Inapplicable ; Inapplicable ; Pass      ; Inapplicable ; Inapplicable ;
; n13                ; Inapplicable ; Inapplicable ; Inapplicable ; Inapplicable ; Inapplicable ; Pass      ; Inapplicable ; Inapplicable ; Pass      ; Pass      ; Inapplicable ; Inapplicable ; Inapplicable ; Inapplicable ; Pass         ; Inapplicable ; Inapplicable ; Pass         ; Inapplicable ; Inapplicable ; Inapplicable ; Inapplicable ; Inapplicable ; Inapplicable ; Inapplicable ; Inapplicable ; Inapplicable ; Pass      ; Inapplicable ; Inapplicable ;
; l14                ; Inapplicable ; Inapplicable ; Inapplicable ; Inapplicable ; Inapplicable ; Pass      ; Inapplicable ; Inapplicable ; Pass      ; Pass      ; Inapplicable ; Inapplicable ; Inapplicable ; Inapplicable ; Pass         ; Inapplicable ; Inapplicable ; Pass         ; Inapplicable ; Inapplicable ; Inapplicable ; Inapplicable ; Inapplicable ; Inapplicable ; Inapplicable ; Inapplicable ; Inapplicable ; Pass      ; Inapplicable ; Inapplicable ;
; h14                ; Inapplicable ; Inapplicable ; Inapplicable ; Inapplicable ; Inapplicable ; Pass      ; Inapplicable ; Inapplicable ; Pass      ; Pass      ; Inapplicable ; Inapplicable ; Inapplicable ; Inapplicable ; Pass         ; Inapplicable ; Inapplicable ; Pass         ; Inapplicable ; Inapplicable ; Inapplicable ; Inapplicable ; Inapplicable ; Inapplicable ; Inapplicable ; Inapplicable ; Inapplicable ; Pass      ; Inapplicable ; Inapplicable ;
; z14                ; Inapplicable ; Inapplicable ; Inapplicable ; Inapplicable ; Inapplicable ; Pass      ; Inapplicable ; Inapplicable ; Pass      ; Pass      ; Inapplicable ; Inapplicable ; Inapplicable ; Inapplicable ; Pass         ; Inapplicable ; Inapplicable ; Pass         ; Inapplicable ; Inapplicable ; Inapplicable ; Inapplicable ; Inapplicable ; Inapplicable ; Inapplicable ; Inapplicable ; Inapplicable ; Pass      ; Inapplicable ; Inapplicable ;
; y14                ; Inapplicable ; Inapplicable ; Inapplicable ; Inapplicable ; Inapplicable ; Pass      ; Inapplicable ; Inapplicable ; Pass      ; Pass      ; Inapplicable ; Inapplicable ; Inapplicable ; Inapplicable ; Pass         ; Inapplicable ; Inapplicable ; Pass         ; Inapplicable ; Inapplicable ; Inapplicable ; Inapplicable ; Inapplicable ; Inapplicable ; Inapplicable ; Inapplicable ; Inapplicable ; Pass      ; Inapplicable ; Inapplicable ;
; n14                ; Inapplicable ; Inapplicable ; Inapplicable ; Inapplicable ; Inapplicable ; Pass      ; Inapplicable ; Inapplicable ; Pass      ; Pass      ; Inapplicable ; Inapplicable ; Inapplicable ; Inapplicable ; Pass         ; Inapplicable ; Inapplicable ; Pass         ; Inapplicable ; Inapplicable ; Inapplicable ; Inapplicable ; Inapplicable ; Inapplicable ; Inapplicable ; Inapplicable ; Inapplicable ; Pass      ; Inapplicable ; Inapplicable ;
; l15                ; Inapplicable ; Inapplicable ; Inapplicable ; Inapplicable ; Inapplicable ; Pass      ; Inapplicable ; Inapplicable ; Pass      ; Pass      ; Inapplicable ; Inapplicable ; Inapplicable ; Inapplicable ; Pass         ; Inapplicable ; Inapplicable ; Pass         ; Inapplicable ; Inapplicable ; Inapplicable ; Inapplicable ; Inapplicable ; Inapplicable ; Inapplicable ; Inapplicable ; Inapplicable ; Pass      ; Inapplicable ; Inapplicable ;
; h15                ; Inapplicable ; Inapplicable ; Inapplicable ; Inapplicable ; Inapplicable ; Pass      ; Inapplicable ; Inapplicable ; Pass      ; Pass      ; Inapplicable ; Inapplicable ; Inapplicable ; Inapplicable ; Pass         ; Inapplicable ; Inapplicable ; Pass         ; Inapplicable ; Inapplicable ; Inapplicable ; Inapplicable ; Inapplicable ; Inapplicable ; Inapplicable ; Inapplicable ; Inapplicable ; Pass      ; Inapplicable ; Inapplicable ;
; z15                ; Inapplicable ; Inapplicable ; Inapplicable ; Inapplicable ; Inapplicable ; Pass      ; Inapplicable ; Inapplicable ; Pass      ; Pass      ; Inapplicable ; Inapplicable ; Inapplicable ; Inapplicable ; Pass         ; Inapplicable ; Inapplicable ; Pass         ; Inapplicable ; Inapplicable ; Inapplicable ; Inapplicable ; Inapplicable ; Inapplicable ; Inapplicable ; Inapplicable ; Inapplicable ; Pass      ; Inapplicable ; Inapplicable ;
; y15                ; Inapplicable ; Inapplicable ; Inapplicable ; Inapplicable ; Inapplicable ; Pass      ; Inapplicable ; Inapplicable ; Pass      ; Pass      ; Inapplicable ; Inapplicable ; Inapplicable ; Inapplicable ; Pass         ; Inapplicable ; Inapplicable ; Pass         ; Inapplicable ; Inapplicable ; Inapplicable ; Inapplicable ; Inapplicable ; Inapplicable ; Inapplicable ; Inapplicable ; Inapplicable ; Pass      ; Inapplicable ; Inapplicable ;
; n15                ; Inapplicable ; Inapplicable ; Inapplicable ; Inapplicable ; Inapplicable ; Pass      ; Inapplicable ; Inapplicable ; Pass      ; Pass      ; Inapplicable ; Inapplicable ; Inapplicable ; Inapplicable ; Pass         ; Inapplicable ; Inapplicable ; Pass         ; Inapplicable ; Inapplicable ; Inapplicable ; Inapplicable ; Inapplicable ; Inapplicable ; Inapplicable ; Inapplicable ; Inapplicable ; Pass      ; Inapplicable ; Inapplicable ;
; l16                ; Inapplicable ; Inapplicable ; Inapplicable ; Inapplicable ; Inapplicable ; Pass      ; Inapplicable ; Inapplicable ; Pass      ; Pass      ; Inapplicable ; Inapplicable ; Inapplicable ; Inapplicable ; Pass         ; Inapplicable ; Inapplicable ; Pass         ; Inapplicable ; Inapplicable ; Inapplicable ; Inapplicable ; Inapplicable ; Inapplicable ; Inapplicable ; Inapplicable ; Inapplicable ; Pass      ; Inapplicable ; Inapplicable ;
; h16                ; Inapplicable ; Inapplicable ; Inapplicable ; Inapplicable ; Inapplicable ; Pass      ; Inapplicable ; Inapplicable ; Pass      ; Pass      ; Inapplicable ; Inapplicable ; Inapplicable ; Inapplicable ; Pass         ; Inapplicable ; Inapplicable ; Pass         ; Inapplicable ; Inapplicable ; Inapplicable ; Inapplicable ; Inapplicable ; Inapplicable ; Inapplicable ; Inapplicable ; Inapplicable ; Pass      ; Inapplicable ; Inapplicable ;
; z16                ; Inapplicable ; Inapplicable ; Inapplicable ; Inapplicable ; Inapplicable ; Pass      ; Inapplicable ; Inapplicable ; Pass      ; Pass      ; Inapplicable ; Inapplicable ; Inapplicable ; Inapplicable ; Pass         ; Inapplicable ; Inapplicable ; Pass         ; Inapplicable ; Inapplicable ; Inapplicable ; Inapplicable ; Inapplicable ; Inapplicable ; Inapplicable ; Inapplicable ; Inapplicable ; Pass      ; Inapplicable ; Inapplicable ;
; y16                ; Inapplicable ; Inapplicable ; Inapplicable ; Inapplicable ; Inapplicable ; Pass      ; Inapplicable ; Inapplicable ; Pass      ; Pass      ; Inapplicable ; Inapplicable ; Inapplicable ; Inapplicable ; Pass         ; Inapplicable ; Inapplicable ; Pass         ; Inapplicable ; Inapplicable ; Inapplicable ; Inapplicable ; Inapplicable ; Inapplicable ; Inapplicable ; Inapplicable ; Inapplicable ; Pass      ; Inapplicable ; Inapplicable ;
; n16                ; Inapplicable ; Inapplicable ; Inapplicable ; Inapplicable ; Inapplicable ; Pass      ; Inapplicable ; Inapplicable ; Pass      ; Pass      ; Inapplicable ; Inapplicable ; Inapplicable ; Inapplicable ; Pass         ; Inapplicable ; Inapplicable ; Pass         ; Inapplicable ; Inapplicable ; Inapplicable ; Inapplicable ; Inapplicable ; Inapplicable ; Inapplicable ; Inapplicable ; Inapplicable ; Pass      ; Inapplicable ; Inapplicable ;
; l9                 ; Inapplicable ; Inapplicable ; Inapplicable ; Inapplicable ; Inapplicable ; Pass      ; Inapplicable ; Inapplicable ; Pass      ; Pass      ; Inapplicable ; Inapplicable ; Inapplicable ; Inapplicable ; Pass         ; Inapplicable ; Inapplicable ; Pass         ; Inapplicable ; Inapplicable ; Inapplicable ; Inapplicable ; Inapplicable ; Inapplicable ; Inapplicable ; Inapplicable ; Inapplicable ; Pass      ; Inapplicable ; Inapplicable ;
; h9                 ; Inapplicable ; Inapplicable ; Inapplicable ; Inapplicable ; Inapplicable ; Pass      ; Inapplicable ; Inapplicable ; Pass      ; Pass      ; Inapplicable ; Inapplicable ; Inapplicable ; Inapplicable ; Pass         ; Inapplicable ; Inapplicable ; Pass         ; Inapplicable ; Inapplicable ; Inapplicable ; Inapplicable ; Inapplicable ; Inapplicable ; Inapplicable ; Inapplicable ; Inapplicable ; Pass      ; Inapplicable ; Inapplicable ;
; z9                 ; Inapplicable ; Inapplicable ; Inapplicable ; Inapplicable ; Inapplicable ; Pass      ; Inapplicable ; Inapplicable ; Pass      ; Pass      ; Inapplicable ; Inapplicable ; Inapplicable ; Inapplicable ; Pass         ; Inapplicable ; Inapplicable ; Pass         ; Inapplicable ; Inapplicable ; Inapplicable ; Inapplicable ; Inapplicable ; Inapplicable ; Inapplicable ; Inapplicable ; Inapplicable ; Pass      ; Inapplicable ; Inapplicable ;
; y9                 ; Inapplicable ; Inapplicable ; Inapplicable ; Inapplicable ; Inapplicable ; Pass      ; Inapplicable ; Inapplicable ; Pass      ; Pass      ; Inapplicable ; Inapplicable ; Inapplicable ; Inapplicable ; Pass         ; Inapplicable ; Inapplicable ; Pass         ; Inapplicable ; Inapplicable ; Inapplicable ; Inapplicable ; Inapplicable ; Inapplicable ; Inapplicable ; Inapplicable ; Inapplicable ; Pass      ; Inapplicable ; Inapplicable ;
; n9                 ; Inapplicable ; Inapplicable ; Inapplicable ; Inapplicable ; Inapplicable ; Pass      ; Inapplicable ; Inapplicable ; Pass      ; Pass      ; Inapplicable ; Inapplicable ; Inapplicable ; Inapplicable ; Pass         ; Inapplicable ; Inapplicable ; Pass         ; Inapplicable ; Inapplicable ; Inapplicable ; Inapplicable ; Inapplicable ; Inapplicable ; Inapplicable ; Inapplicable ; Inapplicable ; Pass      ; Inapplicable ; Inapplicable ;
; l8                 ; Inapplicable ; Inapplicable ; Inapplicable ; Inapplicable ; Inapplicable ; Pass      ; Inapplicable ; Inapplicable ; Pass      ; Pass      ; Inapplicable ; Inapplicable ; Inapplicable ; Inapplicable ; Pass         ; Inapplicable ; Inapplicable ; Pass         ; Inapplicable ; Inapplicable ; Inapplicable ; Inapplicable ; Inapplicable ; Inapplicable ; Inapplicable ; Inapplicable ; Inapplicable ; Pass      ; Inapplicable ; Inapplicable ;
; h8                 ; Inapplicable ; Inapplicable ; Inapplicable ; Inapplicable ; Inapplicable ; Pass      ; Inapplicable ; Inapplicable ; Pass      ; Pass      ; Inapplicable ; Inapplicable ; Inapplicable ; Inapplicable ; Pass         ; Inapplicable ; Inapplicable ; Pass         ; Inapplicable ; Inapplicable ; Inapplicable ; Inapplicable ; Inapplicable ; Inapplicable ; Inapplicable ; Inapplicable ; Inapplicable ; Pass      ; Inapplicable ; Inapplicable ;
; z8                 ; Inapplicable ; Inapplicable ; Inapplicable ; Inapplicable ; Inapplicable ; Pass      ; Inapplicable ; Inapplicable ; Pass      ; Pass      ; Inapplicable ; Inapplicable ; Inapplicable ; Inapplicable ; Pass         ; Inapplicable ; Inapplicable ; Pass         ; Inapplicable ; Inapplicable ; Inapplicable ; Inapplicable ; Inapplicable ; Inapplicable ; Inapplicable ; Inapplicable ; Inapplicable ; Pass      ; Inapplicable ; Inapplicable ;
; y8                 ; Inapplicable ; Inapplicable ; Inapplicable ; Inapplicable ; Inapplicable ; Pass      ; Inapplicable ; Inapplicable ; Pass      ; Pass      ; Inapplicable ; Inapplicable ; Inapplicable ; Inapplicable ; Pass         ; Inapplicable ; Inapplicable ; Pass         ; Inapplicable ; Inapplicable ; Inapplicable ; Inapplicable ; Inapplicable ; Inapplicable ; Inapplicable ; Inapplicable ; Inapplicable ; Pass      ; Inapplicable ; Inapplicable ;
; n8                 ; Inapplicable ; Inapplicable ; Inapplicable ; Inapplicable ; Inapplicable ; Pass      ; Inapplicable ; Inapplicable ; Pass      ; Pass      ; Inapplicable ; Inapplicable ; Inapplicable ; Inapplicable ; Pass         ; Inapplicable ; Inapplicable ; Pass         ; Inapplicable ; Inapplicable ; Inapplicable ; Inapplicable ; Inapplicable ; Inapplicable ; Inapplicable ; Inapplicable ; Inapplicable ; Pass      ; Inapplicable ; Inapplicable ;
+--------------------+--------------+--------------+--------------+--------------+--------------+-----------+--------------+--------------+-----------+-----------+--------------+--------------+--------------+--------------+--------------+--------------+--------------+--------------+--------------+--------------+--------------+--------------+--------------+--------------+--------------+--------------+--------------+-----------+--------------+--------------+


+-----------------------------------------------------------------------------------------------+
; Fitter Device Options                                                                         ;
+------------------------------------------------------------------+----------------------------+
; Option                                                           ; Setting                    ;
+------------------------------------------------------------------+----------------------------+
; Enable user-supplied start-up clock (CLKUSR)                     ; Off                        ;
; Enable device-wide reset (DEV_CLRn)                              ; Off                        ;
; Enable device-wide output enable (DEV_OE)                        ; Off                        ;
; Enable INIT_DONE output                                          ; Off                        ;
; Configuration scheme                                             ; Active Serial              ;
; Error detection CRC                                              ; Off                        ;
; Enable input tri-state on active configuration pins in user mode ; Off                        ;
; Active Serial clock source                                       ; 40 MHz Internal Oscillator ;
; Configuration Voltage Level                                      ; Auto                       ;
; Force Configuration Voltage Level                                ; Off                        ;
; nCEO                                                             ; As output driving ground   ;
; Data[0]                                                          ; As input tri-stated        ;
; Data[1]/ASDO                                                     ; As input tri-stated        ;
; Data[7..2]                                                       ; Unreserved                 ;
; FLASH_nCE/nCSO                                                   ; As input tri-stated        ;
; DCLK                                                             ; As output driving ground   ;
; Base pin-out file on sameframe device                            ; Off                        ;
+------------------------------------------------------------------+----------------------------+


+------------------------------------+
; Operating Settings and Conditions  ;
+---------------------------+--------+
; Setting                   ; Value  ;
+---------------------------+--------+
; Nominal Core Voltage      ; 1.20 V ;
; Low Junction Temperature  ; 0 °C   ;
; High Junction Temperature ; 85 °C  ;
+---------------------------+--------+


+-----------------+
; Fitter Messages ;
+-----------------+
Info (11104): Parallel Compilation has detected 16 hyper-threaded processors. However, the extra hyper-threaded processors will not be used by default. Parallel Compilation will use 10 of the 10 physical processors detected instead.
Info (119004): Automatically selected device EP4CGX22CF19C6 for design select6
Info (119005): Fitting design with smaller device may be possible, but smaller device must be specified
Info (21076): High junction temperature operating condition is not set. Assuming a default value of '85'.
Info (21076): Low junction temperature operating condition is not set. Assuming a default value of '0'.
Info (171003): Fitter is performing an Auto Fit compilation, which may decrease Fitter effort to reduce compilation time
Info (176444): Device migration not selected. If you intend to use device migration later, you may need to change the pin assignments as they may be incompatible with other devices
    Info (176445): Device EP4CGX30CF19C6 is compatible
Info (169124): Fitter converted 5 user pins into dedicated programming pins
    Info (169125): Pin ~ALTERA_NCEO~ is reserved at location R6
    Info (169125): Pin ~ALTERA_DATA0~ is reserved at location A4
    Info (169125): Pin ~ALTERA_ASDO~ is reserved at location B4
    Info (169125): Pin ~ALTERA_NCSO~ is reserved at location C5
    Info (169125): Pin ~ALTERA_DCLK~ is reserved at location D5
Warning (15714): Some pins have incomplete I/O assignments. Refer to the I/O Assignment Warnings report for details
Critical Warning (169085): No exact pin location assignment(s) for 101 pins of 101 total pins
    Info (169086): Pin gout1 not assigned to an exact location on the device
    Info (169086): Pin gout2 not assigned to an exact location on the device
    Info (169086): Pin gout3 not assigned to an exact location on the device
    Info (169086): Pin gout4 not assigned to an exact location on the device
    Info (169086): Pin gout5 not assigned to an exact location on the device
    Info (169086): Pin gout6 not assigned to an exact location on the device
    Info (169086): Pin gout7 not assigned to an exact location on the device
    Info (169086): Pin gout10 not assigned to an exact location on the device
    Info (169086): Pin gout11 not assigned to an exact location on the device
    Info (169086): Pin gout12 not assigned to an exact location on the device
    Info (169086): Pin gout13 not assigned to an exact location on the device
    Info (169086): Pin gout14 not assigned to an exact location on the device
    Info (169086): Pin gout15 not assigned to an exact location on the device
    Info (169086): Pin gout16 not assigned to an exact location on the device
    Info (169086): Pin gout99 not assigned to an exact location on the device
    Info (169086): Pin g88 not assigned to an exact location on the device
    Info (169086): Pin h_choose not assigned to an exact location on the device
    Info (169086): Pin l_choose not assigned to an exact location on the device
    Info (169086): Pin l1 not assigned to an exact location on the device
    Info (169086): Pin h1 not assigned to an exact location on the device
    Info (169086): Pin y_choose not assigned to an exact location on the device
    Info (169086): Pin z_choose not assigned to an exact location on the device
    Info (169086): Pin z1 not assigned to an exact location on the device
    Info (169086): Pin y1 not assigned to an exact location on the device
    Info (169086): Pin n_choose2 not assigned to an exact location on the device
    Info (169086): Pin n1 not assigned to an exact location on the device
    Info (169086): Pin l2 not assigned to an exact location on the device
    Info (169086): Pin h2 not assigned to an exact location on the device
    Info (169086): Pin z2 not assigned to an exact location on the device
    Info (169086): Pin y2 not assigned to an exact location on the device
    Info (169086): Pin n2 not assigned to an exact location on the device
    Info (169086): Pin l3 not assigned to an exact location on the device
    Info (169086): Pin h3 not assigned to an exact location on the device
    Info (169086): Pin z3 not assigned to an exact location on the device
    Info (169086): Pin y3 not assigned to an exact location on the device
    Info (169086): Pin n3 not assigned to an exact location on the device
    Info (169086): Pin l4 not assigned to an exact location on the device
    Info (169086): Pin h4 not assigned to an exact location on the device
    Info (169086): Pin z4 not assigned to an exact location on the device
    Info (169086): Pin y4 not assigned to an exact location on the device
    Info (169086): Pin n4 not assigned to an exact location on the device
    Info (169086): Pin l5 not assigned to an exact location on the device
    Info (169086): Pin h5 not assigned to an exact location on the device
    Info (169086): Pin z5 not assigned to an exact location on the device
    Info (169086): Pin y5 not assigned to an exact location on the device
    Info (169086): Pin n5 not assigned to an exact location on the device
    Info (169086): Pin l6 not assigned to an exact location on the device
    Info (169086): Pin h6 not assigned to an exact location on the device
    Info (169086): Pin z6 not assigned to an exact location on the device
    Info (169086): Pin y6 not assigned to an exact location on the device
    Info (169086): Pin n6 not assigned to an exact location on the device
    Info (169086): Pin l7 not assigned to an exact location on the device
    Info (169086): Pin h7 not assigned to an exact location on the device
    Info (169086): Pin z7 not assigned to an exact location on the device
    Info (169086): Pin y7 not assigned to an exact location on the device
    Info (169086): Pin n7 not assigned to an exact location on the device
    Info (169086): Pin l10 not assigned to an exact location on the device
    Info (169086): Pin h10 not assigned to an exact location on the device
    Info (169086): Pin z10 not assigned to an exact location on the device
    Info (169086): Pin y10 not assigned to an exact location on the device
    Info (169086): Pin n10 not assigned to an exact location on the device
    Info (169086): Pin l11 not assigned to an exact location on the device
    Info (169086): Pin h11 not assigned to an exact location on the device
    Info (169086): Pin z11 not assigned to an exact location on the device
    Info (169086): Pin y11 not assigned to an exact location on the device
    Info (169086): Pin n11 not assigned to an exact location on the device
    Info (169086): Pin l12 not assigned to an exact location on the device
    Info (169086): Pin h12 not assigned to an exact location on the device
    Info (169086): Pin z12 not assigned to an exact location on the device
    Info (169086): Pin y12 not assigned to an exact location on the device
    Info (169086): Pin n12 not assigned to an exact location on the device
    Info (169086): Pin l13 not assigned to an exact location on the device
    Info (169086): Pin h13 not assigned to an exact location on the device
    Info (169086): Pin z13 not assigned to an exact location on the device
    Info (169086): Pin y13 not assigned to an exact location on the device
    Info (169086): Pin n13 not assigned to an exact location on the device
    Info (169086): Pin l14 not assigned to an exact location on the device
    Info (169086): Pin h14 not assigned to an exact location on the device
    Info (169086): Pin z14 not assigned to an exact location on the device
    Info (169086): Pin y14 not assigned to an exact location on the device
    Info (169086): Pin n14 not assigned to an exact location on the device
    Info (169086): Pin l15 not assigned to an exact location on the device
    Info (169086): Pin h15 not assigned to an exact location on the device
    Info (169086): Pin z15 not assigned to an exact location on the device
    Info (169086): Pin y15 not assigned to an exact location on the device
    Info (169086): Pin n15 not assigned to an exact location on the device
    Info (169086): Pin l16 not assigned to an exact location on the device
    Info (169086): Pin h16 not assigned to an exact location on the device
    Info (169086): Pin z16 not assigned to an exact location on the device
    Info (169086): Pin y16 not assigned to an exact location on the device
    Info (169086): Pin n16 not assigned to an exact location on the device
    Info (169086): Pin l9 not assigned to an exact location on the device
    Info (169086): Pin h9 not assigned to an exact location on the device
    Info (169086): Pin z9 not assigned to an exact location on the device
    Info (169086): Pin y9 not assigned to an exact location on the device
    Info (169086): Pin n9 not assigned to an exact location on the device
    Info (169086): Pin l8 not assigned to an exact location on the device
    Info (169086): Pin h8 not assigned to an exact location on the device
    Info (169086): Pin z8 not assigned to an exact location on the device
    Info (169086): Pin y8 not assigned to an exact location on the device
    Info (169086): Pin n8 not assigned to an exact location on the device
Critical Warning (332012): Synopsys Design Constraints File file not found: 'select6.sdc'. A Synopsys Design Constraints File is required by the TimeQuest Timing Analyzer to get proper timing constraints. Without it, the Compiler will not properly optimize the design.
Info (332144): No user constrained base clocks found in the design
Info (332096): The command derive_clocks did not find any clocks to derive.  No clocks were created or changed.
Warning (332068): No clocks defined in design.
Info (332143): No user constrained clock uncertainty found in the design. Calling "derive_clock_uncertainty"
Info (332154): The derive_clock_uncertainty command did not apply clock uncertainty to any clock-to-clock transfers.
Info (332130): Timing requirements not specified -- quality metrics such as performance may be sacrificed to reduce compilation time.
Info (176233): Starting register packing
Info (176235): Finished register packing
    Extra Info (176219): No registers were packed into other blocks
Info (176214): Statistics of I/O pins that need to be placed that use the same VCCIO and VREF, before I/O pin placement
    Info (176211): Number of I/O pins in group: 101 (unused VREF, 2.5V VCCIO, 85 input, 16 output, 0 bidirectional)
        Info (176212): I/O standards used: 2.5 V.
Info (176215): I/O bank details before I/O pin placement
    Info (176214): Statistics of I/O banks
        Info (176213): I/O bank number QL0 does not use VREF pins and has undetermined VCCIO pins. 0 total pin(s) used --  0 pins available
        Info (176213): I/O bank number 3 does not use VREF pins and has undetermined VCCIO pins. 1 total pin(s) used --  25 pins available
        Info (176213): I/O bank number 3A does not use VREF pins and has undetermined VCCIO pins. 0 total pin(s) used --  2 pins available
        Info (176213): I/O bank number 4 does not use VREF pins and has undetermined VCCIO pins. 0 total pin(s) used --  28 pins available
        Info (176213): I/O bank number 5 does not use VREF pins and has undetermined VCCIO pins. 0 total pin(s) used --  20 pins available
        Info (176213): I/O bank number 6 does not use VREF pins and has undetermined VCCIO pins. 0 total pin(s) used --  18 pins available
        Info (176213): I/O bank number 7 does not use VREF pins and has undetermined VCCIO pins. 0 total pin(s) used --  28 pins available
        Info (176213): I/O bank number 8A does not use VREF pins and has undetermined VCCIO pins. 0 total pin(s) used --  2 pins available
        Info (176213): I/O bank number 8 does not use VREF pins and has undetermined VCCIO pins. 0 total pin(s) used --  23 pins available
        Info (176213): I/O bank number 9 does not use VREF pins and has undetermined VCCIO pins. 4 total pin(s) used --  0 pins available
Info (171121): Fitter preparation operations ending: elapsed time is 00:00:01
Info (170189): Fitter placement preparation operations beginning
Info (170190): Fitter placement preparation operations ending: elapsed time is 00:00:00
Info (170191): Fitter placement operations beginning
Info (170137): Fitter placement was successful
Info (170192): Fitter placement operations ending: elapsed time is 00:00:00
Info (170193): Fitter routing operations beginning
Info (170195): Router estimated average interconnect usage is 0% of the available device resources
    Info (170196): Router estimated peak interconnect usage is 1% of the available device resources in the region that extends from location X39_Y31 to location X52_Y41
Info (170194): Fitter routing operations ending: elapsed time is 00:00:00
Info (170199): The Fitter performed an Auto Fit compilation.  Optimizations were skipped to reduce compilation time.
    Info (170201): Optimizations that may affect the design's routability were skipped
    Info (170200): Optimizations that may affect the design's timing were skipped
Info (11888): Total time spent on timing analysis during the Fitter is 0.02 seconds.
Info (334003): Started post-fitting delay annotation
Info (334004): Delay annotation completed successfully
Info (334003): Started post-fitting delay annotation
Info (334004): Delay annotation completed successfully
Info (11218): Fitter post-fit operations ending: elapsed time is 00:00:01
Info (144001): Generated suppressed messages file D:/quartutusII13.0/alter/test31/select6/output_files/select6.fit.smsg
Info: Quartus II 64-Bit Fitter was successful. 0 errors, 4 warnings
    Info: Peak virtual memory: 5733 megabytes
    Info: Processing ended: Sun Nov 17 19:53:46 2024
    Info: Elapsed time: 00:00:03
    Info: Total CPU time (on all processors): 00:00:02


+----------------------------+
; Fitter Suppressed Messages ;
+----------------------------+
The suppressed messages can be found in D:/quartutusII13.0/alter/test31/select6/output_files/select6.fit.smsg.


