TimeQuest Timing Analyzer report for ALU
Sun Nov 24 17:37:54 2024
Quartus II 64-Bit Version 13.0.1 Build 232 06/12/2013 Service Pack 1 SJ Full Version


---------------------
; Table of Contents ;
---------------------
  1. Legal Notice
  2. TimeQuest Timing Analyzer Summary
  3. Parallel Compilation
  4. Clocks
  5. Slow 1200mV 85C Model Fmax Summary
  6. Timing Closure Recommendations
  7. Slow 1200mV 85C Model Setup Summary
  8. Slow 1200mV 85C Model Hold Summary
  9. Slow 1200mV 85C Model Recovery Summary
 10. Slow 1200mV 85C Model Removal Summary
 11. Slow 1200mV 85C Model Minimum Pulse Width Summary
 12. Propagation Delay
 13. Minimum Propagation Delay
 14. Slow 1200mV 85C Model Metastability Report
 15. Slow 1200mV 0C Model Fmax Summary
 16. Slow 1200mV 0C Model Setup Summary
 17. Slow 1200mV 0C Model Hold Summary
 18. Slow 1200mV 0C Model Recovery Summary
 19. Slow 1200mV 0C Model Removal Summary
 20. Slow 1200mV 0C Model Minimum Pulse Width Summary
 21. Propagation Delay
 22. Minimum Propagation Delay
 23. Slow 1200mV 0C Model Metastability Report
 24. Fast 1200mV 0C Model Setup Summary
 25. Fast 1200mV 0C Model Hold Summary
 26. Fast 1200mV 0C Model Recovery Summary
 27. Fast 1200mV 0C Model Removal Summary
 28. Fast 1200mV 0C Model Minimum Pulse Width Summary
 29. Propagation Delay
 30. Minimum Propagation Delay
 31. Fast 1200mV 0C Model Metastability Report
 32. Multicorner Timing Analysis Summary
 33. Progagation Delay
 34. Minimum Progagation Delay
 35. Board Trace Model Assignments
 36. Input Transition Times
 37. Signal Integrity Metrics (Slow 1200mv 0c Model)
 38. Signal Integrity Metrics (Slow 1200mv 85c Model)
 39. Signal Integrity Metrics (Fast 1200mv 0c Model)
 40. Clock Transfers
 41. Report TCCS
 42. Report RSKM
 43. Unconstrained Paths
 44. TimeQuest Timing Analyzer Messages



----------------
; Legal Notice ;
----------------
Copyright (C) 1991-2013 Altera Corporation
Your use of Altera Corporation's design tools, logic functions 
and other software and tools, and its AMPP partner logic 
functions, and any output files from any of the foregoing 
(including device programming or simulation files), and any 
associated documentation or information are expressly subject 
to the terms and conditions of the Altera Program License 
Subscription Agreement, Altera MegaCore Function License 
Agreement, or other applicable license agreement, including, 
without limitation, that your use is for the sole purpose of 
programming logic devices manufactured by Altera and sold by 
Altera or its authorized distributors.  Please refer to the 
applicable agreement for further details.



+-----------------------------------------------------------------------------------------+
; TimeQuest Timing Analyzer Summary                                                       ;
+--------------------+--------------------------------------------------------------------+
; Quartus II Version ; Version 13.0.1 Build 232 06/12/2013 Service Pack 1 SJ Full Version ;
; Revision Name      ; ALU                                                                ;
; Device Family      ; Cyclone IV E                                                       ;
; Device Name        ; EP4CE6E22C8                                                        ;
; Timing Models      ; Final                                                              ;
; Delay Model        ; Combined                                                           ;
; Rise/Fall Delays   ; Enabled                                                            ;
+--------------------+--------------------------------------------------------------------+


+------------------------------------------+
; Parallel Compilation                     ;
+----------------------------+-------------+
; Processors                 ; Number      ;
+----------------------------+-------------+
; Number detected on machine ; 20          ;
; Maximum allowed            ; 14          ;
;                            ;             ;
; Average used               ; 1.00        ;
; Maximum used               ; 14          ;
;                            ;             ;
; Usage by Processor         ; % Time Used ;
;     Processor 1            ; 100.0%      ;
;     Processors 2-14        ; < 0.1%      ;
;     Processors 15-20       ;   0.0%      ;
+----------------------------+-------------+


----------
; Clocks ;
----------
No clocks to report.


--------------------------------------
; Slow 1200mV 85C Model Fmax Summary ;
--------------------------------------
No paths to report.


----------------------------------
; Timing Closure Recommendations ;
----------------------------------
HTML report is unavailable in plain text report export.


---------------------------------------
; Slow 1200mV 85C Model Setup Summary ;
---------------------------------------
No paths to report.


--------------------------------------
; Slow 1200mV 85C Model Hold Summary ;
--------------------------------------
No paths to report.


------------------------------------------
; Slow 1200mV 85C Model Recovery Summary ;
------------------------------------------
No paths to report.


-----------------------------------------
; Slow 1200mV 85C Model Removal Summary ;
-----------------------------------------
No paths to report.


-----------------------------------------------------
; Slow 1200mV 85C Model Minimum Pulse Width Summary ;
-----------------------------------------------------
No paths to report.


+--------------------------------------------------------------+
; Propagation Delay                                            ;
+------------+-------------+--------+--------+--------+--------+
; Input Port ; Output Port ; RR     ; RF     ; FR     ; FF     ;
+------------+-------------+--------+--------+--------+--------+
; A0         ; F0          ; 13.488 ; 13.329 ; 13.796 ; 13.639 ;
; A0         ; F1          ; 13.828 ; 13.824 ; 14.096 ; 14.085 ;
; A0         ; F2          ; 16.818 ; 16.596 ; 17.064 ; 16.885 ;
; A0         ; F3          ; 18.108 ; 17.745 ; 18.345 ; 17.982 ;
; A0         ; F4          ; 22.357 ; 22.337 ; 22.541 ; 22.521 ;
; A0         ; F5          ; 22.625 ; 22.313 ; 22.809 ; 22.497 ;
; A0         ; F6          ; 23.251 ; 22.909 ; 23.435 ; 23.093 ;
; A0         ; F7          ; 21.690 ; 21.475 ; 21.874 ; 21.659 ;
; A1         ; F0          ; 15.550 ; 15.440 ; 15.506 ; 15.378 ;
; A1         ; F1          ; 12.771 ; 12.715 ; 12.953 ; 12.951 ;
; A1         ; F2          ; 15.758 ; 15.536 ; 15.927 ; 15.748 ;
; A1         ; F3          ; 17.048 ; 16.685 ; 17.208 ; 16.845 ;
; A1         ; F4          ; 22.115 ; 22.095 ; 22.238 ; 22.218 ;
; A1         ; F5          ; 22.383 ; 22.071 ; 22.506 ; 22.194 ;
; A1         ; F6          ; 23.009 ; 22.667 ; 23.132 ; 22.790 ;
; A1         ; F7          ; 21.448 ; 21.233 ; 21.571 ; 21.356 ;
; A2         ; F0          ; 16.839 ; 16.729 ; 16.927 ; 16.817 ;
; A2         ; F1          ; 13.467 ; 13.332 ; 13.555 ; 13.506 ;
; A2         ; F2          ; 12.388 ; 12.197 ; 12.563 ; 12.340 ;
; A2         ; F3          ; 13.649 ; 13.286 ; 13.759 ; 13.396 ;
; A2         ; F4          ; 18.130 ; 18.109 ; 18.350 ; 18.329 ;
; A2         ; F5          ; 18.346 ; 18.033 ; 18.566 ; 18.253 ;
; A2         ; F6          ; 18.938 ; 18.672 ; 19.141 ; 18.892 ;
; A2         ; F7          ; 17.377 ; 17.177 ; 17.579 ; 17.397 ;
; A3         ; F0          ; 19.840 ; 19.730 ; 19.591 ; 19.481 ;
; A3         ; F1          ; 16.468 ; 16.419 ; 16.219 ; 16.170 ;
; A3         ; F2          ; 12.640 ; 12.666 ; 12.478 ; 12.417 ;
; A3         ; F3          ; 13.947 ; 13.584 ; 14.150 ; 13.787 ;
; A3         ; F4          ; 15.797 ; 15.752 ; 15.970 ; 15.872 ;
; A3         ; F5          ; 16.040 ; 15.728 ; 16.160 ; 15.848 ;
; A3         ; F6          ; 16.666 ; 16.324 ; 16.786 ; 16.444 ;
; A3         ; F7          ; 15.105 ; 14.890 ; 15.225 ; 15.010 ;
; A4         ; F0          ; 26.264 ; 26.154 ; 26.610 ; 26.500 ;
; A4         ; F1          ; 22.892 ; 22.843 ; 23.238 ; 23.189 ;
; A4         ; F2          ; 19.064 ; 19.090 ; 19.410 ; 19.436 ;
; A4         ; F3          ; 16.507 ; 15.840 ; 16.853 ; 16.258 ;
; A4         ; F4          ; 17.433 ; 17.332 ; 17.781 ; 17.680 ;
; A4         ; F5          ; 16.334 ; 15.989 ; 16.680 ; 16.335 ;
; A4         ; F6          ; 16.926 ; 16.677 ; 17.297 ; 17.023 ;
; A4         ; F7          ; 16.231 ; 15.993 ; 16.677 ; 16.482 ;
; A5         ; F0          ; 28.588 ; 28.478 ; 28.634 ; 28.524 ;
; A5         ; F1          ; 25.216 ; 25.167 ; 25.262 ; 25.213 ;
; A5         ; F2          ; 21.388 ; 21.414 ; 21.434 ; 21.460 ;
; A5         ; F3          ; 18.831 ; 18.236 ; 18.877 ; 18.282 ;
; A5         ; F4          ; 16.644 ; 16.868 ; 16.604 ; 16.914 ;
; A5         ; F5          ; 15.756 ; 15.411 ; 15.968 ; 15.623 ;
; A5         ; F6          ; 16.348 ; 16.099 ; 16.560 ; 16.311 ;
; A5         ; F7          ; 15.088 ; 14.850 ; 15.428 ; 15.233 ;
; A6         ; F0          ; 29.703 ; 29.593 ; 30.041 ; 29.931 ;
; A6         ; F1          ; 26.331 ; 26.282 ; 26.669 ; 26.620 ;
; A6         ; F2          ; 22.503 ; 22.529 ; 22.841 ; 22.867 ;
; A6         ; F3          ; 19.946 ; 19.351 ; 20.284 ; 19.689 ;
; A6         ; F4          ; 17.673 ; 17.983 ; 18.063 ; 18.321 ;
; A6         ; F5          ; 13.561 ; 13.255 ; 13.880 ; 13.556 ;
; A6         ; F6          ; 14.494 ; 14.191 ; 14.822 ; 14.519 ;
; A6         ; F7          ; 14.850 ; 14.656 ; 15.213 ; 15.019 ;
; A7         ; F0          ; 29.359 ; 29.249 ; 29.617 ; 29.507 ;
; A7         ; F1          ; 25.987 ; 25.938 ; 26.245 ; 26.196 ;
; A7         ; F2          ; 22.159 ; 22.185 ; 22.417 ; 22.443 ;
; A7         ; F3          ; 19.602 ; 19.007 ; 19.860 ; 19.265 ;
; A7         ; F4          ; 17.329 ; 17.639 ; 17.639 ; 17.897 ;
; A7         ; F5          ; 12.601 ; 12.376 ; 12.940 ; 12.634 ;
; A7         ; F6          ; 13.193 ;        ;        ; 13.232 ;
; A7         ; F7          ; 13.817 ; 13.585 ; 14.080 ; 13.863 ;
; B0         ; F0          ; 30.581 ; 30.471 ; 30.980 ; 30.870 ;
; B0         ; F1          ; 27.209 ; 27.160 ; 27.608 ; 27.559 ;
; B0         ; F2          ; 23.381 ; 23.407 ; 23.780 ; 23.806 ;
; B0         ; F3          ; 20.824 ; 20.229 ; 21.223 ; 20.628 ;
; B0         ; F4          ; 23.347 ; 23.327 ; 23.590 ; 23.570 ;
; B0         ; F5          ; 23.615 ; 23.303 ; 23.858 ; 23.546 ;
; B0         ; F6          ; 24.241 ; 23.899 ; 24.484 ; 24.142 ;
; B0         ; F7          ; 22.680 ; 22.465 ; 22.923 ; 22.708 ;
; B1         ; F0          ; 30.066 ; 29.956 ; 30.485 ; 30.375 ;
; B1         ; F1          ; 26.694 ; 26.645 ; 27.113 ; 27.064 ;
; B1         ; F2          ; 22.866 ; 22.892 ; 23.285 ; 23.311 ;
; B1         ; F3          ; 20.309 ; 19.714 ; 20.728 ; 20.133 ;
; B1         ; F4          ; 22.108 ; 22.088 ; 22.299 ; 22.279 ;
; B1         ; F5          ; 22.376 ; 22.064 ; 22.567 ; 22.255 ;
; B1         ; F6          ; 23.002 ; 22.660 ; 23.193 ; 22.851 ;
; B1         ; F7          ; 21.441 ; 21.226 ; 21.632 ; 21.417 ;
; B2         ; F0          ; 30.074 ; 29.964 ; 30.364 ; 30.254 ;
; B2         ; F1          ; 26.702 ; 26.653 ; 26.992 ; 26.943 ;
; B2         ; F2          ; 22.874 ; 22.900 ; 23.164 ; 23.190 ;
; B2         ; F3          ; 20.317 ; 19.722 ; 20.607 ; 20.012 ;
; B2         ; F4          ; 22.936 ; 22.916 ; 23.330 ; 23.310 ;
; B2         ; F5          ; 23.204 ; 22.892 ; 23.598 ; 23.286 ;
; B2         ; F6          ; 23.830 ; 23.488 ; 24.224 ; 23.882 ;
; B2         ; F7          ; 22.269 ; 22.054 ; 22.663 ; 22.448 ;
; B3         ; F0          ; 31.029 ; 30.919 ; 31.213 ; 31.103 ;
; B3         ; F1          ; 27.657 ; 27.608 ; 27.841 ; 27.792 ;
; B3         ; F2          ; 23.829 ; 23.855 ; 24.013 ; 24.039 ;
; B3         ; F3          ; 21.272 ; 20.677 ; 21.456 ; 20.861 ;
; B3         ; F4          ; 21.738 ; 21.718 ; 22.067 ; 22.047 ;
; B3         ; F5          ; 22.006 ; 21.694 ; 22.335 ; 22.023 ;
; B3         ; F6          ; 22.632 ; 22.290 ; 22.961 ; 22.619 ;
; B3         ; F7          ; 21.071 ; 20.856 ; 21.400 ; 21.185 ;
; B4         ; F0          ; 30.164 ; 30.054 ; 30.531 ; 30.421 ;
; B4         ; F1          ; 26.792 ; 26.743 ; 27.159 ; 27.110 ;
; B4         ; F2          ; 22.964 ; 22.990 ; 23.331 ; 23.357 ;
; B4         ; F3          ; 20.407 ; 19.812 ; 20.774 ; 20.179 ;
; B4         ; F4          ; 18.134 ; 18.444 ; 18.514 ; 18.811 ;
; B4         ; F5          ; 18.071 ; 17.759 ; 18.407 ; 18.095 ;
; B4         ; F6          ; 18.697 ; 18.360 ; 19.033 ; 18.691 ;
; B4         ; F7          ; 17.136 ; 16.921 ; 17.472 ; 17.257 ;
; B5         ; F0          ; 30.286 ; 30.176 ; 30.630 ; 30.520 ;
; B5         ; F1          ; 26.914 ; 26.865 ; 27.258 ; 27.209 ;
; B5         ; F2          ; 23.086 ; 23.112 ; 23.430 ; 23.456 ;
; B5         ; F3          ; 20.529 ; 19.934 ; 20.873 ; 20.278 ;
; B5         ; F4          ; 18.256 ; 18.566 ; 18.613 ; 18.910 ;
; B5         ; F5          ; 18.380 ; 18.068 ; 18.747 ; 18.435 ;
; B5         ; F6          ; 19.006 ; 18.693 ; 19.373 ; 19.031 ;
; B5         ; F7          ; 17.445 ; 17.230 ; 17.812 ; 17.597 ;
; B6         ; F0          ; 31.834 ; 31.724 ; 32.082 ; 31.972 ;
; B6         ; F1          ; 28.462 ; 28.413 ; 28.710 ; 28.661 ;
; B6         ; F2          ; 24.634 ; 24.660 ; 24.882 ; 24.908 ;
; B6         ; F3          ; 22.077 ; 21.482 ; 22.325 ; 21.730 ;
; B6         ; F4          ; 19.804 ; 20.114 ; 20.065 ; 20.362 ;
; B6         ; F5          ; 18.958 ; 18.646 ; 19.187 ; 18.874 ;
; B6         ; F6          ; 19.584 ; 19.283 ; 19.805 ; 19.513 ;
; B6         ; F7          ; 18.023 ; 17.808 ; 18.244 ; 18.029 ;
; B7         ; F0          ; 31.440 ; 31.330 ; 31.724 ; 31.614 ;
; B7         ; F1          ; 28.068 ; 28.019 ; 28.352 ; 28.303 ;
; B7         ; F2          ; 24.240 ; 24.266 ; 24.524 ; 24.550 ;
; B7         ; F3          ; 21.683 ; 21.088 ; 21.967 ; 21.372 ;
; B7         ; F4          ; 19.410 ; 19.720 ; 19.707 ; 20.004 ;
; B7         ; F5          ; 17.776 ; 17.463 ; 18.041 ; 17.728 ;
; B7         ; F6          ; 18.381 ; 18.102 ; 18.653 ; 18.367 ;
; B7         ; F7          ; 16.820 ; 16.607 ; 17.092 ; 16.877 ;
; C0         ; F0          ; 11.608 ; 11.451 ; 11.800 ; 11.643 ;
; C0         ; F1          ; 11.929 ; 11.918 ; 12.148 ; 12.144 ;
; C0         ; F2          ; 14.897 ; 14.718 ; 15.138 ; 14.916 ;
; C0         ; F3          ; 16.178 ; 15.815 ; 16.428 ; 16.065 ;
; C0         ; F4          ; 18.101 ; 18.000 ; 18.326 ; 18.225 ;
; C0         ; F5          ; 16.425 ; 16.101 ; 16.605 ; 16.299 ;
; C0         ; F6          ; 16.818 ; 16.631 ; 16.988 ; 16.849 ;
; C0         ; F7          ; 16.998 ; 16.803 ; 17.103 ; 16.865 ;
; M          ; F0          ; 12.313 ; 12.156 ; 12.603 ; 12.446 ;
; M          ; F1          ; 12.388 ; 12.374 ; 12.744 ; 12.689 ;
; M          ; F2          ; 14.965 ; 14.748 ; 15.311 ; 15.102 ;
; M          ; F3          ; 15.057 ; 14.694 ; 15.371 ; 15.008 ;
; M          ; F4          ; 16.564 ; 16.463 ; 16.843 ; 16.742 ;
; M          ; F5          ; 14.136 ; 13.830 ; 14.448 ; 14.124 ;
; M          ; F6          ; 13.688 ; 13.543 ; 13.996 ; 13.858 ;
; M          ; F7          ; 13.836 ; 13.598 ; 14.236 ; 14.041 ;
; S0         ; F0          ; 13.017 ; 12.860 ; 13.322 ; 13.165 ;
; S0         ; F1          ; 13.364 ; 13.360 ; 13.643 ; 13.632 ;
; S0         ; F2          ; 16.354 ; 16.132 ; 16.611 ; 16.432 ;
; S0         ; F3          ; 17.644 ; 17.281 ; 17.892 ; 17.529 ;
; S0         ; F4          ; 19.542 ; 19.441 ; 19.815 ; 19.714 ;
; S0         ; F5          ; 17.821 ; 17.515 ; 18.139 ; 17.815 ;
; S0         ; F6          ; 18.204 ; 18.065 ; 18.532 ; 18.345 ;
; S0         ; F7          ; 18.319 ; 18.081 ; 18.712 ; 18.517 ;
; S1         ; F0          ; 12.771 ; 12.614 ; 13.093 ; 12.936 ;
; S1         ; F1          ; 13.118 ; 13.114 ; 13.414 ; 13.403 ;
; S1         ; F2          ; 16.108 ; 15.886 ; 16.382 ; 16.203 ;
; S1         ; F3          ; 17.398 ; 17.035 ; 17.663 ; 17.300 ;
; S1         ; F4          ; 19.296 ; 19.195 ; 19.586 ; 19.485 ;
; S1         ; F5          ; 17.575 ; 17.269 ; 17.910 ; 17.586 ;
; S1         ; F6          ; 17.958 ; 17.819 ; 18.303 ; 18.116 ;
; S1         ; F7          ; 18.073 ; 17.835 ; 18.483 ; 18.288 ;
; S2         ; F0          ; 12.766 ; 12.607 ; 13.135 ; 12.978 ;
; S2         ; F1          ; 13.106 ; 13.102 ; 13.435 ; 13.424 ;
; S2         ; F2          ; 16.096 ; 15.874 ; 16.403 ; 16.224 ;
; S2         ; F3          ; 17.386 ; 17.023 ; 17.684 ; 17.321 ;
; S2         ; F4          ; 19.284 ; 19.183 ; 19.607 ; 19.506 ;
; S2         ; F5          ; 17.563 ; 17.257 ; 17.931 ; 17.607 ;
; S2         ; F6          ; 17.946 ; 17.807 ; 18.324 ; 18.137 ;
; S2         ; F7          ; 18.061 ; 17.823 ; 18.504 ; 18.309 ;
; S3         ; F0          ; 13.283 ; 13.124 ; 13.657 ; 13.500 ;
; S3         ; F1          ; 13.623 ; 13.619 ; 13.957 ; 13.946 ;
; S3         ; F2          ; 16.613 ; 16.391 ; 16.925 ; 16.746 ;
; S3         ; F3          ; 17.903 ; 17.540 ; 18.206 ; 17.843 ;
; S3         ; F4          ; 19.801 ; 19.700 ; 20.129 ; 20.028 ;
; S3         ; F5          ; 18.080 ; 17.774 ; 18.453 ; 18.129 ;
; S3         ; F6          ; 18.463 ; 18.324 ; 18.846 ; 18.659 ;
; S3         ; F7          ; 18.578 ; 18.340 ; 19.026 ; 18.831 ;
; S4         ; F0          ; 12.297 ; 12.140 ; 12.661 ; 12.465 ;
; S4         ; F1          ; 11.443 ; 11.421 ; 11.828 ; 11.742 ;
; S4         ; F2          ; 14.158 ; 13.982 ; 14.590 ; 14.395 ;
; S4         ; F3          ; 14.742 ; 14.379 ; 15.158 ; 14.756 ;
; S4         ; F4          ; 15.948 ; 15.847 ; 16.418 ; 16.317 ;
; S4         ; F5          ; 14.198 ; 13.874 ; 14.603 ; 14.297 ;
; S4         ; F6          ; 13.901 ; 12.811 ; 13.343 ; 13.959 ;
; S4         ; F7          ; 12.394 ; 12.178 ; 12.747 ; 12.574 ;
; S5         ; F0          ;        ; 11.118 ; 11.562 ;        ;
; S5         ; F1          ; 12.077 ; 11.196 ; 11.570 ; 12.211 ;
; S5         ; F2          ; 13.767 ; 13.591 ; 14.106 ; 13.911 ;
; S5         ; F3          ; 14.351 ; 13.988 ; 14.674 ; 14.272 ;
; S5         ; F4          ; 15.557 ; 15.456 ; 15.934 ; 15.833 ;
; S5         ; F5          ; 13.807 ; 13.483 ; 14.119 ; 13.813 ;
; S5         ; F6          ; 12.568 ; 12.748 ; 13.310 ; 12.553 ;
; S5         ; F7          ; 12.131 ; 11.876 ; 12.367 ; 12.207 ;
; S6         ; F0          ; 10.975 ; 10.825 ; 11.398 ; 11.136 ;
; S6         ; F1          ; 12.563 ; 12.474 ; 12.873 ; 12.827 ;
; S6         ; F2          ; 14.034 ; 13.811 ; 14.399 ; 14.176 ;
; S6         ; F3          ; 14.293 ; 13.845 ; 14.601 ; 14.238 ;
; S6         ; F4          ; 15.499 ; 15.398 ; 15.805 ; 15.704 ;
; S6         ; F5          ; 13.998 ; 13.692 ; 14.339 ; 14.015 ;
; S6         ; F6          ; 13.844 ; 13.643 ; 14.213 ; 13.906 ;
; S6         ; F7          ; 12.123 ; 11.963 ; 12.519 ; 12.349 ;
; S7         ; F0          ; 11.369 ; 11.173 ; 11.610 ; 11.453 ;
; S7         ; F1          ; 11.057 ; 10.451 ; 10.792 ; 11.261 ;
; S7         ; F2          ; 13.466 ; 13.271 ; 13.755 ; 13.560 ;
; S7         ; F3          ; 14.034 ; 13.649 ; 14.323 ; 13.921 ;
; S7         ; F4          ; 15.294 ; 15.193 ; 15.583 ; 15.482 ;
; S7         ; F5          ; 13.479 ; 13.173 ; 13.768 ; 13.462 ;
; S7         ; F6          ; 12.275 ; 12.038 ; 12.497 ; 12.277 ;
; S7         ; F7          ; 11.455 ; 11.282 ; 11.707 ; 11.491 ;
; S8         ; F0          ; 12.026 ; 11.869 ; 12.361 ; 12.165 ;
; S8         ; F1          ; 9.695  ; 10.576 ; 10.999 ; 9.911  ;
; S8         ; F2          ; 10.232 ; 10.009 ; 10.524 ; 10.343 ;
; S8         ; F3          ; 10.718 ; 10.405 ; 11.046 ; 10.726 ;
; S8         ; F4          ; 11.438 ; 11.459 ; 11.806 ; 11.659 ;
; S8         ; F5          ; 10.314 ; 10.076 ; 10.619 ; 10.423 ;
; S8         ; F6          ; 11.553 ; 11.306 ; 11.875 ; 11.621 ;
; S8         ; F7          ; 12.123 ; 11.907 ; 12.447 ; 12.274 ;
+------------+-------------+--------+--------+--------+--------+


+--------------------------------------------------------------+
; Minimum Propagation Delay                                    ;
+------------+-------------+--------+--------+--------+--------+
; Input Port ; Output Port ; RR     ; RF     ; FR     ; FF     ;
+------------+-------------+--------+--------+--------+--------+
; A0         ; F0          ; 11.240 ; 11.061 ; 11.494 ; 11.237 ;
; A0         ; F1          ; 11.566 ; 11.366 ; 11.820 ; 11.612 ;
; A0         ; F2          ; 12.278 ; 12.606 ; 13.180 ; 12.195 ;
; A0         ; F3          ; 13.721 ; 13.237 ; 13.966 ; 13.482 ;
; A0         ; F4          ; 15.513 ; 15.448 ; 15.682 ; 15.617 ;
; A0         ; F5          ; 14.938 ; 14.582 ; 15.162 ; 14.806 ;
; A0         ; F6          ; 14.923 ; 14.667 ; 15.147 ; 14.891 ;
; A0         ; F7          ; 13.462 ; 13.250 ; 13.686 ; 13.474 ;
; A1         ; F0          ; 9.965  ; 13.543 ; 13.861 ; 9.985  ;
; A1         ; F1          ; 11.409 ; 11.492 ; 11.912 ; 11.544 ;
; A1         ; F2          ; 11.554 ; 11.840 ; 12.407 ; 11.553 ;
; A1         ; F3          ; 13.856 ; 13.372 ; 14.118 ; 13.634 ;
; A1         ; F4          ; 15.701 ; 15.638 ; 15.895 ; 15.832 ;
; A1         ; F5          ; 14.694 ; 14.338 ; 14.957 ; 14.601 ;
; A1         ; F6          ; 15.261 ; 14.991 ; 15.524 ; 15.254 ;
; A1         ; F7          ; 13.785 ; 13.558 ; 13.942 ; 13.748 ;
; A2         ; F0          ; 12.328 ; 12.816 ; 13.030 ; 12.365 ;
; A2         ; F1          ; 8.937  ; 11.510 ; 11.805 ; 8.943  ;
; A2         ; F2          ; 9.228  ; 8.975  ; 9.413  ; 9.035  ;
; A2         ; F3          ; 10.352 ; 10.960 ; 11.546 ; 10.026 ;
; A2         ; F4          ; 12.389 ; 12.332 ; 12.437 ; 12.372 ;
; A2         ; F5          ; 12.211 ; 11.855 ; 12.273 ; 11.917 ;
; A2         ; F6          ; 12.781 ; 12.508 ; 12.843 ; 12.570 ;
; A2         ; F7          ; 11.057 ; 10.855 ; 11.072 ; 10.878 ;
; A3         ; F0          ; 13.734 ; 13.548 ; 13.836 ; 13.610 ;
; A3         ; F1          ; 12.322 ; 12.155 ; 12.445 ; 12.210 ;
; A3         ; F2          ; 10.766 ; 10.519 ; 10.889 ; 10.574 ;
; A3         ; F3          ; 9.403  ; 11.289 ; 11.881 ; 9.145  ;
; A3         ; F4          ; 11.074 ; 12.229 ; 12.375 ; 11.103 ;
; A3         ; F5          ; 12.041 ; 11.693 ; 12.157 ; 11.809 ;
; A3         ; F6          ; 12.352 ; 12.096 ; 12.443 ; 12.187 ;
; A3         ; F7          ; 9.995  ; 9.793  ; 10.095 ; 9.901  ;
; A4         ; F0          ; 15.791 ; 16.428 ; 16.719 ; 15.904 ;
; A4         ; F1          ; 14.486 ; 15.079 ; 15.514 ; 14.555 ;
; A4         ; F2          ; 12.930 ; 13.570 ; 14.192 ; 12.978 ;
; A4         ; F3          ; 12.668 ; 13.872 ; 14.628 ; 12.634 ;
; A4         ; F4          ; 13.754 ; 14.009 ; 14.393 ; 14.186 ;
; A4         ; F5          ; 12.985 ; 13.848 ; 14.544 ; 12.979 ;
; A4         ; F6          ; 13.824 ; 13.526 ; 14.154 ; 13.864 ;
; A4         ; F7          ; 12.351 ; 12.116 ; 12.681 ; 12.454 ;
; A5         ; F0          ; 17.429 ; 17.723 ; 18.148 ; 17.418 ;
; A5         ; F1          ; 16.020 ; 16.337 ; 16.778 ; 16.014 ;
; A5         ; F2          ; 14.306 ; 14.664 ; 15.130 ; 14.229 ;
; A5         ; F3          ; 14.021 ; 14.311 ; 14.869 ; 13.866 ;
; A5         ; F4          ; 14.120 ; 14.380 ; 14.578 ; 14.404 ;
; A5         ; F5          ; 11.180 ; 12.870 ; 13.433 ; 11.090 ;
; A5         ; F6          ; 12.368 ; 14.068 ; 14.402 ; 12.303 ;
; A5         ; F7          ; 13.339 ; 13.104 ; 13.451 ; 13.216 ;
; A6         ; F0          ; 17.330 ; 17.118 ; 17.709 ; 17.386 ;
; A6         ; F1          ; 15.960 ; 15.732 ; 16.339 ; 16.000 ;
; A6         ; F2          ; 14.312 ; 14.059 ; 14.691 ; 14.327 ;
; A6         ; F3          ; 14.051 ; 13.706 ; 14.430 ; 13.974 ;
; A6         ; F4          ; 14.391 ; 14.520 ; 14.770 ; 14.788 ;
; A6         ; F5          ; 11.562 ; 11.276 ; 11.941 ; 11.544 ;
; A6         ; F6          ; 12.750 ; 13.360 ; 13.825 ; 12.830 ;
; A6         ; F7          ; 11.161 ; 10.979 ; 11.528 ; 11.268 ;
; A7         ; F0          ; 17.412 ; 17.499 ; 18.059 ; 17.446 ;
; A7         ; F1          ; 16.046 ; 16.113 ; 16.689 ; 16.097 ;
; A7         ; F2          ; 14.716 ; 14.440 ; 15.041 ; 14.688 ;
; A7         ; F3          ; 14.016 ; 14.087 ; 14.780 ; 13.974 ;
; A7         ; F4          ; 14.062 ; 14.901 ; 15.120 ; 14.413 ;
; A7         ; F5          ; 11.114 ; 11.657 ; 12.291 ; 11.098 ;
; A7         ; F6          ; 12.485 ;        ;        ; 12.503 ;
; A7         ; F7          ; 10.160 ; 12.324 ; 12.847 ; 10.208 ;
; B0         ; F0          ; 12.183 ; 12.004 ; 12.526 ; 12.269 ;
; B0         ; F1          ; 11.967 ; 11.817 ; 12.247 ; 12.110 ;
; B0         ; F2          ; 13.221 ; 11.466 ; 11.987 ; 13.227 ;
; B0         ; F3          ; 14.575 ; 11.957 ; 12.659 ; 14.443 ;
; B0         ; F4          ; 14.900 ; 13.947 ; 14.221 ; 15.216 ;
; B0         ; F5          ; 12.156 ; 11.175 ; 11.794 ; 12.161 ;
; B0         ; F6          ; 15.076 ; 13.344 ; 13.980 ; 15.112 ;
; B0         ; F7          ; 13.603 ; 10.723 ; 11.249 ; 13.702 ;
; B1         ; F0          ; 10.576 ; 12.009 ; 12.330 ; 10.733 ;
; B1         ; F1          ; 12.066 ; 11.114 ; 11.502 ; 12.288 ;
; B1         ; F2          ; 12.031 ; 10.395 ; 10.885 ; 12.029 ;
; B1         ; F3          ; 14.189 ; 11.495 ; 12.239 ; 14.048 ;
; B1         ; F4          ; 14.735 ; 13.827 ; 14.099 ; 15.077 ;
; B1         ; F5          ; 12.486 ; 10.742 ; 11.393 ; 12.569 ;
; B1         ; F6          ; 14.946 ; 12.934 ; 13.566 ; 14.958 ;
; B1         ; F7          ; 13.473 ; 10.322 ; 10.877 ; 13.548 ;
; B2         ; F0          ; 13.717 ; 12.135 ; 12.461 ; 13.875 ;
; B2         ; F1          ; 11.668 ; 11.527 ; 11.898 ; 11.864 ;
; B2         ; F2          ; 12.590 ; 10.579 ; 11.074 ; 12.586 ;
; B2         ; F3          ; 13.083 ; 11.715 ; 12.352 ; 12.947 ;
; B2         ; F4          ; 14.757 ; 13.407 ; 13.672 ; 15.202 ;
; B2         ; F5          ; 12.466 ; 10.638 ; 11.257 ; 12.479 ;
; B2         ; F6          ; 13.632 ; 12.512 ; 13.116 ; 13.648 ;
; B2         ; F7          ; 12.159 ; 11.344 ; 11.969 ; 12.238 ;
; B3         ; F0          ; 13.484 ; 11.724 ; 12.087 ; 13.664 ;
; B3         ; F1          ; 13.405 ; 11.295 ; 11.686 ; 13.448 ;
; B3         ; F2          ; 13.117 ; 10.695 ; 11.166 ; 13.091 ;
; B3         ; F3          ; 14.762 ; 11.539 ; 12.153 ; 14.636 ;
; B3         ; F4          ; 14.479 ; 14.261 ; 14.457 ; 14.592 ;
; B3         ; F5          ; 13.378 ; 11.867 ; 12.323 ; 13.293 ;
; B3         ; F6          ; 15.112 ; 13.068 ; 13.580 ; 15.004 ;
; B3         ; F7          ; 13.612 ; 12.256 ; 12.783 ; 13.569 ;
; B4         ; F0          ; 13.483 ; 11.614 ; 11.952 ; 13.633 ;
; B4         ; F1          ; 13.336 ; 11.290 ; 11.647 ; 13.391 ;
; B4         ; F2          ; 13.006 ; 10.980 ; 11.423 ; 13.061 ;
; B4         ; F3          ; 12.744 ; 11.181 ; 11.805 ; 12.708 ;
; B4         ; F4          ; 14.694 ; 11.764 ; 12.238 ; 14.851 ;
; B4         ; F5          ; 12.024 ; 11.047 ; 11.674 ; 11.894 ;
; B4         ; F6          ; 14.306 ; 12.836 ; 13.501 ; 14.379 ;
; B4         ; F7          ; 13.633 ; 11.433 ; 12.131 ; 13.611 ;
; B5         ; F0          ; 12.964 ; 11.374 ; 11.720 ; 13.136 ;
; B5         ; F1          ; 13.648 ; 10.718 ; 11.105 ; 13.740 ;
; B5         ; F2          ; 12.752 ; 10.760 ; 11.234 ; 12.814 ;
; B5         ; F3          ; 12.861 ; 10.940 ; 11.554 ; 12.802 ;
; B5         ; F4          ; 14.511 ; 11.881 ; 12.332 ; 14.586 ;
; B5         ; F5          ; 12.672 ; 11.164 ; 11.768 ; 12.735 ;
; B5         ; F6          ; 12.409 ; 12.953 ; 13.595 ; 12.361 ;
; B5         ; F7          ; 13.723 ; 11.550 ; 12.225 ; 13.763 ;
; B6         ; F0          ; 13.837 ; 12.180 ; 12.478 ; 13.907 ;
; B6         ; F1          ; 13.014 ; 11.585 ; 11.918 ; 13.087 ;
; B6         ; F2          ; 14.238 ; 10.831 ; 11.347 ; 14.208 ;
; B6         ; F3          ; 14.347 ; 12.426 ; 12.948 ; 14.196 ;
; B6         ; F4          ; 16.437 ; 13.367 ; 13.726 ; 16.770 ;
; B6         ; F5          ; 12.629 ; 12.403 ; 12.990 ; 12.574 ;
; B6         ; F6          ; 14.365 ; 14.206 ; 14.601 ; 14.434 ;
; B6         ; F7          ; 11.418 ; 11.236 ; 11.757 ; 11.497 ;
; B7         ; F0          ; 12.503 ; 11.727 ; 12.084 ; 12.664 ;
; B7         ; F1          ; 12.730 ; 9.356  ; 9.765  ; 12.829 ;
; B7         ; F2          ; 13.501 ; 10.547 ; 11.089 ; 13.537 ;
; B7         ; F3          ; 13.969 ; 11.689 ; 12.277 ; 13.852 ;
; B7         ; F4          ; 16.059 ; 12.989 ; 13.382 ; 16.426 ;
; B7         ; F5          ; 13.780 ; 12.272 ; 12.818 ; 13.785 ;
; B7         ; F6          ; 12.805 ; 14.061 ; 14.645 ; 12.803 ;
; B7         ; F7          ; 12.729 ; 12.534 ; 12.991 ; 12.796 ;
; C0         ; F0          ; 11.065 ; 10.886 ; 11.289 ; 11.078 ;
; C0         ; F1          ; 11.397 ; 11.351 ; 11.605 ; 11.567 ;
; C0         ; F2          ; 14.196 ; 13.983 ; 14.427 ; 14.173 ;
; C0         ; F3          ; 15.367 ; 14.972 ; 15.563 ; 15.168 ;
; C0         ; F4          ; 17.196 ; 17.146 ; 17.427 ; 17.377 ;
; C0         ; F5          ; 15.537 ; 15.214 ; 15.720 ; 15.427 ;
; C0         ; F6          ; 16.085 ; 15.910 ; 16.310 ; 16.143 ;
; C0         ; F7          ; 16.219 ; 16.017 ; 16.347 ; 16.104 ;
; M          ; F0          ; 11.741 ; 11.562 ; 12.012 ; 11.833 ;
; M          ; F1          ; 11.836 ; 11.787 ; 12.178 ; 12.090 ;
; M          ; F2          ; 14.242 ; 13.987 ; 14.515 ; 14.336 ;
; M          ; F3          ; 14.249 ; 13.854 ; 14.544 ; 14.149 ;
; M          ; F4          ; 15.732 ; 15.682 ; 15.989 ; 15.939 ;
; M          ; F5          ; 13.387 ; 13.022 ; 13.653 ; 13.357 ;
; M          ; F6          ; 13.161 ; 13.022 ; 13.456 ; 13.325 ;
; M          ; F7          ; 13.224 ; 12.981 ; 13.608 ; 13.406 ;
; S0         ; F0          ; 12.365 ; 12.160 ; 12.595 ; 12.416 ;
; S0         ; F1          ; 12.324 ; 12.233 ; 12.587 ; 12.548 ;
; S0         ; F2          ; 14.266 ; 14.053 ; 14.487 ; 14.282 ;
; S0         ; F3          ; 14.863 ; 14.468 ; 15.084 ; 14.689 ;
; S0         ; F4          ; 15.709 ; 15.659 ; 15.911 ; 15.861 ;
; S0         ; F5          ; 13.796 ; 13.496 ; 14.042 ; 13.701 ;
; S0         ; F6          ; 13.468 ; 13.329 ; 13.747 ; 13.567 ;
; S0         ; F7          ; 12.679 ; 12.434 ; 12.833 ; 12.638 ;
; S1         ; F0          ; 12.138 ; 11.933 ; 12.378 ; 12.199 ;
; S1         ; F1          ; 11.884 ; 11.793 ; 12.128 ; 12.089 ;
; S1         ; F2          ; 13.852 ; 13.639 ; 14.107 ; 13.902 ;
; S1         ; F3          ; 14.814 ; 14.419 ; 15.008 ; 14.613 ;
; S1         ; F4          ; 15.689 ; 15.639 ; 15.906 ; 15.856 ;
; S1         ; F5          ; 13.815 ; 13.515 ; 14.046 ; 13.705 ;
; S1         ; F6          ; 13.733 ; 13.594 ; 13.954 ; 13.774 ;
; S1         ; F7          ; 12.267 ; 12.022 ; 12.454 ; 12.259 ;
; S2         ; F0          ; 12.148 ; 11.940 ; 12.425 ; 12.246 ;
; S2         ; F1          ; 12.317 ; 12.226 ; 12.604 ; 12.565 ;
; S2         ; F2          ; 14.315 ; 14.079 ; 14.605 ; 14.399 ;
; S2         ; F3          ; 14.970 ; 14.575 ; 15.305 ; 14.910 ;
; S2         ; F4          ; 15.839 ; 15.789 ; 16.216 ; 16.166 ;
; S2         ; F5          ; 13.335 ; 13.035 ; 13.678 ; 13.386 ;
; S2         ; F6          ; 13.715 ; 13.534 ; 14.044 ; 13.905 ;
; S2         ; F7          ; 12.098 ; 11.896 ; 12.385 ; 12.191 ;
; S3         ; F0          ; 12.641 ; 12.433 ; 12.925 ; 12.746 ;
; S3         ; F1          ; 12.557 ; 12.466 ; 12.855 ; 12.816 ;
; S3         ; F2          ; 14.804 ; 14.568 ; 15.102 ; 14.896 ;
; S3         ; F3          ; 15.176 ; 14.781 ; 15.473 ; 15.078 ;
; S3         ; F4          ; 16.288 ; 16.238 ; 16.661 ; 16.611 ;
; S3         ; F5          ; 13.785 ; 13.485 ; 14.123 ; 13.831 ;
; S3         ; F6          ; 14.168 ; 13.987 ; 14.493 ; 14.354 ;
; S3         ; F7          ; 12.596 ; 12.394 ; 12.891 ; 12.697 ;
; S4         ; F0          ; 11.685 ; 11.506 ; 12.052 ; 11.795 ;
; S4         ; F1          ; 10.945 ; 10.898 ; 11.315 ; 11.207 ;
; S4         ; F2          ; 12.703 ; 12.530 ; 13.055 ; 12.813 ;
; S4         ; F3          ; 13.294 ; 12.902 ; 13.721 ; 13.244 ;
; S4         ; F4          ; 15.087 ; 15.081 ; 15.515 ; 15.403 ;
; S4         ; F5          ; 12.680 ; 12.433 ; 13.143 ; 12.716 ;
; S4         ; F6          ; 13.361 ; 12.319 ; 12.830 ; 13.421 ;
; S4         ; F7          ; 11.043 ; 10.852 ; 11.407 ; 11.136 ;
; S5         ; F0          ;        ; 10.663 ; 11.095 ;        ;
; S5         ; F1          ; 11.489 ; 10.606 ; 11.007 ; 11.578 ;
; S5         ; F2          ; 12.348 ; 12.175 ; 12.618 ; 12.376 ;
; S5         ; F3          ; 12.939 ; 12.547 ; 13.284 ; 12.807 ;
; S5         ; F4          ; 14.732 ; 14.726 ; 15.078 ; 14.966 ;
; S5         ; F5          ; 12.325 ; 12.078 ; 12.706 ; 12.279 ;
; S5         ; F6          ; 12.106 ; 12.197 ; 12.775 ; 12.092 ;
; S5         ; F7          ; 11.604 ; 11.422 ; 11.892 ; 11.632 ;
; S6         ; F0          ; 10.576 ; 10.433 ; 10.983 ; 10.733 ;
; S6         ; F1          ; 11.500 ; 11.365 ; 11.889 ; 11.686 ;
; S6         ; F2          ; 12.144 ; 12.001 ; 12.573 ; 12.302 ;
; S6         ; F3          ; 13.374 ; 12.917 ; 13.671 ; 13.255 ;
; S6         ; F4          ; 13.470 ; 13.396 ; 13.840 ; 13.752 ;
; S6         ; F5          ; 12.370 ; 11.985 ; 12.659 ; 12.344 ;
; S6         ; F6          ; 12.869 ; 12.575 ; 13.164 ; 12.911 ;
; S6         ; F7          ; 11.591 ; 11.398 ; 11.975 ; 11.768 ;
; S7         ; F0          ; 10.172 ; 9.984  ; 10.425 ; 10.157 ;
; S7         ; F1          ; 10.452 ; 9.972  ; 10.322 ; 10.564 ;
; S7         ; F2          ; 12.074 ; 11.832 ; 12.324 ; 12.109 ;
; S7         ; F3          ; 12.614 ; 12.176 ; 12.850 ; 12.452 ;
; S7         ; F4          ; 13.825 ; 13.775 ; 14.101 ; 14.051 ;
; S7         ; F5          ; 11.974 ; 11.644 ; 12.210 ; 11.920 ;
; S7         ; F6          ; 11.828 ; 11.580 ; 12.017 ; 11.826 ;
; S7         ; F7          ; 10.210 ; 9.939  ; 10.403 ; 10.212 ;
; S8         ; F0          ; 10.609 ; 10.421 ; 10.981 ; 10.713 ;
; S8         ; F1          ; 9.351  ; 10.005 ; 10.424 ; 9.556  ;
; S8         ; F2          ; 9.865  ; 9.646  ; 10.144 ; 9.969  ;
; S8         ; F3          ; 10.333 ; 10.030 ; 10.648 ; 10.337 ;
; S8         ; F4          ; 11.081 ; 11.052 ; 11.395 ; 11.296 ;
; S8         ; F5          ; 9.944  ; 9.711  ; 10.236 ; 10.047 ;
; S8         ; F6          ; 11.133 ; 10.894 ; 11.443 ; 11.196 ;
; S8         ; F7          ; 10.718 ; 10.527 ; 11.073 ; 10.802 ;
+------------+-------------+--------+--------+--------+--------+


----------------------------------------------
; Slow 1200mV 85C Model Metastability Report ;
----------------------------------------------
No synchronizer chains to report.


-------------------------------------
; Slow 1200mV 0C Model Fmax Summary ;
-------------------------------------
No paths to report.


--------------------------------------
; Slow 1200mV 0C Model Setup Summary ;
--------------------------------------
No paths to report.


-------------------------------------
; Slow 1200mV 0C Model Hold Summary ;
-------------------------------------
No paths to report.


-----------------------------------------
; Slow 1200mV 0C Model Recovery Summary ;
-----------------------------------------
No paths to report.


----------------------------------------
; Slow 1200mV 0C Model Removal Summary ;
----------------------------------------
No paths to report.


----------------------------------------------------
; Slow 1200mV 0C Model Minimum Pulse Width Summary ;
----------------------------------------------------
No paths to report.


+--------------------------------------------------------------+
; Propagation Delay                                            ;
+------------+-------------+--------+--------+--------+--------+
; Input Port ; Output Port ; RR     ; RF     ; FR     ; FF     ;
+------------+-------------+--------+--------+--------+--------+
; A0         ; F0          ; 12.362 ; 12.107 ; 12.461 ; 12.206 ;
; A0         ; F1          ; 12.620 ; 12.555 ; 12.701 ; 12.630 ;
; A0         ; F2          ; 15.438 ; 15.071 ; 15.521 ; 15.192 ;
; A0         ; F3          ; 16.759 ; 16.155 ; 16.776 ; 16.172 ;
; A0         ; F4          ; 20.601 ; 20.350 ; 20.517 ; 20.266 ;
; A0         ; F5          ; 20.939 ; 20.366 ; 20.855 ; 20.282 ;
; A0         ; F6          ; 21.466 ; 20.979 ; 21.382 ; 20.895 ;
; A0         ; F7          ; 19.982 ; 19.632 ; 19.898 ; 19.548 ;
; A1         ; F0          ; 14.121 ; 13.932 ; 13.977 ; 13.764 ;
; A1         ; F1          ; 11.659 ; 11.547 ; 11.636 ; 11.563 ;
; A1         ; F2          ; 14.475 ; 14.108 ; 14.453 ; 14.124 ;
; A1         ; F3          ; 15.796 ; 15.192 ; 15.708 ; 15.104 ;
; A1         ; F4          ; 20.353 ; 20.102 ; 20.243 ; 19.992 ;
; A1         ; F5          ; 20.691 ; 20.118 ; 20.581 ; 20.008 ;
; A1         ; F6          ; 21.218 ; 20.731 ; 21.108 ; 20.621 ;
; A1         ; F7          ; 19.734 ; 19.384 ; 19.624 ; 19.274 ;
; A2         ; F0          ; 15.445 ; 15.256 ; 15.595 ; 15.406 ;
; A2         ; F1          ; 12.343 ; 12.048 ; 12.493 ; 12.361 ;
; A2         ; F2          ; 11.454 ; 11.108 ; 11.654 ; 11.281 ;
; A2         ; F3          ; 12.742 ; 12.138 ; 12.830 ; 12.226 ;
; A2         ; F4          ; 16.897 ; 16.646 ; 17.172 ; 16.921 ;
; A2         ; F5          ; 17.235 ; 16.662 ; 17.510 ; 16.937 ;
; A2         ; F6          ; 17.762 ; 17.275 ; 18.037 ; 17.550 ;
; A2         ; F7          ; 16.278 ; 15.928 ; 16.553 ; 16.203 ;
; A3         ; F0          ; 18.104 ; 17.915 ; 18.001 ; 17.812 ;
; A3         ; F1          ; 15.002 ; 14.870 ; 14.899 ; 14.767 ;
; A3         ; F2          ; 11.561 ; 11.418 ; 11.531 ; 11.315 ;
; A3         ; F3          ; 12.988 ; 12.384 ; 13.209 ; 12.605 ;
; A3         ; F4          ; 14.643 ; 14.340 ; 14.804 ; 14.501 ;
; A3         ; F5          ; 14.871 ; 14.298 ; 15.001 ; 14.428 ;
; A3         ; F6          ; 15.398 ; 14.911 ; 15.528 ; 15.041 ;
; A3         ; F7          ; 13.914 ; 13.564 ; 14.044 ; 13.694 ;
; A4         ; F0          ; 23.926 ; 23.737 ; 24.163 ; 23.974 ;
; A4         ; F1          ; 20.824 ; 20.692 ; 21.061 ; 20.929 ;
; A4         ; F2          ; 17.383 ; 17.240 ; 17.620 ; 17.477 ;
; A4         ; F3          ; 15.074 ; 14.263 ; 15.311 ; 14.554 ;
; A4         ; F4          ; 16.073 ; 15.770 ; 16.188 ; 15.885 ;
; A4         ; F5          ; 15.122 ; 14.517 ; 15.268 ; 14.663 ;
; A4         ; F6          ; 15.663 ; 15.176 ; 15.809 ; 15.322 ;
; A4         ; F7          ; 14.833 ; 14.478 ; 15.203 ; 14.886 ;
; A5         ; F0          ; 26.088 ; 25.899 ; 25.997 ; 25.808 ;
; A5         ; F1          ; 22.986 ; 22.854 ; 22.895 ; 22.763 ;
; A5         ; F2          ; 19.545 ; 19.402 ; 19.454 ; 19.311 ;
; A5         ; F3          ; 17.236 ; 16.479 ; 17.145 ; 16.388 ;
; A5         ; F4          ; 15.067 ; 15.190 ; 14.912 ; 15.099 ;
; A5         ; F5          ; 14.603 ; 13.998 ; 14.613 ; 14.008 ;
; A5         ; F6          ; 15.144 ; 14.657 ; 15.154 ; 14.667 ;
; A5         ; F7          ; 13.831 ; 13.423 ; 14.037 ; 13.720 ;
; A6         ; F0          ; 27.117 ; 26.928 ; 27.260 ; 27.071 ;
; A6         ; F1          ; 24.015 ; 23.883 ; 24.158 ; 24.026 ;
; A6         ; F2          ; 20.574 ; 20.431 ; 20.717 ; 20.574 ;
; A6         ; F3          ; 18.265 ; 17.508 ; 18.408 ; 17.651 ;
; A6         ; F4          ; 16.032 ; 16.219 ; 16.223 ; 16.362 ;
; A6         ; F5          ; 12.508 ; 11.995 ; 12.572 ; 12.043 ;
; A6         ; F6          ; 13.365 ; 12.862 ; 13.502 ; 12.975 ;
; A6         ; F7          ; 13.648 ; 13.272 ; 13.880 ; 13.504 ;
; A7         ; F0          ; 26.803 ; 26.614 ; 26.883 ; 26.694 ;
; A7         ; F1          ; 23.701 ; 23.569 ; 23.781 ; 23.649 ;
; A7         ; F2          ; 20.260 ; 20.117 ; 20.340 ; 20.197 ;
; A7         ; F3          ; 17.951 ; 17.194 ; 18.031 ; 17.274 ;
; A7         ; F4          ; 15.718 ; 15.905 ; 15.846 ; 15.985 ;
; A7         ; F5          ; 11.522 ; 11.143 ; 11.669 ; 11.223 ;
; A7         ; F6          ; 12.137 ;        ;        ; 11.786 ;
; A7         ; F7          ; 12.691 ; 12.337 ; 12.706 ; 12.364 ;
; B0         ; F0          ; 27.920 ; 27.731 ; 28.145 ; 27.956 ;
; B0         ; F1          ; 24.818 ; 24.686 ; 25.043 ; 24.911 ;
; B0         ; F2          ; 21.377 ; 21.234 ; 21.602 ; 21.459 ;
; B0         ; F3          ; 19.068 ; 18.311 ; 19.293 ; 18.536 ;
; B0         ; F4          ; 21.524 ; 21.273 ; 21.476 ; 21.225 ;
; B0         ; F5          ; 21.862 ; 21.289 ; 21.814 ; 21.241 ;
; B0         ; F6          ; 22.389 ; 21.902 ; 22.341 ; 21.854 ;
; B0         ; F7          ; 20.905 ; 20.555 ; 20.857 ; 20.507 ;
; B1         ; F0          ; 27.423 ; 27.234 ; 27.720 ; 27.531 ;
; B1         ; F1          ; 24.321 ; 24.189 ; 24.618 ; 24.486 ;
; B1         ; F2          ; 20.880 ; 20.737 ; 21.177 ; 21.034 ;
; B1         ; F3          ; 18.571 ; 17.814 ; 18.868 ; 18.111 ;
; B1         ; F4          ; 20.353 ; 20.102 ; 20.290 ; 20.039 ;
; B1         ; F5          ; 20.691 ; 20.118 ; 20.628 ; 20.055 ;
; B1         ; F6          ; 21.218 ; 20.731 ; 21.155 ; 20.668 ;
; B1         ; F7          ; 19.734 ; 19.384 ; 19.671 ; 19.321 ;
; B2         ; F0          ; 27.438 ; 27.249 ; 27.592 ; 27.403 ;
; B2         ; F1          ; 24.336 ; 24.204 ; 24.490 ; 24.358 ;
; B2         ; F2          ; 20.895 ; 20.752 ; 21.049 ; 20.906 ;
; B2         ; F3          ; 18.586 ; 17.829 ; 18.740 ; 17.983 ;
; B2         ; F4          ; 21.115 ; 20.864 ; 21.265 ; 21.014 ;
; B2         ; F5          ; 21.453 ; 20.880 ; 21.603 ; 21.030 ;
; B2         ; F6          ; 21.980 ; 21.493 ; 22.130 ; 21.643 ;
; B2         ; F7          ; 20.496 ; 20.146 ; 20.646 ; 20.296 ;
; B3         ; F0          ; 28.369 ; 28.180 ; 28.345 ; 28.156 ;
; B3         ; F1          ; 25.267 ; 25.135 ; 25.243 ; 25.111 ;
; B3         ; F2          ; 21.826 ; 21.683 ; 21.802 ; 21.659 ;
; B3         ; F3          ; 19.517 ; 18.760 ; 19.493 ; 18.736 ;
; B3         ; F4          ; 19.968 ; 19.717 ; 20.092 ; 19.841 ;
; B3         ; F5          ; 20.306 ; 19.733 ; 20.430 ; 19.857 ;
; B3         ; F6          ; 20.833 ; 20.346 ; 20.957 ; 20.470 ;
; B3         ; F7          ; 19.349 ; 18.999 ; 19.473 ; 19.123 ;
; B4         ; F0          ; 27.497 ; 27.308 ; 27.792 ; 27.603 ;
; B4         ; F1          ; 24.395 ; 24.263 ; 24.690 ; 24.558 ;
; B4         ; F2          ; 20.954 ; 20.811 ; 21.249 ; 21.106 ;
; B4         ; F3          ; 18.645 ; 17.888 ; 18.940 ; 18.183 ;
; B4         ; F4          ; 16.421 ; 16.599 ; 16.722 ; 16.894 ;
; B4         ; F5          ; 16.759 ; 16.186 ; 16.888 ; 16.315 ;
; B4         ; F6          ; 17.286 ; 16.799 ; 17.415 ; 16.928 ;
; B4         ; F7          ; 15.802 ; 15.452 ; 15.931 ; 15.581 ;
; B5         ; F0          ; 27.613 ; 27.424 ; 27.892 ; 27.703 ;
; B5         ; F1          ; 24.511 ; 24.379 ; 24.790 ; 24.658 ;
; B5         ; F2          ; 21.070 ; 20.927 ; 21.349 ; 21.206 ;
; B5         ; F3          ; 18.761 ; 18.004 ; 19.040 ; 18.283 ;
; B5         ; F4          ; 16.732 ; 16.715 ; 16.861 ; 16.994 ;
; B5         ; F5          ; 17.070 ; 16.497 ; 17.199 ; 16.626 ;
; B5         ; F6          ; 17.597 ; 17.110 ; 17.726 ; 17.239 ;
; B5         ; F7          ; 16.113 ; 15.763 ; 16.242 ; 15.892 ;
; B6         ; F0          ; 29.089 ; 28.900 ; 29.173 ; 28.984 ;
; B6         ; F1          ; 25.987 ; 25.855 ; 26.071 ; 25.939 ;
; B6         ; F2          ; 22.546 ; 22.403 ; 22.630 ; 22.487 ;
; B6         ; F3          ; 20.237 ; 19.480 ; 20.321 ; 19.564 ;
; B6         ; F4          ; 18.004 ; 18.191 ; 18.103 ; 18.275 ;
; B6         ; F5          ; 17.599 ; 17.026 ; 17.620 ; 17.047 ;
; B6         ; F6          ; 18.126 ; 17.639 ; 18.147 ; 17.660 ;
; B6         ; F7          ; 16.642 ; 16.292 ; 16.663 ; 16.313 ;
; B7         ; F0          ; 28.699 ; 28.510 ; 28.864 ; 28.675 ;
; B7         ; F1          ; 25.597 ; 25.465 ; 25.762 ; 25.630 ;
; B7         ; F2          ; 22.156 ; 22.013 ; 22.321 ; 22.178 ;
; B7         ; F3          ; 19.847 ; 19.090 ; 20.012 ; 19.255 ;
; B7         ; F4          ; 17.614 ; 17.801 ; 17.794 ; 17.966 ;
; B7         ; F5          ; 16.497 ; 15.924 ; 16.577 ; 16.004 ;
; B7         ; F6          ; 17.024 ; 16.537 ; 17.104 ; 16.617 ;
; B7         ; F7          ; 15.540 ; 15.190 ; 15.620 ; 15.270 ;
; C0         ; F0          ; 10.621 ; 10.366 ; 10.658 ; 10.403 ;
; C0         ; F1          ; 10.876 ; 10.805 ; 10.917 ; 10.852 ;
; C0         ; F2          ; 13.696 ; 13.367 ; 13.735 ; 13.368 ;
; C0         ; F3          ; 14.951 ; 14.347 ; 15.056 ; 14.452 ;
; C0         ; F4          ; 16.638 ; 16.335 ; 16.757 ; 16.454 ;
; C0         ; F5          ; 15.111 ; 14.582 ; 15.153 ; 14.631 ;
; C0         ; F6          ; 15.412 ; 15.121 ; 15.427 ; 15.171 ;
; C0         ; F7          ; 15.652 ; 15.335 ; 15.494 ; 15.139 ;
; M          ; F0          ; 11.291 ; 11.036 ; 11.372 ; 11.117 ;
; M          ; F1          ; 11.290 ; 11.214 ; 11.469 ; 11.357 ;
; M          ; F2          ; 13.745 ; 13.372 ; 13.896 ; 13.536 ;
; M          ; F3          ; 13.943 ; 13.339 ; 14.036 ; 13.432 ;
; M          ; F4          ; 15.271 ; 14.968 ; 15.318 ; 15.015 ;
; M          ; F5          ; 13.022 ; 12.509 ; 13.114 ; 12.585 ;
; M          ; F6          ; 12.552 ; 12.299 ; 12.640 ; 12.393 ;
; M          ; F7          ; 12.649 ; 12.294 ; 12.932 ; 12.615 ;
; S0         ; F0          ; 11.952 ; 11.697 ; 12.020 ; 11.765 ;
; S0         ; F1          ; 12.210 ; 12.145 ; 12.274 ; 12.203 ;
; S0         ; F2          ; 15.028 ; 14.661 ; 15.094 ; 14.765 ;
; S0         ; F3          ; 16.349 ; 15.745 ; 16.349 ; 15.745 ;
; S0         ; F4          ; 18.050 ; 17.747 ; 18.036 ; 17.733 ;
; S0         ; F5          ; 16.446 ; 15.924 ; 16.509 ; 15.980 ;
; S0         ; F6          ; 16.720 ; 16.464 ; 16.810 ; 16.519 ;
; S0         ; F7          ; 16.787 ; 16.432 ; 17.050 ; 16.733 ;
; S1         ; F0          ; 11.706 ; 11.451 ; 11.816 ; 11.561 ;
; S1         ; F1          ; 11.964 ; 11.899 ; 12.070 ; 11.999 ;
; S1         ; F2          ; 14.782 ; 14.415 ; 14.890 ; 14.561 ;
; S1         ; F3          ; 16.103 ; 15.499 ; 16.145 ; 15.541 ;
; S1         ; F4          ; 17.804 ; 17.501 ; 17.832 ; 17.529 ;
; S1         ; F5          ; 16.200 ; 15.678 ; 16.305 ; 15.776 ;
; S1         ; F6          ; 16.474 ; 16.218 ; 16.606 ; 16.315 ;
; S1         ; F7          ; 16.541 ; 16.186 ; 16.846 ; 16.529 ;
; S2         ; F0          ; 11.697 ; 11.442 ; 11.839 ; 11.584 ;
; S2         ; F1          ; 11.955 ; 11.890 ; 12.079 ; 12.008 ;
; S2         ; F2          ; 14.773 ; 14.406 ; 14.899 ; 14.570 ;
; S2         ; F3          ; 16.094 ; 15.490 ; 16.154 ; 15.550 ;
; S2         ; F4          ; 17.795 ; 17.492 ; 17.841 ; 17.538 ;
; S2         ; F5          ; 16.191 ; 15.669 ; 16.314 ; 15.785 ;
; S2         ; F6          ; 16.465 ; 16.209 ; 16.615 ; 16.324 ;
; S2         ; F7          ; 16.532 ; 16.177 ; 16.855 ; 16.538 ;
; S3         ; F0          ; 12.176 ; 11.921 ; 12.332 ; 12.077 ;
; S3         ; F1          ; 12.434 ; 12.369 ; 12.572 ; 12.501 ;
; S3         ; F2          ; 15.252 ; 14.885 ; 15.392 ; 15.063 ;
; S3         ; F3          ; 16.573 ; 15.969 ; 16.647 ; 16.043 ;
; S3         ; F4          ; 18.274 ; 17.971 ; 18.334 ; 18.031 ;
; S3         ; F5          ; 16.670 ; 16.148 ; 16.807 ; 16.278 ;
; S3         ; F6          ; 16.944 ; 16.688 ; 17.108 ; 16.817 ;
; S3         ; F7          ; 17.011 ; 16.656 ; 17.348 ; 17.031 ;
; S4         ; F0          ; 11.226 ; 10.971 ; 11.407 ; 11.088 ;
; S4         ; F1          ; 10.439 ; 10.291 ; 10.643 ; 10.435 ;
; S4         ; F2          ; 13.019 ; 12.646 ; 13.224 ; 12.851 ;
; S4         ; F3          ; 13.596 ; 12.972 ; 13.793 ; 13.124 ;
; S4         ; F4          ; 14.636 ; 14.333 ; 14.865 ; 14.562 ;
; S4         ; F5          ; 13.048 ; 12.519 ; 13.254 ; 12.741 ;
; S4         ; F6          ; 12.797 ; 11.560 ; 12.072 ; 12.445 ;
; S4         ; F7          ; 11.362 ; 11.006 ; 11.519 ; 11.184 ;
; S5         ; F0          ;        ; 10.053 ; 10.393 ;        ;
; S5         ; F1          ; 11.085 ; 10.095 ; 10.405 ; 10.827 ;
; S5         ; F2          ; 12.683 ; 12.310 ; 12.770 ; 12.397 ;
; S5         ; F3          ; 13.260 ; 12.636 ; 13.339 ; 12.670 ;
; S5         ; F4          ; 14.300 ; 13.997 ; 14.411 ; 14.108 ;
; S5         ; F5          ; 12.712 ; 12.183 ; 12.800 ; 12.287 ;
; S5         ; F6          ; 11.555 ; 11.495 ; 12.082 ; 11.156 ;
; S5         ; F7          ; 11.148 ; 10.792 ; 11.090 ; 10.828 ;
; S6         ; F0          ; 10.023 ; 9.756  ; 10.285 ; 9.911  ;
; S6         ; F1          ; 11.515 ; 11.226 ; 11.668 ; 11.416 ;
; S6         ; F2          ; 12.925 ; 12.552 ; 13.147 ; 12.774 ;
; S6         ; F3          ; 13.194 ; 12.501 ; 13.342 ; 12.681 ;
; S6         ; F4          ; 14.218 ; 13.915 ; 14.366 ; 14.063 ;
; S6         ; F5          ; 12.899 ; 12.386 ; 13.045 ; 12.532 ;
; S6         ; F6          ; 12.731 ; 12.305 ; 12.917 ; 12.404 ;
; S6         ; F7          ; 11.107 ; 10.768 ; 11.353 ; 10.997 ;
; S7         ; F0          ; 10.353 ; 10.034 ; 10.464 ; 10.209 ;
; S7         ; F1          ; 10.084 ; 9.384  ; 9.714  ; 9.993  ;
; S7         ; F2          ; 12.351 ; 11.978 ; 12.470 ; 12.097 ;
; S7         ; F3          ; 12.928 ; 12.304 ; 13.039 ; 12.394 ;
; S7         ; F4          ; 13.983 ; 13.680 ; 14.111 ; 13.808 ;
; S7         ; F5          ; 12.380 ; 11.859 ; 12.500 ; 11.987 ;
; S7         ; F6          ; 11.268 ; 10.848 ; 11.318 ; 10.926 ;
; S7         ; F7          ; 10.465 ; 10.130 ; 10.600 ; 10.244 ;
; S8         ; F0          ; 10.966 ; 10.711 ; 11.147 ; 10.828 ;
; S8         ; F1          ; 8.795  ; 9.505  ; 9.883  ; 8.794  ;
; S8         ; F2          ; 9.316  ; 8.976  ; 9.478  ; 9.174  ;
; S8         ; F3          ; 9.777  ; 9.331  ; 9.976  ; 9.524  ;
; S8         ; F4          ; 10.361 ; 10.230 ; 10.563 ; 10.278 ;
; S8         ; F5          ; 9.385  ; 9.048  ; 9.555  ; 9.254  ;
; S8         ; F6          ; 10.552 ; 10.170 ; 10.738 ; 10.350 ;
; S8         ; F7          ; 11.102 ; 10.746 ; 11.259 ; 10.924 ;
+------------+-------------+--------+--------+--------+--------+


+--------------------------------------------------------------+
; Minimum Propagation Delay                                    ;
+------------+-------------+--------+--------+--------+--------+
; Input Port ; Output Port ; RR     ; RF     ; FR     ; FF     ;
+------------+-------------+--------+--------+--------+--------+
; A0         ; F0          ; 10.289 ; 10.011 ; 10.299 ; 9.954  ;
; A0         ; F1          ; 10.608 ; 10.188 ; 10.707 ; 10.282 ;
; A0         ; F2          ; 11.296 ; 11.316 ; 12.007 ; 10.798 ;
; A0         ; F3          ; 12.635 ; 11.870 ; 12.729 ; 11.964 ;
; A0         ; F4          ; 14.189 ; 13.900 ; 14.116 ; 13.827 ;
; A0         ; F5          ; 13.699 ; 13.098 ; 13.760 ; 13.159 ;
; A0         ; F6          ; 13.698 ; 13.230 ; 13.760 ; 13.292 ;
; A0         ; F7          ; 12.325 ; 11.939 ; 12.387 ; 12.001 ;
; A1         ; F0          ; 9.073  ; 12.231 ; 12.500 ; 8.833  ;
; A1         ; F1          ; 10.313 ; 10.302 ; 10.795 ; 10.299 ;
; A1         ; F2          ; 10.582 ; 10.598 ; 11.275 ; 10.240 ;
; A1         ; F3          ; 12.757 ; 11.992 ; 12.869 ; 12.104 ;
; A1         ; F4          ; 14.285 ; 13.996 ; 14.325 ; 14.036 ;
; A1         ; F5          ; 13.464 ; 12.863 ; 13.575 ; 12.974 ;
; A1         ; F6          ; 13.952 ; 13.459 ; 14.063 ; 13.570 ;
; A1         ; F7          ; 12.556 ; 12.166 ; 12.586 ; 12.230 ;
; A2         ; F0          ; 11.336 ; 11.677 ; 12.012 ; 11.300 ;
; A2         ; F1          ; 8.230  ; 10.431 ; 10.894 ; 8.120  ;
; A2         ; F2          ; 8.417  ; 8.051  ; 8.778  ; 8.184  ;
; A2         ; F3          ; 9.629  ; 9.874  ; 10.802 ; 9.090  ;
; A2         ; F4          ; 11.384 ; 11.095 ; 11.428 ; 11.139 ;
; A2         ; F5          ; 11.329 ; 10.728 ; 11.390 ; 10.789 ;
; A2         ; F6          ; 11.817 ; 11.324 ; 11.878 ; 11.385 ;
; A2         ; F7          ; 10.249 ; 9.893  ; 10.231 ; 9.875  ;
; A3         ; F0          ; 12.690 ; 12.255 ; 12.866 ; 12.402 ;
; A3         ; F1          ; 11.334 ; 11.020 ; 11.510 ; 11.142 ;
; A3         ; F2          ; 9.902  ; 9.490  ; 10.076 ; 9.612  ;
; A3         ; F3          ; 8.622  ; 10.184 ; 11.103 ; 8.335  ;
; A3         ; F4          ; 10.148 ; 11.021 ; 11.376 ; 10.009 ;
; A3         ; F5          ; 11.179 ; 10.578 ; 11.308 ; 10.707 ;
; A3         ; F6          ; 11.399 ; 10.912 ; 11.562 ; 11.075 ;
; A3         ; F7          ; 9.234  ; 8.878  ; 9.361  ; 9.005  ;
; A4         ; F0          ; 14.536 ; 14.923 ; 15.066 ; 14.226 ;
; A4         ; F1          ; 13.271 ; 13.709 ; 13.969 ; 13.012 ;
; A4         ; F2          ; 11.844 ; 12.219 ; 12.847 ; 11.522 ;
; A4         ; F3          ; 11.572 ; 12.552 ; 13.256 ; 11.249 ;
; A4         ; F4          ; 12.426 ; 12.548 ; 12.989 ; 12.616 ;
; A4         ; F5          ; 11.958 ; 12.496 ; 13.227 ; 11.511 ;
; A4         ; F6          ; 12.697 ; 12.181 ; 12.883 ; 12.372 ;
; A4         ; F7          ; 11.308 ; 10.909 ; 11.493 ; 11.099 ;
; A5         ; F0          ; 16.112 ; 15.993 ; 16.453 ; 15.591 ;
; A5         ; F1          ; 14.755 ; 14.747 ; 15.250 ; 14.329 ;
; A5         ; F2          ; 13.170 ; 13.183 ; 13.757 ; 12.649 ;
; A5         ; F3          ; 12.889 ; 12.899 ; 13.484 ; 12.349 ;
; A5         ; F4          ; 12.806 ; 12.974 ; 13.103 ; 12.799 ;
; A5         ; F5          ; 10.184 ; 11.616 ; 12.161 ; 9.826  ;
; A5         ; F6          ; 11.357 ; 12.761 ; 13.011 ; 10.918 ;
; A5         ; F7          ; 12.280 ; 11.881 ; 12.126 ; 11.727 ;
; A6         ; F0          ; 16.039 ; 15.410 ; 16.249 ; 15.518 ;
; A6         ; F1          ; 14.714 ; 14.164 ; 14.924 ; 14.272 ;
; A6         ; F2          ; 13.195 ; 12.600 ; 13.405 ; 12.708 ;
; A6         ; F3          ; 12.922 ; 12.316 ; 13.132 ; 12.424 ;
; A6         ; F4          ; 13.064 ; 13.031 ; 13.274 ; 13.139 ;
; A6         ; F5          ; 10.536 ; 10.126 ; 10.746 ; 10.234 ;
; A6         ; F6          ; 11.709 ; 12.109 ; 12.467 ; 11.401 ;
; A6         ; F7          ; 10.205 ; 9.920  ; 10.332 ; 9.980  ;
; A7         ; F0          ; 16.090 ; 15.772 ; 16.570 ; 15.628 ;
; A7         ; F1          ; 14.770 ; 14.526 ; 15.245 ; 14.409 ;
; A7         ; F2          ; 13.574 ; 12.962 ; 13.726 ; 13.038 ;
; A7         ; F3          ; 12.879 ; 12.678 ; 13.453 ; 12.452 ;
; A7         ; F4          ; 12.757 ; 13.393 ; 13.595 ; 12.815 ;
; A7         ; F5          ; 10.128 ; 10.488 ; 11.067 ; 9.842  ;
; A7         ; F6          ; 11.466 ;        ;        ; 11.116 ;
; A7         ; F7          ; 9.255  ; 11.082 ; 11.624 ; 9.054  ;
; B0         ; F0          ; 11.174 ; 10.896 ; 11.246 ; 10.901 ;
; B0         ; F1          ; 10.956 ; 10.708 ; 10.939 ; 10.742 ;
; B0         ; F2          ; 12.181 ; 10.328 ; 10.749 ; 11.745 ;
; B0         ; F3          ; 13.382 ; 10.784 ; 11.397 ; 12.876 ;
; B0         ; F4          ; 13.607 ; 12.551 ; 12.708 ; 13.506 ;
; B0         ; F5          ; 11.104 ; 10.077 ; 10.579 ; 10.810 ;
; B0         ; F6          ; 13.859 ; 12.035 ; 12.700 ; 13.500 ;
; B0         ; F7          ; 12.470 ; 9.680  ; 10.107 ; 12.228 ;
; B1         ; F0          ; 9.631  ; 10.881 ; 11.041 ; 9.536  ;
; B1         ; F1          ; 10.946 ; 10.049 ; 10.261 ; 10.969 ;
; B1         ; F2          ; 11.056 ; 9.327  ; 9.742  ; 10.657 ;
; B1         ; F3          ; 13.064 ; 10.338 ; 11.029 ; 12.532 ;
; B1         ; F4          ; 13.348 ; 12.436 ; 12.608 ; 13.358 ;
; B1         ; F5          ; 11.403 ; 9.659  ; 10.224 ; 11.188 ;
; B1         ; F6          ; 13.762 ; 11.634 ; 12.346 ; 13.338 ;
; B1         ; F7          ; 12.373 ; 9.281  ; 9.776  ; 12.066 ;
; B2         ; F0          ; 12.518 ; 10.995 ; 11.169 ; 12.409 ;
; B2         ; F1          ; 10.657 ; 10.444 ; 10.622 ; 10.520 ;
; B2         ; F2          ; 11.590 ; 9.493  ; 9.921  ; 11.164 ;
; B2         ; F3          ; 12.056 ; 10.546 ; 11.127 ; 11.490 ;
; B2         ; F4          ; 13.360 ; 12.036 ; 12.231 ; 13.538 ;
; B2         ; F5          ; 11.369 ; 9.560  ; 10.110 ; 11.116 ;
; B2         ; F6          ; 12.514 ; 11.253 ; 11.906 ; 12.179 ;
; B2         ; F7          ; 11.125 ; 10.212 ; 10.820 ; 10.906 ;
; B3         ; F0          ; 12.311 ; 10.618 ; 10.828 ; 12.219 ;
; B3         ; F1          ; 12.231 ; 10.234 ; 10.429 ; 12.011 ;
; B3         ; F2          ; 12.052 ; 9.630  ; 9.997  ; 11.606 ;
; B3         ; F3          ; 13.577 ; 10.439 ; 10.924 ; 13.066 ;
; B3         ; F4          ; 13.247 ; 12.879 ; 12.926 ; 12.935 ;
; B3         ; F5          ; 12.257 ; 10.719 ; 11.109 ; 11.837 ;
; B3         ; F6          ; 13.894 ; 11.807 ; 12.319 ; 13.348 ;
; B3         ; F7          ; 12.497 ; 11.100 ; 11.541 ; 12.048 ;
; B4         ; F0          ; 12.324 ; 10.510 ; 10.711 ; 12.188 ;
; B4         ; F1          ; 12.186 ; 10.242 ; 10.392 ; 11.954 ;
; B4         ; F2          ; 11.876 ; 9.906  ; 10.221 ; 11.615 ;
; B4         ; F3          ; 11.604 ; 10.096 ; 10.618 ; 11.331 ;
; B4         ; F4          ; 13.393 ; 10.475 ; 11.007 ; 13.133 ;
; B4         ; F5          ; 11.068 ; 9.891  ; 10.586 ; 10.526 ;
; B4         ; F6          ; 13.075 ; 11.520 ; 12.309 ; 12.890 ;
; B4         ; F7          ; 12.514 ; 10.268 ; 11.015 ; 12.081 ;
; B5         ; F0          ; 11.831 ; 10.302 ; 10.499 ; 11.739 ;
; B5         ; F1          ; 12.455 ; 9.699  ; 9.910  ; 12.273 ;
; B5         ; F2          ; 11.632 ; 9.693  ; 10.076 ; 11.452 ;
; B5         ; F3          ; 11.715 ; 9.807  ; 10.479 ; 11.427 ;
; B5         ; F4          ; 13.300 ; 10.586 ; 11.103 ; 12.914 ;
; B5         ; F5          ; 11.536 ; 10.002 ; 10.682 ; 11.407 ;
; B5         ; F6          ; 11.397 ; 11.631 ; 12.405 ; 10.980 ;
; B5         ; F7          ; 12.512 ; 10.379 ; 11.111 ; 12.217 ;
; B6         ; F0          ; 12.685 ; 11.079 ; 11.182 ; 12.431 ;
; B6         ; F1          ; 11.862 ; 10.538 ; 10.636 ; 11.696 ;
; B6         ; F2          ; 13.050 ; 9.734  ; 10.229 ; 12.682 ;
; B6         ; F3          ; 13.133 ; 11.225 ; 11.709 ; 12.656 ;
; B6         ; F4          ; 14.922 ; 12.004 ; 12.332 ; 15.036 ;
; B6         ; F5          ; 11.618 ; 11.194 ; 11.743 ; 11.140 ;
; B6         ; F6          ; 13.163 ; 12.891 ; 13.179 ; 12.907 ;
; B6         ; F7          ; 10.458 ; 10.173 ; 10.538 ; 10.186 ;
; B7         ; F0          ; 11.414 ; 10.655 ; 10.824 ; 11.313 ;
; B7         ; F1          ; 11.599 ; 8.428  ; 8.709  ; 11.466 ;
; B7         ; F2          ; 12.338 ; 9.471  ; 9.999  ; 12.100 ;
; B7         ; F3          ; 12.757 ; 10.513 ; 11.127 ; 12.360 ;
; B7         ; F4          ; 14.546 ; 11.628 ; 12.036 ; 14.740 ;
; B7         ; F5          ; 12.578 ; 11.044 ; 11.615 ; 12.340 ;
; B7         ; F6          ; 11.771 ; 12.673 ; 13.338 ; 11.383 ;
; B7         ; F7          ; 11.620 ; 11.305 ; 11.683 ; 11.368 ;
; C0         ; F0          ; 10.071 ; 9.793  ; 10.142 ; 9.864  ;
; C0         ; F1          ; 10.368 ; 10.273 ; 10.406 ; 10.316 ;
; C0         ; F2          ; 13.029 ; 12.676 ; 13.057 ; 12.676 ;
; C0         ; F3          ; 14.107 ; 13.480 ; 14.168 ; 13.541 ;
; C0         ; F4          ; 15.633 ; 15.382 ; 15.758 ; 15.507 ;
; C0         ; F5          ; 14.256 ; 13.757 ; 14.311 ; 13.837 ;
; C0         ; F6          ; 14.729 ; 14.448 ; 14.793 ; 14.527 ;
; C0         ; F7          ; 14.924 ; 14.606 ; 14.797 ; 14.445 ;
; M          ; F0          ; 10.713 ; 10.435 ; 10.786 ; 10.508 ;
; M          ; F1          ; 10.766 ; 10.666 ; 10.939 ; 10.804 ;
; M          ; F2          ; 13.043 ; 12.662 ; 13.149 ; 12.824 ;
; M          ; F3          ; 13.101 ; 12.474 ; 13.185 ; 12.558 ;
; M          ; F4          ; 14.330 ; 14.079 ; 14.365 ; 14.114 ;
; M          ; F5          ; 12.305 ; 11.764 ; 12.353 ; 11.876 ;
; M          ; F6          ; 12.044 ; 11.810 ; 12.129 ; 11.900 ;
; M          ; F7          ; 12.071 ; 11.719 ; 12.346 ; 12.028 ;
; S0         ; F0          ; 11.293 ; 11.015 ; 11.313 ; 11.035 ;
; S0         ; F1          ; 11.242 ; 11.096 ; 11.290 ; 11.195 ;
; S0         ; F2          ; 13.096 ; 12.745 ; 13.113 ; 12.767 ;
; S0         ; F3          ; 13.655 ; 13.028 ; 13.681 ; 13.054 ;
; S0         ; F4          ; 14.293 ; 14.042 ; 14.308 ; 14.057 ;
; S0         ; F5          ; 12.686 ; 12.209 ; 12.714 ; 12.201 ;
; S0         ; F6          ; 12.318 ; 12.082 ; 12.409 ; 12.137 ;
; S0         ; F7          ; 11.631 ; 11.279 ; 11.549 ; 11.234 ;
; S1         ; F0          ; 11.063 ; 10.785 ; 11.120 ; 10.842 ;
; S1         ; F1          ; 10.819 ; 10.673 ; 10.875 ; 10.780 ;
; S1         ; F2          ; 12.691 ; 12.340 ; 12.775 ; 12.429 ;
; S1         ; F3          ; 13.605 ; 12.978 ; 13.601 ; 12.974 ;
; S1         ; F4          ; 14.268 ; 14.017 ; 14.294 ; 14.043 ;
; S1         ; F5          ; 12.706 ; 12.229 ; 12.716 ; 12.203 ;
; S1         ; F6          ; 12.561 ; 12.325 ; 12.580 ; 12.308 ;
; S1         ; F7          ; 11.227 ; 10.875 ; 11.211 ; 10.896 ;
; S2         ; F0          ; 11.078 ; 10.800 ; 11.153 ; 10.875 ;
; S2         ; F1          ; 11.222 ; 11.078 ; 11.292 ; 11.198 ;
; S2         ; F2          ; 13.130 ; 12.755 ; 13.212 ; 12.862 ;
; S2         ; F3          ; 13.759 ; 13.132 ; 13.871 ; 13.244 ;
; S2         ; F4          ; 14.419 ; 14.168 ; 14.582 ; 14.331 ;
; S2         ; F5          ; 12.252 ; 11.777 ; 12.385 ; 11.915 ;
; S2         ; F6          ; 12.558 ; 12.275 ; 12.662 ; 12.424 ;
; S2         ; F7          ; 11.074 ; 10.758 ; 11.143 ; 10.832 ;
; S3         ; F0          ; 11.535 ; 11.257 ; 11.624 ; 11.346 ;
; S3         ; F1          ; 11.444 ; 11.300 ; 11.542 ; 11.448 ;
; S3         ; F2          ; 13.582 ; 13.207 ; 13.680 ; 13.330 ;
; S3         ; F3          ; 13.943 ; 13.316 ; 14.042 ; 13.415 ;
; S3         ; F4          ; 14.823 ; 14.572 ; 14.992 ; 14.741 ;
; S3         ; F5          ; 12.657 ; 12.182 ; 12.795 ; 12.325 ;
; S3         ; F6          ; 12.966 ; 12.683 ; 13.076 ; 12.838 ;
; S3         ; F7          ; 11.535 ; 11.219 ; 11.620 ; 11.309 ;
; S4         ; F0          ; 10.678 ; 10.400 ; 10.810 ; 10.465 ;
; S4         ; F1          ; 9.961  ; 9.800  ; 10.157 ; 9.940  ;
; S4         ; F2          ; 11.645 ; 11.328 ; 11.747 ; 11.376 ;
; S4         ; F3          ; 12.234 ; 11.611 ; 12.437 ; 11.746 ;
; S4         ; F4          ; 13.780 ; 13.583 ; 13.969 ; 13.665 ;
; S4         ; F5          ; 11.644 ; 11.197 ; 11.882 ; 11.271 ;
; S4         ; F6          ; 12.277 ; 11.100 ; 11.585 ; 11.949 ;
; S4         ; F7          ; 10.081 ; 9.785  ; 10.236 ; 9.875  ;
; S5         ; F0          ;        ; 9.619  ; 9.956  ;        ;
; S5         ; F1          ; 10.523 ; 9.538  ; 9.873  ; 10.241 ;
; S5         ; F2          ; 11.342 ; 11.025 ; 11.338 ; 10.967 ;
; S5         ; F3          ; 11.931 ; 11.308 ; 12.028 ; 11.337 ;
; S5         ; F4          ; 13.477 ; 13.280 ; 13.560 ; 13.256 ;
; S5         ; F5          ; 11.341 ; 10.894 ; 11.473 ; 10.862 ;
; S5         ; F6          ; 11.115 ; 10.981 ; 11.580 ; 10.731 ;
; S5         ; F7          ; 10.642 ; 10.357 ; 10.646 ; 10.294 ;
; S6         ; F0          ; 9.640  ; 9.383  ; 9.894  ; 9.534  ;
; S6         ; F1          ; 10.511 ; 10.192 ; 10.744 ; 10.373 ;
; S6         ; F2          ; 11.125 ; 10.791 ; 11.404 ; 10.942 ;
; S6         ; F3          ; 12.338 ; 11.595 ; 12.484 ; 11.778 ;
; S6         ; F4          ; 12.259 ; 11.978 ; 12.490 ; 12.189 ;
; S6         ; F5          ; 11.362 ; 10.748 ; 11.518 ; 10.965 ;
; S6         ; F6          ; 11.809 ; 11.323 ; 11.955 ; 11.505 ;
; S6         ; F7          ; 10.587 ; 10.235 ; 10.805 ; 10.453 ;
; S7         ; F0          ; 9.260  ; 8.971  ; 9.342  ; 8.988  ;
; S7         ; F1          ; 9.501  ; 8.931  ; 9.264  ; 9.342  ;
; S7         ; F2          ; 10.992 ; 10.621 ; 11.113 ; 10.742 ;
; S7         ; F3          ; 11.600 ; 10.919 ; 11.698 ; 11.040 ;
; S7         ; F4          ; 12.573 ; 12.322 ; 12.693 ; 12.442 ;
; S7         ; F5          ; 10.992 ; 10.440 ; 11.078 ; 10.561 ;
; S7         ; F6          ; 10.838 ; 10.417 ; 10.859 ; 10.508 ;
; S7         ; F7          ; 9.262  ; 8.901  ; 9.365  ; 9.069  ;
; S8         ; F0          ; 9.659  ; 9.370  ; 9.861  ; 9.507  ;
; S8         ; F1          ; 8.463  ; 8.974  ; 9.347  ; 8.462  ;
; S8         ; F2          ; 8.963  ; 8.634  ; 9.119  ; 8.828  ;
; S8         ; F3          ; 9.408  ; 8.977  ; 9.600  ; 9.164  ;
; S8         ; F4          ; 10.018 ; 9.844  ; 10.174 ; 9.940  ;
; S8         ; F5          ; 9.029  ; 8.702  ; 9.193  ; 8.904  ;
; S8         ; F6          ; 10.152 ; 9.783  ; 10.331 ; 9.957  ;
; S8         ; F7          ; 9.767  ; 9.471  ; 9.942  ; 9.581  ;
+------------+-------------+--------+--------+--------+--------+


---------------------------------------------
; Slow 1200mV 0C Model Metastability Report ;
---------------------------------------------
No synchronizer chains to report.


--------------------------------------
; Fast 1200mV 0C Model Setup Summary ;
--------------------------------------
No paths to report.


-------------------------------------
; Fast 1200mV 0C Model Hold Summary ;
-------------------------------------
No paths to report.


-----------------------------------------
; Fast 1200mV 0C Model Recovery Summary ;
-----------------------------------------
No paths to report.


----------------------------------------
; Fast 1200mV 0C Model Removal Summary ;
----------------------------------------
No paths to report.


----------------------------------------------------
; Fast 1200mV 0C Model Minimum Pulse Width Summary ;
----------------------------------------------------
No paths to report.


+--------------------------------------------------------------+
; Propagation Delay                                            ;
+------------+-------------+--------+--------+--------+--------+
; Input Port ; Output Port ; RR     ; RF     ; FR     ; FF     ;
+------------+-------------+--------+--------+--------+--------+
; A0         ; F0          ; 6.203  ; 6.276  ; 6.911  ; 7.010  ;
; A0         ; F1          ; 6.316  ; 6.407  ; 7.030  ; 7.114  ;
; A0         ; F2          ; 7.723  ; 7.841  ; 8.406  ; 8.540  ;
; A0         ; F3          ; 8.062  ; 8.248  ; 8.816  ; 9.002  ;
; A0         ; F4          ; 10.381 ; 10.699 ; 11.118 ; 11.436 ;
; A0         ; F5          ; 10.144 ; 10.444 ; 10.881 ; 11.181 ;
; A0         ; F6          ; 10.477 ; 10.765 ; 11.214 ; 11.502 ;
; A0         ; F7          ; 9.781  ; 9.998  ; 10.518 ; 10.735 ;
; A1         ; F0          ; 7.188  ; 7.209  ; 7.652  ; 7.678  ;
; A1         ; F1          ; 5.811  ; 5.880  ; 6.448  ; 6.554  ;
; A1         ; F2          ; 7.216  ; 7.334  ; 7.843  ; 7.977  ;
; A1         ; F3          ; 7.555  ; 7.741  ; 8.253  ; 8.439  ;
; A1         ; F4          ; 10.272 ; 10.590 ; 10.974 ; 11.292 ;
; A1         ; F5          ; 10.035 ; 10.335 ; 10.737 ; 11.037 ;
; A1         ; F6          ; 10.368 ; 10.656 ; 11.070 ; 11.358 ;
; A1         ; F7          ; 9.672  ; 9.889  ; 10.374 ; 10.591 ;
; A2         ; F0          ; 7.799  ; 7.825  ; 8.007  ; 8.033  ;
; A2         ; F1          ; 6.340  ; 6.355  ; 6.502  ; 6.563  ;
; A2         ; F2          ; 5.702  ; 5.839  ; 6.065  ; 6.183  ;
; A2         ; F3          ; 6.035  ; 6.221  ; 6.442  ; 6.628  ;
; A2         ; F4          ; 8.557  ; 8.875  ; 8.816  ; 9.134  ;
; A2         ; F5          ; 8.320  ; 8.620  ; 8.579  ; 8.879  ;
; A2         ; F6          ; 8.653  ; 8.941  ; 8.912  ; 9.200  ;
; A2         ; F7          ; 7.957  ; 8.174  ; 8.216  ; 8.433  ;
; A3         ; F0          ; 9.227  ; 9.253  ; 9.303  ; 9.329  ;
; A3         ; F1          ; 7.722  ; 7.783  ; 7.798  ; 7.859  ;
; A3         ; F2          ; 5.847  ; 6.148  ; 5.962  ; 6.224  ;
; A3         ; F3          ; 6.414  ; 6.600  ; 6.648  ; 6.834  ;
; A3         ; F4          ; 7.613  ; 7.899  ; 7.889  ; 8.175  ;
; A3         ; F5          ; 7.321  ; 7.621  ; 7.596  ; 7.896  ;
; A3         ; F6          ; 7.654  ; 7.942  ; 7.929  ; 8.217  ;
; A3         ; F7          ; 6.958  ; 7.175  ; 7.233  ; 7.450  ;
; A4         ; F0          ; 12.078 ; 12.104 ; 12.722 ; 12.748 ;
; A4         ; F1          ; 10.573 ; 10.634 ; 11.217 ; 11.278 ;
; A4         ; F2          ; 8.698  ; 8.999  ; 9.342  ; 9.643  ;
; A4         ; F3          ; 7.566  ; 7.638  ; 8.210  ; 8.320  ;
; A4         ; F4          ; 8.276  ; 8.562  ; 9.053  ; 9.339  ;
; A4         ; F5          ; 7.563  ; 7.877  ; 8.311  ; 8.625  ;
; A4         ; F6          ; 7.921  ; 8.209  ; 8.669  ; 8.957  ;
; A4         ; F7          ; 7.455  ; 7.555  ; 8.090  ; 8.194  ;
; A5         ; F0          ; 12.956 ; 12.982 ; 13.494 ; 13.520 ;
; A5         ; F1          ; 11.451 ; 11.512 ; 11.989 ; 12.050 ;
; A5         ; F2          ; 9.576  ; 9.877  ; 10.114 ; 10.415 ;
; A5         ; F3          ; 8.444  ; 8.554  ; 8.982  ; 9.092  ;
; A5         ; F4          ; 7.905  ; 8.113  ; 8.383  ; 8.651  ;
; A5         ; F5          ; 7.237  ; 7.551  ; 7.870  ; 8.184  ;
; A5         ; F6          ; 7.595  ; 7.883  ; 8.228  ; 8.516  ;
; A5         ; F7          ; 6.901  ; 7.116  ; 7.532  ; 7.749  ;
; A6         ; F0          ; 13.455 ; 13.481 ; 14.131 ; 14.157 ;
; A6         ; F1          ; 11.950 ; 12.011 ; 12.626 ; 12.687 ;
; A6         ; F2          ; 10.075 ; 10.376 ; 10.751 ; 11.052 ;
; A6         ; F3          ; 8.943  ; 9.053  ; 9.619  ; 9.729  ;
; A6         ; F4          ; 8.344  ; 8.612  ; 9.030  ; 9.288  ;
; A6         ; F5          ; 6.123  ; 6.314  ; 6.833  ; 7.004  ;
; A6         ; F6          ; 6.640  ; 6.953  ; 7.339  ; 7.652  ;
; A6         ; F7          ; 6.834  ; 7.061  ; 7.450  ; 7.677  ;
; A7         ; F0          ; 13.301 ; 13.327 ; 13.937 ; 13.963 ;
; A7         ; F1          ; 11.796 ; 11.857 ; 12.432 ; 12.493 ;
; A7         ; F2          ; 9.921  ; 10.222 ; 10.557 ; 10.858 ;
; A7         ; F3          ; 8.789  ; 8.899  ; 9.425  ; 9.535  ;
; A7         ; F4          ; 8.190  ; 8.458  ; 8.836  ; 9.094  ;
; A7         ; F5          ; 5.753  ; 5.907  ; 6.432  ; 6.543  ;
; A7         ; F6          ; 6.098  ;        ;        ; 7.043  ;
; A7         ; F7          ; 6.290  ; 6.394  ; 7.083  ; 7.187  ;
; B0         ; F0          ; 13.913 ; 13.939 ; 14.637 ; 14.663 ;
; B0         ; F1          ; 12.408 ; 12.469 ; 13.132 ; 13.193 ;
; B0         ; F2          ; 10.533 ; 10.834 ; 11.257 ; 11.558 ;
; B0         ; F3          ; 9.401  ; 9.511  ; 10.125 ; 10.235 ;
; B0         ; F4          ; 10.886 ; 11.204 ; 11.723 ; 12.041 ;
; B0         ; F5          ; 10.649 ; 10.949 ; 11.486 ; 11.786 ;
; B0         ; F6          ; 10.982 ; 11.270 ; 11.819 ; 12.107 ;
; B0         ; F7          ; 10.286 ; 10.503 ; 11.123 ; 11.340 ;
; B1         ; F0          ; 13.693 ; 13.719 ; 14.414 ; 14.440 ;
; B1         ; F1          ; 12.188 ; 12.249 ; 12.909 ; 12.970 ;
; B1         ; F2          ; 10.313 ; 10.614 ; 11.034 ; 11.335 ;
; B1         ; F3          ; 9.181  ; 9.291  ; 9.902  ; 10.012 ;
; B1         ; F4          ; 10.277 ; 10.595 ; 10.995 ; 11.313 ;
; B1         ; F5          ; 10.040 ; 10.340 ; 10.758 ; 11.058 ;
; B1         ; F6          ; 10.373 ; 10.661 ; 11.091 ; 11.379 ;
; B1         ; F7          ; 9.677  ; 9.894  ; 10.395 ; 10.612 ;
; B2         ; F0          ; 13.676 ; 13.702 ; 14.354 ; 14.380 ;
; B2         ; F1          ; 12.171 ; 12.232 ; 12.849 ; 12.910 ;
; B2         ; F2          ; 10.296 ; 10.597 ; 10.974 ; 11.275 ;
; B2         ; F3          ; 9.164  ; 9.274  ; 9.842  ; 9.952  ;
; B2         ; F4          ; 10.747 ; 11.065 ; 11.518 ; 11.836 ;
; B2         ; F5          ; 10.510 ; 10.810 ; 11.281 ; 11.581 ;
; B2         ; F6          ; 10.843 ; 11.131 ; 11.614 ; 11.902 ;
; B2         ; F7          ; 10.147 ; 10.364 ; 10.918 ; 11.135 ;
; B3         ; F0          ; 14.041 ; 14.067 ; 14.774 ; 14.800 ;
; B3         ; F1          ; 12.536 ; 12.597 ; 13.269 ; 13.330 ;
; B3         ; F2          ; 10.661 ; 10.962 ; 11.394 ; 11.695 ;
; B3         ; F3          ; 9.529  ; 9.639  ; 10.262 ; 10.372 ;
; B3         ; F4          ; 10.168 ; 10.486 ; 10.850 ; 11.168 ;
; B3         ; F5          ; 9.931  ; 10.231 ; 10.613 ; 10.913 ;
; B3         ; F6          ; 10.264 ; 10.552 ; 10.946 ; 11.234 ;
; B3         ; F7          ; 9.568  ; 9.785  ; 10.250 ; 10.467 ;
; B4         ; F0          ; 13.711 ; 13.737 ; 14.256 ; 14.282 ;
; B4         ; F1          ; 12.206 ; 12.267 ; 12.751 ; 12.812 ;
; B4         ; F2          ; 10.331 ; 10.632 ; 10.876 ; 11.177 ;
; B4         ; F3          ; 9.199  ; 9.309  ; 9.744  ; 9.854  ;
; B4         ; F4          ; 8.600  ; 8.868  ; 9.145  ; 9.430  ;
; B4         ; F5          ; 8.226  ; 8.526  ; 8.875  ; 9.175  ;
; B4         ; F6          ; 8.559  ; 8.847  ; 9.208  ; 9.496  ;
; B4         ; F7          ; 7.863  ; 8.080  ; 8.512  ; 8.729  ;
; B5         ; F0          ; 13.766 ; 13.792 ; 14.289 ; 14.315 ;
; B5         ; F1          ; 12.261 ; 12.322 ; 12.784 ; 12.845 ;
; B5         ; F2          ; 10.386 ; 10.687 ; 10.909 ; 11.210 ;
; B5         ; F3          ; 9.254  ; 9.364  ; 9.777  ; 9.887  ;
; B5         ; F4          ; 8.655  ; 8.923  ; 9.232  ; 9.550  ;
; B5         ; F5          ; 8.335  ; 8.635  ; 8.995  ; 9.295  ;
; B5         ; F6          ; 8.668  ; 8.956  ; 9.328  ; 9.616  ;
; B5         ; F7          ; 7.972  ; 8.189  ; 8.632  ; 8.849  ;
; B6         ; F0          ; 14.398 ; 14.424 ; 15.024 ; 15.050 ;
; B6         ; F1          ; 12.893 ; 12.954 ; 13.519 ; 13.580 ;
; B6         ; F2          ; 11.018 ; 11.319 ; 11.644 ; 11.945 ;
; B6         ; F3          ; 9.886  ; 9.996  ; 10.512 ; 10.622 ;
; B6         ; F4          ; 9.287  ; 9.555  ; 9.913  ; 10.181 ;
; B6         ; F5          ; 8.580  ; 8.880  ; 9.291  ; 9.591  ;
; B6         ; F6          ; 8.913  ; 9.201  ; 9.624  ; 9.912  ;
; B6         ; F7          ; 8.217  ; 8.434  ; 8.928  ; 9.145  ;
; B7         ; F0          ; 14.239 ; 14.265 ; 14.850 ; 14.876 ;
; B7         ; F1          ; 12.734 ; 12.795 ; 13.345 ; 13.406 ;
; B7         ; F2          ; 10.859 ; 11.160 ; 11.470 ; 11.771 ;
; B7         ; F3          ; 9.727  ; 9.837  ; 10.338 ; 10.448 ;
; B7         ; F4          ; 9.128  ; 9.396  ; 9.739  ; 10.007 ;
; B7         ; F5          ; 8.060  ; 8.360  ; 8.742  ; 9.042  ;
; B7         ; F6          ; 8.393  ; 8.681  ; 9.075  ; 9.363  ;
; B7         ; F7          ; 7.697  ; 7.914  ; 8.379  ; 8.596  ;
; C0         ; F0          ; 5.331  ; 5.410  ; 5.922  ; 5.995  ;
; C0         ; F1          ; 5.438  ; 5.522  ; 6.038  ; 6.129  ;
; C0         ; F2          ; 6.814  ; 6.948  ; 7.445  ; 7.563  ;
; C0         ; F3          ; 7.224  ; 7.410  ; 7.784  ; 7.970  ;
; C0         ; F4          ; 8.501  ; 8.787  ; 9.033  ; 9.319  ;
; C0         ; F5          ; 7.319  ; 7.510  ; 7.873  ; 8.064  ;
; C0         ; F6          ; 7.640  ; 7.846  ; 8.196  ; 8.434  ;
; C0         ; F7          ; 7.558  ; 7.662  ; 8.206  ; 8.306  ;
; M          ; F0          ; 5.680  ; 5.755  ; 6.348  ; 6.430  ;
; M          ; F1          ; 5.744  ; 5.831  ; 6.446  ; 6.514  ;
; M          ; F2          ; 6.966  ; 7.092  ; 7.679  ; 7.807  ;
; M          ; F3          ; 6.782  ; 6.968  ; 7.461  ; 7.647  ;
; M          ; F4          ; 7.872  ; 8.158  ; 8.568  ; 8.854  ;
; M          ; F5          ; 6.409  ; 6.600  ; 7.092  ; 7.273  ;
; M          ; F6          ; 6.384  ; 6.604  ; 7.064  ; 7.291  ;
; M          ; F7          ; 6.400  ; 6.500  ; 7.002  ; 7.106  ;
; S0         ; F0          ; 5.976  ; 6.049  ; 6.655  ; 6.748  ;
; S0         ; F1          ; 6.093  ; 6.184  ; 6.776  ; 6.860  ;
; S0         ; F2          ; 7.500  ; 7.618  ; 8.152  ; 8.286  ;
; S0         ; F3          ; 7.839  ; 8.025  ; 8.562  ; 8.748  ;
; S0         ; F4          ; 9.088  ; 9.374  ; 9.839  ; 10.125 ;
; S0         ; F5          ; 7.928  ; 8.119  ; 8.657  ; 8.848  ;
; S0         ; F6          ; 8.251  ; 8.489  ; 8.978  ; 9.184  ;
; S0         ; F7          ; 8.261  ; 8.361  ; 8.896  ; 9.000  ;
; S1         ; F0          ; 5.856  ; 5.929  ; 6.505  ; 6.598  ;
; S1         ; F1          ; 5.973  ; 6.064  ; 6.626  ; 6.710  ;
; S1         ; F2          ; 7.380  ; 7.498  ; 8.002  ; 8.136  ;
; S1         ; F3          ; 7.719  ; 7.905  ; 8.412  ; 8.598  ;
; S1         ; F4          ; 8.968  ; 9.254  ; 9.689  ; 9.975  ;
; S1         ; F5          ; 7.808  ; 7.999  ; 8.507  ; 8.698  ;
; S1         ; F6          ; 8.131  ; 8.369  ; 8.828  ; 9.034  ;
; S1         ; F7          ; 8.141  ; 8.241  ; 8.746  ; 8.850  ;
; S2         ; F0          ; 5.881  ; 5.954  ; 6.552  ; 6.651  ;
; S2         ; F1          ; 5.994  ; 6.085  ; 6.671  ; 6.755  ;
; S2         ; F2          ; 7.401  ; 7.519  ; 8.047  ; 8.181  ;
; S2         ; F3          ; 7.740  ; 7.926  ; 8.457  ; 8.643  ;
; S2         ; F4          ; 8.989  ; 9.275  ; 9.734  ; 10.020 ;
; S2         ; F5          ; 7.829  ; 8.020  ; 8.552  ; 8.743  ;
; S2         ; F6          ; 8.152  ; 8.390  ; 8.873  ; 9.079  ;
; S2         ; F7          ; 8.162  ; 8.262  ; 8.791  ; 8.895  ;
; S3         ; F0          ; 6.135  ; 6.208  ; 6.840  ; 6.939  ;
; S3         ; F1          ; 6.248  ; 6.339  ; 6.959  ; 7.043  ;
; S3         ; F2          ; 7.655  ; 7.773  ; 8.335  ; 8.469  ;
; S3         ; F3          ; 7.994  ; 8.180  ; 8.745  ; 8.931  ;
; S3         ; F4          ; 9.243  ; 9.529  ; 10.022 ; 10.308 ;
; S3         ; F5          ; 8.083  ; 8.274  ; 8.840  ; 9.031  ;
; S3         ; F6          ; 8.406  ; 8.644  ; 9.161  ; 9.367  ;
; S3         ; F7          ; 8.416  ; 8.516  ; 9.079  ; 9.183  ;
; S4         ; F0          ; 5.698  ; 5.804  ; 6.434  ; 6.540  ;
; S4         ; F1          ; 5.301  ; 5.450  ; 6.025  ; 6.154  ;
; S4         ; F2          ; 6.574  ; 6.712  ; 7.351  ; 7.489  ;
; S4         ; F3          ; 6.657  ; 6.870  ; 7.421  ; 7.634  ;
; S4         ; F4          ; 7.624  ; 7.910  ; 8.449  ; 8.721  ;
; S4         ; F5          ; 6.459  ; 6.630  ; 7.195  ; 7.386  ;
; S4         ; F6          ; 6.434  ; 6.342  ; 6.794  ; 7.471  ;
; S4         ; F7          ; 5.751  ; 5.855  ; 6.493  ; 6.597  ;
; S5         ; F0          ;        ; 5.327  ; 5.880  ;        ;
; S5         ; F1          ; 5.476  ; 5.320  ; 5.842  ; 6.295  ;
; S5         ; F2          ; 6.374  ; 6.512  ; 7.074  ; 7.212  ;
; S5         ; F3          ; 6.457  ; 6.670  ; 7.144  ; 7.357  ;
; S5         ; F4          ; 7.424  ; 7.710  ; 8.172  ; 8.444  ;
; S5         ; F5          ; 6.259  ; 6.430  ; 6.918  ; 7.109  ;
; S5         ; F6          ; 5.833  ; 6.301  ; 6.653  ; 6.728  ;
; S5         ; F7          ; 5.546  ; 5.617  ; 6.283  ; 6.387  ;
; S6         ; F0          ; 5.165  ; 5.296  ; 5.899  ; 5.978  ;
; S6         ; F1          ; 5.767  ; 5.957  ; 6.472  ; 6.681  ;
; S6         ; F2          ; 6.579  ; 6.717  ; 7.298  ; 7.436  ;
; S6         ; F3          ; 6.523  ; 6.736  ; 7.248  ; 7.461  ;
; S6         ; F4          ; 7.455  ; 7.741  ; 8.179  ; 8.465  ;
; S6         ; F5          ; 6.433  ; 6.604  ; 7.156  ; 7.327  ;
; S6         ; F6          ; 6.436  ; 6.749  ; 7.185  ; 7.445  ;
; S6         ; F7          ; 5.720  ; 5.824  ; 6.436  ; 6.540  ;
; S7         ; F0          ; 5.273  ; 5.379  ; 5.856  ; 5.962  ;
; S7         ; F1          ; 5.068  ; 4.988  ; 5.467  ; 5.843  ;
; S7         ; F2          ; 6.263  ; 6.401  ; 6.908  ; 7.046  ;
; S7         ; F3          ; 6.333  ; 6.546  ; 6.978  ; 7.191  ;
; S7         ; F4          ; 7.361  ; 7.633  ; 8.006  ; 8.278  ;
; S7         ; F5          ; 6.107  ; 6.298  ; 6.752  ; 6.943  ;
; S7         ; F6          ; 5.702  ; 5.976  ; 6.337  ; 6.600  ;
; S7         ; F7          ; 5.332  ; 5.436  ; 5.909  ; 6.013  ;
; S8         ; F0          ; 5.599  ; 5.705  ; 6.312  ; 6.418  ;
; S8         ; F1          ; 4.611  ; 5.115  ; 5.703  ; 5.369  ;
; S8         ; F2          ; 4.810  ; 4.902  ; 5.461  ; 5.571  ;
; S8         ; F3          ; 5.026  ; 5.140  ; 5.707  ; 5.814  ;
; S8         ; F4          ; 5.636  ; 5.840  ; 6.287  ; 6.407  ;
; S8         ; F5          ; 4.871  ; 4.952  ; 5.548  ; 5.647  ;
; S8         ; F6          ; 5.506  ; 5.732  ; 6.185  ; 6.404  ;
; S8         ; F7          ; 5.652  ; 5.756  ; 6.371  ; 6.475  ;
+------------+-------------+--------+--------+--------+--------+


+----------------------------------------------------------+
; Minimum Propagation Delay                                ;
+------------+-------------+-------+-------+-------+-------+
; Input Port ; Output Port ; RR    ; RF    ; FR    ; FF    ;
+------------+-------------+-------+-------+-------+-------+
; A0         ; F0          ; 5.143 ; 5.241 ; 5.847 ; 5.903 ;
; A0         ; F1          ; 5.245 ; 5.433 ; 5.860 ; 6.041 ;
; A0         ; F2          ; 5.550 ; 6.015 ; 6.421 ; 6.376 ;
; A0         ; F3          ; 6.180 ; 6.467 ; 6.794 ; 7.081 ;
; A0         ; F4          ; 7.321 ; 7.627 ; 8.012 ; 8.318 ;
; A0         ; F5          ; 6.725 ; 7.002 ; 7.359 ; 7.636 ;
; A0         ; F6          ; 6.828 ; 7.138 ; 7.463 ; 7.773 ;
; A0         ; F7          ; 6.169 ; 6.378 ; 6.804 ; 7.013 ;
; A1         ; F0          ; 4.624 ; 6.382 ; 6.910 ; 5.320 ;
; A1         ; F1          ; 5.290 ; 5.474 ; 5.887 ; 5.953 ;
; A1         ; F2          ; 5.297 ; 5.708 ; 6.115 ; 6.099 ;
; A1         ; F3          ; 6.234 ; 6.521 ; 6.832 ; 7.119 ;
; A1         ; F4          ; 7.392 ; 7.698 ; 8.005 ; 8.311 ;
; A1         ; F5          ; 6.598 ; 6.875 ; 7.197 ; 7.474 ;
; A1         ; F6          ; 6.886 ; 7.198 ; 7.485 ; 7.797 ;
; A1         ; F7          ; 6.214 ; 6.419 ; 6.825 ; 7.037 ;
; A2         ; F0          ; 5.792 ; 6.075 ; 6.304 ; 6.149 ;
; A2         ; F1          ; 4.089 ; 5.502 ; 5.725 ; 4.530 ;
; A2         ; F2          ; 4.204 ; 4.401 ; 4.527 ; 4.681 ;
; A2         ; F3          ; 4.672 ; 5.439 ; 5.453 ; 5.164 ;
; A2         ; F4          ; 5.991 ; 6.297 ; 6.279 ; 6.585 ;
; A2         ; F5          ; 5.548 ; 5.825 ; 5.836 ; 6.113 ;
; A2         ; F6          ; 5.777 ; 6.087 ; 6.124 ; 6.436 ;
; A2         ; F7          ; 4.988 ; 5.193 ; 5.375 ; 5.580 ;
; A3         ; F0          ; 6.300 ; 6.469 ; 6.537 ; 6.721 ;
; A3         ; F1          ; 5.763 ; 5.824 ; 6.000 ; 6.076 ;
; A3         ; F2          ; 4.967 ; 5.148 ; 5.225 ; 5.416 ;
; A3         ; F3          ; 4.427 ; 5.641 ; 5.637 ; 4.750 ;
; A3         ; F4          ; 5.477 ; 6.248 ; 6.257 ; 6.021 ;
; A3         ; F5          ; 5.488 ; 5.765 ; 5.761 ; 6.038 ;
; A3         ; F6          ; 5.723 ; 6.033 ; 5.969 ; 6.279 ;
; A3         ; F7          ; 4.660 ; 4.865 ; 4.945 ; 5.150 ;
; A4         ; F0          ; 7.218 ; 7.577 ; 8.289 ; 8.067 ;
; A4         ; F1          ; 6.681 ; 6.993 ; 7.752 ; 7.422 ;
; A4         ; F2          ; 5.914 ; 6.452 ; 6.991 ; 6.762 ;
; A4         ; F3          ; 5.852 ; 6.629 ; 7.264 ; 6.628 ;
; A4         ; F4          ; 6.736 ; 7.121 ; 7.519 ; 7.572 ;
; A4         ; F5          ; 5.932 ; 6.767 ; 7.239 ; 6.872 ;
; A4         ; F6          ; 6.410 ; 6.715 ; 7.108 ; 7.413 ;
; A4         ; F7          ; 5.750 ; 5.960 ; 6.448 ; 6.658 ;
; A5         ; F0          ; 7.889 ; 8.249 ; 8.644 ; 8.814 ;
; A5         ; F1          ; 7.313 ; 7.588 ; 8.085 ; 8.138 ;
; A5         ; F2          ; 6.458 ; 6.934 ; 7.282 ; 7.363 ;
; A5         ; F3          ; 6.379 ; 6.800 ; 7.224 ; 7.211 ;
; A5         ; F4          ; 6.808 ; 7.116 ; 7.515 ; 7.585 ;
; A5         ; F5          ; 5.178 ; 6.117 ; 6.608 ; 5.849 ;
; A5         ; F6          ; 5.700 ; 6.762 ; 7.154 ; 6.566 ;
; A5         ; F7          ; 6.021 ; 6.231 ; 6.697 ; 6.907 ;
; A6         ; F0          ; 7.765 ; 8.089 ; 8.433 ; 8.703 ;
; A6         ; F1          ; 7.206 ; 7.428 ; 7.874 ; 8.042 ;
; A6         ; F2          ; 6.403 ; 6.723 ; 7.071 ; 7.337 ;
; A6         ; F3          ; 6.345 ; 6.589 ; 7.013 ; 7.203 ;
; A6         ; F4          ; 6.931 ; 7.149 ; 7.599 ; 7.763 ;
; A6         ; F5          ; 5.343 ; 5.449 ; 6.011 ; 6.063 ;
; A6         ; F6          ; 5.919 ; 6.487 ; 6.944 ; 6.869 ;
; A6         ; F7          ; 5.145 ; 5.241 ; 5.893 ; 5.947 ;
; A7         ; F0          ; 7.911 ; 8.228 ; 8.578 ; 8.854 ;
; A7         ; F1          ; 7.352 ; 7.567 ; 8.019 ; 8.193 ;
; A7         ; F2          ; 6.549 ; 6.862 ; 7.216 ; 7.488 ;
; A7         ; F3          ; 6.385 ; 6.728 ; 7.158 ; 7.274 ;
; A7         ; F4          ; 6.785 ; 7.288 ; 7.744 ; 7.594 ;
; A7         ; F5          ; 5.153 ; 5.588 ; 6.156 ; 5.860 ;
; A7         ; F6          ; 5.799 ;       ;       ; 6.715 ;
; A7         ; F7          ; 4.754 ; 5.919 ; 6.404 ; 5.462 ;
; B0         ; F0          ; 5.628 ; 5.726 ; 6.443 ; 6.499 ;
; B0         ; F1          ; 5.498 ; 5.606 ; 6.361 ; 6.339 ;
; B0         ; F2          ; 6.035 ; 5.535 ; 6.163 ; 6.972 ;
; B0         ; F3          ; 6.661 ; 5.808 ; 6.454 ; 7.533 ;
; B0         ; F4          ; 7.152 ; 6.899 ; 7.514 ; 8.106 ;
; B0         ; F5          ; 5.662 ; 5.415 ; 6.096 ; 6.450 ;
; B0         ; F6          ; 6.990 ; 6.646 ; 7.071 ; 7.956 ;
; B0         ; F7          ; 6.322 ; 5.220 ; 5.853 ; 7.196 ;
; B1         ; F0          ; 4.981 ; 5.705 ; 6.345 ; 5.791 ;
; B1         ; F1          ; 5.549 ; 5.268 ; 5.957 ; 6.262 ;
; B1         ; F2          ; 5.455 ; 5.005 ; 5.542 ; 6.277 ;
; B1         ; F3          ; 6.466 ; 5.599 ; 6.249 ; 7.421 ;
; B1         ; F4          ; 7.074 ; 6.867 ; 7.487 ; 8.016 ;
; B1         ; F5          ; 5.785 ; 5.229 ; 5.916 ; 6.621 ;
; B1         ; F6          ; 6.852 ; 6.465 ; 6.883 ; 7.906 ;
; B1         ; F7          ; 6.192 ; 5.048 ; 5.685 ; 7.146 ;
; B2         ; F0          ; 6.366 ; 5.779 ; 6.437 ; 7.074 ;
; B2         ; F1          ; 5.354 ; 5.449 ; 6.181 ; 6.197 ;
; B2         ; F2          ; 5.769 ; 5.096 ; 5.658 ; 6.685 ;
; B2         ; F3          ; 5.937 ; 5.654 ; 6.280 ; 6.831 ;
; B2         ; F4          ; 7.148 ; 6.687 ; 7.268 ; 8.025 ;
; B2         ; F5          ; 5.780 ; 5.187 ; 5.843 ; 6.546 ;
; B2         ; F6          ; 6.339 ; 6.280 ; 6.708 ; 7.326 ;
; B2         ; F7          ; 5.679 ; 5.508 ; 6.105 ; 6.571 ;
; B3         ; F0          ; 6.262 ; 5.596 ; 6.241 ; 6.962 ;
; B3         ; F1          ; 6.194 ; 5.346 ; 6.068 ; 6.832 ;
; B3         ; F2          ; 5.897 ; 5.127 ; 5.702 ; 6.755 ;
; B3         ; F3          ; 6.726 ; 5.518 ; 6.134 ; 7.681 ;
; B3         ; F4          ; 6.952 ; 6.998 ; 7.654 ; 7.965 ;
; B3         ; F5          ; 6.128 ; 5.708 ; 6.321 ; 6.949 ;
; B3         ; F6          ; 6.835 ; 6.480 ; 6.943 ; 7.839 ;
; B3         ; F7          ; 6.176 ; 5.856 ; 6.508 ; 7.079 ;
; B4         ; F0          ; 6.225 ; 5.533 ; 6.160 ; 6.926 ;
; B4         ; F1          ; 6.122 ; 5.305 ; 6.027 ; 6.791 ;
; B4         ; F2          ; 5.885 ; 5.200 ; 5.803 ; 6.673 ;
; B4         ; F3          ; 5.850 ; 5.365 ; 5.968 ; 6.539 ;
; B4         ; F4          ; 6.972 ; 6.012 ; 6.418 ; 7.873 ;
; B4         ; F5          ; 5.457 ; 5.396 ; 5.828 ; 6.299 ;
; B4         ; F6          ; 6.585 ; 6.410 ; 6.697 ; 7.430 ;
; B4         ; F7          ; 6.159 ; 5.542 ; 6.011 ; 7.058 ;
; B5         ; F0          ; 6.003 ; 5.413 ; 6.036 ; 6.674 ;
; B5         ; F1          ; 6.330 ; 5.069 ; 5.753 ; 7.005 ;
; B5         ; F2          ; 5.854 ; 5.175 ; 5.759 ; 6.550 ;
; B5         ; F3          ; 5.902 ; 5.363 ; 5.783 ; 6.570 ;
; B5         ; F4          ; 6.887 ; 6.064 ; 6.449 ; 7.846 ;
; B5         ; F5          ; 5.844 ; 5.448 ; 5.859 ; 6.483 ;
; B5         ; F6          ; 5.729 ; 6.462 ; 6.728 ; 6.620 ;
; B5         ; F7          ; 6.204 ; 5.594 ; 6.042 ; 7.049 ;
; B6         ; F0          ; 6.366 ; 5.759 ; 6.433 ; 7.082 ;
; B6         ; F1          ; 6.054 ; 5.432 ; 6.177 ; 6.658 ;
; B6         ; F2          ; 6.462 ; 5.223 ; 5.733 ; 7.257 ;
; B6         ; F3          ; 6.510 ; 5.971 ; 6.490 ; 7.277 ;
; B6         ; F4          ; 7.873 ; 6.672 ; 7.156 ; 8.611 ;
; B6         ; F5          ; 5.717 ; 5.923 ; 6.444 ; 6.563 ;
; B6         ; F6          ; 6.650 ; 6.862 ; 7.369 ; 7.581 ;
; B6         ; F7          ; 5.238 ; 5.334 ; 5.980 ; 6.034 ;
; B7         ; F0          ; 5.837 ; 5.556 ; 6.226 ; 6.525 ;
; B7         ; F1          ; 5.940 ; 4.517 ; 5.109 ; 6.542 ;
; B7         ; F2          ; 6.171 ; 5.109 ; 5.617 ; 6.943 ;
; B7         ; F3          ; 6.357 ; 5.680 ; 6.176 ; 7.110 ;
; B7         ; F4          ; 7.720 ; 6.519 ; 6.989 ; 8.444 ;
; B7         ; F5          ; 6.321 ; 5.903 ; 6.399 ; 7.023 ;
; B7         ; F6          ; 5.930 ; 6.917 ; 7.268 ; 6.835 ;
; B7         ; F7          ; 5.794 ; 5.890 ; 6.472 ; 6.568 ;
; C0         ; F0          ; 5.109 ; 5.165 ; 5.674 ; 5.730 ;
; C0         ; F1          ; 5.210 ; 5.272 ; 5.804 ; 5.873 ;
; C0         ; F2          ; 6.504 ; 6.614 ; 7.129 ; 7.219 ;
; C0         ; F3          ; 6.858 ; 7.012 ; 7.432 ; 7.586 ;
; C0         ; F4          ; 8.069 ; 8.327 ; 8.601 ; 8.859 ;
; C0         ; F5          ; 6.940 ; 7.085 ; 7.491 ; 7.647 ;
; C0         ; F6          ; 7.316 ; 7.519 ; 7.906 ; 8.111 ;
; C0         ; F7          ; 7.197 ; 7.293 ; 7.866 ; 7.955 ;
; M          ; F0          ; 5.442 ; 5.498 ; 6.104 ; 6.160 ;
; M          ; F1          ; 5.504 ; 5.570 ; 6.194 ; 6.241 ;
; M          ; F2          ; 6.649 ; 6.740 ; 7.317 ; 7.446 ;
; M          ; F3          ; 6.449 ; 6.603 ; 7.123 ; 7.277 ;
; M          ; F4          ; 7.472 ; 7.730 ; 8.149 ; 8.407 ;
; M          ; F5          ; 6.086 ; 6.210 ; 6.753 ; 6.911 ;
; M          ; F6          ; 6.157 ; 6.364 ; 6.824 ; 7.038 ;
; M          ; F7          ; 6.124 ; 6.213 ; 6.702 ; 6.798 ;
; S0         ; F0          ; 5.679 ; 5.735 ; 6.353 ; 6.428 ;
; S0         ; F1          ; 5.643 ; 5.697 ; 6.317 ; 6.390 ;
; S0         ; F2          ; 6.602 ; 6.707 ; 7.249 ; 7.361 ;
; S0         ; F3          ; 6.677 ; 6.831 ; 7.364 ; 7.523 ;
; S0         ; F4          ; 7.457 ; 7.715 ; 8.099 ; 8.357 ;
; S0         ; F5          ; 6.229 ; 6.380 ; 6.922 ; 7.053 ;
; S0         ; F6          ; 6.266 ; 6.478 ; 6.924 ; 7.116 ;
; S0         ; F7          ; 5.772 ; 5.868 ; 6.442 ; 6.538 ;
; S1         ; F0          ; 5.563 ; 5.619 ; 6.207 ; 6.282 ;
; S1         ; F1          ; 5.431 ; 5.485 ; 6.059 ; 6.132 ;
; S1         ; F2          ; 6.404 ; 6.509 ; 7.025 ; 7.137 ;
; S1         ; F3          ; 6.602 ; 6.756 ; 7.275 ; 7.434 ;
; S1         ; F4          ; 7.396 ; 7.654 ; 8.046 ; 8.304 ;
; S1         ; F5          ; 6.223 ; 6.374 ; 6.910 ; 7.045 ;
; S1         ; F6          ; 6.325 ; 6.537 ; 6.977 ; 7.169 ;
; S1         ; F7          ; 5.575 ; 5.671 ; 6.219 ; 6.315 ;
; S2         ; F0          ; 5.593 ; 5.649 ; 6.267 ; 6.348 ;
; S2         ; F1          ; 5.645 ; 5.699 ; 6.313 ; 6.385 ;
; S2         ; F2          ; 6.625 ; 6.729 ; 7.292 ; 7.407 ;
; S2         ; F3          ; 6.735 ; 6.889 ; 7.460 ; 7.625 ;
; S2         ; F4          ; 7.525 ; 7.783 ; 8.202 ; 8.460 ;
; S2         ; F5          ; 6.068 ; 6.214 ; 6.749 ; 6.902 ;
; S2         ; F6          ; 6.374 ; 6.573 ; 7.059 ; 7.275 ;
; S2         ; F7          ; 5.554 ; 5.650 ; 6.237 ; 6.333 ;
; S3         ; F0          ; 5.836 ; 5.892 ; 6.543 ; 6.624 ;
; S3         ; F1          ; 5.788 ; 5.842 ; 6.486 ; 6.558 ;
; S3         ; F2          ; 6.866 ; 6.970 ; 7.564 ; 7.679 ;
; S3         ; F3          ; 6.862 ; 7.016 ; 7.594 ; 7.759 ;
; S3         ; F4          ; 7.757 ; 8.015 ; 8.474 ; 8.732 ;
; S3         ; F5          ; 6.301 ; 6.447 ; 7.022 ; 7.175 ;
; S3         ; F6          ; 6.610 ; 6.809 ; 7.336 ; 7.552 ;
; S3         ; F7          ; 5.803 ; 5.899 ; 6.518 ; 6.614 ;
; S4         ; F0          ; 5.409 ; 5.507 ; 6.161 ; 6.229 ;
; S4         ; F1          ; 5.084 ; 5.214 ; 5.795 ; 5.905 ;
; S4         ; F2          ; 5.839 ; 5.967 ; 6.686 ; 6.777 ;
; S4         ; F3          ; 6.034 ; 6.226 ; 6.804 ; 6.951 ;
; S4         ; F4          ; 7.269 ; 7.543 ; 8.039 ; 8.297 ;
; S4         ; F5          ; 5.794 ; 5.993 ; 6.580 ; 6.692 ;
; S4         ; F6          ; 6.204 ; 6.113 ; 6.565 ; 7.211 ;
; S4         ; F7          ; 5.151 ; 5.242 ; 5.891 ; 5.939 ;
; S5         ; F0          ;       ; 5.124 ; 5.666 ;       ;
; S5         ; F1          ; 5.222 ; 5.056 ; 5.589 ; 6.007 ;
; S5         ; F2          ; 5.656 ; 5.784 ; 6.427 ; 6.518 ;
; S5         ; F3          ; 5.851 ; 6.043 ; 6.545 ; 6.692 ;
; S5         ; F4          ; 7.086 ; 7.360 ; 7.780 ; 8.038 ;
; S5         ; F5          ; 5.611 ; 5.810 ; 6.321 ; 6.433 ;
; S5         ; F6          ; 5.634 ; 6.049 ; 6.414 ; 6.508 ;
; S5         ; F7          ; 5.318 ; 5.414 ; 6.063 ; 6.117 ;
; S6         ; F0          ; 4.988 ; 5.114 ; 5.707 ; 5.783 ;
; S6         ; F1          ; 5.310 ; 5.464 ; 6.023 ; 6.141 ;
; S6         ; F2          ; 5.655 ; 5.894 ; 6.381 ; 6.563 ;
; S6         ; F3          ; 6.086 ; 6.299 ; 6.778 ; 7.010 ;
; S6         ; F4          ; 6.563 ; 6.844 ; 7.262 ; 7.539 ;
; S6         ; F5          ; 5.701 ; 5.888 ; 6.359 ; 6.585 ;
; S6         ; F6          ; 6.017 ; 6.274 ; 6.708 ; 6.985 ;
; S6         ; F7          ; 5.396 ; 5.492 ; 6.103 ; 6.199 ;
; S7         ; F0          ; 4.716 ; 4.809 ; 5.365 ; 5.415 ;
; S7         ; F1          ; 4.802 ; 4.768 ; 5.258 ; 5.527 ;
; S7         ; F2          ; 5.532 ; 5.660 ; 6.150 ; 6.278 ;
; S7         ; F3          ; 5.692 ; 5.883 ; 6.310 ; 6.501 ;
; S7         ; F4          ; 6.664 ; 6.922 ; 7.282 ; 7.540 ;
; S7         ; F5          ; 5.441 ; 5.629 ; 6.059 ; 6.265 ;
; S7         ; F6          ; 5.506 ; 5.757 ; 6.124 ; 6.385 ;
; S7         ; F7          ; 4.773 ; 4.821 ; 5.323 ; 5.414 ;
; S8         ; F0          ; 4.977 ; 5.070 ; 5.706 ; 5.756 ;
; S8         ; F1          ; 4.456 ; 4.851 ; 5.436 ; 5.198 ;
; S8         ; F2          ; 4.646 ; 4.733 ; 5.285 ; 5.392 ;
; S8         ; F3          ; 4.854 ; 4.964 ; 5.523 ; 5.626 ;
; S8         ; F4          ; 5.478 ; 5.653 ; 6.100 ; 6.235 ;
; S8         ; F5          ; 4.705 ; 4.782 ; 5.369 ; 5.466 ;
; S8         ; F6          ; 5.318 ; 5.537 ; 5.985 ; 6.197 ;
; S8         ; F7          ; 5.027 ; 5.118 ; 5.752 ; 5.800 ;
+------------+-------------+-------+-------+-------+-------+


---------------------------------------------
; Fast 1200mV 0C Model Metastability Report ;
---------------------------------------------
No synchronizer chains to report.


+----------------------------------------------------------------------------+
; Multicorner Timing Analysis Summary                                        ;
+------------------+-------+------+----------+---------+---------------------+
; Clock            ; Setup ; Hold ; Recovery ; Removal ; Minimum Pulse Width ;
+------------------+-------+------+----------+---------+---------------------+
; Worst-case Slack ; N/A   ; N/A  ; N/A      ; N/A     ; N/A                 ;
; Design-wide TNS  ; 0.0   ; 0.0  ; 0.0      ; 0.0     ; 0.0                 ;
+------------------+-------+------+----------+---------+---------------------+


+--------------------------------------------------------------+
; Progagation Delay                                            ;
+------------+-------------+--------+--------+--------+--------+
; Input Port ; Output Port ; RR     ; RF     ; FR     ; FF     ;
+------------+-------------+--------+--------+--------+--------+
; A0         ; F0          ; 13.488 ; 13.329 ; 13.796 ; 13.639 ;
; A0         ; F1          ; 13.828 ; 13.824 ; 14.096 ; 14.085 ;
; A0         ; F2          ; 16.818 ; 16.596 ; 17.064 ; 16.885 ;
; A0         ; F3          ; 18.108 ; 17.745 ; 18.345 ; 17.982 ;
; A0         ; F4          ; 22.357 ; 22.337 ; 22.541 ; 22.521 ;
; A0         ; F5          ; 22.625 ; 22.313 ; 22.809 ; 22.497 ;
; A0         ; F6          ; 23.251 ; 22.909 ; 23.435 ; 23.093 ;
; A0         ; F7          ; 21.690 ; 21.475 ; 21.874 ; 21.659 ;
; A1         ; F0          ; 15.550 ; 15.440 ; 15.506 ; 15.378 ;
; A1         ; F1          ; 12.771 ; 12.715 ; 12.953 ; 12.951 ;
; A1         ; F2          ; 15.758 ; 15.536 ; 15.927 ; 15.748 ;
; A1         ; F3          ; 17.048 ; 16.685 ; 17.208 ; 16.845 ;
; A1         ; F4          ; 22.115 ; 22.095 ; 22.238 ; 22.218 ;
; A1         ; F5          ; 22.383 ; 22.071 ; 22.506 ; 22.194 ;
; A1         ; F6          ; 23.009 ; 22.667 ; 23.132 ; 22.790 ;
; A1         ; F7          ; 21.448 ; 21.233 ; 21.571 ; 21.356 ;
; A2         ; F0          ; 16.839 ; 16.729 ; 16.927 ; 16.817 ;
; A2         ; F1          ; 13.467 ; 13.332 ; 13.555 ; 13.506 ;
; A2         ; F2          ; 12.388 ; 12.197 ; 12.563 ; 12.340 ;
; A2         ; F3          ; 13.649 ; 13.286 ; 13.759 ; 13.396 ;
; A2         ; F4          ; 18.130 ; 18.109 ; 18.350 ; 18.329 ;
; A2         ; F5          ; 18.346 ; 18.033 ; 18.566 ; 18.253 ;
; A2         ; F6          ; 18.938 ; 18.672 ; 19.141 ; 18.892 ;
; A2         ; F7          ; 17.377 ; 17.177 ; 17.579 ; 17.397 ;
; A3         ; F0          ; 19.840 ; 19.730 ; 19.591 ; 19.481 ;
; A3         ; F1          ; 16.468 ; 16.419 ; 16.219 ; 16.170 ;
; A3         ; F2          ; 12.640 ; 12.666 ; 12.478 ; 12.417 ;
; A3         ; F3          ; 13.947 ; 13.584 ; 14.150 ; 13.787 ;
; A3         ; F4          ; 15.797 ; 15.752 ; 15.970 ; 15.872 ;
; A3         ; F5          ; 16.040 ; 15.728 ; 16.160 ; 15.848 ;
; A3         ; F6          ; 16.666 ; 16.324 ; 16.786 ; 16.444 ;
; A3         ; F7          ; 15.105 ; 14.890 ; 15.225 ; 15.010 ;
; A4         ; F0          ; 26.264 ; 26.154 ; 26.610 ; 26.500 ;
; A4         ; F1          ; 22.892 ; 22.843 ; 23.238 ; 23.189 ;
; A4         ; F2          ; 19.064 ; 19.090 ; 19.410 ; 19.436 ;
; A4         ; F3          ; 16.507 ; 15.840 ; 16.853 ; 16.258 ;
; A4         ; F4          ; 17.433 ; 17.332 ; 17.781 ; 17.680 ;
; A4         ; F5          ; 16.334 ; 15.989 ; 16.680 ; 16.335 ;
; A4         ; F6          ; 16.926 ; 16.677 ; 17.297 ; 17.023 ;
; A4         ; F7          ; 16.231 ; 15.993 ; 16.677 ; 16.482 ;
; A5         ; F0          ; 28.588 ; 28.478 ; 28.634 ; 28.524 ;
; A5         ; F1          ; 25.216 ; 25.167 ; 25.262 ; 25.213 ;
; A5         ; F2          ; 21.388 ; 21.414 ; 21.434 ; 21.460 ;
; A5         ; F3          ; 18.831 ; 18.236 ; 18.877 ; 18.282 ;
; A5         ; F4          ; 16.644 ; 16.868 ; 16.604 ; 16.914 ;
; A5         ; F5          ; 15.756 ; 15.411 ; 15.968 ; 15.623 ;
; A5         ; F6          ; 16.348 ; 16.099 ; 16.560 ; 16.311 ;
; A5         ; F7          ; 15.088 ; 14.850 ; 15.428 ; 15.233 ;
; A6         ; F0          ; 29.703 ; 29.593 ; 30.041 ; 29.931 ;
; A6         ; F1          ; 26.331 ; 26.282 ; 26.669 ; 26.620 ;
; A6         ; F2          ; 22.503 ; 22.529 ; 22.841 ; 22.867 ;
; A6         ; F3          ; 19.946 ; 19.351 ; 20.284 ; 19.689 ;
; A6         ; F4          ; 17.673 ; 17.983 ; 18.063 ; 18.321 ;
; A6         ; F5          ; 13.561 ; 13.255 ; 13.880 ; 13.556 ;
; A6         ; F6          ; 14.494 ; 14.191 ; 14.822 ; 14.519 ;
; A6         ; F7          ; 14.850 ; 14.656 ; 15.213 ; 15.019 ;
; A7         ; F0          ; 29.359 ; 29.249 ; 29.617 ; 29.507 ;
; A7         ; F1          ; 25.987 ; 25.938 ; 26.245 ; 26.196 ;
; A7         ; F2          ; 22.159 ; 22.185 ; 22.417 ; 22.443 ;
; A7         ; F3          ; 19.602 ; 19.007 ; 19.860 ; 19.265 ;
; A7         ; F4          ; 17.329 ; 17.639 ; 17.639 ; 17.897 ;
; A7         ; F5          ; 12.601 ; 12.376 ; 12.940 ; 12.634 ;
; A7         ; F6          ; 13.193 ;        ;        ; 13.232 ;
; A7         ; F7          ; 13.817 ; 13.585 ; 14.080 ; 13.863 ;
; B0         ; F0          ; 30.581 ; 30.471 ; 30.980 ; 30.870 ;
; B0         ; F1          ; 27.209 ; 27.160 ; 27.608 ; 27.559 ;
; B0         ; F2          ; 23.381 ; 23.407 ; 23.780 ; 23.806 ;
; B0         ; F3          ; 20.824 ; 20.229 ; 21.223 ; 20.628 ;
; B0         ; F4          ; 23.347 ; 23.327 ; 23.590 ; 23.570 ;
; B0         ; F5          ; 23.615 ; 23.303 ; 23.858 ; 23.546 ;
; B0         ; F6          ; 24.241 ; 23.899 ; 24.484 ; 24.142 ;
; B0         ; F7          ; 22.680 ; 22.465 ; 22.923 ; 22.708 ;
; B1         ; F0          ; 30.066 ; 29.956 ; 30.485 ; 30.375 ;
; B1         ; F1          ; 26.694 ; 26.645 ; 27.113 ; 27.064 ;
; B1         ; F2          ; 22.866 ; 22.892 ; 23.285 ; 23.311 ;
; B1         ; F3          ; 20.309 ; 19.714 ; 20.728 ; 20.133 ;
; B1         ; F4          ; 22.108 ; 22.088 ; 22.299 ; 22.279 ;
; B1         ; F5          ; 22.376 ; 22.064 ; 22.567 ; 22.255 ;
; B1         ; F6          ; 23.002 ; 22.660 ; 23.193 ; 22.851 ;
; B1         ; F7          ; 21.441 ; 21.226 ; 21.632 ; 21.417 ;
; B2         ; F0          ; 30.074 ; 29.964 ; 30.364 ; 30.254 ;
; B2         ; F1          ; 26.702 ; 26.653 ; 26.992 ; 26.943 ;
; B2         ; F2          ; 22.874 ; 22.900 ; 23.164 ; 23.190 ;
; B2         ; F3          ; 20.317 ; 19.722 ; 20.607 ; 20.012 ;
; B2         ; F4          ; 22.936 ; 22.916 ; 23.330 ; 23.310 ;
; B2         ; F5          ; 23.204 ; 22.892 ; 23.598 ; 23.286 ;
; B2         ; F6          ; 23.830 ; 23.488 ; 24.224 ; 23.882 ;
; B2         ; F7          ; 22.269 ; 22.054 ; 22.663 ; 22.448 ;
; B3         ; F0          ; 31.029 ; 30.919 ; 31.213 ; 31.103 ;
; B3         ; F1          ; 27.657 ; 27.608 ; 27.841 ; 27.792 ;
; B3         ; F2          ; 23.829 ; 23.855 ; 24.013 ; 24.039 ;
; B3         ; F3          ; 21.272 ; 20.677 ; 21.456 ; 20.861 ;
; B3         ; F4          ; 21.738 ; 21.718 ; 22.067 ; 22.047 ;
; B3         ; F5          ; 22.006 ; 21.694 ; 22.335 ; 22.023 ;
; B3         ; F6          ; 22.632 ; 22.290 ; 22.961 ; 22.619 ;
; B3         ; F7          ; 21.071 ; 20.856 ; 21.400 ; 21.185 ;
; B4         ; F0          ; 30.164 ; 30.054 ; 30.531 ; 30.421 ;
; B4         ; F1          ; 26.792 ; 26.743 ; 27.159 ; 27.110 ;
; B4         ; F2          ; 22.964 ; 22.990 ; 23.331 ; 23.357 ;
; B4         ; F3          ; 20.407 ; 19.812 ; 20.774 ; 20.179 ;
; B4         ; F4          ; 18.134 ; 18.444 ; 18.514 ; 18.811 ;
; B4         ; F5          ; 18.071 ; 17.759 ; 18.407 ; 18.095 ;
; B4         ; F6          ; 18.697 ; 18.360 ; 19.033 ; 18.691 ;
; B4         ; F7          ; 17.136 ; 16.921 ; 17.472 ; 17.257 ;
; B5         ; F0          ; 30.286 ; 30.176 ; 30.630 ; 30.520 ;
; B5         ; F1          ; 26.914 ; 26.865 ; 27.258 ; 27.209 ;
; B5         ; F2          ; 23.086 ; 23.112 ; 23.430 ; 23.456 ;
; B5         ; F3          ; 20.529 ; 19.934 ; 20.873 ; 20.278 ;
; B5         ; F4          ; 18.256 ; 18.566 ; 18.613 ; 18.910 ;
; B5         ; F5          ; 18.380 ; 18.068 ; 18.747 ; 18.435 ;
; B5         ; F6          ; 19.006 ; 18.693 ; 19.373 ; 19.031 ;
; B5         ; F7          ; 17.445 ; 17.230 ; 17.812 ; 17.597 ;
; B6         ; F0          ; 31.834 ; 31.724 ; 32.082 ; 31.972 ;
; B6         ; F1          ; 28.462 ; 28.413 ; 28.710 ; 28.661 ;
; B6         ; F2          ; 24.634 ; 24.660 ; 24.882 ; 24.908 ;
; B6         ; F3          ; 22.077 ; 21.482 ; 22.325 ; 21.730 ;
; B6         ; F4          ; 19.804 ; 20.114 ; 20.065 ; 20.362 ;
; B6         ; F5          ; 18.958 ; 18.646 ; 19.187 ; 18.874 ;
; B6         ; F6          ; 19.584 ; 19.283 ; 19.805 ; 19.513 ;
; B6         ; F7          ; 18.023 ; 17.808 ; 18.244 ; 18.029 ;
; B7         ; F0          ; 31.440 ; 31.330 ; 31.724 ; 31.614 ;
; B7         ; F1          ; 28.068 ; 28.019 ; 28.352 ; 28.303 ;
; B7         ; F2          ; 24.240 ; 24.266 ; 24.524 ; 24.550 ;
; B7         ; F3          ; 21.683 ; 21.088 ; 21.967 ; 21.372 ;
; B7         ; F4          ; 19.410 ; 19.720 ; 19.707 ; 20.004 ;
; B7         ; F5          ; 17.776 ; 17.463 ; 18.041 ; 17.728 ;
; B7         ; F6          ; 18.381 ; 18.102 ; 18.653 ; 18.367 ;
; B7         ; F7          ; 16.820 ; 16.607 ; 17.092 ; 16.877 ;
; C0         ; F0          ; 11.608 ; 11.451 ; 11.800 ; 11.643 ;
; C0         ; F1          ; 11.929 ; 11.918 ; 12.148 ; 12.144 ;
; C0         ; F2          ; 14.897 ; 14.718 ; 15.138 ; 14.916 ;
; C0         ; F3          ; 16.178 ; 15.815 ; 16.428 ; 16.065 ;
; C0         ; F4          ; 18.101 ; 18.000 ; 18.326 ; 18.225 ;
; C0         ; F5          ; 16.425 ; 16.101 ; 16.605 ; 16.299 ;
; C0         ; F6          ; 16.818 ; 16.631 ; 16.988 ; 16.849 ;
; C0         ; F7          ; 16.998 ; 16.803 ; 17.103 ; 16.865 ;
; M          ; F0          ; 12.313 ; 12.156 ; 12.603 ; 12.446 ;
; M          ; F1          ; 12.388 ; 12.374 ; 12.744 ; 12.689 ;
; M          ; F2          ; 14.965 ; 14.748 ; 15.311 ; 15.102 ;
; M          ; F3          ; 15.057 ; 14.694 ; 15.371 ; 15.008 ;
; M          ; F4          ; 16.564 ; 16.463 ; 16.843 ; 16.742 ;
; M          ; F5          ; 14.136 ; 13.830 ; 14.448 ; 14.124 ;
; M          ; F6          ; 13.688 ; 13.543 ; 13.996 ; 13.858 ;
; M          ; F7          ; 13.836 ; 13.598 ; 14.236 ; 14.041 ;
; S0         ; F0          ; 13.017 ; 12.860 ; 13.322 ; 13.165 ;
; S0         ; F1          ; 13.364 ; 13.360 ; 13.643 ; 13.632 ;
; S0         ; F2          ; 16.354 ; 16.132 ; 16.611 ; 16.432 ;
; S0         ; F3          ; 17.644 ; 17.281 ; 17.892 ; 17.529 ;
; S0         ; F4          ; 19.542 ; 19.441 ; 19.815 ; 19.714 ;
; S0         ; F5          ; 17.821 ; 17.515 ; 18.139 ; 17.815 ;
; S0         ; F6          ; 18.204 ; 18.065 ; 18.532 ; 18.345 ;
; S0         ; F7          ; 18.319 ; 18.081 ; 18.712 ; 18.517 ;
; S1         ; F0          ; 12.771 ; 12.614 ; 13.093 ; 12.936 ;
; S1         ; F1          ; 13.118 ; 13.114 ; 13.414 ; 13.403 ;
; S1         ; F2          ; 16.108 ; 15.886 ; 16.382 ; 16.203 ;
; S1         ; F3          ; 17.398 ; 17.035 ; 17.663 ; 17.300 ;
; S1         ; F4          ; 19.296 ; 19.195 ; 19.586 ; 19.485 ;
; S1         ; F5          ; 17.575 ; 17.269 ; 17.910 ; 17.586 ;
; S1         ; F6          ; 17.958 ; 17.819 ; 18.303 ; 18.116 ;
; S1         ; F7          ; 18.073 ; 17.835 ; 18.483 ; 18.288 ;
; S2         ; F0          ; 12.766 ; 12.607 ; 13.135 ; 12.978 ;
; S2         ; F1          ; 13.106 ; 13.102 ; 13.435 ; 13.424 ;
; S2         ; F2          ; 16.096 ; 15.874 ; 16.403 ; 16.224 ;
; S2         ; F3          ; 17.386 ; 17.023 ; 17.684 ; 17.321 ;
; S2         ; F4          ; 19.284 ; 19.183 ; 19.607 ; 19.506 ;
; S2         ; F5          ; 17.563 ; 17.257 ; 17.931 ; 17.607 ;
; S2         ; F6          ; 17.946 ; 17.807 ; 18.324 ; 18.137 ;
; S2         ; F7          ; 18.061 ; 17.823 ; 18.504 ; 18.309 ;
; S3         ; F0          ; 13.283 ; 13.124 ; 13.657 ; 13.500 ;
; S3         ; F1          ; 13.623 ; 13.619 ; 13.957 ; 13.946 ;
; S3         ; F2          ; 16.613 ; 16.391 ; 16.925 ; 16.746 ;
; S3         ; F3          ; 17.903 ; 17.540 ; 18.206 ; 17.843 ;
; S3         ; F4          ; 19.801 ; 19.700 ; 20.129 ; 20.028 ;
; S3         ; F5          ; 18.080 ; 17.774 ; 18.453 ; 18.129 ;
; S3         ; F6          ; 18.463 ; 18.324 ; 18.846 ; 18.659 ;
; S3         ; F7          ; 18.578 ; 18.340 ; 19.026 ; 18.831 ;
; S4         ; F0          ; 12.297 ; 12.140 ; 12.661 ; 12.465 ;
; S4         ; F1          ; 11.443 ; 11.421 ; 11.828 ; 11.742 ;
; S4         ; F2          ; 14.158 ; 13.982 ; 14.590 ; 14.395 ;
; S4         ; F3          ; 14.742 ; 14.379 ; 15.158 ; 14.756 ;
; S4         ; F4          ; 15.948 ; 15.847 ; 16.418 ; 16.317 ;
; S4         ; F5          ; 14.198 ; 13.874 ; 14.603 ; 14.297 ;
; S4         ; F6          ; 13.901 ; 12.811 ; 13.343 ; 13.959 ;
; S4         ; F7          ; 12.394 ; 12.178 ; 12.747 ; 12.574 ;
; S5         ; F0          ;        ; 11.118 ; 11.562 ;        ;
; S5         ; F1          ; 12.077 ; 11.196 ; 11.570 ; 12.211 ;
; S5         ; F2          ; 13.767 ; 13.591 ; 14.106 ; 13.911 ;
; S5         ; F3          ; 14.351 ; 13.988 ; 14.674 ; 14.272 ;
; S5         ; F4          ; 15.557 ; 15.456 ; 15.934 ; 15.833 ;
; S5         ; F5          ; 13.807 ; 13.483 ; 14.119 ; 13.813 ;
; S5         ; F6          ; 12.568 ; 12.748 ; 13.310 ; 12.553 ;
; S5         ; F7          ; 12.131 ; 11.876 ; 12.367 ; 12.207 ;
; S6         ; F0          ; 10.975 ; 10.825 ; 11.398 ; 11.136 ;
; S6         ; F1          ; 12.563 ; 12.474 ; 12.873 ; 12.827 ;
; S6         ; F2          ; 14.034 ; 13.811 ; 14.399 ; 14.176 ;
; S6         ; F3          ; 14.293 ; 13.845 ; 14.601 ; 14.238 ;
; S6         ; F4          ; 15.499 ; 15.398 ; 15.805 ; 15.704 ;
; S6         ; F5          ; 13.998 ; 13.692 ; 14.339 ; 14.015 ;
; S6         ; F6          ; 13.844 ; 13.643 ; 14.213 ; 13.906 ;
; S6         ; F7          ; 12.123 ; 11.963 ; 12.519 ; 12.349 ;
; S7         ; F0          ; 11.369 ; 11.173 ; 11.610 ; 11.453 ;
; S7         ; F1          ; 11.057 ; 10.451 ; 10.792 ; 11.261 ;
; S7         ; F2          ; 13.466 ; 13.271 ; 13.755 ; 13.560 ;
; S7         ; F3          ; 14.034 ; 13.649 ; 14.323 ; 13.921 ;
; S7         ; F4          ; 15.294 ; 15.193 ; 15.583 ; 15.482 ;
; S7         ; F5          ; 13.479 ; 13.173 ; 13.768 ; 13.462 ;
; S7         ; F6          ; 12.275 ; 12.038 ; 12.497 ; 12.277 ;
; S7         ; F7          ; 11.455 ; 11.282 ; 11.707 ; 11.491 ;
; S8         ; F0          ; 12.026 ; 11.869 ; 12.361 ; 12.165 ;
; S8         ; F1          ; 9.695  ; 10.576 ; 10.999 ; 9.911  ;
; S8         ; F2          ; 10.232 ; 10.009 ; 10.524 ; 10.343 ;
; S8         ; F3          ; 10.718 ; 10.405 ; 11.046 ; 10.726 ;
; S8         ; F4          ; 11.438 ; 11.459 ; 11.806 ; 11.659 ;
; S8         ; F5          ; 10.314 ; 10.076 ; 10.619 ; 10.423 ;
; S8         ; F6          ; 11.553 ; 11.306 ; 11.875 ; 11.621 ;
; S8         ; F7          ; 12.123 ; 11.907 ; 12.447 ; 12.274 ;
+------------+-------------+--------+--------+--------+--------+


+----------------------------------------------------------+
; Minimum Progagation Delay                                ;
+------------+-------------+-------+-------+-------+-------+
; Input Port ; Output Port ; RR    ; RF    ; FR    ; FF    ;
+------------+-------------+-------+-------+-------+-------+
; A0         ; F0          ; 5.143 ; 5.241 ; 5.847 ; 5.903 ;
; A0         ; F1          ; 5.245 ; 5.433 ; 5.860 ; 6.041 ;
; A0         ; F2          ; 5.550 ; 6.015 ; 6.421 ; 6.376 ;
; A0         ; F3          ; 6.180 ; 6.467 ; 6.794 ; 7.081 ;
; A0         ; F4          ; 7.321 ; 7.627 ; 8.012 ; 8.318 ;
; A0         ; F5          ; 6.725 ; 7.002 ; 7.359 ; 7.636 ;
; A0         ; F6          ; 6.828 ; 7.138 ; 7.463 ; 7.773 ;
; A0         ; F7          ; 6.169 ; 6.378 ; 6.804 ; 7.013 ;
; A1         ; F0          ; 4.624 ; 6.382 ; 6.910 ; 5.320 ;
; A1         ; F1          ; 5.290 ; 5.474 ; 5.887 ; 5.953 ;
; A1         ; F2          ; 5.297 ; 5.708 ; 6.115 ; 6.099 ;
; A1         ; F3          ; 6.234 ; 6.521 ; 6.832 ; 7.119 ;
; A1         ; F4          ; 7.392 ; 7.698 ; 8.005 ; 8.311 ;
; A1         ; F5          ; 6.598 ; 6.875 ; 7.197 ; 7.474 ;
; A1         ; F6          ; 6.886 ; 7.198 ; 7.485 ; 7.797 ;
; A1         ; F7          ; 6.214 ; 6.419 ; 6.825 ; 7.037 ;
; A2         ; F0          ; 5.792 ; 6.075 ; 6.304 ; 6.149 ;
; A2         ; F1          ; 4.089 ; 5.502 ; 5.725 ; 4.530 ;
; A2         ; F2          ; 4.204 ; 4.401 ; 4.527 ; 4.681 ;
; A2         ; F3          ; 4.672 ; 5.439 ; 5.453 ; 5.164 ;
; A2         ; F4          ; 5.991 ; 6.297 ; 6.279 ; 6.585 ;
; A2         ; F5          ; 5.548 ; 5.825 ; 5.836 ; 6.113 ;
; A2         ; F6          ; 5.777 ; 6.087 ; 6.124 ; 6.436 ;
; A2         ; F7          ; 4.988 ; 5.193 ; 5.375 ; 5.580 ;
; A3         ; F0          ; 6.300 ; 6.469 ; 6.537 ; 6.721 ;
; A3         ; F1          ; 5.763 ; 5.824 ; 6.000 ; 6.076 ;
; A3         ; F2          ; 4.967 ; 5.148 ; 5.225 ; 5.416 ;
; A3         ; F3          ; 4.427 ; 5.641 ; 5.637 ; 4.750 ;
; A3         ; F4          ; 5.477 ; 6.248 ; 6.257 ; 6.021 ;
; A3         ; F5          ; 5.488 ; 5.765 ; 5.761 ; 6.038 ;
; A3         ; F6          ; 5.723 ; 6.033 ; 5.969 ; 6.279 ;
; A3         ; F7          ; 4.660 ; 4.865 ; 4.945 ; 5.150 ;
; A4         ; F0          ; 7.218 ; 7.577 ; 8.289 ; 8.067 ;
; A4         ; F1          ; 6.681 ; 6.993 ; 7.752 ; 7.422 ;
; A4         ; F2          ; 5.914 ; 6.452 ; 6.991 ; 6.762 ;
; A4         ; F3          ; 5.852 ; 6.629 ; 7.264 ; 6.628 ;
; A4         ; F4          ; 6.736 ; 7.121 ; 7.519 ; 7.572 ;
; A4         ; F5          ; 5.932 ; 6.767 ; 7.239 ; 6.872 ;
; A4         ; F6          ; 6.410 ; 6.715 ; 7.108 ; 7.413 ;
; A4         ; F7          ; 5.750 ; 5.960 ; 6.448 ; 6.658 ;
; A5         ; F0          ; 7.889 ; 8.249 ; 8.644 ; 8.814 ;
; A5         ; F1          ; 7.313 ; 7.588 ; 8.085 ; 8.138 ;
; A5         ; F2          ; 6.458 ; 6.934 ; 7.282 ; 7.363 ;
; A5         ; F3          ; 6.379 ; 6.800 ; 7.224 ; 7.211 ;
; A5         ; F4          ; 6.808 ; 7.116 ; 7.515 ; 7.585 ;
; A5         ; F5          ; 5.178 ; 6.117 ; 6.608 ; 5.849 ;
; A5         ; F6          ; 5.700 ; 6.762 ; 7.154 ; 6.566 ;
; A5         ; F7          ; 6.021 ; 6.231 ; 6.697 ; 6.907 ;
; A6         ; F0          ; 7.765 ; 8.089 ; 8.433 ; 8.703 ;
; A6         ; F1          ; 7.206 ; 7.428 ; 7.874 ; 8.042 ;
; A6         ; F2          ; 6.403 ; 6.723 ; 7.071 ; 7.337 ;
; A6         ; F3          ; 6.345 ; 6.589 ; 7.013 ; 7.203 ;
; A6         ; F4          ; 6.931 ; 7.149 ; 7.599 ; 7.763 ;
; A6         ; F5          ; 5.343 ; 5.449 ; 6.011 ; 6.063 ;
; A6         ; F6          ; 5.919 ; 6.487 ; 6.944 ; 6.869 ;
; A6         ; F7          ; 5.145 ; 5.241 ; 5.893 ; 5.947 ;
; A7         ; F0          ; 7.911 ; 8.228 ; 8.578 ; 8.854 ;
; A7         ; F1          ; 7.352 ; 7.567 ; 8.019 ; 8.193 ;
; A7         ; F2          ; 6.549 ; 6.862 ; 7.216 ; 7.488 ;
; A7         ; F3          ; 6.385 ; 6.728 ; 7.158 ; 7.274 ;
; A7         ; F4          ; 6.785 ; 7.288 ; 7.744 ; 7.594 ;
; A7         ; F5          ; 5.153 ; 5.588 ; 6.156 ; 5.860 ;
; A7         ; F6          ; 5.799 ;       ;       ; 6.715 ;
; A7         ; F7          ; 4.754 ; 5.919 ; 6.404 ; 5.462 ;
; B0         ; F0          ; 5.628 ; 5.726 ; 6.443 ; 6.499 ;
; B0         ; F1          ; 5.498 ; 5.606 ; 6.361 ; 6.339 ;
; B0         ; F2          ; 6.035 ; 5.535 ; 6.163 ; 6.972 ;
; B0         ; F3          ; 6.661 ; 5.808 ; 6.454 ; 7.533 ;
; B0         ; F4          ; 7.152 ; 6.899 ; 7.514 ; 8.106 ;
; B0         ; F5          ; 5.662 ; 5.415 ; 6.096 ; 6.450 ;
; B0         ; F6          ; 6.990 ; 6.646 ; 7.071 ; 7.956 ;
; B0         ; F7          ; 6.322 ; 5.220 ; 5.853 ; 7.196 ;
; B1         ; F0          ; 4.981 ; 5.705 ; 6.345 ; 5.791 ;
; B1         ; F1          ; 5.549 ; 5.268 ; 5.957 ; 6.262 ;
; B1         ; F2          ; 5.455 ; 5.005 ; 5.542 ; 6.277 ;
; B1         ; F3          ; 6.466 ; 5.599 ; 6.249 ; 7.421 ;
; B1         ; F4          ; 7.074 ; 6.867 ; 7.487 ; 8.016 ;
; B1         ; F5          ; 5.785 ; 5.229 ; 5.916 ; 6.621 ;
; B1         ; F6          ; 6.852 ; 6.465 ; 6.883 ; 7.906 ;
; B1         ; F7          ; 6.192 ; 5.048 ; 5.685 ; 7.146 ;
; B2         ; F0          ; 6.366 ; 5.779 ; 6.437 ; 7.074 ;
; B2         ; F1          ; 5.354 ; 5.449 ; 6.181 ; 6.197 ;
; B2         ; F2          ; 5.769 ; 5.096 ; 5.658 ; 6.685 ;
; B2         ; F3          ; 5.937 ; 5.654 ; 6.280 ; 6.831 ;
; B2         ; F4          ; 7.148 ; 6.687 ; 7.268 ; 8.025 ;
; B2         ; F5          ; 5.780 ; 5.187 ; 5.843 ; 6.546 ;
; B2         ; F6          ; 6.339 ; 6.280 ; 6.708 ; 7.326 ;
; B2         ; F7          ; 5.679 ; 5.508 ; 6.105 ; 6.571 ;
; B3         ; F0          ; 6.262 ; 5.596 ; 6.241 ; 6.962 ;
; B3         ; F1          ; 6.194 ; 5.346 ; 6.068 ; 6.832 ;
; B3         ; F2          ; 5.897 ; 5.127 ; 5.702 ; 6.755 ;
; B3         ; F3          ; 6.726 ; 5.518 ; 6.134 ; 7.681 ;
; B3         ; F4          ; 6.952 ; 6.998 ; 7.654 ; 7.965 ;
; B3         ; F5          ; 6.128 ; 5.708 ; 6.321 ; 6.949 ;
; B3         ; F6          ; 6.835 ; 6.480 ; 6.943 ; 7.839 ;
; B3         ; F7          ; 6.176 ; 5.856 ; 6.508 ; 7.079 ;
; B4         ; F0          ; 6.225 ; 5.533 ; 6.160 ; 6.926 ;
; B4         ; F1          ; 6.122 ; 5.305 ; 6.027 ; 6.791 ;
; B4         ; F2          ; 5.885 ; 5.200 ; 5.803 ; 6.673 ;
; B4         ; F3          ; 5.850 ; 5.365 ; 5.968 ; 6.539 ;
; B4         ; F4          ; 6.972 ; 6.012 ; 6.418 ; 7.873 ;
; B4         ; F5          ; 5.457 ; 5.396 ; 5.828 ; 6.299 ;
; B4         ; F6          ; 6.585 ; 6.410 ; 6.697 ; 7.430 ;
; B4         ; F7          ; 6.159 ; 5.542 ; 6.011 ; 7.058 ;
; B5         ; F0          ; 6.003 ; 5.413 ; 6.036 ; 6.674 ;
; B5         ; F1          ; 6.330 ; 5.069 ; 5.753 ; 7.005 ;
; B5         ; F2          ; 5.854 ; 5.175 ; 5.759 ; 6.550 ;
; B5         ; F3          ; 5.902 ; 5.363 ; 5.783 ; 6.570 ;
; B5         ; F4          ; 6.887 ; 6.064 ; 6.449 ; 7.846 ;
; B5         ; F5          ; 5.844 ; 5.448 ; 5.859 ; 6.483 ;
; B5         ; F6          ; 5.729 ; 6.462 ; 6.728 ; 6.620 ;
; B5         ; F7          ; 6.204 ; 5.594 ; 6.042 ; 7.049 ;
; B6         ; F0          ; 6.366 ; 5.759 ; 6.433 ; 7.082 ;
; B6         ; F1          ; 6.054 ; 5.432 ; 6.177 ; 6.658 ;
; B6         ; F2          ; 6.462 ; 5.223 ; 5.733 ; 7.257 ;
; B6         ; F3          ; 6.510 ; 5.971 ; 6.490 ; 7.277 ;
; B6         ; F4          ; 7.873 ; 6.672 ; 7.156 ; 8.611 ;
; B6         ; F5          ; 5.717 ; 5.923 ; 6.444 ; 6.563 ;
; B6         ; F6          ; 6.650 ; 6.862 ; 7.369 ; 7.581 ;
; B6         ; F7          ; 5.238 ; 5.334 ; 5.980 ; 6.034 ;
; B7         ; F0          ; 5.837 ; 5.556 ; 6.226 ; 6.525 ;
; B7         ; F1          ; 5.940 ; 4.517 ; 5.109 ; 6.542 ;
; B7         ; F2          ; 6.171 ; 5.109 ; 5.617 ; 6.943 ;
; B7         ; F3          ; 6.357 ; 5.680 ; 6.176 ; 7.110 ;
; B7         ; F4          ; 7.720 ; 6.519 ; 6.989 ; 8.444 ;
; B7         ; F5          ; 6.321 ; 5.903 ; 6.399 ; 7.023 ;
; B7         ; F6          ; 5.930 ; 6.917 ; 7.268 ; 6.835 ;
; B7         ; F7          ; 5.794 ; 5.890 ; 6.472 ; 6.568 ;
; C0         ; F0          ; 5.109 ; 5.165 ; 5.674 ; 5.730 ;
; C0         ; F1          ; 5.210 ; 5.272 ; 5.804 ; 5.873 ;
; C0         ; F2          ; 6.504 ; 6.614 ; 7.129 ; 7.219 ;
; C0         ; F3          ; 6.858 ; 7.012 ; 7.432 ; 7.586 ;
; C0         ; F4          ; 8.069 ; 8.327 ; 8.601 ; 8.859 ;
; C0         ; F5          ; 6.940 ; 7.085 ; 7.491 ; 7.647 ;
; C0         ; F6          ; 7.316 ; 7.519 ; 7.906 ; 8.111 ;
; C0         ; F7          ; 7.197 ; 7.293 ; 7.866 ; 7.955 ;
; M          ; F0          ; 5.442 ; 5.498 ; 6.104 ; 6.160 ;
; M          ; F1          ; 5.504 ; 5.570 ; 6.194 ; 6.241 ;
; M          ; F2          ; 6.649 ; 6.740 ; 7.317 ; 7.446 ;
; M          ; F3          ; 6.449 ; 6.603 ; 7.123 ; 7.277 ;
; M          ; F4          ; 7.472 ; 7.730 ; 8.149 ; 8.407 ;
; M          ; F5          ; 6.086 ; 6.210 ; 6.753 ; 6.911 ;
; M          ; F6          ; 6.157 ; 6.364 ; 6.824 ; 7.038 ;
; M          ; F7          ; 6.124 ; 6.213 ; 6.702 ; 6.798 ;
; S0         ; F0          ; 5.679 ; 5.735 ; 6.353 ; 6.428 ;
; S0         ; F1          ; 5.643 ; 5.697 ; 6.317 ; 6.390 ;
; S0         ; F2          ; 6.602 ; 6.707 ; 7.249 ; 7.361 ;
; S0         ; F3          ; 6.677 ; 6.831 ; 7.364 ; 7.523 ;
; S0         ; F4          ; 7.457 ; 7.715 ; 8.099 ; 8.357 ;
; S0         ; F5          ; 6.229 ; 6.380 ; 6.922 ; 7.053 ;
; S0         ; F6          ; 6.266 ; 6.478 ; 6.924 ; 7.116 ;
; S0         ; F7          ; 5.772 ; 5.868 ; 6.442 ; 6.538 ;
; S1         ; F0          ; 5.563 ; 5.619 ; 6.207 ; 6.282 ;
; S1         ; F1          ; 5.431 ; 5.485 ; 6.059 ; 6.132 ;
; S1         ; F2          ; 6.404 ; 6.509 ; 7.025 ; 7.137 ;
; S1         ; F3          ; 6.602 ; 6.756 ; 7.275 ; 7.434 ;
; S1         ; F4          ; 7.396 ; 7.654 ; 8.046 ; 8.304 ;
; S1         ; F5          ; 6.223 ; 6.374 ; 6.910 ; 7.045 ;
; S1         ; F6          ; 6.325 ; 6.537 ; 6.977 ; 7.169 ;
; S1         ; F7          ; 5.575 ; 5.671 ; 6.219 ; 6.315 ;
; S2         ; F0          ; 5.593 ; 5.649 ; 6.267 ; 6.348 ;
; S2         ; F1          ; 5.645 ; 5.699 ; 6.313 ; 6.385 ;
; S2         ; F2          ; 6.625 ; 6.729 ; 7.292 ; 7.407 ;
; S2         ; F3          ; 6.735 ; 6.889 ; 7.460 ; 7.625 ;
; S2         ; F4          ; 7.525 ; 7.783 ; 8.202 ; 8.460 ;
; S2         ; F5          ; 6.068 ; 6.214 ; 6.749 ; 6.902 ;
; S2         ; F6          ; 6.374 ; 6.573 ; 7.059 ; 7.275 ;
; S2         ; F7          ; 5.554 ; 5.650 ; 6.237 ; 6.333 ;
; S3         ; F0          ; 5.836 ; 5.892 ; 6.543 ; 6.624 ;
; S3         ; F1          ; 5.788 ; 5.842 ; 6.486 ; 6.558 ;
; S3         ; F2          ; 6.866 ; 6.970 ; 7.564 ; 7.679 ;
; S3         ; F3          ; 6.862 ; 7.016 ; 7.594 ; 7.759 ;
; S3         ; F4          ; 7.757 ; 8.015 ; 8.474 ; 8.732 ;
; S3         ; F5          ; 6.301 ; 6.447 ; 7.022 ; 7.175 ;
; S3         ; F6          ; 6.610 ; 6.809 ; 7.336 ; 7.552 ;
; S3         ; F7          ; 5.803 ; 5.899 ; 6.518 ; 6.614 ;
; S4         ; F0          ; 5.409 ; 5.507 ; 6.161 ; 6.229 ;
; S4         ; F1          ; 5.084 ; 5.214 ; 5.795 ; 5.905 ;
; S4         ; F2          ; 5.839 ; 5.967 ; 6.686 ; 6.777 ;
; S4         ; F3          ; 6.034 ; 6.226 ; 6.804 ; 6.951 ;
; S4         ; F4          ; 7.269 ; 7.543 ; 8.039 ; 8.297 ;
; S4         ; F5          ; 5.794 ; 5.993 ; 6.580 ; 6.692 ;
; S4         ; F6          ; 6.204 ; 6.113 ; 6.565 ; 7.211 ;
; S4         ; F7          ; 5.151 ; 5.242 ; 5.891 ; 5.939 ;
; S5         ; F0          ;       ; 5.124 ; 5.666 ;       ;
; S5         ; F1          ; 5.222 ; 5.056 ; 5.589 ; 6.007 ;
; S5         ; F2          ; 5.656 ; 5.784 ; 6.427 ; 6.518 ;
; S5         ; F3          ; 5.851 ; 6.043 ; 6.545 ; 6.692 ;
; S5         ; F4          ; 7.086 ; 7.360 ; 7.780 ; 8.038 ;
; S5         ; F5          ; 5.611 ; 5.810 ; 6.321 ; 6.433 ;
; S5         ; F6          ; 5.634 ; 6.049 ; 6.414 ; 6.508 ;
; S5         ; F7          ; 5.318 ; 5.414 ; 6.063 ; 6.117 ;
; S6         ; F0          ; 4.988 ; 5.114 ; 5.707 ; 5.783 ;
; S6         ; F1          ; 5.310 ; 5.464 ; 6.023 ; 6.141 ;
; S6         ; F2          ; 5.655 ; 5.894 ; 6.381 ; 6.563 ;
; S6         ; F3          ; 6.086 ; 6.299 ; 6.778 ; 7.010 ;
; S6         ; F4          ; 6.563 ; 6.844 ; 7.262 ; 7.539 ;
; S6         ; F5          ; 5.701 ; 5.888 ; 6.359 ; 6.585 ;
; S6         ; F6          ; 6.017 ; 6.274 ; 6.708 ; 6.985 ;
; S6         ; F7          ; 5.396 ; 5.492 ; 6.103 ; 6.199 ;
; S7         ; F0          ; 4.716 ; 4.809 ; 5.365 ; 5.415 ;
; S7         ; F1          ; 4.802 ; 4.768 ; 5.258 ; 5.527 ;
; S7         ; F2          ; 5.532 ; 5.660 ; 6.150 ; 6.278 ;
; S7         ; F3          ; 5.692 ; 5.883 ; 6.310 ; 6.501 ;
; S7         ; F4          ; 6.664 ; 6.922 ; 7.282 ; 7.540 ;
; S7         ; F5          ; 5.441 ; 5.629 ; 6.059 ; 6.265 ;
; S7         ; F6          ; 5.506 ; 5.757 ; 6.124 ; 6.385 ;
; S7         ; F7          ; 4.773 ; 4.821 ; 5.323 ; 5.414 ;
; S8         ; F0          ; 4.977 ; 5.070 ; 5.706 ; 5.756 ;
; S8         ; F1          ; 4.456 ; 4.851 ; 5.436 ; 5.198 ;
; S8         ; F2          ; 4.646 ; 4.733 ; 5.285 ; 5.392 ;
; S8         ; F3          ; 4.854 ; 4.964 ; 5.523 ; 5.626 ;
; S8         ; F4          ; 5.478 ; 5.653 ; 6.100 ; 6.235 ;
; S8         ; F5          ; 4.705 ; 4.782 ; 5.369 ; 5.466 ;
; S8         ; F6          ; 5.318 ; 5.537 ; 5.985 ; 6.197 ;
; S8         ; F7          ; 5.027 ; 5.118 ; 5.752 ; 5.800 ;
+------------+-------------+-------+-------+-------+-------+


+------------------------------------------------------------------------------------------------------------------------------------------------------------------------------------------------------------------------------------------------------------------------------------------------------------------------------------------------------------------------------------------------------------------+
; Board Trace Model Assignments                                                                                                                                                                                                                                                                                                                                                                                    ;
+---------------+--------------+-------------------+-------------------------+-------------------------+---------------+---------------------+----------------+------------------+--------+------------------+------------------------+------------------------+--------------+---------------+-----------------+-------+---------------------+--------------------+---------------+-----------------+-------------+
; Pin           ; I/O Standard ; Near Tline Length ; Near Tline L per Length ; Near Tline C per Length ; Near Series R ; Near Differential R ; Near Pull-up R ; Near Pull-down R ; Near C ; Far Tline Length ; Far Tline L per Length ; Far Tline C per Length ; Far Series R ; Far Pull-up R ; Far Pull-down R ; Far C ; Termination Voltage ; Far Differential R ; EBD File Name ; EBD Signal Name ; EBD Far-end ;
+---------------+--------------+-------------------+-------------------------+-------------------------+---------------+---------------------+----------------+------------------+--------+------------------+------------------------+------------------------+--------------+---------------+-----------------+-------+---------------------+--------------------+---------------+-----------------+-------------+
; F0            ; 2.5 V        ; 0 in              ; 0 H/in                  ; 0 F/in                  ; short         ; -                   ; open           ; open             ; open   ; 0 in             ; 0 H/in                 ; 0 F/in                 ; short        ; open          ; open            ; open  ; 0 V                 ; -                  ; n/a           ; n/a             ; n/a         ;
; F1            ; 2.5 V        ; 0 in              ; 0 H/in                  ; 0 F/in                  ; short         ; -                   ; open           ; open             ; open   ; 0 in             ; 0 H/in                 ; 0 F/in                 ; short        ; open          ; open            ; open  ; 0 V                 ; -                  ; n/a           ; n/a             ; n/a         ;
; F2            ; 2.5 V        ; 0 in              ; 0 H/in                  ; 0 F/in                  ; short         ; -                   ; open           ; open             ; open   ; 0 in             ; 0 H/in                 ; 0 F/in                 ; short        ; open          ; open            ; open  ; 0 V                 ; -                  ; n/a           ; n/a             ; n/a         ;
; F3            ; 2.5 V        ; 0 in              ; 0 H/in                  ; 0 F/in                  ; short         ; -                   ; open           ; open             ; open   ; 0 in             ; 0 H/in                 ; 0 F/in                 ; short        ; open          ; open            ; open  ; 0 V                 ; -                  ; n/a           ; n/a             ; n/a         ;
; F4            ; 2.5 V        ; 0 in              ; 0 H/in                  ; 0 F/in                  ; short         ; -                   ; open           ; open             ; open   ; 0 in             ; 0 H/in                 ; 0 F/in                 ; short        ; open          ; open            ; open  ; 0 V                 ; -                  ; n/a           ; n/a             ; n/a         ;
; F5            ; 2.5 V        ; 0 in              ; 0 H/in                  ; 0 F/in                  ; short         ; -                   ; open           ; open             ; open   ; 0 in             ; 0 H/in                 ; 0 F/in                 ; short        ; open          ; open            ; open  ; 0 V                 ; -                  ; n/a           ; n/a             ; n/a         ;
; F6            ; 2.5 V        ; 0 in              ; 0 H/in                  ; 0 F/in                  ; short         ; -                   ; open           ; open             ; open   ; 0 in             ; 0 H/in                 ; 0 F/in                 ; short        ; open          ; open            ; open  ; 0 V                 ; -                  ; n/a           ; n/a             ; n/a         ;
; F7            ; 2.5 V        ; 0 in              ; 0 H/in                  ; 0 F/in                  ; short         ; -                   ; open           ; open             ; open   ; 0 in             ; 0 H/in                 ; 0 F/in                 ; short        ; open          ; open            ; open  ; 0 V                 ; -                  ; n/a           ; n/a             ; n/a         ;
; ~ALTERA_DCLK~ ; 2.5 V        ; 0 in              ; 0 H/in                  ; 0 F/in                  ; short         ; -                   ; open           ; open             ; open   ; 0 in             ; 0 H/in                 ; 0 F/in                 ; short        ; open          ; open            ; open  ; 0 V                 ; -                  ; n/a           ; n/a             ; n/a         ;
; ~ALTERA_nCEO~ ; 2.5 V        ; 0 in              ; 0 H/in                  ; 0 F/in                  ; short         ; -                   ; open           ; open             ; open   ; 0 in             ; 0 H/in                 ; 0 F/in                 ; short        ; open          ; open            ; open  ; 0 V                 ; -                  ; n/a           ; n/a             ; n/a         ;
+---------------+--------------+-------------------+-------------------------+-------------------------+---------------+---------------------+----------------+------------------+--------+------------------+------------------------+------------------------+--------------+---------------+-----------------+-------+---------------------+--------------------+---------------+-----------------+-------------+


+----------------------------------------------------------------------------+
; Input Transition Times                                                     ;
+-------------------------+--------------+-----------------+-----------------+
; Pin                     ; I/O Standard ; 10-90 Rise Time ; 90-10 Fall Time ;
+-------------------------+--------------+-----------------+-----------------+
; A1                      ; 2.5 V        ; 2000 ps         ; 2000 ps         ;
; B1                      ; 2.5 V        ; 2000 ps         ; 2000 ps         ;
; S6                      ; 2.5 V        ; 2000 ps         ; 2000 ps         ;
; S5                      ; 2.5 V        ; 2000 ps         ; 2000 ps         ;
; S8                      ; 2.5 V        ; 2000 ps         ; 2000 ps         ;
; S7                      ; 2.5 V        ; 2000 ps         ; 2000 ps         ;
; B0                      ; 2.5 V        ; 2000 ps         ; 2000 ps         ;
; A0                      ; 2.5 V        ; 2000 ps         ; 2000 ps         ;
; S4                      ; 2.5 V        ; 2000 ps         ; 2000 ps         ;
; C0                      ; 2.5 V        ; 2000 ps         ; 2000 ps         ;
; M                       ; 2.5 V        ; 2000 ps         ; 2000 ps         ;
; S3                      ; 2.5 V        ; 2000 ps         ; 2000 ps         ;
; S2                      ; 2.5 V        ; 2000 ps         ; 2000 ps         ;
; S0                      ; 2.5 V        ; 2000 ps         ; 2000 ps         ;
; S1                      ; 2.5 V        ; 2000 ps         ; 2000 ps         ;
; A7                      ; 2.5 V        ; 2000 ps         ; 2000 ps         ;
; A6                      ; 2.5 V        ; 2000 ps         ; 2000 ps         ;
; B7                      ; 2.5 V        ; 2000 ps         ; 2000 ps         ;
; B4                      ; 2.5 V        ; 2000 ps         ; 2000 ps         ;
; B5                      ; 2.5 V        ; 2000 ps         ; 2000 ps         ;
; B6                      ; 2.5 V        ; 2000 ps         ; 2000 ps         ;
; B2                      ; 2.5 V        ; 2000 ps         ; 2000 ps         ;
; B3                      ; 2.5 V        ; 2000 ps         ; 2000 ps         ;
; A5                      ; 2.5 V        ; 2000 ps         ; 2000 ps         ;
; A4                      ; 2.5 V        ; 2000 ps         ; 2000 ps         ;
; A3                      ; 2.5 V        ; 2000 ps         ; 2000 ps         ;
; A2                      ; 2.5 V        ; 2000 ps         ; 2000 ps         ;
; ~ALTERA_ASDO_DATA1~     ; 2.5 V        ; 2000 ps         ; 2000 ps         ;
; ~ALTERA_FLASH_nCE_nCSO~ ; 2.5 V        ; 2000 ps         ; 2000 ps         ;
; ~ALTERA_DATA0~          ; 2.5 V        ; 2000 ps         ; 2000 ps         ;
+-------------------------+--------------+-----------------+-----------------+


+--------------------------------------------------------------------------------------------------------------------------------------------------------------------------------------------------------------------------------------------------------------------------------------------------------------------------------------------------------------------------------------------------------------------------------------------------------------------------------------------------------------------------------------------------------------------------------------------------------------------------------------------------------------------------------------------+
; Signal Integrity Metrics (Slow 1200mv 0c Model)                                                                                                                                                                                                                                                                                                                                                                                                                                                                                                                                                                                                                                            ;
+---------------+--------------+---------------------+---------------------+------------------------------+------------------------------+---------------------+---------------------+--------------------------------------+--------------------------------------+-----------------------------+-----------------------------+----------------------------+----------------------------+-----------------------------+-----------------------------+--------------------+--------------------+-------------------------------------+-------------------------------------+----------------------------+----------------------------+---------------------------+---------------------------+
; Pin           ; I/O Standard ; Board Delay on Rise ; Board Delay on Fall ; Steady State Voh at FPGA Pin ; Steady State Vol at FPGA Pin ; Voh Max at FPGA Pin ; Vol Min at FPGA Pin ; Ringback Voltage on Rise at FPGA Pin ; Ringback Voltage on Fall at FPGA Pin ; 10-90 Rise Time at FPGA Pin ; 90-10 Fall Time at FPGA Pin ; Monotonic Rise at FPGA Pin ; Monotonic Fall at FPGA Pin ; Steady State Voh at Far-end ; Steady State Vol at Far-end ; Voh Max at Far-end ; Vol Min at Far-end ; Ringback Voltage on Rise at Far-end ; Ringback Voltage on Fall at Far-end ; 10-90 Rise Time at Far-end ; 90-10 Fall Time at Far-end ; Monotonic Rise at Far-end ; Monotonic Fall at Far-end ;
+---------------+--------------+---------------------+---------------------+------------------------------+------------------------------+---------------------+---------------------+--------------------------------------+--------------------------------------+-----------------------------+-----------------------------+----------------------------+----------------------------+-----------------------------+-----------------------------+--------------------+--------------------+-------------------------------------+-------------------------------------+----------------------------+----------------------------+---------------------------+---------------------------+
; F0            ; 2.5 V        ; 0 s                 ; 0 s                 ; 2.32 V                       ; 2.8e-09 V                    ; 2.37 V              ; -0.00373 V          ; 0.104 V                              ; 0.011 V                              ; 4.34e-10 s                  ; 3.82e-10 s                  ; Yes                        ; Yes                        ; 2.32 V                      ; 2.8e-09 V                   ; 2.37 V             ; -0.00373 V         ; 0.104 V                             ; 0.011 V                             ; 4.34e-10 s                 ; 3.82e-10 s                 ; Yes                       ; Yes                       ;
; F1            ; 2.5 V        ; 0 s                 ; 0 s                 ; 2.32 V                       ; 2.8e-09 V                    ; 2.37 V              ; -0.00373 V          ; 0.104 V                              ; 0.011 V                              ; 4.34e-10 s                  ; 3.82e-10 s                  ; Yes                        ; Yes                        ; 2.32 V                      ; 2.8e-09 V                   ; 2.37 V             ; -0.00373 V         ; 0.104 V                             ; 0.011 V                             ; 4.34e-10 s                 ; 3.82e-10 s                 ; Yes                       ; Yes                       ;
; F2            ; 2.5 V        ; 0 s                 ; 0 s                 ; 2.32 V                       ; 2.8e-09 V                    ; 2.37 V              ; -0.00373 V          ; 0.104 V                              ; 0.011 V                              ; 4.34e-10 s                  ; 3.82e-10 s                  ; Yes                        ; Yes                        ; 2.32 V                      ; 2.8e-09 V                   ; 2.37 V             ; -0.00373 V         ; 0.104 V                             ; 0.011 V                             ; 4.34e-10 s                 ; 3.82e-10 s                 ; Yes                       ; Yes                       ;
; F3            ; 2.5 V        ; 0 s                 ; 0 s                 ; 2.32 V                       ; 2.8e-09 V                    ; 2.37 V              ; -0.00373 V          ; 0.104 V                              ; 0.011 V                              ; 4.34e-10 s                  ; 3.82e-10 s                  ; Yes                        ; Yes                        ; 2.32 V                      ; 2.8e-09 V                   ; 2.37 V             ; -0.00373 V         ; 0.104 V                             ; 0.011 V                             ; 4.34e-10 s                 ; 3.82e-10 s                 ; Yes                       ; Yes                       ;
; F4            ; 2.5 V        ; 0 s                 ; 0 s                 ; 2.32 V                       ; 2.8e-09 V                    ; 2.33 V              ; -0.00425 V          ; 0.168 V                              ; 0.058 V                              ; 3.12e-09 s                  ; 2.87e-09 s                  ; Yes                        ; Yes                        ; 2.32 V                      ; 2.8e-09 V                   ; 2.33 V             ; -0.00425 V         ; 0.168 V                             ; 0.058 V                             ; 3.12e-09 s                 ; 2.87e-09 s                 ; Yes                       ; Yes                       ;
; F5            ; 2.5 V        ; 0 s                 ; 0 s                 ; 2.32 V                       ; 2.8e-09 V                    ; 2.37 V              ; -0.00373 V          ; 0.104 V                              ; 0.011 V                              ; 4.34e-10 s                  ; 3.82e-10 s                  ; Yes                        ; Yes                        ; 2.32 V                      ; 2.8e-09 V                   ; 2.37 V             ; -0.00373 V         ; 0.104 V                             ; 0.011 V                             ; 4.34e-10 s                 ; 3.82e-10 s                 ; Yes                       ; Yes                       ;
; F6            ; 2.5 V        ; 0 s                 ; 0 s                 ; 2.32 V                       ; 2.07e-09 V                   ; 2.36 V              ; -0.00737 V          ; 0.209 V                              ; 0.012 V                              ; 5.22e-10 s                  ; 5.33e-10 s                  ; Yes                        ; Yes                        ; 2.32 V                      ; 2.07e-09 V                  ; 2.36 V             ; -0.00737 V         ; 0.209 V                             ; 0.012 V                             ; 5.22e-10 s                 ; 5.33e-10 s                 ; Yes                       ; Yes                       ;
; F7            ; 2.5 V        ; 0 s                 ; 0 s                 ; 2.32 V                       ; 2.8e-09 V                    ; 2.37 V              ; -0.00373 V          ; 0.104 V                              ; 0.011 V                              ; 4.34e-10 s                  ; 3.82e-10 s                  ; Yes                        ; Yes                        ; 2.32 V                      ; 2.8e-09 V                   ; 2.37 V             ; -0.00373 V         ; 0.104 V                             ; 0.011 V                             ; 4.34e-10 s                 ; 3.82e-10 s                 ; Yes                       ; Yes                       ;
; ~ALTERA_DCLK~ ; 2.5 V        ; 0 s                 ; 0 s                 ; 2.32 V                       ; 1.74e-09 V                   ; 2.37 V              ; -0.0346 V           ; 0.198 V                              ; 0.094 V                              ; 3.14e-10 s                  ; 2.92e-10 s                  ; Yes                        ; Yes                        ; 2.32 V                      ; 1.74e-09 V                  ; 2.37 V             ; -0.0346 V          ; 0.198 V                             ; 0.094 V                             ; 3.14e-10 s                 ; 2.92e-10 s                 ; Yes                       ; Yes                       ;
; ~ALTERA_nCEO~ ; 2.5 V        ; 0 s                 ; 0 s                 ; 2.32 V                       ; 2.57e-09 V                   ; 2.37 V              ; -0.00683 V          ; 0.171 V                              ; 0.018 V                              ; 4.97e-10 s                  ; 6.66e-10 s                  ; Yes                        ; Yes                        ; 2.32 V                      ; 2.57e-09 V                  ; 2.37 V             ; -0.00683 V         ; 0.171 V                             ; 0.018 V                             ; 4.97e-10 s                 ; 6.66e-10 s                 ; Yes                       ; Yes                       ;
+---------------+--------------+---------------------+---------------------+------------------------------+------------------------------+---------------------+---------------------+--------------------------------------+--------------------------------------+-----------------------------+-----------------------------+----------------------------+----------------------------+-----------------------------+-----------------------------+--------------------+--------------------+-------------------------------------+-------------------------------------+----------------------------+----------------------------+---------------------------+---------------------------+


+--------------------------------------------------------------------------------------------------------------------------------------------------------------------------------------------------------------------------------------------------------------------------------------------------------------------------------------------------------------------------------------------------------------------------------------------------------------------------------------------------------------------------------------------------------------------------------------------------------------------------------------------------------------------------------------------+
; Signal Integrity Metrics (Slow 1200mv 85c Model)                                                                                                                                                                                                                                                                                                                                                                                                                                                                                                                                                                                                                                           ;
+---------------+--------------+---------------------+---------------------+------------------------------+------------------------------+---------------------+---------------------+--------------------------------------+--------------------------------------+-----------------------------+-----------------------------+----------------------------+----------------------------+-----------------------------+-----------------------------+--------------------+--------------------+-------------------------------------+-------------------------------------+----------------------------+----------------------------+---------------------------+---------------------------+
; Pin           ; I/O Standard ; Board Delay on Rise ; Board Delay on Fall ; Steady State Voh at FPGA Pin ; Steady State Vol at FPGA Pin ; Voh Max at FPGA Pin ; Vol Min at FPGA Pin ; Ringback Voltage on Rise at FPGA Pin ; Ringback Voltage on Fall at FPGA Pin ; 10-90 Rise Time at FPGA Pin ; 90-10 Fall Time at FPGA Pin ; Monotonic Rise at FPGA Pin ; Monotonic Fall at FPGA Pin ; Steady State Voh at Far-end ; Steady State Vol at Far-end ; Voh Max at Far-end ; Vol Min at Far-end ; Ringback Voltage on Rise at Far-end ; Ringback Voltage on Fall at Far-end ; 10-90 Rise Time at Far-end ; 90-10 Fall Time at Far-end ; Monotonic Rise at Far-end ; Monotonic Fall at Far-end ;
+---------------+--------------+---------------------+---------------------+------------------------------+------------------------------+---------------------+---------------------+--------------------------------------+--------------------------------------+-----------------------------+-----------------------------+----------------------------+----------------------------+-----------------------------+-----------------------------+--------------------+--------------------+-------------------------------------+-------------------------------------+----------------------------+----------------------------+---------------------------+---------------------------+
; F0            ; 2.5 V        ; 0 s                 ; 0 s                 ; 2.32 V                       ; 2.85e-07 V                   ; 2.35 V              ; -0.0123 V           ; 0.144 V                              ; 0.042 V                              ; 4.81e-10 s                  ; 4.81e-10 s                  ; Yes                        ; Yes                        ; 2.32 V                      ; 2.85e-07 V                  ; 2.35 V             ; -0.0123 V          ; 0.144 V                             ; 0.042 V                             ; 4.81e-10 s                 ; 4.81e-10 s                 ; Yes                       ; Yes                       ;
; F1            ; 2.5 V        ; 0 s                 ; 0 s                 ; 2.32 V                       ; 2.85e-07 V                   ; 2.35 V              ; -0.0123 V           ; 0.144 V                              ; 0.042 V                              ; 4.81e-10 s                  ; 4.81e-10 s                  ; Yes                        ; Yes                        ; 2.32 V                      ; 2.85e-07 V                  ; 2.35 V             ; -0.0123 V          ; 0.144 V                             ; 0.042 V                             ; 4.81e-10 s                 ; 4.81e-10 s                 ; Yes                       ; Yes                       ;
; F2            ; 2.5 V        ; 0 s                 ; 0 s                 ; 2.32 V                       ; 2.85e-07 V                   ; 2.35 V              ; -0.0123 V           ; 0.144 V                              ; 0.042 V                              ; 4.81e-10 s                  ; 4.81e-10 s                  ; Yes                        ; Yes                        ; 2.32 V                      ; 2.85e-07 V                  ; 2.35 V             ; -0.0123 V          ; 0.144 V                             ; 0.042 V                             ; 4.81e-10 s                 ; 4.81e-10 s                 ; Yes                       ; Yes                       ;
; F3            ; 2.5 V        ; 0 s                 ; 0 s                 ; 2.32 V                       ; 2.85e-07 V                   ; 2.35 V              ; -0.0123 V           ; 0.144 V                              ; 0.042 V                              ; 4.81e-10 s                  ; 4.81e-10 s                  ; Yes                        ; Yes                        ; 2.32 V                      ; 2.85e-07 V                  ; 2.35 V             ; -0.0123 V          ; 0.144 V                             ; 0.042 V                             ; 4.81e-10 s                 ; 4.81e-10 s                 ; Yes                       ; Yes                       ;
; F4            ; 2.5 V        ; 0 s                 ; 0 s                 ; 2.32 V                       ; 2.85e-07 V                   ; 2.33 V              ; -0.00229 V          ; 0.111 V                              ; 0.057 V                              ; 3.78e-09 s                  ; 3.5e-09 s                   ; Yes                        ; Yes                        ; 2.32 V                      ; 2.85e-07 V                  ; 2.33 V             ; -0.00229 V         ; 0.111 V                             ; 0.057 V                             ; 3.78e-09 s                 ; 3.5e-09 s                  ; Yes                       ; Yes                       ;
; F5            ; 2.5 V        ; 0 s                 ; 0 s                 ; 2.32 V                       ; 2.85e-07 V                   ; 2.35 V              ; -0.0123 V           ; 0.144 V                              ; 0.042 V                              ; 4.81e-10 s                  ; 4.81e-10 s                  ; Yes                        ; Yes                        ; 2.32 V                      ; 2.85e-07 V                  ; 2.35 V             ; -0.0123 V          ; 0.144 V                             ; 0.042 V                             ; 4.81e-10 s                 ; 4.81e-10 s                 ; Yes                       ; Yes                       ;
; F6            ; 2.5 V        ; 0 s                 ; 0 s                 ; 2.32 V                       ; 1.93e-07 V                   ; 2.34 V              ; -0.00869 V          ; 0.14 V                               ; 0.046 V                              ; 6.89e-10 s                  ; 6.56e-10 s                  ; Yes                        ; Yes                        ; 2.32 V                      ; 1.93e-07 V                  ; 2.34 V             ; -0.00869 V         ; 0.14 V                              ; 0.046 V                             ; 6.89e-10 s                 ; 6.56e-10 s                 ; Yes                       ; Yes                       ;
; F7            ; 2.5 V        ; 0 s                 ; 0 s                 ; 2.32 V                       ; 2.85e-07 V                   ; 2.35 V              ; -0.0123 V           ; 0.144 V                              ; 0.042 V                              ; 4.81e-10 s                  ; 4.81e-10 s                  ; Yes                        ; Yes                        ; 2.32 V                      ; 2.85e-07 V                  ; 2.35 V             ; -0.0123 V          ; 0.144 V                             ; 0.042 V                             ; 4.81e-10 s                 ; 4.81e-10 s                 ; Yes                       ; Yes                       ;
; ~ALTERA_DCLK~ ; 2.5 V        ; 0 s                 ; 0 s                 ; 2.32 V                       ; 1.55e-07 V                   ; 2.35 V              ; -0.00221 V          ; 0.097 V                              ; 0.005 V                              ; 4.49e-10 s                  ; 3.85e-10 s                  ; Yes                        ; Yes                        ; 2.32 V                      ; 1.55e-07 V                  ; 2.35 V             ; -0.00221 V         ; 0.097 V                             ; 0.005 V                             ; 4.49e-10 s                 ; 3.85e-10 s                 ; Yes                       ; Yes                       ;
; ~ALTERA_nCEO~ ; 2.5 V        ; 0 s                 ; 0 s                 ; 2.32 V                       ; 2.54e-07 V                   ; 2.34 V              ; -0.00774 V          ; 0.109 V                              ; 0.026 V                              ; 6.58e-10 s                  ; 8.24e-10 s                  ; Yes                        ; Yes                        ; 2.32 V                      ; 2.54e-07 V                  ; 2.34 V             ; -0.00774 V         ; 0.109 V                             ; 0.026 V                             ; 6.58e-10 s                 ; 8.24e-10 s                 ; Yes                       ; Yes                       ;
+---------------+--------------+---------------------+---------------------+------------------------------+------------------------------+---------------------+---------------------+--------------------------------------+--------------------------------------+-----------------------------+-----------------------------+----------------------------+----------------------------+-----------------------------+-----------------------------+--------------------+--------------------+-------------------------------------+-------------------------------------+----------------------------+----------------------------+---------------------------+---------------------------+


+--------------------------------------------------------------------------------------------------------------------------------------------------------------------------------------------------------------------------------------------------------------------------------------------------------------------------------------------------------------------------------------------------------------------------------------------------------------------------------------------------------------------------------------------------------------------------------------------------------------------------------------------------------------------------------------------+
; Signal Integrity Metrics (Fast 1200mv 0c Model)                                                                                                                                                                                                                                                                                                                                                                                                                                                                                                                                                                                                                                            ;
+---------------+--------------+---------------------+---------------------+------------------------------+------------------------------+---------------------+---------------------+--------------------------------------+--------------------------------------+-----------------------------+-----------------------------+----------------------------+----------------------------+-----------------------------+-----------------------------+--------------------+--------------------+-------------------------------------+-------------------------------------+----------------------------+----------------------------+---------------------------+---------------------------+
; Pin           ; I/O Standard ; Board Delay on Rise ; Board Delay on Fall ; Steady State Voh at FPGA Pin ; Steady State Vol at FPGA Pin ; Voh Max at FPGA Pin ; Vol Min at FPGA Pin ; Ringback Voltage on Rise at FPGA Pin ; Ringback Voltage on Fall at FPGA Pin ; 10-90 Rise Time at FPGA Pin ; 90-10 Fall Time at FPGA Pin ; Monotonic Rise at FPGA Pin ; Monotonic Fall at FPGA Pin ; Steady State Voh at Far-end ; Steady State Vol at Far-end ; Voh Max at Far-end ; Vol Min at Far-end ; Ringback Voltage on Rise at Far-end ; Ringback Voltage on Fall at Far-end ; 10-90 Rise Time at Far-end ; 90-10 Fall Time at Far-end ; Monotonic Rise at Far-end ; Monotonic Fall at Far-end ;
+---------------+--------------+---------------------+---------------------+------------------------------+------------------------------+---------------------+---------------------+--------------------------------------+--------------------------------------+-----------------------------+-----------------------------+----------------------------+----------------------------+-----------------------------+-----------------------------+--------------------+--------------------+-------------------------------------+-------------------------------------+----------------------------+----------------------------+---------------------------+---------------------------+
; F0            ; 2.5 V        ; 0 s                 ; 0 s                 ; 2.62 V                       ; 4.05e-08 V                   ; 2.72 V              ; -0.0349 V           ; 0.173 V                              ; 0.1 V                                ; 2.72e-10 s                  ; 2.69e-10 s                  ; Yes                        ; Yes                        ; 2.62 V                      ; 4.05e-08 V                  ; 2.72 V             ; -0.0349 V          ; 0.173 V                             ; 0.1 V                               ; 2.72e-10 s                 ; 2.69e-10 s                 ; Yes                       ; Yes                       ;
; F1            ; 2.5 V        ; 0 s                 ; 0 s                 ; 2.62 V                       ; 4.05e-08 V                   ; 2.72 V              ; -0.0349 V           ; 0.173 V                              ; 0.1 V                                ; 2.72e-10 s                  ; 2.69e-10 s                  ; Yes                        ; Yes                        ; 2.62 V                      ; 4.05e-08 V                  ; 2.72 V             ; -0.0349 V          ; 0.173 V                             ; 0.1 V                               ; 2.72e-10 s                 ; 2.69e-10 s                 ; Yes                       ; Yes                       ;
; F2            ; 2.5 V        ; 0 s                 ; 0 s                 ; 2.62 V                       ; 4.05e-08 V                   ; 2.72 V              ; -0.0349 V           ; 0.173 V                              ; 0.1 V                                ; 2.72e-10 s                  ; 2.69e-10 s                  ; Yes                        ; Yes                        ; 2.62 V                      ; 4.05e-08 V                  ; 2.72 V             ; -0.0349 V          ; 0.173 V                             ; 0.1 V                               ; 2.72e-10 s                 ; 2.69e-10 s                 ; Yes                       ; Yes                       ;
; F3            ; 2.5 V        ; 0 s                 ; 0 s                 ; 2.62 V                       ; 4.05e-08 V                   ; 2.72 V              ; -0.0349 V           ; 0.173 V                              ; 0.1 V                                ; 2.72e-10 s                  ; 2.69e-10 s                  ; Yes                        ; Yes                        ; 2.62 V                      ; 4.05e-08 V                  ; 2.72 V             ; -0.0349 V          ; 0.173 V                             ; 0.1 V                               ; 2.72e-10 s                 ; 2.69e-10 s                 ; Yes                       ; Yes                       ;
; F4            ; 2.5 V        ; 0 s                 ; 0 s                 ; 2.62 V                       ; 4.05e-08 V                   ; 2.64 V              ; -0.0113 V           ; 0.208 V                              ; 0.179 V                              ; 2.38e-09 s                  ; 2.23e-09 s                  ; No                         ; Yes                        ; 2.62 V                      ; 4.05e-08 V                  ; 2.64 V             ; -0.0113 V          ; 0.208 V                             ; 0.179 V                             ; 2.38e-09 s                 ; 2.23e-09 s                 ; No                        ; Yes                       ;
; F5            ; 2.5 V        ; 0 s                 ; 0 s                 ; 2.62 V                       ; 4.05e-08 V                   ; 2.72 V              ; -0.0349 V           ; 0.173 V                              ; 0.1 V                                ; 2.72e-10 s                  ; 2.69e-10 s                  ; Yes                        ; Yes                        ; 2.62 V                      ; 4.05e-08 V                  ; 2.72 V             ; -0.0349 V          ; 0.173 V                             ; 0.1 V                               ; 2.72e-10 s                 ; 2.69e-10 s                 ; Yes                       ; Yes                       ;
; F6            ; 2.5 V        ; 0 s                 ; 0 s                 ; 2.62 V                       ; 2.74e-08 V                   ; 2.71 V              ; -0.0317 V           ; 0.148 V                              ; 0.064 V                              ; 4.51e-10 s                  ; 4.15e-10 s                  ; No                         ; Yes                        ; 2.62 V                      ; 2.74e-08 V                  ; 2.71 V             ; -0.0317 V          ; 0.148 V                             ; 0.064 V                             ; 4.51e-10 s                 ; 4.15e-10 s                 ; No                        ; Yes                       ;
; F7            ; 2.5 V        ; 0 s                 ; 0 s                 ; 2.62 V                       ; 4.05e-08 V                   ; 2.72 V              ; -0.0349 V           ; 0.173 V                              ; 0.1 V                                ; 2.72e-10 s                  ; 2.69e-10 s                  ; Yes                        ; Yes                        ; 2.62 V                      ; 4.05e-08 V                  ; 2.72 V             ; -0.0349 V          ; 0.173 V                             ; 0.1 V                               ; 2.72e-10 s                 ; 2.69e-10 s                 ; Yes                       ; Yes                       ;
; ~ALTERA_DCLK~ ; 2.5 V        ; 0 s                 ; 0 s                 ; 2.62 V                       ; 2.22e-08 V                   ; 2.74 V              ; -0.06 V             ; 0.158 V                              ; 0.08 V                               ; 2.68e-10 s                  ; 2.19e-10 s                  ; Yes                        ; Yes                        ; 2.62 V                      ; 2.22e-08 V                  ; 2.74 V             ; -0.06 V            ; 0.158 V                             ; 0.08 V                              ; 2.68e-10 s                 ; 2.19e-10 s                 ; Yes                       ; Yes                       ;
; ~ALTERA_nCEO~ ; 2.5 V        ; 0 s                 ; 0 s                 ; 2.62 V                       ; 3.54e-08 V                   ; 2.7 V               ; -0.00943 V          ; 0.276 V                              ; 0.035 V                              ; 3.19e-10 s                  ; 4.99e-10 s                  ; No                         ; Yes                        ; 2.62 V                      ; 3.54e-08 V                  ; 2.7 V              ; -0.00943 V         ; 0.276 V                             ; 0.035 V                             ; 3.19e-10 s                 ; 4.99e-10 s                 ; No                        ; Yes                       ;
+---------------+--------------+---------------------+---------------------+------------------------------+------------------------------+---------------------+---------------------+--------------------------------------+--------------------------------------+-----------------------------+-----------------------------+----------------------------+----------------------------+-----------------------------+-----------------------------+--------------------+--------------------+-------------------------------------+-------------------------------------+----------------------------+----------------------------+---------------------------+---------------------------+


-------------------
; Clock Transfers ;
-------------------
Nothing to report.


---------------
; Report TCCS ;
---------------
No dedicated SERDES Transmitter circuitry present in device or used in design


---------------
; Report RSKM ;
---------------
No dedicated SERDES Receiver circuitry present in device or used in design


+------------------------------------------------+
; Unconstrained Paths                            ;
+---------------------------------+-------+------+
; Property                        ; Setup ; Hold ;
+---------------------------------+-------+------+
; Illegal Clocks                  ; 0     ; 0    ;
; Unconstrained Clocks            ; 0     ; 0    ;
; Unconstrained Input Ports       ; 27    ; 27   ;
; Unconstrained Input Port Paths  ; 216   ; 216  ;
; Unconstrained Output Ports      ; 8     ; 8    ;
; Unconstrained Output Port Paths ; 216   ; 216  ;
+---------------------------------+-------+------+


+------------------------------------+
; TimeQuest Timing Analyzer Messages ;
+------------------------------------+
Info: *******************************************************************
Info: Running Quartus II 64-Bit TimeQuest Timing Analyzer
    Info: Version 13.0.1 Build 232 06/12/2013 Service Pack 1 SJ Full Version
    Info: Processing started: Sun Nov 24 17:37:52 2024
Info: Command: quartus_sta ALU -c ALU
Info: qsta_default_script.tcl version: #1
Info (11104): Parallel Compilation has detected 20 hyper-threaded processors. However, the extra hyper-threaded processors will not be used by default. Parallel Compilation will use 14 of the 14 physical processors detected instead.
Info (21077): Core supply voltage is 1.2V
Info (21077): Low junction temperature is 0 degrees C
Info (21077): High junction temperature is 85 degrees C
Critical Warning (332012): Synopsys Design Constraints File file not found: 'ALU.sdc'. A Synopsys Design Constraints File is required by the TimeQuest Timing Analyzer to get proper timing constraints. Without it, the Compiler will not properly optimize the design.
Info (332142): No user constrained base clocks found in the design. Calling "derive_clocks -period 1.0"
Info (332096): The command derive_clocks did not find any clocks to derive.  No clocks were created or changed.
Warning (332068): No clocks defined in design.
Info (332143): No user constrained clock uncertainty found in the design. Calling "derive_clock_uncertainty"
Info (332154): The derive_clock_uncertainty command did not apply clock uncertainty to any clock-to-clock transfers.
Info: Found TIMEQUEST_REPORT_SCRIPT_INCLUDE_DEFAULT_ANALYSIS = ON
Info (332159): No clocks to report
Info: Analyzing Slow 1200mV 85C Model
Info (332140): No fmax paths to report
Info (332140): No Setup paths to report
Info (332140): No Hold paths to report
Info (332140): No Recovery paths to report
Info (332140): No Removal paths to report
Info (332140): No Minimum Pulse Width paths to report
Info: Analyzing Slow 1200mV 0C Model
Info (334003): Started post-fitting delay annotation
Info (334004): Delay annotation completed successfully
Info (332142): No user constrained base clocks found in the design. Calling "derive_clocks -period 1.0"
Info (332096): The command derive_clocks did not find any clocks to derive.  No clocks were created or changed.
Warning (332068): No clocks defined in design.
Info (332154): The derive_clock_uncertainty command did not apply clock uncertainty to any clock-to-clock transfers.
Info (332140): No fmax paths to report
Info (332140): No Setup paths to report
Info (332140): No Hold paths to report
Info (332140): No Recovery paths to report
Info (332140): No Removal paths to report
Info (332140): No Minimum Pulse Width paths to report
Info: Analyzing Fast 1200mV 0C Model
Info (332142): No user constrained base clocks found in the design. Calling "derive_clocks -period 1.0"
Info (332096): The command derive_clocks did not find any clocks to derive.  No clocks were created or changed.
Warning (332068): No clocks defined in design.
Info (332154): The derive_clock_uncertainty command did not apply clock uncertainty to any clock-to-clock transfers.
Info (332140): No Setup paths to report
Info (332140): No Hold paths to report
Info (332140): No Recovery paths to report
Info (332140): No Removal paths to report
Info (332140): No Minimum Pulse Width paths to report
Info (332102): Design is not fully constrained for setup requirements
Info (332102): Design is not fully constrained for hold requirements
Info: Quartus II 64-Bit TimeQuest Timing Analyzer was successful. 0 errors, 4 warnings
    Info: Peak virtual memory: 4707 megabytes
    Info: Processing ended: Sun Nov 24 17:37:54 2024
    Info: Elapsed time: 00:00:02
    Info: Total CPU time (on all processors): 00:00:01


