TimeQuest Timing Analyzer report for METRIX
Mon Nov 11 19:56:18 2024
Quartus II 64-Bit Version 13.0.1 Build 232 06/12/2013 Service Pack 1 SJ Full Version


---------------------
; Table of Contents ;
---------------------
  1. Legal Notice
  2. TimeQuest Timing Analyzer Summary
  3. Parallel Compilation
  4. Clocks
  5. Slow 1200mV 125C Model Fmax Summary
  6. Timing Closure Recommendations
  7. Slow 1200mV 125C Model Setup Summary
  8. Slow 1200mV 125C Model Hold Summary
  9. Slow 1200mV 125C Model Recovery Summary
 10. Slow 1200mV 125C Model Removal Summary
 11. Slow 1200mV 125C Model Minimum Pulse Width Summary
 12. Propagation Delay
 13. Minimum Propagation Delay
 14. Slow 1200mV 125C Model Metastability Report
 15. Slow 1200mV -40C Model Fmax Summary
 16. Slow 1200mV -40C Model Setup Summary
 17. Slow 1200mV -40C Model Hold Summary
 18. Slow 1200mV -40C Model Recovery Summary
 19. Slow 1200mV -40C Model Removal Summary
 20. Slow 1200mV -40C Model Minimum Pulse Width Summary
 21. Propagation Delay
 22. Minimum Propagation Delay
 23. Slow 1200mV -40C Model Metastability Report
 24. Fast 1200mV -40C Model Setup Summary
 25. Fast 1200mV -40C Model Hold Summary
 26. Fast 1200mV -40C Model Recovery Summary
 27. Fast 1200mV -40C Model Removal Summary
 28. Fast 1200mV -40C Model Minimum Pulse Width Summary
 29. Propagation Delay
 30. Minimum Propagation Delay
 31. Fast 1200mV -40C Model Metastability Report
 32. Multicorner Timing Analysis Summary
 33. Progagation Delay
 34. Minimum Progagation Delay
 35. Board Trace Model Assignments
 36. Input Transition Times
 37. Signal Integrity Metrics (Slow 1200mv n40c Model)
 38. Signal Integrity Metrics (Slow 1200mv 125c Model)
 39. Signal Integrity Metrics (Fast 1200mv n40c Model)
 40. Clock Transfers
 41. Report TCCS
 42. Report RSKM
 43. Unconstrained Paths
 44. TimeQuest Timing Analyzer Messages



----------------
; Legal Notice ;
----------------
Copyright (C) 1991-2013 Altera Corporation
Your use of Altera Corporation's design tools, logic functions 
and other software and tools, and its AMPP partner logic 
functions, and any output files from any of the foregoing 
(including device programming or simulation files), and any 
associated documentation or information are expressly subject 
to the terms and conditions of the Altera Program License 
Subscription Agreement, Altera MegaCore Function License 
Agreement, or other applicable license agreement, including, 
without limitation, that your use is for the sole purpose of 
programming logic devices manufactured by Altera and sold by 
Altera or its authorized distributors.  Please refer to the 
applicable agreement for further details.



+-----------------------------------------------------------------------------------------+
; TimeQuest Timing Analyzer Summary                                                       ;
+--------------------+--------------------------------------------------------------------+
; Quartus II Version ; Version 13.0.1 Build 232 06/12/2013 Service Pack 1 SJ Full Version ;
; Revision Name      ; METRIX                                                             ;
; Device Family      ; Cyclone IV E                                                       ;
; Device Name        ; EP4CE6E22A7                                                        ;
; Timing Models      ; Final                                                              ;
; Delay Model        ; Combined                                                           ;
; Rise/Fall Delays   ; Enabled                                                            ;
+--------------------+--------------------------------------------------------------------+


+------------------------------------------+
; Parallel Compilation                     ;
+----------------------------+-------------+
; Processors                 ; Number      ;
+----------------------------+-------------+
; Number detected on machine ; 8           ;
; Maximum allowed            ; 4           ;
;                            ;             ;
; Average used               ; 1.00        ;
; Maximum used               ; 4           ;
;                            ;             ;
; Usage by Processor         ; % Time Used ;
;     Processor 1            ; 100.0%      ;
;     Processors 2-4         ; < 0.1%      ;
;     Processors 5-8         ;   0.0%      ;
+----------------------------+-------------+


----------
; Clocks ;
----------
No clocks to report.


---------------------------------------
; Slow 1200mV 125C Model Fmax Summary ;
---------------------------------------
No paths to report.


----------------------------------
; Timing Closure Recommendations ;
----------------------------------
HTML report is unavailable in plain text report export.


----------------------------------------
; Slow 1200mV 125C Model Setup Summary ;
----------------------------------------
No paths to report.


---------------------------------------
; Slow 1200mV 125C Model Hold Summary ;
---------------------------------------
No paths to report.


-------------------------------------------
; Slow 1200mV 125C Model Recovery Summary ;
-------------------------------------------
No paths to report.


------------------------------------------
; Slow 1200mV 125C Model Removal Summary ;
------------------------------------------
No paths to report.


------------------------------------------------------
; Slow 1200mV 125C Model Minimum Pulse Width Summary ;
------------------------------------------------------
No paths to report.


+--------------------------------------------------------------+
; Propagation Delay                                            ;
+------------+-------------+--------+--------+--------+--------+
; Input Port ; Output Port ; RR     ; RF     ; FR     ; FF     ;
+------------+-------------+--------+--------+--------+--------+
; a0         ; p0          ; 9.075  ;        ;        ; 9.433  ;
; a0         ; p1          ; 9.796  ; 9.696  ; 10.180 ; 10.120 ;
; a0         ; p2          ; 10.462 ; 10.434 ; 10.955 ; 10.862 ;
; a0         ; p3          ; 12.422 ; 12.424 ; 12.955 ; 12.911 ;
; a0         ; p4          ; 13.604 ; 13.556 ; 14.101 ; 14.053 ;
; a0         ; p5          ; 15.683 ; 15.625 ; 16.180 ; 16.122 ;
; a0         ; p6          ; 17.175 ; 17.134 ; 17.773 ; 17.735 ;
; a0         ; p7          ; 18.886 ; 18.865 ; 19.484 ; 19.463 ;
; a0         ; p8          ; 20.627 ; 20.600 ; 21.332 ; 21.305 ;
; a0         ; p9          ; 20.514 ; 20.472 ; 21.216 ; 21.177 ;
; a0         ; p10         ; 23.183 ; 23.222 ; 23.888 ; 23.924 ;
; a0         ; p11         ; 22.524 ; 22.425 ; 23.229 ; 23.130 ;
; a0         ; p12         ; 24.115 ; 24.131 ; 24.726 ; 24.791 ;
; a0         ; p13         ; 24.471 ; 24.377 ; 25.164 ; 25.052 ;
; a0         ; p14         ; 24.385 ; 24.322 ; 25.078 ; 25.015 ;
; a0         ; p15         ; 25.393 ; 25.506 ; 25.973 ; 26.199 ;
; a1         ; p1          ; 9.191  ; 9.133  ; 9.628  ; 9.523  ;
; a1         ; p2          ; 9.862  ; 9.831  ; 10.362 ; 10.282 ;
; a1         ; p3          ; 11.817 ; 11.819 ; 12.366 ; 12.322 ;
; a1         ; p4          ; 12.999 ; 12.951 ; 13.512 ; 13.464 ;
; a1         ; p5          ; 15.078 ; 15.020 ; 15.591 ; 15.533 ;
; a1         ; p6          ; 16.570 ; 16.529 ; 17.184 ; 17.146 ;
; a1         ; p7          ; 18.281 ; 18.260 ; 18.895 ; 18.874 ;
; a1         ; p8          ; 20.022 ; 19.995 ; 20.743 ; 20.716 ;
; a1         ; p9          ; 19.909 ; 19.867 ; 20.627 ; 20.588 ;
; a1         ; p10         ; 22.578 ; 22.617 ; 23.299 ; 23.335 ;
; a1         ; p11         ; 21.919 ; 21.820 ; 22.640 ; 22.541 ;
; a1         ; p12         ; 23.510 ; 23.526 ; 24.137 ; 24.202 ;
; a1         ; p13         ; 23.866 ; 23.772 ; 24.575 ; 24.463 ;
; a1         ; p14         ; 23.780 ; 23.717 ; 24.489 ; 24.426 ;
; a1         ; p15         ; 24.788 ; 24.901 ; 25.384 ; 25.610 ;
; a2         ; p2          ; 10.101 ; 10.030 ; 10.533 ; 10.502 ;
; a2         ; p3          ; 11.908 ; 11.855 ; 12.379 ; 12.322 ;
; a2         ; p4          ; 13.054 ; 13.006 ; 13.525 ; 13.477 ;
; a2         ; p5          ; 15.133 ; 15.075 ; 15.604 ; 15.546 ;
; a2         ; p6          ; 16.625 ; 16.578 ; 17.096 ; 17.049 ;
; a2         ; p7          ; 18.336 ; 18.315 ; 18.807 ; 18.786 ;
; a2         ; p8          ; 20.091 ; 20.064 ; 20.610 ; 20.583 ;
; a2         ; p9          ; 20.027 ; 19.972 ; 20.498 ; 20.455 ;
; a2         ; p10         ; 22.680 ; 22.735 ; 23.166 ; 23.206 ;
; a2         ; p11         ; 22.021 ; 21.922 ; 22.507 ; 22.408 ;
; a2         ; p12         ; 23.628 ; 23.644 ; 24.099 ; 24.115 ;
; a2         ; p13         ; 23.984 ; 23.890 ; 24.455 ; 24.361 ;
; a2         ; p14         ; 23.898 ; 23.835 ; 24.369 ; 24.306 ;
; a2         ; p15         ; 24.906 ; 25.019 ; 25.377 ; 25.490 ;
; a3         ; p3          ; 10.688 ; 10.645 ; 11.060 ; 11.026 ;
; a3         ; p4          ; 11.834 ; 11.786 ; 12.206 ; 12.158 ;
; a3         ; p5          ; 13.913 ; 13.855 ; 14.285 ; 14.227 ;
; a3         ; p6          ; 15.730 ; 15.692 ; 16.246 ; 16.208 ;
; a3         ; p7          ; 17.441 ; 17.420 ; 17.957 ; 17.936 ;
; a3         ; p8          ; 19.185 ; 19.158 ; 19.805 ; 19.778 ;
; a3         ; p9          ; 19.069 ; 19.030 ; 19.689 ; 19.650 ;
; a3         ; p10         ; 21.741 ; 21.777 ; 22.361 ; 22.397 ;
; a3         ; p11         ; 21.082 ; 20.983 ; 21.702 ; 21.603 ;
; a3         ; p12         ; 22.579 ; 22.644 ; 23.199 ; 23.264 ;
; a3         ; p13         ; 23.017 ; 22.905 ; 23.637 ; 23.525 ;
; a3         ; p14         ; 22.931 ; 22.868 ; 23.551 ; 23.488 ;
; a3         ; p15         ; 23.826 ; 24.052 ; 24.446 ; 24.672 ;
; a4         ; p4          ; 10.566 ; 10.518 ; 10.952 ; 10.904 ;
; a4         ; p5          ; 12.645 ; 12.587 ; 13.031 ; 12.973 ;
; a4         ; p6          ; 14.683 ; 14.645 ; 15.135 ; 15.097 ;
; a4         ; p7          ; 16.394 ; 16.373 ; 16.846 ; 16.825 ;
; a4         ; p8          ; 18.138 ; 18.111 ; 18.694 ; 18.667 ;
; a4         ; p9          ; 18.022 ; 17.983 ; 18.578 ; 18.539 ;
; a4         ; p10         ; 20.694 ; 20.730 ; 21.250 ; 21.286 ;
; a4         ; p11         ; 20.035 ; 19.936 ; 20.591 ; 20.492 ;
; a4         ; p12         ; 21.532 ; 21.597 ; 22.088 ; 22.153 ;
; a4         ; p13         ; 21.970 ; 21.858 ; 22.526 ; 22.414 ;
; a4         ; p14         ; 21.884 ; 21.821 ; 22.440 ; 22.377 ;
; a4         ; p15         ; 22.779 ; 23.005 ; 23.335 ; 23.561 ;
; a5         ; p5          ; 12.464 ; 12.393 ; 12.890 ; 12.819 ;
; a5         ; p6          ; 14.575 ; 14.537 ; 15.028 ; 14.990 ;
; a5         ; p7          ; 16.286 ; 16.265 ; 16.739 ; 16.718 ;
; a5         ; p8          ; 18.030 ; 18.003 ; 18.587 ; 18.560 ;
; a5         ; p9          ; 17.914 ; 17.875 ; 18.471 ; 18.432 ;
; a5         ; p10         ; 20.586 ; 20.622 ; 21.143 ; 21.179 ;
; a5         ; p11         ; 19.927 ; 19.828 ; 20.484 ; 20.385 ;
; a5         ; p12         ; 21.424 ; 21.489 ; 21.981 ; 22.046 ;
; a5         ; p13         ; 21.862 ; 21.750 ; 22.419 ; 22.307 ;
; a5         ; p14         ; 21.776 ; 21.713 ; 22.333 ; 22.270 ;
; a5         ; p15         ; 22.671 ; 22.897 ; 23.228 ; 23.454 ;
; a6         ; p6          ; 13.808 ; 13.770 ; 14.250 ; 14.212 ;
; a6         ; p7          ; 15.519 ; 15.498 ; 15.961 ; 15.940 ;
; a6         ; p8          ; 17.004 ; 16.924 ; 17.446 ; 17.366 ;
; a6         ; p9          ; 16.837 ; 16.821 ; 17.279 ; 17.263 ;
; a6         ; p10         ; 19.597 ; 19.654 ; 20.039 ; 20.096 ;
; a6         ; p11         ; 18.941 ; 18.843 ; 19.383 ; 19.285 ;
; a6         ; p12         ; 20.467 ; 20.503 ; 20.909 ; 20.945 ;
; a6         ; p13         ; 20.876 ; 20.764 ; 21.318 ; 21.206 ;
; a6         ; p14         ; 20.790 ; 20.727 ; 21.232 ; 21.169 ;
; a6         ; p15         ; 21.759 ; 21.911 ; 22.201 ; 22.353 ;
; a7         ; p7          ; 14.246 ; 14.219 ; 14.601 ; 14.574 ;
; a7         ; p8          ; 16.058 ; 16.031 ; 16.436 ; 16.409 ;
; a7         ; p9          ; 15.942 ; 15.903 ; 16.320 ; 16.281 ;
; a7         ; p10         ; 18.614 ; 18.650 ; 18.992 ; 19.028 ;
; a7         ; p11         ; 17.955 ; 17.856 ; 18.333 ; 18.234 ;
; a7         ; p12         ; 19.452 ; 19.517 ; 19.830 ; 19.895 ;
; a7         ; p13         ; 19.890 ; 19.778 ; 20.268 ; 20.156 ;
; a7         ; p14         ; 19.804 ; 19.741 ; 20.182 ; 20.119 ;
; a7         ; p15         ; 20.699 ; 20.925 ; 21.077 ; 21.303 ;
; b0         ; p0          ; 8.525  ;        ;        ; 8.929  ;
; b0         ; p1          ; 8.942  ; 8.843  ; 9.387  ; 9.279  ;
; b0         ; p2          ; 9.700  ; 9.629  ; 10.165 ; 10.134 ;
; b0         ; p3          ; 11.568 ; 11.570 ; 12.113 ; 12.069 ;
; b0         ; p4          ; 12.750 ; 12.702 ; 13.259 ; 13.211 ;
; b0         ; p5          ; 14.829 ; 14.771 ; 15.338 ; 15.280 ;
; b0         ; p6          ; 16.321 ; 16.280 ; 16.931 ; 16.893 ;
; b0         ; p7          ; 18.032 ; 18.011 ; 18.642 ; 18.621 ;
; b0         ; p8          ; 19.773 ; 19.746 ; 20.490 ; 20.463 ;
; b0         ; p9          ; 19.660 ; 19.618 ; 20.374 ; 20.335 ;
; b0         ; p10         ; 22.329 ; 22.368 ; 23.046 ; 23.082 ;
; b0         ; p11         ; 21.670 ; 21.571 ; 22.387 ; 22.288 ;
; b0         ; p12         ; 23.261 ; 23.277 ; 23.884 ; 23.949 ;
; b0         ; p13         ; 23.617 ; 23.523 ; 24.322 ; 24.210 ;
; b0         ; p14         ; 23.531 ; 23.468 ; 24.236 ; 24.173 ;
; b0         ; p15         ; 24.539 ; 24.652 ; 25.131 ; 25.357 ;
; b1         ; p1          ; 9.328  ; 9.228  ; 9.806  ; 9.732  ;
; b1         ; p2          ; 9.937  ; 9.909  ; 10.521 ; 10.428 ;
; b1         ; p3          ; 11.897 ; 11.899 ; 12.521 ; 12.477 ;
; b1         ; p4          ; 13.079 ; 13.031 ; 13.667 ; 13.619 ;
; b1         ; p5          ; 15.158 ; 15.100 ; 15.746 ; 15.688 ;
; b1         ; p6          ; 16.650 ; 16.609 ; 17.339 ; 17.301 ;
; b1         ; p7          ; 18.361 ; 18.340 ; 19.050 ; 19.029 ;
; b1         ; p8          ; 20.102 ; 20.075 ; 20.898 ; 20.871 ;
; b1         ; p9          ; 19.989 ; 19.947 ; 20.782 ; 20.743 ;
; b1         ; p10         ; 22.658 ; 22.697 ; 23.454 ; 23.490 ;
; b1         ; p11         ; 21.999 ; 21.900 ; 22.795 ; 22.696 ;
; b1         ; p12         ; 23.590 ; 23.606 ; 24.292 ; 24.357 ;
; b1         ; p13         ; 23.946 ; 23.852 ; 24.730 ; 24.618 ;
; b1         ; p14         ; 23.860 ; 23.797 ; 24.644 ; 24.581 ;
; b1         ; p15         ; 24.868 ; 24.981 ; 25.539 ; 25.765 ;
; b2         ; p2          ; 9.637  ; 9.567  ; 10.103 ; 10.024 ;
; b2         ; p3          ; 11.391 ; 11.393 ; 11.901 ; 11.844 ;
; b2         ; p4          ; 12.573 ; 12.525 ; 13.047 ; 12.999 ;
; b2         ; p5          ; 14.652 ; 14.594 ; 15.126 ; 15.068 ;
; b2         ; p6          ; 16.144 ; 16.097 ; 16.618 ; 16.571 ;
; b2         ; p7          ; 17.855 ; 17.834 ; 18.329 ; 18.308 ;
; b2         ; p8          ; 19.448 ; 19.421 ; 20.084 ; 20.057 ;
; b2         ; p9          ; 19.371 ; 19.316 ; 20.020 ; 19.965 ;
; b2         ; p10         ; 22.024 ; 22.079 ; 22.673 ; 22.728 ;
; b2         ; p11         ; 21.365 ; 21.266 ; 22.014 ; 21.915 ;
; b2         ; p12         ; 22.972 ; 22.988 ; 23.621 ; 23.637 ;
; b2         ; p13         ; 23.328 ; 23.234 ; 23.977 ; 23.883 ;
; b2         ; p14         ; 23.242 ; 23.179 ; 23.891 ; 23.828 ;
; b2         ; p15         ; 24.250 ; 24.363 ; 24.899 ; 25.012 ;
; b3         ; p3          ; 9.139  ; 9.083  ; 9.531  ; 9.466  ;
; b3         ; p4          ; 10.341 ; 10.293 ; 10.734 ; 10.686 ;
; b3         ; p5          ; 12.420 ; 12.362 ; 12.813 ; 12.755 ;
; b3         ; p6          ; 13.912 ; 13.865 ; 14.305 ; 14.258 ;
; b3         ; p7          ; 15.623 ; 15.602 ; 16.016 ; 15.995 ;
; b3         ; p8          ; 17.108 ; 17.028 ; 17.501 ; 17.421 ;
; b3         ; p9          ; 16.941 ; 16.925 ; 17.334 ; 17.318 ;
; b3         ; p10         ; 19.694 ; 19.751 ; 20.087 ; 20.144 ;
; b3         ; p11         ; 19.038 ; 18.940 ; 19.431 ; 19.333 ;
; b3         ; p12         ; 20.564 ; 20.600 ; 20.957 ; 20.993 ;
; b3         ; p13         ; 20.973 ; 20.861 ; 21.366 ; 21.254 ;
; b3         ; p14         ; 20.887 ; 20.824 ; 21.280 ; 21.217 ;
; b3         ; p15         ; 21.856 ; 22.008 ; 22.249 ; 22.401 ;
; b4         ; p4          ; 9.205  ; 9.179  ; 9.638  ; 9.522  ;
; b4         ; p5          ; 11.214 ; 11.198 ; 11.698 ; 11.640 ;
; b4         ; p6          ; 12.748 ; 12.701 ; 13.190 ; 13.143 ;
; b4         ; p7          ; 14.459 ; 14.438 ; 14.901 ; 14.880 ;
; b4         ; p8          ; 15.944 ; 15.864 ; 16.386 ; 16.306 ;
; b4         ; p9          ; 15.777 ; 15.761 ; 16.219 ; 16.203 ;
; b4         ; p10         ; 18.530 ; 18.587 ; 18.972 ; 19.029 ;
; b4         ; p11         ; 17.874 ; 17.776 ; 18.316 ; 18.218 ;
; b4         ; p12         ; 19.400 ; 19.436 ; 19.842 ; 19.878 ;
; b4         ; p13         ; 19.809 ; 19.697 ; 20.251 ; 20.139 ;
; b4         ; p14         ; 19.723 ; 19.660 ; 20.165 ; 20.102 ;
; b4         ; p15         ; 20.692 ; 20.844 ; 21.134 ; 21.286 ;
; b5         ; p5          ; 9.051  ; 8.979  ; 9.468  ; 9.433  ;
; b5         ; p6          ; 10.556 ; 10.549 ; 11.057 ; 11.010 ;
; b5         ; p7          ; 12.296 ; 12.255 ; 12.768 ; 12.747 ;
; b5         ; p8          ; 13.761 ; 13.681 ; 14.253 ; 14.173 ;
; b5         ; p9          ; 13.594 ; 13.578 ; 14.086 ; 14.070 ;
; b5         ; p10         ; 16.289 ; 16.323 ; 16.850 ; 16.907 ;
; b5         ; p11         ; 15.630 ; 15.531 ; 16.194 ; 16.096 ;
; b5         ; p12         ; 17.130 ; 17.192 ; 17.720 ; 17.756 ;
; b5         ; p13         ; 17.565 ; 17.453 ; 18.129 ; 18.017 ;
; b5         ; p14         ; 17.479 ; 17.416 ; 18.043 ; 17.980 ;
; b5         ; p15         ; 18.422 ; 18.600 ; 19.012 ; 19.164 ;
; b6         ; p6          ; 9.079  ; 9.081  ; 9.497  ; 9.469  ;
; b6         ; p7          ; 10.772 ; 10.751 ; 11.182 ; 11.141 ;
; b6         ; p8          ; 12.257 ; 12.177 ; 12.647 ; 12.567 ;
; b6         ; p9          ; 12.090 ; 12.074 ; 12.480 ; 12.464 ;
; b6         ; p10         ; 14.785 ; 14.819 ; 15.175 ; 15.209 ;
; b6         ; p11         ; 14.126 ; 14.027 ; 14.516 ; 14.417 ;
; b6         ; p12         ; 15.623 ; 15.688 ; 16.013 ; 16.078 ;
; b6         ; p13         ; 16.061 ; 15.949 ; 16.451 ; 16.339 ;
; b6         ; p14         ; 15.975 ; 15.912 ; 16.365 ; 16.302 ;
; b6         ; p15         ; 16.742 ; 17.096 ; 17.197 ; 17.486 ;
; b7         ; p7          ; 8.647  ; 8.568  ; 9.029  ; 8.941  ;
; b7         ; p8          ; 10.096 ; 10.081 ; 10.529 ; 10.449 ;
; b7         ; p9          ; 9.968  ; 9.912  ; 10.362 ; 10.346 ;
; b7         ; p10         ; 12.577 ; 12.676 ; 13.057 ; 13.091 ;
; b7         ; p11         ; 11.899 ; 11.809 ; 12.398 ; 12.299 ;
; b7         ; p12         ; 13.433 ; 13.458 ; 13.895 ; 13.960 ;
; b7         ; p13         ; 13.772 ; 13.709 ; 14.333 ; 14.221 ;
; b7         ; p14         ; 13.621 ; 13.574 ; 14.247 ; 14.184 ;
; b7         ; p15         ; 14.725 ;        ;        ; 15.368 ;
+------------+-------------+--------+--------+--------+--------+


+--------------------------------------------------------------+
; Minimum Propagation Delay                                    ;
+------------+-------------+--------+--------+--------+--------+
; Input Port ; Output Port ; RR     ; RF     ; FR     ; FF     ;
+------------+-------------+--------+--------+--------+--------+
; a0         ; p0          ; 8.766  ;        ;        ; 9.113  ;
; a0         ; p1          ; 9.460  ; 9.367  ; 9.836  ; 9.777  ;
; a0         ; p2          ; 9.805  ; 9.736  ; 10.230 ; 10.152 ;
; a0         ; p3          ; 9.317  ; 9.264  ; 9.699  ; 9.681  ;
; a0         ; p4          ; 9.092  ; 9.019  ; 9.476  ; 9.440  ;
; a0         ; p5          ; 8.766  ; 8.693  ; 9.178  ; 9.096  ;
; a0         ; p6          ; 8.789  ; 8.802  ; 9.248  ; 9.197  ;
; a0         ; p7          ; 8.830  ; 8.754  ; 9.221  ; 9.180  ;
; a0         ; p8          ; 10.140 ; 10.121 ; 10.608 ; 10.542 ;
; a0         ; p9          ; 10.031 ; 9.976  ; 10.445 ; 10.427 ;
; a0         ; p10         ; 12.515 ; 12.611 ; 12.993 ; 13.042 ;
; a0         ; p11         ; 11.826 ; 11.738 ; 12.302 ; 12.205 ;
; a0         ; p12         ; 13.295 ; 13.318 ; 13.739 ; 13.799 ;
; a0         ; p13         ; 13.544 ; 13.481 ; 14.078 ; 13.969 ;
; a0         ; p14         ; 13.344 ; 13.296 ; 13.909 ; 13.826 ;
; a0         ; p15         ; 14.415 ; 15.228 ; 15.641 ; 14.989 ;
; a1         ; p1          ; 8.864  ; 8.827  ; 9.305  ; 9.175  ;
; a1         ; p2          ; 9.432  ; 9.399  ; 9.903  ; 9.824  ;
; a1         ; p3          ; 10.179 ; 10.123 ; 10.598 ; 10.577 ;
; a1         ; p4          ; 9.894  ; 9.880  ; 10.322 ; 10.282 ;
; a1         ; p5          ; 10.193 ; 10.123 ; 10.562 ; 10.523 ;
; a1         ; p6          ; 10.224 ; 10.178 ; 10.612 ; 10.602 ;
; a1         ; p7          ; 9.534  ; 9.490  ; 9.913  ; 9.869  ;
; a1         ; p8          ; 9.348  ; 9.292  ; 9.710  ; 9.645  ;
; a1         ; p9          ; 9.234  ; 9.179  ; 9.539  ; 9.521  ;
; a1         ; p10         ; 11.718 ; 11.814 ; 12.087 ; 12.136 ;
; a1         ; p11         ; 11.029 ; 10.941 ; 11.396 ; 11.299 ;
; a1         ; p12         ; 12.498 ; 12.521 ; 12.833 ; 12.893 ;
; a1         ; p13         ; 12.747 ; 12.684 ; 13.172 ; 13.063 ;
; a1         ; p14         ; 12.547 ; 12.499 ; 13.003 ; 12.920 ;
; a1         ; p15         ; 13.618 ; 14.515 ; 14.880 ; 14.083 ;
; a2         ; p2          ; 9.754  ; 9.684  ; 10.175 ; 10.142 ;
; a2         ; p3          ; 10.813 ; 10.758 ; 11.242 ; 11.183 ;
; a2         ; p4          ; 10.063 ; 10.024 ; 10.473 ; 10.434 ;
; a2         ; p5          ; 11.060 ; 10.986 ; 11.470 ; 11.396 ;
; a2         ; p6          ; 10.839 ; 10.809 ; 11.230 ; 11.191 ;
; a2         ; p7          ; 9.622  ; 9.578  ; 10.046 ; 9.998  ;
; a2         ; p8          ; 9.903  ; 9.846  ; 10.316 ; 10.266 ;
; a2         ; p9          ; 9.541  ; 9.523  ; 10.008 ; 9.944  ;
; a2         ; p10         ; 12.024 ; 12.120 ; 12.516 ; 12.565 ;
; a2         ; p11         ; 11.335 ; 11.247 ; 11.825 ; 11.728 ;
; a2         ; p12         ; 12.804 ; 12.827 ; 13.262 ; 13.322 ;
; a2         ; p13         ; 13.053 ; 12.990 ; 13.601 ; 13.492 ;
; a2         ; p14         ; 12.853 ; 12.805 ; 13.432 ; 13.349 ;
; a2         ; p15         ; 13.924 ; 14.285 ; 14.587 ; 14.512 ;
; a3         ; p3          ; 10.232 ; 10.177 ; 10.597 ; 10.538 ;
; a3         ; p4          ; 10.423 ; 10.393 ; 10.841 ; 10.827 ;
; a3         ; p5          ; 11.299 ; 11.259 ; 11.716 ; 11.677 ;
; a3         ; p6          ; 10.741 ; 10.722 ; 11.105 ; 11.086 ;
; a3         ; p7          ; 10.340 ; 10.296 ; 10.702 ; 10.658 ;
; a3         ; p8          ; 10.967 ; 10.910 ; 11.346 ; 11.289 ;
; a3         ; p9          ; 8.412  ; 8.357  ; 8.799  ; 8.736  ;
; a3         ; p10         ; 10.276 ; 10.334 ; 10.658 ; 10.753 ;
; a3         ; p11         ; 9.584  ; 9.496  ; 10.010 ; 9.913  ;
; a3         ; p12         ; 11.053 ; 11.076 ; 11.447 ; 11.507 ;
; a3         ; p13         ; 11.302 ; 11.239 ; 11.786 ; 11.677 ;
; a3         ; p14         ; 11.102 ; 11.054 ; 11.617 ; 11.534 ;
; a3         ; p15         ; 12.173 ; 12.905 ; 13.182 ; 12.697 ;
; a4         ; p4          ; 9.961  ; 9.931  ; 10.344 ; 10.314 ;
; a4         ; p5          ; 10.958 ; 10.889 ; 11.341 ; 11.272 ;
; a4         ; p6          ; 11.467 ; 11.456 ; 11.850 ; 11.839 ;
; a4         ; p7          ; 10.924 ; 10.880 ; 11.305 ; 11.261 ;
; a4         ; p8          ; 11.205 ; 11.148 ; 11.577 ; 11.520 ;
; a4         ; p9          ; 9.502  ; 9.448  ; 9.872  ; 9.818  ;
; a4         ; p10         ; 11.291 ; 11.348 ; 11.677 ; 11.727 ;
; a4         ; p11         ; 9.490  ; 9.439  ; 9.906  ; 9.808  ;
; a4         ; p12         ; 10.957 ; 10.980 ; 11.342 ; 11.402 ;
; a4         ; p13         ; 11.206 ; 11.143 ; 11.681 ; 11.572 ;
; a4         ; p14         ; 11.006 ; 10.958 ; 11.512 ; 11.429 ;
; a4         ; p15         ; 12.077 ; 12.320 ; 12.780 ; 12.592 ;
; a5         ; p5          ; 11.698 ; 11.659 ; 12.090 ; 12.050 ;
; a5         ; p6          ; 12.241 ; 12.230 ; 12.633 ; 12.622 ;
; a5         ; p7          ; 12.443 ; 12.399 ; 12.788 ; 12.744 ;
; a5         ; p8          ; 11.751 ; 11.694 ; 12.131 ; 12.074 ;
; a5         ; p9          ; 10.050 ; 9.996  ; 10.430 ; 10.376 ;
; a5         ; p10         ; 11.280 ; 11.330 ; 11.672 ; 11.722 ;
; a5         ; p11         ; 8.898  ; 8.846  ; 9.266  ; 9.211  ;
; a5         ; p12         ; 9.904  ; 9.928  ; 10.279 ; 10.294 ;
; a5         ; p13         ; 10.153 ; 10.090 ; 10.575 ; 10.466 ;
; a5         ; p14         ; 9.953  ; 9.905  ; 10.406 ; 10.323 ;
; a5         ; p15         ; 11.024 ; 11.274 ; 11.577 ; 11.486 ;
; a6         ; p6          ; 12.851 ; 12.832 ; 13.285 ; 13.266 ;
; a6         ; p7          ; 12.676 ; 12.632 ; 13.110 ; 13.066 ;
; a6         ; p8          ; 13.279 ; 13.222 ; 13.682 ; 13.625 ;
; a6         ; p9          ; 11.304 ; 11.250 ; 11.723 ; 11.669 ;
; a6         ; p10         ; 11.497 ; 11.547 ; 11.913 ; 11.963 ;
; a6         ; p11         ; 9.632  ; 9.543  ; 10.048 ; 9.959  ;
; a6         ; p12         ; 9.607  ; 9.663  ; 9.988  ; 10.035 ;
; a6         ; p13         ; 9.499  ; 9.437  ; 9.939  ; 9.830  ;
; a6         ; p14         ; 9.302  ; 9.254  ; 9.772  ; 9.689  ;
; a6         ; p15         ; 10.373 ; 10.783 ; 11.124 ; 10.852 ;
; a7         ; p7          ; 13.188 ; 13.144 ; 13.544 ; 13.500 ;
; a7         ; p8          ; 13.201 ; 13.144 ; 13.579 ; 13.522 ;
; a7         ; p9          ; 11.866 ; 11.812 ; 12.242 ; 12.188 ;
; a7         ; p10         ; 12.501 ; 12.551 ; 12.921 ; 12.971 ;
; a7         ; p11         ; 10.642 ; 10.553 ; 11.062 ; 10.973 ;
; a7         ; p12         ; 10.642 ; 10.703 ; 11.023 ; 11.084 ;
; a7         ; p13         ; 9.581  ; 9.481  ; 10.011 ; 9.913  ;
; a7         ; p14         ; 8.316  ; 8.264  ; 8.721  ; 8.638  ;
; a7         ; p15         ; 9.387  ; 10.503 ; 10.884 ; 9.798  ;
; b0         ; p0          ; 8.176  ;        ;        ; 8.554  ;
; b0         ; p1          ; 8.639  ; 8.544  ; 9.072  ; 8.968  ;
; b0         ; p2          ; 9.204  ; 9.172  ; 9.678  ; 9.599  ;
; b0         ; p3          ; 10.170 ; 10.115 ; 10.615 ; 10.556 ;
; b0         ; p4          ; 10.071 ; 10.041 ; 10.466 ; 10.436 ;
; b0         ; p5          ; 11.068 ; 10.999 ; 11.463 ; 11.394 ;
; b0         ; p6          ; 11.577 ; 11.566 ; 11.972 ; 11.961 ;
; b0         ; p7          ; 12.262 ; 12.218 ; 12.703 ; 12.659 ;
; b0         ; p8          ; 13.002 ; 12.982 ; 13.443 ; 13.423 ;
; b0         ; p9          ; 12.537 ; 12.473 ; 12.978 ; 12.914 ;
; b0         ; p10         ; 14.138 ; 14.188 ; 14.596 ; 14.646 ;
; b0         ; p11         ; 12.279 ; 12.190 ; 12.737 ; 12.648 ;
; b0         ; p12         ; 13.375 ; 13.436 ; 13.906 ; 13.967 ;
; b0         ; p13         ; 12.885 ; 12.786 ; 13.407 ; 13.308 ;
; b0         ; p14         ; 12.305 ; 12.225 ; 12.887 ; 12.844 ;
; b0         ; p15         ; 13.376 ; 13.756 ; 14.186 ; 14.010 ;
; b1         ; p1          ; 8.968  ; 8.914  ; 9.475  ; 9.334  ;
; b1         ; p2          ; 9.298  ; 9.265  ; 9.813  ; 9.734  ;
; b1         ; p3          ; 10.364 ; 10.309 ; 10.785 ; 10.730 ;
; b1         ; p4          ; 10.196 ; 10.166 ; 10.697 ; 10.667 ;
; b1         ; p5          ; 11.193 ; 11.124 ; 11.694 ; 11.625 ;
; b1         ; p6          ; 11.702 ; 11.691 ; 12.203 ; 12.192 ;
; b1         ; p7          ; 12.473 ; 12.429 ; 12.972 ; 12.928 ;
; b1         ; p8          ; 13.213 ; 13.193 ; 13.712 ; 13.692 ;
; b1         ; p9          ; 12.078 ; 12.024 ; 12.509 ; 12.455 ;
; b1         ; p10         ; 13.262 ; 13.312 ; 13.691 ; 13.741 ;
; b1         ; p11         ; 11.397 ; 11.308 ; 11.826 ; 11.737 ;
; b1         ; p12         ; 12.705 ; 12.766 ; 13.120 ; 13.181 ;
; b1         ; p13         ; 12.215 ; 12.116 ; 12.630 ; 12.531 ;
; b1         ; p14         ; 11.635 ; 11.555 ; 12.050 ; 11.970 ;
; b1         ; p15         ; 12.706 ; 12.849 ; 13.121 ; 13.265 ;
; b2         ; p2          ; 9.249  ; 9.180  ; 9.691  ; 9.613  ;
; b2         ; p3          ; 10.320 ; 10.264 ; 10.751 ; 10.730 ;
; b2         ; p4          ; 9.484  ; 9.446  ; 9.875  ; 9.845  ;
; b2         ; p5          ; 10.481 ; 10.408 ; 10.872 ; 10.803 ;
; b2         ; p6          ; 10.988 ; 10.977 ; 11.381 ; 11.370 ;
; b2         ; p7          ; 11.635 ; 11.591 ; 12.051 ; 12.007 ;
; b2         ; p8          ; 12.375 ; 12.355 ; 12.791 ; 12.771 ;
; b2         ; p9          ; 11.462 ; 11.408 ; 11.837 ; 11.783 ;
; b2         ; p10         ; 12.463 ; 12.513 ; 12.839 ; 12.889 ;
; b2         ; p11         ; 10.604 ; 10.515 ; 10.980 ; 10.891 ;
; b2         ; p12         ; 11.700 ; 11.761 ; 12.149 ; 12.210 ;
; b2         ; p13         ; 11.210 ; 11.111 ; 11.650 ; 11.551 ;
; b2         ; p14         ; 10.630 ; 10.550 ; 11.130 ; 11.087 ;
; b2         ; p15         ; 11.701 ; 12.081 ; 12.338 ; 12.253 ;
; b3         ; p3          ; 8.830  ; 8.775  ; 9.210  ; 9.146  ;
; b3         ; p4          ; 9.757  ; 9.743  ; 10.173 ; 10.133 ;
; b3         ; p5          ; 10.383 ; 10.344 ; 10.764 ; 10.716 ;
; b3         ; p6          ; 10.926 ; 10.915 ; 11.307 ; 11.296 ;
; b3         ; p7          ; 10.814 ; 10.770 ; 11.223 ; 11.179 ;
; b3         ; p8          ; 11.554 ; 11.534 ; 11.963 ; 11.943 ;
; b3         ; p9          ; 10.703 ; 10.649 ; 11.046 ; 10.992 ;
; b3         ; p10         ; 11.640 ; 11.690 ; 12.014 ; 12.064 ;
; b3         ; p11         ; 9.781  ; 9.692  ; 10.155 ; 10.066 ;
; b3         ; p12         ; 10.874 ; 10.935 ; 11.278 ; 11.339 ;
; b3         ; p13         ; 10.384 ; 10.285 ; 10.779 ; 10.680 ;
; b3         ; p14         ; 9.804  ; 9.724  ; 10.259 ; 10.216 ;
; b3         ; p15         ; 10.875 ; 11.255 ; 11.558 ; 11.382 ;
; b4         ; p4          ; 8.855  ; 8.824  ; 9.278  ; 9.160  ;
; b4         ; p5          ; 10.435 ; 10.365 ; 10.841 ; 10.802 ;
; b4         ; p6          ; 10.961 ; 10.941 ; 11.365 ; 11.346 ;
; b4         ; p7          ; 11.163 ; 11.119 ; 11.547 ; 11.503 ;
; b4         ; p8          ; 11.827 ; 11.770 ; 12.202 ; 12.145 ;
; b4         ; p9          ; 10.899 ; 10.845 ; 11.268 ; 11.214 ;
; b4         ; p10         ; 12.899 ; 12.991 ; 13.268 ; 13.363 ;
; b4         ; p11         ; 11.082 ; 10.993 ; 11.450 ; 11.361 ;
; b4         ; p12         ; 11.959 ; 12.020 ; 12.366 ; 12.427 ;
; b4         ; p13         ; 11.469 ; 11.370 ; 11.867 ; 11.768 ;
; b4         ; p14         ; 10.889 ; 10.809 ; 11.347 ; 11.304 ;
; b4         ; p15         ; 11.960 ; 12.340 ; 12.646 ; 12.470 ;
; b5         ; p5          ; 8.741  ; 8.670  ; 9.148  ; 9.112  ;
; b5         ; p6          ; 10.095 ; 10.049 ; 10.543 ; 10.533 ;
; b5         ; p7          ; 9.699  ; 9.655  ; 10.148 ; 10.104 ;
; b5         ; p8          ; 10.439 ; 10.419 ; 10.888 ; 10.868 ;
; b5         ; p9          ; 10.265 ; 10.211 ; 10.737 ; 10.683 ;
; b5         ; p10         ; 10.958 ; 11.008 ; 11.402 ; 11.452 ;
; b5         ; p11         ; 9.093  ; 9.004  ; 9.543  ; 9.454  ;
; b5         ; p12         ; 10.233 ; 10.279 ; 10.614 ; 10.669 ;
; b5         ; p13         ; 9.984  ; 9.885  ; 10.399 ; 10.295 ;
; b5         ; p14         ; 9.508  ; 9.428  ; 9.972  ; 9.929  ;
; b5         ; p15         ; 10.579 ; 10.821 ; 11.178 ; 11.095 ;
; b6         ; p6          ; 8.711  ; 8.725  ; 9.139  ; 9.080  ;
; b6         ; p7          ; 9.809  ; 9.765  ; 10.205 ; 10.161 ;
; b6         ; p8          ; 9.968  ; 9.911  ; 10.327 ; 10.270 ;
; b6         ; p9          ; 8.834  ; 8.780  ; 9.187  ; 9.133  ;
; b6         ; p10         ; 11.069 ; 11.119 ; 11.442 ; 11.501 ;
; b6         ; p11         ; 9.288  ; 9.236  ; 9.640  ; 9.588  ;
; b6         ; p12         ; 9.589  ; 9.647  ; 9.954  ; 10.015 ;
; b6         ; p13         ; 9.264  ; 9.164  ; 9.691  ; 9.601  ;
; b6         ; p14         ; 8.486  ; 8.406  ; 8.911  ; 8.868  ;
; b6         ; p15         ; 9.557  ; 10.186 ; 10.564 ; 10.034 ;
; b7         ; p7          ; 8.360  ; 8.282  ; 8.731  ; 8.644  ;
; b7         ; p8          ; 9.676  ; 9.643  ; 10.079 ; 10.013 ;
; b7         ; p9          ; 9.108  ; 9.090  ; 9.533  ; 9.469  ;
; b7         ; p10         ; 10.758 ; 10.816 ; 11.137 ; 11.232 ;
; b7         ; p11         ; 9.283  ; 9.232  ; 9.716  ; 9.618  ;
; b7         ; p12         ; 9.527  ; 9.551  ; 9.950  ; 9.965  ;
; b7         ; p13         ; 9.177  ; 9.115  ; 9.615  ; 9.506  ;
; b7         ; p14         ; 7.816  ; 7.737  ; 8.220  ; 8.132  ;
; b7         ; p15         ; 8.890  ;        ;        ; 9.301  ;
+------------+-------------+--------+--------+--------+--------+


-----------------------------------------------
; Slow 1200mV 125C Model Metastability Report ;
-----------------------------------------------
No synchronizer chains to report.


---------------------------------------
; Slow 1200mV -40C Model Fmax Summary ;
---------------------------------------
No paths to report.


----------------------------------------
; Slow 1200mV -40C Model Setup Summary ;
----------------------------------------
No paths to report.


---------------------------------------
; Slow 1200mV -40C Model Hold Summary ;
---------------------------------------
No paths to report.


-------------------------------------------
; Slow 1200mV -40C Model Recovery Summary ;
-------------------------------------------
No paths to report.


------------------------------------------
; Slow 1200mV -40C Model Removal Summary ;
------------------------------------------
No paths to report.


------------------------------------------------------
; Slow 1200mV -40C Model Minimum Pulse Width Summary ;
------------------------------------------------------
No paths to report.


+--------------------------------------------------------------+
; Propagation Delay                                            ;
+------------+-------------+--------+--------+--------+--------+
; Input Port ; Output Port ; RR     ; RF     ; FR     ; FF     ;
+------------+-------------+--------+--------+--------+--------+
; a0         ; p0          ; 7.535  ;        ;        ; 7.587  ;
; a0         ; p1          ; 8.173  ; 7.995  ; 8.312  ; 8.169  ;
; a0         ; p2          ; 8.770  ; 8.644  ; 8.951  ; 8.778  ;
; a0         ; p3          ; 10.552 ; 10.378 ; 10.699 ; 10.525 ;
; a0         ; p4          ; 11.535 ; 11.357 ; 11.682 ; 11.504 ;
; a0         ; p5          ; 13.332 ; 13.126 ; 13.479 ; 13.273 ;
; a0         ; p6          ; 14.775 ; 14.631 ; 14.857 ; 14.713 ;
; a0         ; p7          ; 16.221 ; 16.131 ; 16.303 ; 16.213 ;
; a0         ; p8          ; 17.749 ; 17.602 ; 17.817 ; 17.670 ;
; a0         ; p9          ; 17.647 ; 17.539 ; 17.763 ; 17.655 ;
; a0         ; p10         ; 19.870 ; 19.749 ; 19.986 ; 19.865 ;
; a0         ; p11         ; 19.411 ; 19.263 ; 19.527 ; 19.379 ;
; a0         ; p12         ; 20.798 ; 20.761 ; 20.914 ; 20.877 ;
; a0         ; p13         ; 21.141 ; 20.967 ; 21.257 ; 21.083 ;
; a0         ; p14         ; 20.994 ; 20.922 ; 21.110 ; 21.038 ;
; a0         ; p15         ; 21.928 ; 21.913 ; 22.044 ; 22.029 ;
; a1         ; p1          ; 7.636  ; 7.491  ; 7.815  ; 7.636  ;
; a1         ; p2          ; 8.242  ; 8.109  ; 8.422  ; 8.258  ;
; a1         ; p3          ; 10.013 ; 9.839  ; 10.178 ; 10.004 ;
; a1         ; p4          ; 10.996 ; 10.818 ; 11.161 ; 10.983 ;
; a1         ; p5          ; 12.793 ; 12.587 ; 12.958 ; 12.752 ;
; a1         ; p6          ; 14.236 ; 14.092 ; 14.336 ; 14.192 ;
; a1         ; p7          ; 15.682 ; 15.592 ; 15.782 ; 15.692 ;
; a1         ; p8          ; 17.210 ; 17.063 ; 17.296 ; 17.149 ;
; a1         ; p9          ; 17.108 ; 17.000 ; 17.242 ; 17.134 ;
; a1         ; p10         ; 19.331 ; 19.210 ; 19.465 ; 19.344 ;
; a1         ; p11         ; 18.872 ; 18.724 ; 19.006 ; 18.858 ;
; a1         ; p12         ; 20.259 ; 20.222 ; 20.393 ; 20.356 ;
; a1         ; p13         ; 20.602 ; 20.428 ; 20.736 ; 20.562 ;
; a1         ; p14         ; 20.455 ; 20.383 ; 20.589 ; 20.517 ;
; a1         ; p15         ; 21.389 ; 21.374 ; 21.523 ; 21.508 ;
; a2         ; p2          ; 8.473  ; 8.309  ; 8.605  ; 8.475  ;
; a2         ; p3          ; 10.058 ; 9.884  ; 10.225 ; 10.051 ;
; a2         ; p4          ; 11.041 ; 10.863 ; 11.208 ; 11.030 ;
; a2         ; p5          ; 12.838 ; 12.632 ; 13.005 ; 12.799 ;
; a2         ; p6          ; 14.192 ; 14.048 ; 14.326 ; 14.182 ;
; a2         ; p7          ; 15.638 ; 15.548 ; 15.772 ; 15.682 ;
; a2         ; p8          ; 17.197 ; 17.050 ; 17.331 ; 17.184 ;
; a2         ; p9          ; 17.143 ; 17.035 ; 17.277 ; 17.169 ;
; a2         ; p10         ; 19.366 ; 19.245 ; 19.500 ; 19.379 ;
; a2         ; p11         ; 18.907 ; 18.759 ; 19.041 ; 18.893 ;
; a2         ; p12         ; 20.294 ; 20.257 ; 20.428 ; 20.391 ;
; a2         ; p13         ; 20.637 ; 20.463 ; 20.771 ; 20.597 ;
; a2         ; p14         ; 20.490 ; 20.418 ; 20.624 ; 20.552 ;
; a2         ; p15         ; 21.424 ; 21.409 ; 21.558 ; 21.543 ;
; a3         ; p3          ; 9.013  ; 8.839  ; 9.170  ; 8.996  ;
; a3         ; p4          ; 9.996  ; 9.818  ; 10.153 ; 9.975  ;
; a3         ; p5          ; 11.793 ; 11.587 ; 11.950 ; 11.744 ;
; a3         ; p6          ; 13.482 ; 13.338 ; 13.565 ; 13.421 ;
; a3         ; p7          ; 14.928 ; 14.838 ; 15.011 ; 14.921 ;
; a3         ; p8          ; 16.456 ; 16.309 ; 16.494 ; 16.347 ;
; a3         ; p9          ; 16.347 ; 16.243 ; 16.385 ; 16.281 ;
; a3         ; p10         ; 18.571 ; 18.450 ; 18.609 ; 18.488 ;
; a3         ; p11         ; 18.112 ; 17.964 ; 18.150 ; 18.002 ;
; a3         ; p12         ; 19.497 ; 19.429 ; 19.535 ; 19.467 ;
; a3         ; p13         ; 19.816 ; 19.668 ; 19.854 ; 19.706 ;
; a3         ; p14         ; 19.646 ; 19.587 ; 19.684 ; 19.625 ;
; a3         ; p15         ; 20.629 ; 20.379 ; 20.667 ; 20.536 ;
; a4         ; p4          ; 8.830  ; 8.646  ; 8.985  ; 8.801  ;
; a4         ; p5          ; 10.612 ; 10.406 ; 10.767 ; 10.561 ;
; a4         ; p6          ; 12.557 ; 12.413 ; 12.629 ; 12.485 ;
; a4         ; p7          ; 14.003 ; 13.913 ; 14.075 ; 13.985 ;
; a4         ; p8          ; 15.531 ; 15.384 ; 15.558 ; 15.411 ;
; a4         ; p9          ; 15.422 ; 15.318 ; 15.449 ; 15.345 ;
; a4         ; p10         ; 17.646 ; 17.525 ; 17.673 ; 17.552 ;
; a4         ; p11         ; 17.187 ; 17.039 ; 17.214 ; 17.066 ;
; a4         ; p12         ; 18.572 ; 18.504 ; 18.599 ; 18.531 ;
; a4         ; p13         ; 18.891 ; 18.743 ; 18.918 ; 18.770 ;
; a4         ; p14         ; 18.721 ; 18.662 ; 18.748 ; 18.689 ;
; a4         ; p15         ; 19.704 ; 19.450 ; 19.731 ; 19.522 ;
; a5         ; p5          ; 10.504 ; 10.298 ; 10.662 ; 10.456 ;
; a5         ; p6          ; 12.463 ; 12.319 ; 12.580 ; 12.436 ;
; a5         ; p7          ; 13.909 ; 13.819 ; 14.026 ; 13.936 ;
; a5         ; p8          ; 15.437 ; 15.290 ; 15.509 ; 15.362 ;
; a5         ; p9          ; 15.328 ; 15.224 ; 15.400 ; 15.296 ;
; a5         ; p10         ; 17.552 ; 17.431 ; 17.624 ; 17.503 ;
; a5         ; p11         ; 17.093 ; 16.945 ; 17.165 ; 17.017 ;
; a5         ; p12         ; 18.478 ; 18.410 ; 18.550 ; 18.482 ;
; a5         ; p13         ; 18.797 ; 18.649 ; 18.869 ; 18.721 ;
; a5         ; p14         ; 18.627 ; 18.568 ; 18.699 ; 18.640 ;
; a5         ; p15         ; 19.610 ; 19.356 ; 19.682 ; 19.473 ;
; a6         ; p6          ; 11.701 ; 11.557 ; 11.909 ; 11.765 ;
; a6         ; p7          ; 13.147 ; 13.057 ; 13.355 ; 13.265 ;
; a6         ; p8          ; 14.431 ; 14.257 ; 14.639 ; 14.465 ;
; a6         ; p9          ; 14.279 ; 14.175 ; 14.487 ; 14.383 ;
; a6         ; p10         ; 16.720 ; 16.562 ; 16.928 ; 16.770 ;
; a6         ; p11         ; 16.275 ; 16.127 ; 16.483 ; 16.335 ;
; a6         ; p12         ; 17.660 ; 17.592 ; 17.868 ; 17.800 ;
; a6         ; p13         ; 17.979 ; 17.831 ; 18.187 ; 18.039 ;
; a6         ; p14         ; 17.809 ; 17.750 ; 18.017 ; 17.958 ;
; a6         ; p15         ; 18.792 ; 18.594 ; 19.000 ; 18.802 ;
; a7         ; p7          ; 12.014 ; 11.882 ; 12.162 ; 12.030 ;
; a7         ; p8          ; 13.681 ; 13.534 ; 13.751 ; 13.604 ;
; a7         ; p9          ; 13.572 ; 13.468 ; 13.642 ; 13.538 ;
; a7         ; p10         ; 15.796 ; 15.675 ; 15.866 ; 15.745 ;
; a7         ; p11         ; 15.337 ; 15.189 ; 15.407 ; 15.259 ;
; a7         ; p12         ; 16.722 ; 16.654 ; 16.792 ; 16.724 ;
; a7         ; p13         ; 17.041 ; 16.893 ; 17.111 ; 16.963 ;
; a7         ; p14         ; 16.871 ; 16.812 ; 16.941 ; 16.882 ;
; a7         ; p15         ; 17.854 ; 17.592 ; 17.924 ; 17.662 ;
; b0         ; p0          ; 7.031  ;        ;        ; 7.147  ;
; b0         ; p1          ; 7.410  ; 7.233  ; 7.640  ; 7.458  ;
; b0         ; p2          ; 8.087  ; 7.923  ; 8.292  ; 8.162  ;
; b0         ; p3          ; 9.788  ; 9.614  ; 9.984  ; 9.810  ;
; b0         ; p4          ; 10.771 ; 10.593 ; 10.967 ; 10.789 ;
; b0         ; p5          ; 12.568 ; 12.362 ; 12.764 ; 12.558 ;
; b0         ; p6          ; 14.011 ; 13.867 ; 14.142 ; 13.998 ;
; b0         ; p7          ; 15.457 ; 15.367 ; 15.588 ; 15.498 ;
; b0         ; p8          ; 16.985 ; 16.838 ; 17.102 ; 16.955 ;
; b0         ; p9          ; 16.883 ; 16.775 ; 17.048 ; 16.940 ;
; b0         ; p10         ; 19.106 ; 18.985 ; 19.271 ; 19.150 ;
; b0         ; p11         ; 18.647 ; 18.499 ; 18.812 ; 18.664 ;
; b0         ; p12         ; 20.034 ; 19.997 ; 20.199 ; 20.162 ;
; b0         ; p13         ; 20.377 ; 20.203 ; 20.542 ; 20.368 ;
; b0         ; p14         ; 20.230 ; 20.158 ; 20.395 ; 20.323 ;
; b0         ; p15         ; 21.164 ; 21.149 ; 21.329 ; 21.314 ;
; b1         ; p1          ; 7.744  ; 7.569  ; 8.001  ; 7.847  ;
; b1         ; p2          ; 8.289  ; 8.163  ; 8.589  ; 8.416  ;
; b1         ; p3          ; 10.071 ; 9.897  ; 10.337 ; 10.163 ;
; b1         ; p4          ; 11.054 ; 10.876 ; 11.320 ; 11.142 ;
; b1         ; p5          ; 12.851 ; 12.645 ; 13.117 ; 12.911 ;
; b1         ; p6          ; 14.294 ; 14.150 ; 14.495 ; 14.351 ;
; b1         ; p7          ; 15.740 ; 15.650 ; 15.941 ; 15.851 ;
; b1         ; p8          ; 17.268 ; 17.121 ; 17.455 ; 17.308 ;
; b1         ; p9          ; 17.166 ; 17.058 ; 17.401 ; 17.293 ;
; b1         ; p10         ; 19.389 ; 19.268 ; 19.624 ; 19.503 ;
; b1         ; p11         ; 18.930 ; 18.782 ; 19.165 ; 19.017 ;
; b1         ; p12         ; 20.317 ; 20.280 ; 20.552 ; 20.515 ;
; b1         ; p13         ; 20.660 ; 20.486 ; 20.895 ; 20.721 ;
; b1         ; p14         ; 20.513 ; 20.441 ; 20.748 ; 20.676 ;
; b1         ; p15         ; 21.447 ; 21.432 ; 21.682 ; 21.667 ;
; b2         ; p2          ; 8.019  ; 7.856  ; 8.235  ; 8.067  ;
; b2         ; p3          ; 9.602  ; 9.428  ; 9.816  ; 9.642  ;
; b2         ; p4          ; 10.585 ; 10.407 ; 10.799 ; 10.621 ;
; b2         ; p5          ; 12.382 ; 12.176 ; 12.596 ; 12.390 ;
; b2         ; p6          ; 13.740 ; 13.596 ; 13.899 ; 13.755 ;
; b2         ; p7          ; 15.186 ; 15.096 ; 15.345 ; 15.255 ;
; b2         ; p8          ; 16.745 ; 16.598 ; 16.688 ; 16.541 ;
; b2         ; p9          ; 16.691 ; 16.583 ; 16.579 ; 16.475 ;
; b2         ; p10         ; 18.914 ; 18.793 ; 18.895 ; 18.737 ;
; b2         ; p11         ; 18.455 ; 18.307 ; 18.450 ; 18.302 ;
; b2         ; p12         ; 19.842 ; 19.805 ; 19.835 ; 19.767 ;
; b2         ; p13         ; 20.185 ; 20.011 ; 20.154 ; 20.006 ;
; b2         ; p14         ; 20.038 ; 19.966 ; 19.984 ; 19.925 ;
; b2         ; p15         ; 20.972 ; 20.957 ; 20.967 ; 20.844 ;
; b3         ; p3          ; 7.611  ; 7.449  ; 7.779  ; 7.612  ;
; b3         ; p4          ; 8.638  ; 8.460  ; 8.783  ; 8.599  ;
; b3         ; p5          ; 10.435 ; 10.229 ; 10.564 ; 10.358 ;
; b3         ; p6          ; 11.738 ; 11.594 ; 11.867 ; 11.723 ;
; b3         ; p7          ; 13.184 ; 13.094 ; 13.313 ; 13.223 ;
; b3         ; p8          ; 14.468 ; 14.294 ; 14.597 ; 14.423 ;
; b3         ; p9          ; 14.316 ; 14.212 ; 14.445 ; 14.341 ;
; b3         ; p10         ; 16.734 ; 16.576 ; 16.863 ; 16.705 ;
; b3         ; p11         ; 16.289 ; 16.141 ; 16.418 ; 16.270 ;
; b3         ; p12         ; 17.674 ; 17.606 ; 17.803 ; 17.735 ;
; b3         ; p13         ; 17.993 ; 17.845 ; 18.122 ; 17.974 ;
; b3         ; p14         ; 17.823 ; 17.764 ; 17.952 ; 17.893 ;
; b3         ; p15         ; 18.806 ; 18.608 ; 18.935 ; 18.737 ;
; b4         ; p4          ; 7.681  ; 7.519  ; 7.874  ; 7.636  ;
; b4         ; p5          ; 9.452  ; 9.246  ; 9.650  ; 9.444  ;
; b4         ; p6          ; 10.755 ; 10.611 ; 10.953 ; 10.809 ;
; b4         ; p7          ; 12.201 ; 12.111 ; 12.399 ; 12.309 ;
; b4         ; p8          ; 13.485 ; 13.311 ; 13.683 ; 13.509 ;
; b4         ; p9          ; 13.333 ; 13.229 ; 13.531 ; 13.427 ;
; b4         ; p10         ; 15.751 ; 15.593 ; 15.949 ; 15.791 ;
; b4         ; p11         ; 15.306 ; 15.158 ; 15.504 ; 15.356 ;
; b4         ; p12         ; 16.691 ; 16.623 ; 16.889 ; 16.821 ;
; b4         ; p13         ; 17.010 ; 16.862 ; 17.208 ; 17.060 ;
; b4         ; p14         ; 16.840 ; 16.781 ; 17.038 ; 16.979 ;
; b4         ; p15         ; 17.823 ; 17.625 ; 18.021 ; 17.823 ;
; b5         ; p5          ; 7.536  ; 7.343  ; 7.711  ; 7.551  ;
; b5         ; p6          ; 8.893  ; 8.749  ; 9.100  ; 8.956  ;
; b5         ; p7          ; 10.339 ; 10.249 ; 10.546 ; 10.456 ;
; b5         ; p8          ; 11.623 ; 11.449 ; 11.830 ; 11.656 ;
; b5         ; p9          ; 11.471 ; 11.367 ; 11.678 ; 11.574 ;
; b5         ; p10         ; 13.892 ; 13.734 ; 13.902 ; 13.781 ;
; b5         ; p11         ; 13.447 ; 13.299 ; 13.443 ; 13.295 ;
; b5         ; p12         ; 14.832 ; 14.764 ; 14.828 ; 14.760 ;
; b5         ; p13         ; 15.151 ; 15.003 ; 15.147 ; 14.999 ;
; b5         ; p14         ; 14.981 ; 14.922 ; 14.977 ; 14.918 ;
; b5         ; p15         ; 15.964 ; 15.766 ; 15.960 ; 15.757 ;
; b6         ; p6          ; 7.551  ; 7.460  ; 7.718  ; 7.595  ;
; b6         ; p7          ; 8.983  ; 8.893  ; 9.110  ; 8.973  ;
; b6         ; p8          ; 10.267 ; 10.093 ; 10.363 ; 10.220 ;
; b6         ; p9          ; 10.115 ; 10.011 ; 10.242 ; 10.138 ;
; b6         ; p10         ; 12.339 ; 12.218 ; 12.466 ; 12.345 ;
; b6         ; p11         ; 11.880 ; 11.732 ; 12.007 ; 11.859 ;
; b6         ; p12         ; 13.265 ; 13.197 ; 13.392 ; 13.324 ;
; b6         ; p13         ; 13.584 ; 13.436 ; 13.711 ; 13.563 ;
; b6         ; p14         ; 13.414 ; 13.355 ; 13.541 ; 13.482 ;
; b6         ; p15         ; 14.397 ; 14.166 ; 14.524 ; 14.234 ;
; b7         ; p7          ; 7.131  ; 6.993  ; 7.292  ; 7.149  ;
; b7         ; p8          ; 8.437  ; 8.294  ; 8.598  ; 8.408  ;
; b7         ; p9          ; 8.316  ; 8.212  ; 8.384  ; 8.314  ;
; b7         ; p10         ; 10.540 ; 10.419 ; 10.604 ; 10.436 ;
; b7         ; p11         ; 10.081 ; 9.933  ; 10.084 ; 9.931  ;
; b7         ; p12         ; 11.466 ; 11.398 ; 11.363 ; 11.329 ;
; b7         ; p13         ; 11.785 ; 11.637 ; 11.713 ; 11.534 ;
; b7         ; p14         ; 11.615 ; 11.556 ; 11.566 ; 11.494 ;
; b7         ; p15         ; 12.598 ;        ;        ; 12.485 ;
+------------+-------------+--------+--------+--------+--------+


+--------------------------------------------------------------+
; Minimum Propagation Delay                                    ;
+------------+-------------+--------+--------+--------+--------+
; Input Port ; Output Port ; RR     ; RF     ; FR     ; FF     ;
+------------+-------------+--------+--------+--------+--------+
; a0         ; p0          ; 7.239  ;        ;        ; 7.294  ;
; a0         ; p1          ; 7.857  ; 7.689  ; 7.994  ; 7.857  ;
; a0         ; p2          ; 8.176  ; 8.018  ; 8.329  ; 8.166  ;
; a0         ; p3          ; 7.747  ; 7.593  ; 7.892  ; 7.769  ;
; a0         ; p4          ; 7.565  ; 7.363  ; 7.709  ; 7.540  ;
; a0         ; p5          ; 7.260  ; 7.072  ; 7.428  ; 7.235  ;
; a0         ; p6          ; 7.255  ; 7.174  ; 7.467  ; 7.329  ;
; a0         ; p7          ; 7.272  ; 7.141  ; 7.434  ; 7.334  ;
; a0         ; p8          ; 8.451  ; 8.315  ; 8.640  ; 8.464  ;
; a0         ; p9          ; 8.347  ; 8.249  ; 8.428  ; 8.363  ;
; a0         ; p10         ; 10.458 ; 10.345 ; 10.527 ; 10.374 ;
; a0         ; p11         ; 9.993  ; 9.850  ; 9.982  ; 9.834  ;
; a0         ; p12         ; 11.319 ; 11.254 ; 11.207 ; 11.175 ;
; a0         ; p13         ; 11.553 ; 11.420 ; 11.479 ; 11.305 ;
; a0         ; p14         ; 11.341 ; 11.287 ; 11.261 ; 11.172 ;
; a0         ; p15         ; 12.296 ; 12.699 ; 12.974 ; 12.148 ;
; a1         ; p1          ; 7.318  ; 7.204  ; 7.516  ; 7.321  ;
; a1         ; p2          ; 7.827  ; 7.709  ; 8.009  ; 7.850  ;
; a1         ; p3          ; 8.461  ; 8.305  ; 8.658  ; 8.502  ;
; a1         ; p4          ; 8.261  ; 8.102  ; 8.404  ; 8.204  ;
; a1         ; p5          ; 8.482  ; 8.295  ; 8.627  ; 8.440  ;
; a1         ; p6          ; 8.512  ; 8.408  ; 8.626  ; 8.522  ;
; a1         ; p7          ; 7.885  ; 7.752  ; 8.031  ; 7.927  ;
; a1         ; p8          ; 7.762  ; 7.588  ; 7.902  ; 7.723  ;
; a1         ; p9          ; 7.654  ; 7.556  ; 7.680  ; 7.615  ;
; a1         ; p10         ; 9.765  ; 9.652  ; 9.779  ; 9.626  ;
; a1         ; p11         ; 9.300  ; 9.157  ; 9.234  ; 9.086  ;
; a1         ; p12         ; 10.626 ; 10.561 ; 10.459 ; 10.427 ;
; a1         ; p13         ; 10.860 ; 10.727 ; 10.731 ; 10.557 ;
; a1         ; p14         ; 10.648 ; 10.594 ; 10.513 ; 10.424 ;
; a1         ; p15         ; 11.603 ; 12.066 ; 12.356 ; 11.400 ;
; a2         ; p2          ; 8.145  ; 7.988  ; 8.272  ; 8.148  ;
; a2         ; p3          ; 9.037  ; 8.881  ; 9.159  ; 9.003  ;
; a2         ; p4          ; 8.409  ; 8.205  ; 8.558  ; 8.354  ;
; a2         ; p5          ; 9.210  ; 9.023  ; 9.359  ; 9.172  ;
; a2         ; p6          ; 9.032  ; 8.928  ; 9.175  ; 9.071  ;
; a2         ; p7          ; 7.968  ; 7.835  ; 8.141  ; 8.008  ;
; a2         ; p8          ; 8.246  ; 8.098  ; 8.418  ; 8.275  ;
; a2         ; p9          ; 7.909  ; 7.850  ; 8.074  ; 7.974  ;
; a2         ; p10         ; 10.020 ; 9.907  ; 10.141 ; 9.988  ;
; a2         ; p11         ; 9.555  ; 9.412  ; 9.596  ; 9.448  ;
; a2         ; p12         ; 10.835 ; 10.803 ; 10.821 ; 10.789 ;
; a2         ; p13         ; 11.107 ; 10.933 ; 11.093 ; 10.919 ;
; a2         ; p14         ; 10.889 ; 10.800 ; 10.875 ; 10.786 ;
; a2         ; p15         ; 11.858 ; 11.776 ; 12.201 ; 11.762 ;
; a3         ; p3          ; 8.495  ; 8.339  ; 8.641  ; 8.485  ;
; a3         ; p4          ; 8.737  ; 8.537  ; 8.883  ; 8.688  ;
; a3         ; p5          ; 9.466  ; 9.279  ; 9.607  ; 9.420  ;
; a3         ; p6          ; 8.929  ; 8.825  ; 9.076  ; 8.972  ;
; a3         ; p7          ; 8.529  ; 8.396  ; 8.676  ; 8.543  ;
; a3         ; p8          ; 9.135  ; 8.986  ; 9.282  ; 9.133  ;
; a3         ; p9          ; 6.897  ; 6.793  ; 7.064  ; 6.960  ;
; a3         ; p10         ; 8.463  ; 8.313  ; 8.606  ; 8.489  ;
; a3         ; p11         ; 7.998  ; 7.855  ; 8.094  ; 7.946  ;
; a3         ; p12         ; 9.324  ; 9.259  ; 9.319  ; 9.287  ;
; a3         ; p13         ; 9.558  ; 9.425  ; 9.591  ; 9.417  ;
; a3         ; p14         ; 9.346  ; 9.292  ; 9.373  ; 9.284  ;
; a3         ; p15         ; 10.301 ; 10.577 ; 11.003 ; 10.260 ;
; a4         ; p4          ; 8.291  ; 8.087  ; 8.438  ; 8.234  ;
; a4         ; p5          ; 9.092  ; 8.905  ; 9.239  ; 9.052  ;
; a4         ; p6          ; 9.515  ; 9.411  ; 9.662  ; 9.558  ;
; a4         ; p7          ; 9.048  ; 8.915  ; 9.215  ; 9.082  ;
; a4         ; p8          ; 9.342  ; 9.193  ; 9.509  ; 9.360  ;
; a4         ; p9          ; 7.823  ; 7.719  ; 7.990  ; 7.886  ;
; a4         ; p10         ; 9.330  ; 9.174  ; 9.479  ; 9.323  ;
; a4         ; p11         ; 7.856  ; 7.751  ; 8.006  ; 7.861  ;
; a4         ; p12         ; 9.181  ; 9.116  ; 9.234  ; 9.202  ;
; a4         ; p13         ; 9.415  ; 9.282  ; 9.506  ; 9.332  ;
; a4         ; p14         ; 9.203  ; 9.149  ; 9.288  ; 9.199  ;
; a4         ; p15         ; 10.158 ; 10.278 ; 10.464 ; 10.175 ;
; a5         ; p5          ; 9.805  ; 9.618  ; 9.962  ; 9.775  ;
; a5         ; p6          ; 10.239 ; 10.135 ; 10.396 ; 10.292 ;
; a5         ; p7          ; 10.329 ; 10.196 ; 10.495 ; 10.362 ;
; a5         ; p8          ; 9.825  ; 9.676  ; 9.981  ; 9.832  ;
; a5         ; p9          ; 8.307  ; 8.203  ; 8.463  ; 8.359  ;
; a5         ; p10         ; 9.306  ; 9.150  ; 9.463  ; 9.307  ;
; a5         ; p11         ; 7.336  ; 7.196  ; 7.500  ; 7.356  ;
; a5         ; p12         ; 8.245  ; 8.179  ; 8.365  ; 8.294  ;
; a5         ; p13         ; 8.480  ; 8.347  ; 8.600  ; 8.426  ;
; a5         ; p14         ; 8.268  ; 8.214  ; 8.382  ; 8.293  ;
; a5         ; p15         ; 9.223  ; 9.358  ; 9.468  ; 9.269  ;
; a6         ; p6          ; 10.750 ; 10.646 ; 10.904 ; 10.800 ;
; a6         ; p7          ; 10.560 ; 10.427 ; 10.714 ; 10.581 ;
; a6         ; p8          ; 11.122 ; 10.973 ; 11.319 ; 11.170 ;
; a6         ; p9          ; 9.378  ; 9.274  ; 9.535  ; 9.431  ;
; a6         ; p10         ; 9.448  ; 9.292  ; 9.671  ; 9.515  ;
; a6         ; p11         ; 7.915  ; 7.800  ; 8.138  ; 8.023  ;
; a6         ; p12         ; 7.961  ; 7.893  ; 8.124  ; 8.056  ;
; a6         ; p13         ; 7.880  ; 7.745  ; 8.048  ; 7.873  ;
; a6         ; p14         ; 7.669  ; 7.615  ; 7.833  ; 7.744  ;
; a6         ; p15         ; 8.624  ; 8.872  ; 9.097  ; 8.720  ;
; a7         ; p7          ; 10.990 ; 10.857 ; 11.130 ; 10.997 ;
; a7         ; p8          ; 11.047 ; 10.898 ; 11.229 ; 11.080 ;
; a7         ; p9          ; 9.861  ; 9.757  ; 10.043 ; 9.939  ;
; a7         ; p10         ; 10.335 ; 10.179 ; 10.525 ; 10.369 ;
; a7         ; p11         ; 8.802  ; 8.687  ; 8.992  ; 8.877  ;
; a7         ; p12         ; 8.850  ; 8.782  ; 9.038  ; 8.997  ;
; a7         ; p13         ; 7.951  ; 7.779  ; 8.146  ; 7.999  ;
; a7         ; p14         ; 6.797  ; 6.738  ; 6.992  ; 6.903  ;
; a7         ; p15         ; 7.750  ; 8.624  ; 8.891  ; 7.878  ;
; b0         ; p0          ; 6.701  ;        ;        ; 6.809  ;
; b0         ; p1          ; 7.127  ; 6.956  ; 7.350  ; 7.174  ;
; b0         ; p2          ; 7.633  ; 7.513  ; 7.846  ; 7.686  ;
; b0         ; p3          ; 8.436  ; 8.280  ; 8.641  ; 8.485  ;
; b0         ; p4          ; 8.372  ; 8.168  ; 8.615  ; 8.411  ;
; b0         ; p5          ; 9.173  ; 8.986  ; 9.416  ; 9.229  ;
; b0         ; p6          ; 9.596  ; 9.492  ; 9.839  ; 9.735  ;
; b0         ; p7          ; 10.192 ; 10.059 ; 10.416 ; 10.283 ;
; b0         ; p8          ; 10.874 ; 10.706 ; 11.098 ; 10.930 ;
; b0         ; p9          ; 10.371 ; 10.270 ; 10.595 ; 10.494 ;
; b0         ; p10         ; 11.805 ; 11.649 ; 11.941 ; 11.785 ;
; b0         ; p11         ; 10.272 ; 10.157 ; 10.408 ; 10.293 ;
; b0         ; p12         ; 11.331 ; 11.263 ; 11.410 ; 11.342 ;
; b0         ; p13         ; 10.913 ; 10.740 ; 10.992 ; 10.819 ;
; b0         ; p14         ; 10.386 ; 10.297 ; 10.461 ; 10.405 ;
; b0         ; p15         ; 11.339 ; 11.533 ; 11.659 ; 11.381 ;
; b1         ; p1          ; 7.414  ; 7.279  ; 7.696  ; 7.492  ;
; b1         ; p2          ; 7.716  ; 7.598  ; 7.981  ; 7.822  ;
; b1         ; p3          ; 8.614  ; 8.458  ; 8.836  ; 8.680  ;
; b1         ; p4          ; 8.522  ; 8.318  ; 8.748  ; 8.544  ;
; b1         ; p5          ; 9.323  ; 9.136  ; 9.549  ; 9.362  ;
; b1         ; p6          ; 9.746  ; 9.642  ; 9.972  ; 9.868  ;
; b1         ; p7          ; 10.350 ; 10.217 ; 10.597 ; 10.464 ;
; b1         ; p8          ; 11.032 ; 10.864 ; 11.279 ; 11.111 ;
; b1         ; p9          ; 10.059 ; 9.955  ; 10.249 ; 10.145 ;
; b1         ; p10         ; 11.002 ; 10.846 ; 11.207 ; 11.051 ;
; b1         ; p11         ; 9.469  ; 9.354  ; 9.674  ; 9.559  ;
; b1         ; p12         ; 10.630 ; 10.563 ; 10.835 ; 10.767 ;
; b1         ; p13         ; 10.218 ; 10.045 ; 10.417 ; 10.244 ;
; b1         ; p14         ; 9.687  ; 9.631  ; 9.886  ; 9.830  ;
; b1         ; p15         ; 10.700 ; 10.607 ; 10.899 ; 10.806 ;
; b2         ; p2          ; 7.660  ; 7.502  ; 7.866  ; 7.703  ;
; b2         ; p3          ; 8.564  ; 8.408  ; 8.796  ; 8.640  ;
; b2         ; p4          ; 7.863  ; 7.659  ; 8.107  ; 7.903  ;
; b2         ; p5          ; 8.664  ; 8.477  ; 8.908  ; 8.721  ;
; b2         ; p6          ; 9.087  ; 8.983  ; 9.331  ; 9.227  ;
; b2         ; p7          ; 9.619  ; 9.486  ; 9.844  ; 9.711  ;
; b2         ; p8          ; 10.301 ; 10.133 ; 10.526 ; 10.358 ;
; b2         ; p9          ; 9.472  ; 9.368  ; 9.687  ; 9.583  ;
; b2         ; p10         ; 10.284 ; 10.128 ; 10.466 ; 10.310 ;
; b2         ; p11         ; 8.751  ; 8.636  ; 8.933  ; 8.818  ;
; b2         ; p12         ; 9.810  ; 9.742  ; 9.935  ; 9.867  ;
; b2         ; p13         ; 9.392  ; 9.219  ; 9.517  ; 9.344  ;
; b2         ; p14         ; 8.865  ; 8.776  ; 8.986  ; 8.930  ;
; b2         ; p15         ; 9.818  ; 9.911  ; 10.184 ; 9.906  ;
; b3         ; p3          ; 7.317  ; 7.160  ; 7.478  ; 7.316  ;
; b3         ; p4          ; 8.145  ; 7.985  ; 8.295  ; 8.094  ;
; b3         ; p5          ; 8.629  ; 8.442  ; 8.784  ; 8.597  ;
; b3         ; p6          ; 9.088  ; 8.984  ; 9.243  ; 9.139  ;
; b3         ; p7          ; 8.976  ; 8.843  ; 9.139  ; 9.006  ;
; b3         ; p8          ; 9.658  ; 9.490  ; 9.821  ; 9.653  ;
; b3         ; p9          ; 8.874  ; 8.770  ; 9.041  ; 8.937  ;
; b3         ; p10         ; 9.562  ; 9.406  ; 9.730  ; 9.574  ;
; b3         ; p11         ; 8.029  ; 7.914  ; 8.197  ; 8.082  ;
; b3         ; p12         ; 9.089  ; 9.021  ; 9.182  ; 9.114  ;
; b3         ; p13         ; 8.671  ; 8.498  ; 8.764  ; 8.591  ;
; b3         ; p14         ; 8.144  ; 8.055  ; 8.233  ; 8.177  ;
; b3         ; p15         ; 9.097  ; 9.294  ; 9.431  ; 9.153  ;
; b4         ; p4          ; 7.355  ; 7.188  ; 7.542  ; 7.306  ;
; b4         ; p5          ; 8.693  ; 8.506  ; 8.893  ; 8.706  ;
; b4         ; p6          ; 9.177  ; 9.073  ; 9.316  ; 9.212  ;
; b4         ; p7          ; 9.282  ; 9.149  ; 9.453  ; 9.320  ;
; b4         ; p8          ; 9.888  ; 9.739  ; 10.060 ; 9.911  ;
; b4         ; p9          ; 9.063  ; 8.959  ; 9.236  ; 9.132  ;
; b4         ; p10         ; 10.729 ; 10.577 ; 10.880 ; 10.724 ;
; b4         ; p11         ; 9.226  ; 9.111  ; 9.347  ; 9.232  ;
; b4         ; p12         ; 10.084 ; 10.016 ; 10.140 ; 10.072 ;
; b4         ; p13         ; 9.666  ; 9.493  ; 9.722  ; 9.549  ;
; b4         ; p14         ; 9.139  ; 9.050  ; 9.191  ; 9.135  ;
; b4         ; p15         ; 10.092 ; 10.289 ; 10.389 ; 10.111 ;
; b5         ; p5          ; 7.243  ; 7.058  ; 7.416  ; 7.262  ;
; b5         ; p6          ; 8.415  ; 8.311  ; 8.577  ; 8.473  ;
; b5         ; p7          ; 8.044  ; 7.911  ; 8.223  ; 8.090  ;
; b5         ; p8          ; 8.726  ; 8.558  ; 8.911  ; 8.738  ;
; b5         ; p9          ; 8.527  ; 8.438  ; 8.701  ; 8.597  ;
; b5         ; p10         ; 8.999  ; 8.843  ; 9.242  ; 9.086  ;
; b5         ; p11         ; 7.466  ; 7.346  ; 7.709  ; 7.594  ;
; b5         ; p12         ; 8.450  ; 8.383  ; 8.671  ; 8.604  ;
; b5         ; p13         ; 8.319  ; 8.141  ; 8.441  ; 8.263  ;
; b5         ; p14         ; 7.894  ; 7.805  ; 8.021  ; 7.965  ;
; b5         ; p15         ; 8.847  ; 8.924  ; 9.129  ; 8.941  ;
; b6         ; p6          ; 7.210  ; 7.128  ; 7.386  ; 7.239  ;
; b6         ; p7          ; 8.153  ; 8.020  ; 8.293  ; 8.189  ;
; b6         ; p8          ; 8.303  ; 8.152  ; 8.453  ; 8.280  ;
; b6         ; p9          ; 7.283  ; 7.179  ; 7.413  ; 7.314  ;
; b6         ; p10         ; 9.136  ; 8.980  ; 9.286  ; 9.130  ;
; b6         ; p11         ; 7.691  ; 7.554  ; 7.808  ; 7.702  ;
; b6         ; p12         ; 7.944  ; 7.876  ; 8.105  ; 8.064  ;
; b6         ; p13         ; 7.679  ; 7.507  ; 7.851  ; 7.712  ;
; b6         ; p14         ; 6.959  ; 6.870  ; 7.131  ; 7.075  ;
; b6         ; p15         ; 7.912  ; 8.352  ; 8.596  ; 8.051  ;
; b7         ; p7          ; 6.859  ; 6.725  ; 7.014  ; 6.875  ;
; b7         ; p8          ; 8.047  ; 7.885  ; 8.192  ; 8.016  ;
; b7         ; p9          ; 7.513  ; 7.454  ; 7.677  ; 7.577  ;
; b7         ; p10         ; 8.880  ; 8.730  ; 9.015  ; 8.898  ;
; b7         ; p11         ; 7.683  ; 7.578  ; 7.846  ; 7.701  ;
; b7         ; p12         ; 7.889  ; 7.823  ; 8.065  ; 7.994  ;
; b7         ; p13         ; 7.601  ; 7.466  ; 7.779  ; 7.604  ;
; b7         ; p14         ; 6.367  ; 6.277  ; 6.557  ; 6.462  ;
; b7         ; p15         ; 7.325  ;        ;        ; 7.442  ;
+------------+-------------+--------+--------+--------+--------+


-----------------------------------------------
; Slow 1200mV -40C Model Metastability Report ;
-----------------------------------------------
No synchronizer chains to report.


----------------------------------------
; Fast 1200mV -40C Model Setup Summary ;
----------------------------------------
No paths to report.


---------------------------------------
; Fast 1200mV -40C Model Hold Summary ;
---------------------------------------
No paths to report.


-------------------------------------------
; Fast 1200mV -40C Model Recovery Summary ;
-------------------------------------------
No paths to report.


------------------------------------------
; Fast 1200mV -40C Model Removal Summary ;
------------------------------------------
No paths to report.


------------------------------------------------------
; Fast 1200mV -40C Model Minimum Pulse Width Summary ;
------------------------------------------------------
No paths to report.


+--------------------------------------------------------------+
; Propagation Delay                                            ;
+------------+-------------+--------+--------+--------+--------+
; Input Port ; Output Port ; RR     ; RF     ; FR     ; FF     ;
+------------+-------------+--------+--------+--------+--------+
; a0         ; p0          ; 4.267  ;        ;        ; 4.939  ;
; a0         ; p1          ; 4.607  ; 4.687  ; 5.213  ; 5.311  ;
; a0         ; p2          ; 4.884  ; 4.985  ; 5.559  ; 5.623  ;
; a0         ; p3          ; 5.773  ; 5.871  ; 6.472  ; 6.570  ;
; a0         ; p4          ; 6.273  ; 6.348  ; 6.972  ; 7.047  ;
; a0         ; p5          ; 7.223  ; 7.308  ; 7.922  ; 8.007  ;
; a0         ; p6          ; 7.952  ; 8.037  ; 8.751  ; 8.836  ;
; a0         ; p7          ; 8.740  ; 8.822  ; 9.536  ; 9.618  ;
; a0         ; p8          ; 9.587  ; 9.730  ; 10.424 ; 10.567 ;
; a0         ; p9          ; 9.588  ; 9.639  ; 10.363 ; 10.434 ;
; a0         ; p10         ; 10.979 ; 11.107 ; 11.775 ; 11.903 ;
; a0         ; p11         ; 10.514 ; 10.569 ; 11.310 ; 11.365 ;
; a0         ; p12         ; 11.324 ; 11.448 ; 12.065 ; 12.219 ;
; a0         ; p13         ; 11.415 ; 11.481 ; 12.201 ; 12.264 ;
; a0         ; p14         ; 11.366 ; 11.396 ; 12.152 ; 12.182 ;
; a0         ; p15         ; 11.862 ; 12.059 ; 12.600 ; 12.845 ;
; a1         ; p1          ; 4.338  ; 4.434  ; 4.925  ; 4.997  ;
; a1         ; p2          ; 4.622  ; 4.721  ; 5.250  ; 5.322  ;
; a1         ; p3          ; 5.507  ; 5.605  ; 6.163  ; 6.261  ;
; a1         ; p4          ; 6.007  ; 6.082  ; 6.663  ; 6.738  ;
; a1         ; p5          ; 6.957  ; 7.042  ; 7.613  ; 7.698  ;
; a1         ; p6          ; 7.686  ; 7.771  ; 8.442  ; 8.527  ;
; a1         ; p7          ; 8.474  ; 8.556  ; 9.227  ; 9.309  ;
; a1         ; p8          ; 9.321  ; 9.464  ; 10.115 ; 10.258 ;
; a1         ; p9          ; 9.322  ; 9.373  ; 10.054 ; 10.125 ;
; a1         ; p10         ; 10.713 ; 10.841 ; 11.466 ; 11.594 ;
; a1         ; p11         ; 10.248 ; 10.303 ; 11.001 ; 11.056 ;
; a1         ; p12         ; 11.058 ; 11.182 ; 11.756 ; 11.910 ;
; a1         ; p13         ; 11.149 ; 11.215 ; 11.892 ; 11.955 ;
; a1         ; p14         ; 11.100 ; 11.130 ; 11.843 ; 11.873 ;
; a1         ; p15         ; 11.596 ; 11.793 ; 12.291 ; 12.536 ;
; a2         ; p2          ; 4.764  ; 4.848  ; 5.381  ; 5.483  ;
; a2         ; p3          ; 5.584  ; 5.682  ; 6.219  ; 6.317  ;
; a2         ; p4          ; 6.084  ; 6.159  ; 6.719  ; 6.794  ;
; a2         ; p5          ; 7.034  ; 7.119  ; 7.669  ; 7.754  ;
; a2         ; p6          ; 7.798  ; 7.883  ; 8.440  ; 8.525  ;
; a2         ; p7          ; 8.586  ; 8.668  ; 9.225  ; 9.307  ;
; a2         ; p8          ; 9.433  ; 9.576  ; 10.113 ; 10.256 ;
; a2         ; p9          ; 9.434  ; 9.485  ; 10.069 ; 10.123 ;
; a2         ; p10         ; 10.825 ; 10.953 ; 11.464 ; 11.592 ;
; a2         ; p11         ; 10.360 ; 10.415 ; 10.999 ; 11.054 ;
; a2         ; p12         ; 11.170 ; 11.294 ; 11.805 ; 11.929 ;
; a2         ; p13         ; 11.261 ; 11.327 ; 11.896 ; 11.962 ;
; a2         ; p14         ; 11.212 ; 11.242 ; 11.847 ; 11.877 ;
; a2         ; p15         ; 11.708 ; 11.905 ; 12.343 ; 12.540 ;
; a3         ; p3          ; 5.043  ; 5.141  ; 5.619  ; 5.717  ;
; a3         ; p4          ; 5.543  ; 5.618  ; 6.119  ; 6.194  ;
; a3         ; p5          ; 6.493  ; 6.578  ; 7.069  ; 7.154  ;
; a3         ; p6          ; 7.309  ; 7.394  ; 8.039  ; 8.124  ;
; a3         ; p7          ; 8.094  ; 8.176  ; 8.824  ; 8.906  ;
; a3         ; p8          ; 8.878  ; 9.021  ; 9.712  ; 9.855  ;
; a3         ; p9          ; 8.879  ; 8.930  ; 9.651  ; 9.722  ;
; a3         ; p10         ; 10.270 ; 10.405 ; 11.063 ; 11.191 ;
; a3         ; p11         ; 9.805  ; 9.860  ; 10.598 ; 10.653 ;
; a3         ; p12         ; 10.615 ; 10.739 ; 11.353 ; 11.507 ;
; a3         ; p13         ; 10.706 ; 10.772 ; 11.489 ; 11.552 ;
; a3         ; p14         ; 10.657 ; 10.687 ; 11.440 ; 11.470 ;
; a3         ; p15         ; 11.153 ; 11.350 ; 11.824 ; 12.133 ;
; a4         ; p4          ; 4.916  ; 4.991  ; 5.473  ; 5.548  ;
; a4         ; p5          ; 5.866  ; 5.951  ; 6.423  ; 6.508  ;
; a4         ; p6          ; 6.842  ; 6.927  ; 7.511  ; 7.596  ;
; a4         ; p7          ; 7.627  ; 7.709  ; 8.296  ; 8.378  ;
; a4         ; p8          ; 8.360  ; 8.503  ; 9.184  ; 9.327  ;
; a4         ; p9          ; 8.299  ; 8.370  ; 9.123  ; 9.194  ;
; a4         ; p10         ; 9.793  ; 9.938  ; 10.535 ; 10.663 ;
; a4         ; p11         ; 9.332  ; 9.387  ; 10.070 ; 10.125 ;
; a4         ; p12         ; 10.087 ; 10.241 ; 10.825 ; 10.979 ;
; a4         ; p13         ; 10.223 ; 10.286 ; 10.961 ; 11.024 ;
; a4         ; p14         ; 10.174 ; 10.204 ; 10.912 ; 10.942 ;
; a4         ; p15         ; 10.561 ; 10.867 ; 11.296 ; 11.605 ;
; a5         ; p5          ; 5.802  ; 5.887  ; 6.400  ; 6.485  ;
; a5         ; p6          ; 6.833  ; 6.918  ; 7.504  ; 7.589  ;
; a5         ; p7          ; 7.618  ; 7.700  ; 8.289  ; 8.371  ;
; a5         ; p8          ; 8.351  ; 8.494  ; 9.177  ; 9.320  ;
; a5         ; p9          ; 8.290  ; 8.361  ; 9.116  ; 9.187  ;
; a5         ; p10         ; 9.784  ; 9.929  ; 10.528 ; 10.656 ;
; a5         ; p11         ; 9.323  ; 9.378  ; 10.063 ; 10.118 ;
; a5         ; p12         ; 10.078 ; 10.232 ; 10.818 ; 10.972 ;
; a5         ; p13         ; 10.214 ; 10.277 ; 10.954 ; 11.017 ;
; a5         ; p14         ; 10.165 ; 10.195 ; 10.905 ; 10.935 ;
; a5         ; p15         ; 10.552 ; 10.858 ; 11.289 ; 11.598 ;
; a6         ; p6          ; 6.453  ; 6.538  ; 7.076  ; 7.161  ;
; a6         ; p7          ; 7.238  ; 7.320  ; 7.861  ; 7.943  ;
; a6         ; p8          ; 7.920  ; 8.026  ; 8.543  ; 8.649  ;
; a6         ; p9          ; 7.887  ; 7.943  ; 8.510  ; 8.566  ;
; a6         ; p10         ; 9.404  ; 9.549  ; 10.027 ; 10.172 ;
; a6         ; p11         ; 8.943  ; 8.998  ; 9.566  ; 9.621  ;
; a6         ; p12         ; 9.698  ; 9.852  ; 10.321 ; 10.475 ;
; a6         ; p13         ; 9.834  ; 9.897  ; 10.457 ; 10.520 ;
; a6         ; p14         ; 9.785  ; 9.815  ; 10.408 ; 10.438 ;
; a6         ; p15         ; 10.172 ; 10.478 ; 10.795 ; 11.101 ;
; a7         ; p7          ; 6.658  ; 6.740  ; 7.244  ; 7.326  ;
; a7         ; p8          ; 7.494  ; 7.637  ; 8.171  ; 8.314  ;
; a7         ; p9          ; 7.433  ; 7.504  ; 8.110  ; 8.181  ;
; a7         ; p10         ; 8.845  ; 8.973  ; 9.522  ; 9.650  ;
; a7         ; p11         ; 8.380  ; 8.435  ; 9.057  ; 9.112  ;
; a7         ; p12         ; 9.135  ; 9.289  ; 9.812  ; 9.966  ;
; a7         ; p13         ; 9.271  ; 9.334  ; 9.948  ; 10.011 ;
; a7         ; p14         ; 9.222  ; 9.252  ; 9.899  ; 9.929  ;
; a7         ; p15         ; 9.606  ; 9.915  ; 10.283 ; 10.592 ;
; b0         ; p0          ; 4.043  ;        ;        ; 4.690  ;
; b0         ; p1          ; 4.257  ; 4.340  ; 4.845  ; 4.922  ;
; b0         ; p2          ; 4.567  ; 4.651  ; 5.180  ; 5.282  ;
; b0         ; p3          ; 5.421  ; 5.519  ; 6.079  ; 6.177  ;
; b0         ; p4          ; 5.921  ; 5.996  ; 6.579  ; 6.654  ;
; b0         ; p5          ; 6.871  ; 6.956  ; 7.529  ; 7.614  ;
; b0         ; p6          ; 7.601  ; 7.686  ; 8.358  ; 8.443  ;
; b0         ; p7          ; 8.389  ; 8.471  ; 9.143  ; 9.225  ;
; b0         ; p8          ; 9.236  ; 9.379  ; 10.031 ; 10.174 ;
; b0         ; p9          ; 9.237  ; 9.288  ; 9.970  ; 10.041 ;
; b0         ; p10         ; 10.628 ; 10.756 ; 11.382 ; 11.510 ;
; b0         ; p11         ; 10.163 ; 10.218 ; 10.917 ; 10.972 ;
; b0         ; p12         ; 10.973 ; 11.097 ; 11.672 ; 11.826 ;
; b0         ; p13         ; 11.064 ; 11.130 ; 11.808 ; 11.871 ;
; b0         ; p14         ; 11.015 ; 11.045 ; 11.759 ; 11.789 ;
; b0         ; p15         ; 11.511 ; 11.708 ; 12.207 ; 12.452 ;
; b1         ; p1          ; 4.441  ; 4.520  ; 5.068  ; 5.154  ;
; b1         ; p2          ; 4.692  ; 4.793  ; 5.383  ; 5.447  ;
; b1         ; p3          ; 5.581  ; 5.679  ; 6.296  ; 6.394  ;
; b1         ; p4          ; 6.081  ; 6.156  ; 6.796  ; 6.871  ;
; b1         ; p5          ; 7.031  ; 7.116  ; 7.746  ; 7.831  ;
; b1         ; p6          ; 7.760  ; 7.845  ; 8.575  ; 8.660  ;
; b1         ; p7          ; 8.548  ; 8.630  ; 9.360  ; 9.442  ;
; b1         ; p8          ; 9.395  ; 9.538  ; 10.248 ; 10.391 ;
; b1         ; p9          ; 9.396  ; 9.447  ; 10.187 ; 10.258 ;
; b1         ; p10         ; 10.787 ; 10.915 ; 11.599 ; 11.727 ;
; b1         ; p11         ; 10.322 ; 10.377 ; 11.134 ; 11.189 ;
; b1         ; p12         ; 11.132 ; 11.256 ; 11.889 ; 12.043 ;
; b1         ; p13         ; 11.223 ; 11.289 ; 12.025 ; 12.088 ;
; b1         ; p14         ; 11.174 ; 11.204 ; 11.976 ; 12.006 ;
; b1         ; p15         ; 11.670 ; 11.867 ; 12.424 ; 12.669 ;
; b2         ; p2          ; 4.535  ; 4.622  ; 5.158  ; 5.239  ;
; b2         ; p3          ; 5.342  ; 5.440  ; 5.974  ; 6.072  ;
; b2         ; p4          ; 5.842  ; 5.917  ; 6.474  ; 6.549  ;
; b2         ; p5          ; 6.792  ; 6.877  ; 7.424  ; 7.509  ;
; b2         ; p6          ; 7.502  ; 7.587  ; 8.188  ; 8.273  ;
; b2         ; p7          ; 8.287  ; 8.369  ; 8.976  ; 9.058  ;
; b2         ; p8          ; 8.969  ; 9.075  ; 9.823  ; 9.966  ;
; b2         ; p9          ; 8.940  ; 8.996  ; 9.824  ; 9.875  ;
; b2         ; p10         ; 10.457 ; 10.602 ; 11.215 ; 11.343 ;
; b2         ; p11         ; 9.996  ; 10.051 ; 10.750 ; 10.805 ;
; b2         ; p12         ; 10.751 ; 10.905 ; 11.560 ; 11.684 ;
; b2         ; p13         ; 10.887 ; 10.950 ; 11.651 ; 11.717 ;
; b2         ; p14         ; 10.838 ; 10.868 ; 11.602 ; 11.632 ;
; b2         ; p15         ; 11.225 ; 11.531 ; 12.098 ; 12.295 ;
; b3         ; p3          ; 4.333  ; 4.415  ; 4.916  ; 4.992  ;
; b3         ; p4          ; 4.832  ; 4.907  ; 5.430  ; 5.505  ;
; b3         ; p5          ; 5.782  ; 5.867  ; 6.380  ; 6.465  ;
; b3         ; p6          ; 6.492  ; 6.577  ; 7.090  ; 7.175  ;
; b3         ; p7          ; 7.277  ; 7.359  ; 7.875  ; 7.957  ;
; b3         ; p8          ; 7.959  ; 8.065  ; 8.557  ; 8.663  ;
; b3         ; p9          ; 7.930  ; 7.986  ; 8.528  ; 8.584  ;
; b3         ; p10         ; 9.447  ; 9.592  ; 10.045 ; 10.190 ;
; b3         ; p11         ; 8.986  ; 9.041  ; 9.584  ; 9.639  ;
; b3         ; p12         ; 9.741  ; 9.895  ; 10.339 ; 10.493 ;
; b3         ; p13         ; 9.877  ; 9.940  ; 10.475 ; 10.538 ;
; b3         ; p14         ; 9.828  ; 9.858  ; 10.426 ; 10.456 ;
; b3         ; p15         ; 10.215 ; 10.521 ; 10.813 ; 11.119 ;
; b4         ; p4          ; 4.334  ; 4.425  ; 4.950  ; 4.994  ;
; b4         ; p5          ; 5.263  ; 5.348  ; 5.891  ; 5.976  ;
; b4         ; p6          ; 5.973  ; 6.058  ; 6.601  ; 6.686  ;
; b4         ; p7          ; 6.758  ; 6.840  ; 7.386  ; 7.468  ;
; b4         ; p8          ; 7.440  ; 7.546  ; 8.068  ; 8.174  ;
; b4         ; p9          ; 7.411  ; 7.467  ; 8.039  ; 8.095  ;
; b4         ; p10         ; 8.928  ; 9.073  ; 9.556  ; 9.701  ;
; b4         ; p11         ; 8.467  ; 8.522  ; 9.095  ; 9.150  ;
; b4         ; p12         ; 9.222  ; 9.376  ; 9.850  ; 10.004 ;
; b4         ; p13         ; 9.358  ; 9.421  ; 9.986  ; 10.049 ;
; b4         ; p14         ; 9.309  ; 9.339  ; 9.937  ; 9.967  ;
; b4         ; p15         ; 9.696  ; 10.002 ; 10.324 ; 10.630 ;
; b5         ; p5          ; 4.252  ; 4.318  ; 4.833  ; 4.917  ;
; b5         ; p6          ; 4.961  ; 5.046  ; 5.577  ; 5.662  ;
; b5         ; p7          ; 5.746  ; 5.828  ; 6.362  ; 6.444  ;
; b5         ; p8          ; 6.428  ; 6.534  ; 7.044  ; 7.150  ;
; b5         ; p9          ; 6.345  ; 6.416  ; 7.015  ; 7.071  ;
; b5         ; p10         ; 7.757  ; 7.885  ; 8.532  ; 8.677  ;
; b5         ; p11         ; 7.292  ; 7.347  ; 8.071  ; 8.126  ;
; b5         ; p12         ; 8.047  ; 8.201  ; 8.826  ; 8.980  ;
; b5         ; p13         ; 8.183  ; 8.246  ; 8.962  ; 9.025  ;
; b5         ; p14         ; 8.134  ; 8.164  ; 8.913  ; 8.943  ;
; b5         ; p15         ; 8.558  ; 8.827  ; 9.300  ; 9.606  ;
; b6         ; p6          ; 4.257  ; 4.343  ; 4.865  ; 4.934  ;
; b6         ; p7          ; 5.000  ; 5.082  ; 5.621  ; 5.703  ;
; b6         ; p8          ; 5.682  ; 5.788  ; 6.303  ; 6.409  ;
; b6         ; p9          ; 5.599  ; 5.670  ; 6.220  ; 6.291  ;
; b6         ; p10         ; 7.011  ; 7.139  ; 7.632  ; 7.760  ;
; b6         ; p11         ; 6.546  ; 6.601  ; 7.167  ; 7.222  ;
; b6         ; p12         ; 7.301  ; 7.455  ; 7.922  ; 8.076  ;
; b6         ; p13         ; 7.437  ; 7.500  ; 8.058  ; 8.121  ;
; b6         ; p14         ; 7.388  ; 7.418  ; 8.009  ; 8.039  ;
; b6         ; p15         ; 7.578  ; 8.081  ; 8.433  ; 8.702  ;
; b7         ; p7          ; 4.069  ; 4.135  ; 4.632  ; 4.692  ;
; b7         ; p8          ; 4.720  ; 4.863  ; 5.329  ; 5.435  ;
; b7         ; p9          ; 4.619  ; 4.672  ; 5.246  ; 5.317  ;
; b7         ; p10         ; 5.957  ; 6.122  ; 6.658  ; 6.786  ;
; b7         ; p11         ; 5.444  ; 5.505  ; 6.193  ; 6.248  ;
; b7         ; p12         ; 6.175  ; 6.311  ; 6.948  ; 7.102  ;
; b7         ; p13         ; 6.248  ; 6.338  ; 7.084  ; 7.147  ;
; b7         ; p14         ; 6.156  ; 6.197  ; 7.035  ; 7.065  ;
; b7         ; p15         ; 6.719  ;        ;        ; 7.728  ;
+------------+-------------+--------+--------+--------+--------+


+----------------------------------------------------------+
; Minimum Propagation Delay                                ;
+------------+-------------+-------+-------+-------+-------+
; Input Port ; Output Port ; RR    ; RF    ; FR    ; FF    ;
+------------+-------------+-------+-------+-------+-------+
; a0         ; p0          ; 4.120 ;       ;       ; 4.781 ;
; a0         ; p1          ; 4.446 ; 4.523 ; 5.043 ; 5.138 ;
; a0         ; p2          ; 4.583 ; 4.667 ; 5.213 ; 5.292 ;
; a0         ; p3          ; 4.370 ; 4.447 ; 4.974 ; 5.069 ;
; a0         ; p4          ; 4.245 ; 4.312 ; 4.849 ; 4.935 ;
; a0         ; p5          ; 4.107 ; 4.173 ; 4.687 ; 4.748 ;
; a0         ; p6          ; 4.126 ; 4.214 ; 4.741 ; 4.798 ;
; a0         ; p7          ; 4.157 ; 4.217 ; 4.730 ; 4.808 ;
; a0         ; p8          ; 4.740 ; 4.871 ; 5.363 ; 5.477 ;
; a0         ; p9          ; 4.650 ; 4.699 ; 5.286 ; 5.354 ;
; a0         ; p10         ; 5.935 ; 6.092 ; 6.630 ; 6.770 ;
; a0         ; p11         ; 5.417 ; 5.474 ; 6.152 ; 6.204 ;
; a0         ; p12         ; 6.118 ; 6.247 ; 6.876 ; 7.024 ;
; a0         ; p13         ; 6.154 ; 6.235 ; 6.968 ; 7.033 ;
; a0         ; p14         ; 6.041 ; 6.077 ; 6.883 ; 6.904 ;
; a0         ; p15         ; 6.588 ; 7.160 ; 7.632 ; 7.552 ;
; a1         ; p1          ; 4.180 ; 4.281 ; 4.766 ; 4.822 ;
; a1         ; p2          ; 4.413 ; 4.505 ; 5.025 ; 5.100 ;
; a1         ; p3          ; 4.734 ; 4.822 ; 5.309 ; 5.397 ;
; a1         ; p4          ; 4.578 ; 4.670 ; 5.187 ; 5.279 ;
; a1         ; p5          ; 4.713 ; 4.787 ; 5.283 ; 5.357 ;
; a1         ; p6          ; 4.736 ; 4.799 ; 5.348 ; 5.411 ;
; a1         ; p7          ; 4.425 ; 4.496 ; 4.983 ; 5.054 ;
; a1         ; p8          ; 4.379 ; 4.502 ; 4.933 ; 5.051 ;
; a1         ; p9          ; 4.285 ; 4.334 ; 4.854 ; 4.922 ;
; a1         ; p10         ; 5.570 ; 5.727 ; 6.198 ; 6.338 ;
; a1         ; p11         ; 5.052 ; 5.109 ; 5.720 ; 5.772 ;
; a1         ; p12         ; 5.753 ; 5.882 ; 6.444 ; 6.592 ;
; a1         ; p13         ; 5.789 ; 5.870 ; 6.536 ; 6.601 ;
; a1         ; p14         ; 5.676 ; 5.712 ; 6.451 ; 6.472 ;
; a1         ; p15         ; 6.223 ; 6.837 ; 7.245 ; 7.120 ;
; a2         ; p2          ; 4.597 ; 4.677 ; 5.205 ; 5.304 ;
; a2         ; p3          ; 5.052 ; 5.140 ; 5.669 ; 5.757 ;
; a2         ; p4          ; 4.693 ; 4.785 ; 5.299 ; 5.391 ;
; a2         ; p5          ; 5.120 ; 5.194 ; 5.726 ; 5.800 ;
; a2         ; p6          ; 5.060 ; 5.123 ; 5.657 ; 5.720 ;
; a2         ; p7          ; 4.512 ; 4.583 ; 5.091 ; 5.162 ;
; a2         ; p8          ; 4.666 ; 4.785 ; 5.243 ; 5.362 ;
; a2         ; p9          ; 4.483 ; 4.543 ; 5.134 ; 5.178 ;
; a2         ; p10         ; 5.768 ; 5.925 ; 6.435 ; 6.592 ;
; a2         ; p11         ; 5.250 ; 5.307 ; 5.917 ; 5.974 ;
; a2         ; p12         ; 5.951 ; 6.080 ; 6.618 ; 6.747 ;
; a2         ; p13         ; 5.987 ; 6.068 ; 6.654 ; 6.735 ;
; a2         ; p14         ; 5.874 ; 5.910 ; 6.541 ; 6.577 ;
; a2         ; p15         ; 6.421 ; 6.798 ; 7.088 ; 7.376 ;
; a3         ; p3          ; 4.773 ; 4.861 ; 5.345 ; 5.433 ;
; a3         ; p4          ; 4.817 ; 4.909 ; 5.432 ; 5.524 ;
; a3         ; p5          ; 5.191 ; 5.265 ; 5.799 ; 5.873 ;
; a3         ; p6          ; 4.961 ; 5.024 ; 5.506 ; 5.569 ;
; a3         ; p7          ; 4.771 ; 4.842 ; 5.316 ; 5.387 ;
; a3         ; p8          ; 5.091 ; 5.210 ; 5.636 ; 5.755 ;
; a3         ; p9          ; 3.970 ; 4.023 ; 4.517 ; 4.570 ;
; a3         ; p10         ; 4.996 ; 5.141 ; 5.552 ; 5.716 ;
; a3         ; p11         ; 4.479 ; 4.536 ; 5.096 ; 5.148 ;
; a3         ; p12         ; 5.180 ; 5.309 ; 5.820 ; 5.968 ;
; a3         ; p13         ; 5.216 ; 5.297 ; 5.912 ; 5.977 ;
; a3         ; p14         ; 5.103 ; 5.139 ; 5.827 ; 5.848 ;
; a3         ; p15         ; 5.650 ; 6.167 ; 6.454 ; 6.496 ;
; a4         ; p4          ; 4.592 ; 4.684 ; 5.147 ; 5.239 ;
; a4         ; p5          ; 5.019 ; 5.093 ; 5.574 ; 5.648 ;
; a4         ; p6          ; 5.278 ; 5.341 ; 5.833 ; 5.896 ;
; a4         ; p7          ; 5.035 ; 5.106 ; 5.582 ; 5.653 ;
; a4         ; p8          ; 5.199 ; 5.318 ; 5.749 ; 5.868 ;
; a4         ; p9          ; 4.454 ; 4.507 ; 5.004 ; 5.057 ;
; a4         ; p10         ; 5.459 ; 5.608 ; 6.053 ; 6.202 ;
; a4         ; p11         ; 4.445 ; 4.510 ; 5.064 ; 5.112 ;
; a4         ; p12         ; 5.143 ; 5.272 ; 5.782 ; 5.930 ;
; a4         ; p13         ; 5.179 ; 5.260 ; 5.874 ; 5.939 ;
; a4         ; p14         ; 5.066 ; 5.102 ; 5.789 ; 5.810 ;
; a4         ; p15         ; 5.613 ; 5.848 ; 6.355 ; 6.458 ;
; a5         ; p5          ; 5.371 ; 5.445 ; 5.951 ; 6.025 ;
; a5         ; p6          ; 5.656 ; 5.719 ; 6.236 ; 6.299 ;
; a5         ; p7          ; 5.690 ; 5.761 ; 6.253 ; 6.324 ;
; a5         ; p8          ; 5.407 ; 5.526 ; 5.959 ; 6.078 ;
; a5         ; p9          ; 4.662 ; 4.715 ; 5.214 ; 5.267 ;
; a5         ; p10         ; 5.422 ; 5.571 ; 6.011 ; 6.160 ;
; a5         ; p11         ; 4.162 ; 4.226 ; 4.715 ; 4.779 ;
; a5         ; p12         ; 4.672 ; 4.805 ; 5.273 ; 5.401 ;
; a5         ; p13         ; 4.710 ; 4.791 ; 5.346 ; 5.411 ;
; a5         ; p14         ; 4.597 ; 4.633 ; 5.261 ; 5.282 ;
; a5         ; p15         ; 5.144 ; 5.381 ; 5.825 ; 5.930 ;
; a6         ; p6          ; 5.889 ; 5.952 ; 6.508 ; 6.571 ;
; a6         ; p7          ; 5.784 ; 5.855 ; 6.403 ; 6.474 ;
; a6         ; p8          ; 6.072 ; 6.191 ; 6.647 ; 6.766 ;
; a6         ; p9          ; 5.204 ; 5.257 ; 5.784 ; 5.837 ;
; a6         ; p10         ; 5.530 ; 5.679 ; 6.089 ; 6.238 ;
; a6         ; p11         ; 4.480 ; 4.533 ; 5.039 ; 5.092 ;
; a6         ; p12         ; 4.545 ; 4.686 ; 5.116 ; 5.257 ;
; a6         ; p13         ; 4.432 ; 4.514 ; 5.046 ; 5.111 ;
; a6         ; p14         ; 4.322 ; 4.358 ; 4.964 ; 4.985 ;
; a6         ; p15         ; 4.869 ; 5.174 ; 5.594 ; 5.633 ;
; a7         ; p7          ; 6.029 ; 6.100 ; 6.612 ; 6.683 ;
; a7         ; p8          ; 6.085 ; 6.204 ; 6.661 ; 6.780 ;
; a7         ; p9          ; 5.508 ; 5.561 ; 6.084 ; 6.137 ;
; a7         ; p10         ; 6.000 ; 6.149 ; 6.599 ; 6.748 ;
; a7         ; p11         ; 4.950 ; 5.003 ; 5.549 ; 5.602 ;
; a7         ; p12         ; 5.025 ; 5.166 ; 5.610 ; 5.751 ;
; a7         ; p13         ; 4.508 ; 4.578 ; 5.113 ; 5.183 ;
; a7         ; p14         ; 3.949 ; 3.982 ; 4.540 ; 4.560 ;
; a7         ; p15         ; 4.495 ; 5.100 ; 5.550 ; 5.206 ;
; b0         ; p0          ; 3.879 ;       ;       ; 4.508 ;
; b0         ; p1          ; 4.112 ; 4.192 ; 4.690 ; 4.765 ;
; b0         ; p2          ; 4.340 ; 4.432 ; 4.951 ; 5.026 ;
; b0         ; p3          ; 4.752 ; 4.840 ; 5.355 ; 5.443 ;
; b0         ; p4          ; 4.665 ; 4.757 ; 5.233 ; 5.325 ;
; b0         ; p5          ; 5.092 ; 5.166 ; 5.660 ; 5.734 ;
; b0         ; p6          ; 5.351 ; 5.414 ; 5.919 ; 5.982 ;
; b0         ; p7          ; 5.630 ; 5.701 ; 6.230 ; 6.301 ;
; b0         ; p8          ; 5.979 ; 6.109 ; 6.579 ; 6.709 ;
; b0         ; p9          ; 5.750 ; 5.811 ; 6.350 ; 6.411 ;
; b0         ; p10         ; 6.708 ; 6.857 ; 7.387 ; 7.536 ;
; b0         ; p11         ; 5.658 ; 5.711 ; 6.337 ; 6.390 ;
; b0         ; p12         ; 6.196 ; 6.337 ; 6.948 ; 7.089 ;
; b0         ; p13         ; 5.930 ; 6.004 ; 6.682 ; 6.756 ;
; b0         ; p14         ; 5.647 ; 5.672 ; 6.448 ; 6.492 ;
; b0         ; p15         ; 6.191 ; 6.496 ; 7.032 ; 7.137 ;
; b1         ; p1          ; 4.270 ; 4.364 ; 4.905 ; 4.954 ;
; b1         ; p2          ; 4.402 ; 4.493 ; 5.045 ; 5.120 ;
; b1         ; p3          ; 4.853 ; 4.941 ; 5.453 ; 5.541 ;
; b1         ; p4          ; 4.719 ; 4.811 ; 5.345 ; 5.437 ;
; b1         ; p5          ; 5.146 ; 5.220 ; 5.772 ; 5.846 ;
; b1         ; p6          ; 5.405 ; 5.468 ; 6.031 ; 6.094 ;
; b1         ; p7          ; 5.716 ; 5.787 ; 6.342 ; 6.413 ;
; b1         ; p8          ; 6.065 ; 6.195 ; 6.691 ; 6.821 ;
; b1         ; p9          ; 5.586 ; 5.639 ; 6.211 ; 6.264 ;
; b1         ; p10         ; 6.325 ; 6.474 ; 6.924 ; 7.073 ;
; b1         ; p11         ; 5.275 ; 5.328 ; 5.874 ; 5.927 ;
; b1         ; p12         ; 5.905 ; 6.046 ; 6.504 ; 6.645 ;
; b1         ; p13         ; 5.639 ; 5.713 ; 6.238 ; 6.312 ;
; b1         ; p14         ; 5.356 ; 5.381 ; 5.955 ; 5.980 ;
; b1         ; p15         ; 5.900 ; 6.138 ; 6.499 ; 6.737 ;
; b2         ; p2          ; 4.354 ; 4.438 ; 4.955 ; 5.034 ;
; b2         ; p3          ; 4.813 ; 4.901 ; 5.408 ; 5.496 ;
; b2         ; p4          ; 4.424 ; 4.516 ; 4.983 ; 5.075 ;
; b2         ; p5          ; 4.851 ; 4.925 ; 5.410 ; 5.484 ;
; b2         ; p6          ; 5.110 ; 5.173 ; 5.669 ; 5.732 ;
; b2         ; p7          ; 5.355 ; 5.426 ; 5.936 ; 6.007 ;
; b2         ; p8          ; 5.704 ; 5.834 ; 6.285 ; 6.415 ;
; b2         ; p9          ; 5.289 ; 5.342 ; 5.820 ; 5.873 ;
; b2         ; p10         ; 5.938 ; 6.087 ; 6.488 ; 6.637 ;
; b2         ; p11         ; 4.888 ; 4.941 ; 5.438 ; 5.491 ;
; b2         ; p12         ; 5.426 ; 5.567 ; 6.049 ; 6.190 ;
; b2         ; p13         ; 5.160 ; 5.234 ; 5.783 ; 5.857 ;
; b2         ; p14         ; 4.877 ; 4.902 ; 5.530 ; 5.555 ;
; b2         ; p15         ; 5.421 ; 5.726 ; 6.074 ; 6.238 ;
; b3         ; p3          ; 4.185 ; 4.265 ; 4.758 ; 4.833 ;
; b3         ; p4          ; 4.544 ; 4.636 ; 5.146 ; 5.238 ;
; b3         ; p5          ; 4.815 ; 4.889 ; 5.386 ; 5.460 ;
; b3         ; p6          ; 5.090 ; 5.153 ; 5.664 ; 5.727 ;
; b3         ; p7          ; 4.985 ; 5.056 ; 5.559 ; 5.630 ;
; b3         ; p8          ; 5.334 ; 5.464 ; 5.908 ; 6.038 ;
; b3         ; p9          ; 4.952 ; 5.005 ; 5.488 ; 5.541 ;
; b3         ; p10         ; 5.563 ; 5.712 ; 6.100 ; 6.249 ;
; b3         ; p11         ; 4.513 ; 4.566 ; 5.050 ; 5.103 ;
; b3         ; p12         ; 5.048 ; 5.189 ; 5.637 ; 5.778 ;
; b3         ; p13         ; 4.782 ; 4.856 ; 5.371 ; 5.445 ;
; b3         ; p14         ; 4.499 ; 4.524 ; 5.137 ; 5.181 ;
; b3         ; p15         ; 5.043 ; 5.348 ; 5.745 ; 5.826 ;
; b4         ; p4          ; 4.168 ; 4.253 ; 4.777 ; 4.817 ;
; b4         ; p5          ; 4.844 ; 4.918 ; 5.443 ; 5.517 ;
; b4         ; p6          ; 5.103 ; 5.166 ; 5.743 ; 5.806 ;
; b4         ; p7          ; 5.180 ; 5.251 ; 5.796 ; 5.867 ;
; b4         ; p8          ; 5.517 ; 5.636 ; 6.116 ; 6.235 ;
; b4         ; p9          ; 5.092 ; 5.145 ; 5.691 ; 5.744 ;
; b4         ; p10         ; 6.180 ; 6.336 ; 6.779 ; 6.935 ;
; b4         ; p11         ; 5.156 ; 5.209 ; 5.791 ; 5.844 ;
; b4         ; p12         ; 5.599 ; 5.740 ; 6.280 ; 6.421 ;
; b4         ; p13         ; 5.333 ; 5.407 ; 6.014 ; 6.088 ;
; b4         ; p14         ; 5.050 ; 5.075 ; 5.780 ; 5.824 ;
; b4         ; p15         ; 5.594 ; 5.899 ; 6.409 ; 6.469 ;
; b5         ; p5          ; 4.106 ; 4.169 ; 4.679 ; 4.760 ;
; b5         ; p6          ; 4.698 ; 4.761 ; 5.322 ; 5.385 ;
; b5         ; p7          ; 4.522 ; 4.593 ; 5.122 ; 5.193 ;
; b5         ; p8          ; 4.871 ; 5.001 ; 5.471 ; 5.601 ;
; b5         ; p9          ; 4.791 ; 4.840 ; 5.391 ; 5.440 ;
; b5         ; p10         ; 5.311 ; 5.460 ; 5.882 ; 6.031 ;
; b5         ; p11         ; 4.261 ; 4.314 ; 4.832 ; 4.885 ;
; b5         ; p12         ; 4.836 ; 4.976 ; 5.368 ; 5.508 ;
; b5         ; p13         ; 4.645 ; 4.719 ; 5.239 ; 5.313 ;
; b5         ; p14         ; 4.437 ; 4.462 ; 5.078 ; 5.115 ;
; b5         ; p15         ; 4.981 ; 5.214 ; 5.634 ; 5.767 ;
; b6         ; p6          ; 4.083 ; 4.172 ; 4.694 ; 4.749 ;
; b6         ; p7          ; 4.554 ; 4.625 ; 5.147 ; 5.218 ;
; b6         ; p8          ; 4.656 ; 4.775 ; 5.223 ; 5.342 ;
; b6         ; p9          ; 4.145 ; 4.198 ; 4.700 ; 4.753 ;
; b6         ; p10         ; 5.346 ; 5.495 ; 5.904 ; 6.053 ;
; b6         ; p11         ; 4.333 ; 4.397 ; 4.892 ; 4.956 ;
; b6         ; p12         ; 4.538 ; 4.679 ; 5.083 ; 5.224 ;
; b6         ; p13         ; 4.333 ; 4.403 ; 4.923 ; 4.993 ;
; b6         ; p14         ; 3.980 ; 4.005 ; 4.571 ; 4.615 ;
; b6         ; p15         ; 4.524 ; 4.925 ; 5.360 ; 5.260 ;
; b7         ; p7          ; 3.931 ; 3.994 ; 4.485 ; 4.543 ;
; b7         ; p8          ; 4.522 ; 4.651 ; 5.108 ; 5.222 ;
; b7         ; p9          ; 4.258 ; 4.318 ; 4.875 ; 4.919 ;
; b7         ; p10         ; 5.191 ; 5.336 ; 5.780 ; 5.944 ;
; b7         ; p11         ; 4.346 ; 4.411 ; 4.954 ; 5.002 ;
; b7         ; p12         ; 4.522 ; 4.655 ; 5.112 ; 5.240 ;
; b7         ; p13         ; 4.306 ; 4.388 ; 4.901 ; 4.966 ;
; b7         ; p14         ; 3.706 ; 3.735 ; 4.268 ; 4.292 ;
; b7         ; p15         ; 4.254 ;       ;       ; 4.942 ;
+------------+-------------+-------+-------+-------+-------+


-----------------------------------------------
; Fast 1200mV -40C Model Metastability Report ;
-----------------------------------------------
No synchronizer chains to report.


+----------------------------------------------------------------------------+
; Multicorner Timing Analysis Summary                                        ;
+------------------+-------+------+----------+---------+---------------------+
; Clock            ; Setup ; Hold ; Recovery ; Removal ; Minimum Pulse Width ;
+------------------+-------+------+----------+---------+---------------------+
; Worst-case Slack ; N/A   ; N/A  ; N/A      ; N/A     ; N/A                 ;
; Design-wide TNS  ; 0.0   ; 0.0  ; 0.0      ; 0.0     ; 0.0                 ;
+------------------+-------+------+----------+---------+---------------------+


+--------------------------------------------------------------+
; Progagation Delay                                            ;
+------------+-------------+--------+--------+--------+--------+
; Input Port ; Output Port ; RR     ; RF     ; FR     ; FF     ;
+------------+-------------+--------+--------+--------+--------+
; a0         ; p0          ; 9.075  ;        ;        ; 9.433  ;
; a0         ; p1          ; 9.796  ; 9.696  ; 10.180 ; 10.120 ;
; a0         ; p2          ; 10.462 ; 10.434 ; 10.955 ; 10.862 ;
; a0         ; p3          ; 12.422 ; 12.424 ; 12.955 ; 12.911 ;
; a0         ; p4          ; 13.604 ; 13.556 ; 14.101 ; 14.053 ;
; a0         ; p5          ; 15.683 ; 15.625 ; 16.180 ; 16.122 ;
; a0         ; p6          ; 17.175 ; 17.134 ; 17.773 ; 17.735 ;
; a0         ; p7          ; 18.886 ; 18.865 ; 19.484 ; 19.463 ;
; a0         ; p8          ; 20.627 ; 20.600 ; 21.332 ; 21.305 ;
; a0         ; p9          ; 20.514 ; 20.472 ; 21.216 ; 21.177 ;
; a0         ; p10         ; 23.183 ; 23.222 ; 23.888 ; 23.924 ;
; a0         ; p11         ; 22.524 ; 22.425 ; 23.229 ; 23.130 ;
; a0         ; p12         ; 24.115 ; 24.131 ; 24.726 ; 24.791 ;
; a0         ; p13         ; 24.471 ; 24.377 ; 25.164 ; 25.052 ;
; a0         ; p14         ; 24.385 ; 24.322 ; 25.078 ; 25.015 ;
; a0         ; p15         ; 25.393 ; 25.506 ; 25.973 ; 26.199 ;
; a1         ; p1          ; 9.191  ; 9.133  ; 9.628  ; 9.523  ;
; a1         ; p2          ; 9.862  ; 9.831  ; 10.362 ; 10.282 ;
; a1         ; p3          ; 11.817 ; 11.819 ; 12.366 ; 12.322 ;
; a1         ; p4          ; 12.999 ; 12.951 ; 13.512 ; 13.464 ;
; a1         ; p5          ; 15.078 ; 15.020 ; 15.591 ; 15.533 ;
; a1         ; p6          ; 16.570 ; 16.529 ; 17.184 ; 17.146 ;
; a1         ; p7          ; 18.281 ; 18.260 ; 18.895 ; 18.874 ;
; a1         ; p8          ; 20.022 ; 19.995 ; 20.743 ; 20.716 ;
; a1         ; p9          ; 19.909 ; 19.867 ; 20.627 ; 20.588 ;
; a1         ; p10         ; 22.578 ; 22.617 ; 23.299 ; 23.335 ;
; a1         ; p11         ; 21.919 ; 21.820 ; 22.640 ; 22.541 ;
; a1         ; p12         ; 23.510 ; 23.526 ; 24.137 ; 24.202 ;
; a1         ; p13         ; 23.866 ; 23.772 ; 24.575 ; 24.463 ;
; a1         ; p14         ; 23.780 ; 23.717 ; 24.489 ; 24.426 ;
; a1         ; p15         ; 24.788 ; 24.901 ; 25.384 ; 25.610 ;
; a2         ; p2          ; 10.101 ; 10.030 ; 10.533 ; 10.502 ;
; a2         ; p3          ; 11.908 ; 11.855 ; 12.379 ; 12.322 ;
; a2         ; p4          ; 13.054 ; 13.006 ; 13.525 ; 13.477 ;
; a2         ; p5          ; 15.133 ; 15.075 ; 15.604 ; 15.546 ;
; a2         ; p6          ; 16.625 ; 16.578 ; 17.096 ; 17.049 ;
; a2         ; p7          ; 18.336 ; 18.315 ; 18.807 ; 18.786 ;
; a2         ; p8          ; 20.091 ; 20.064 ; 20.610 ; 20.583 ;
; a2         ; p9          ; 20.027 ; 19.972 ; 20.498 ; 20.455 ;
; a2         ; p10         ; 22.680 ; 22.735 ; 23.166 ; 23.206 ;
; a2         ; p11         ; 22.021 ; 21.922 ; 22.507 ; 22.408 ;
; a2         ; p12         ; 23.628 ; 23.644 ; 24.099 ; 24.115 ;
; a2         ; p13         ; 23.984 ; 23.890 ; 24.455 ; 24.361 ;
; a2         ; p14         ; 23.898 ; 23.835 ; 24.369 ; 24.306 ;
; a2         ; p15         ; 24.906 ; 25.019 ; 25.377 ; 25.490 ;
; a3         ; p3          ; 10.688 ; 10.645 ; 11.060 ; 11.026 ;
; a3         ; p4          ; 11.834 ; 11.786 ; 12.206 ; 12.158 ;
; a3         ; p5          ; 13.913 ; 13.855 ; 14.285 ; 14.227 ;
; a3         ; p6          ; 15.730 ; 15.692 ; 16.246 ; 16.208 ;
; a3         ; p7          ; 17.441 ; 17.420 ; 17.957 ; 17.936 ;
; a3         ; p8          ; 19.185 ; 19.158 ; 19.805 ; 19.778 ;
; a3         ; p9          ; 19.069 ; 19.030 ; 19.689 ; 19.650 ;
; a3         ; p10         ; 21.741 ; 21.777 ; 22.361 ; 22.397 ;
; a3         ; p11         ; 21.082 ; 20.983 ; 21.702 ; 21.603 ;
; a3         ; p12         ; 22.579 ; 22.644 ; 23.199 ; 23.264 ;
; a3         ; p13         ; 23.017 ; 22.905 ; 23.637 ; 23.525 ;
; a3         ; p14         ; 22.931 ; 22.868 ; 23.551 ; 23.488 ;
; a3         ; p15         ; 23.826 ; 24.052 ; 24.446 ; 24.672 ;
; a4         ; p4          ; 10.566 ; 10.518 ; 10.952 ; 10.904 ;
; a4         ; p5          ; 12.645 ; 12.587 ; 13.031 ; 12.973 ;
; a4         ; p6          ; 14.683 ; 14.645 ; 15.135 ; 15.097 ;
; a4         ; p7          ; 16.394 ; 16.373 ; 16.846 ; 16.825 ;
; a4         ; p8          ; 18.138 ; 18.111 ; 18.694 ; 18.667 ;
; a4         ; p9          ; 18.022 ; 17.983 ; 18.578 ; 18.539 ;
; a4         ; p10         ; 20.694 ; 20.730 ; 21.250 ; 21.286 ;
; a4         ; p11         ; 20.035 ; 19.936 ; 20.591 ; 20.492 ;
; a4         ; p12         ; 21.532 ; 21.597 ; 22.088 ; 22.153 ;
; a4         ; p13         ; 21.970 ; 21.858 ; 22.526 ; 22.414 ;
; a4         ; p14         ; 21.884 ; 21.821 ; 22.440 ; 22.377 ;
; a4         ; p15         ; 22.779 ; 23.005 ; 23.335 ; 23.561 ;
; a5         ; p5          ; 12.464 ; 12.393 ; 12.890 ; 12.819 ;
; a5         ; p6          ; 14.575 ; 14.537 ; 15.028 ; 14.990 ;
; a5         ; p7          ; 16.286 ; 16.265 ; 16.739 ; 16.718 ;
; a5         ; p8          ; 18.030 ; 18.003 ; 18.587 ; 18.560 ;
; a5         ; p9          ; 17.914 ; 17.875 ; 18.471 ; 18.432 ;
; a5         ; p10         ; 20.586 ; 20.622 ; 21.143 ; 21.179 ;
; a5         ; p11         ; 19.927 ; 19.828 ; 20.484 ; 20.385 ;
; a5         ; p12         ; 21.424 ; 21.489 ; 21.981 ; 22.046 ;
; a5         ; p13         ; 21.862 ; 21.750 ; 22.419 ; 22.307 ;
; a5         ; p14         ; 21.776 ; 21.713 ; 22.333 ; 22.270 ;
; a5         ; p15         ; 22.671 ; 22.897 ; 23.228 ; 23.454 ;
; a6         ; p6          ; 13.808 ; 13.770 ; 14.250 ; 14.212 ;
; a6         ; p7          ; 15.519 ; 15.498 ; 15.961 ; 15.940 ;
; a6         ; p8          ; 17.004 ; 16.924 ; 17.446 ; 17.366 ;
; a6         ; p9          ; 16.837 ; 16.821 ; 17.279 ; 17.263 ;
; a6         ; p10         ; 19.597 ; 19.654 ; 20.039 ; 20.096 ;
; a6         ; p11         ; 18.941 ; 18.843 ; 19.383 ; 19.285 ;
; a6         ; p12         ; 20.467 ; 20.503 ; 20.909 ; 20.945 ;
; a6         ; p13         ; 20.876 ; 20.764 ; 21.318 ; 21.206 ;
; a6         ; p14         ; 20.790 ; 20.727 ; 21.232 ; 21.169 ;
; a6         ; p15         ; 21.759 ; 21.911 ; 22.201 ; 22.353 ;
; a7         ; p7          ; 14.246 ; 14.219 ; 14.601 ; 14.574 ;
; a7         ; p8          ; 16.058 ; 16.031 ; 16.436 ; 16.409 ;
; a7         ; p9          ; 15.942 ; 15.903 ; 16.320 ; 16.281 ;
; a7         ; p10         ; 18.614 ; 18.650 ; 18.992 ; 19.028 ;
; a7         ; p11         ; 17.955 ; 17.856 ; 18.333 ; 18.234 ;
; a7         ; p12         ; 19.452 ; 19.517 ; 19.830 ; 19.895 ;
; a7         ; p13         ; 19.890 ; 19.778 ; 20.268 ; 20.156 ;
; a7         ; p14         ; 19.804 ; 19.741 ; 20.182 ; 20.119 ;
; a7         ; p15         ; 20.699 ; 20.925 ; 21.077 ; 21.303 ;
; b0         ; p0          ; 8.525  ;        ;        ; 8.929  ;
; b0         ; p1          ; 8.942  ; 8.843  ; 9.387  ; 9.279  ;
; b0         ; p2          ; 9.700  ; 9.629  ; 10.165 ; 10.134 ;
; b0         ; p3          ; 11.568 ; 11.570 ; 12.113 ; 12.069 ;
; b0         ; p4          ; 12.750 ; 12.702 ; 13.259 ; 13.211 ;
; b0         ; p5          ; 14.829 ; 14.771 ; 15.338 ; 15.280 ;
; b0         ; p6          ; 16.321 ; 16.280 ; 16.931 ; 16.893 ;
; b0         ; p7          ; 18.032 ; 18.011 ; 18.642 ; 18.621 ;
; b0         ; p8          ; 19.773 ; 19.746 ; 20.490 ; 20.463 ;
; b0         ; p9          ; 19.660 ; 19.618 ; 20.374 ; 20.335 ;
; b0         ; p10         ; 22.329 ; 22.368 ; 23.046 ; 23.082 ;
; b0         ; p11         ; 21.670 ; 21.571 ; 22.387 ; 22.288 ;
; b0         ; p12         ; 23.261 ; 23.277 ; 23.884 ; 23.949 ;
; b0         ; p13         ; 23.617 ; 23.523 ; 24.322 ; 24.210 ;
; b0         ; p14         ; 23.531 ; 23.468 ; 24.236 ; 24.173 ;
; b0         ; p15         ; 24.539 ; 24.652 ; 25.131 ; 25.357 ;
; b1         ; p1          ; 9.328  ; 9.228  ; 9.806  ; 9.732  ;
; b1         ; p2          ; 9.937  ; 9.909  ; 10.521 ; 10.428 ;
; b1         ; p3          ; 11.897 ; 11.899 ; 12.521 ; 12.477 ;
; b1         ; p4          ; 13.079 ; 13.031 ; 13.667 ; 13.619 ;
; b1         ; p5          ; 15.158 ; 15.100 ; 15.746 ; 15.688 ;
; b1         ; p6          ; 16.650 ; 16.609 ; 17.339 ; 17.301 ;
; b1         ; p7          ; 18.361 ; 18.340 ; 19.050 ; 19.029 ;
; b1         ; p8          ; 20.102 ; 20.075 ; 20.898 ; 20.871 ;
; b1         ; p9          ; 19.989 ; 19.947 ; 20.782 ; 20.743 ;
; b1         ; p10         ; 22.658 ; 22.697 ; 23.454 ; 23.490 ;
; b1         ; p11         ; 21.999 ; 21.900 ; 22.795 ; 22.696 ;
; b1         ; p12         ; 23.590 ; 23.606 ; 24.292 ; 24.357 ;
; b1         ; p13         ; 23.946 ; 23.852 ; 24.730 ; 24.618 ;
; b1         ; p14         ; 23.860 ; 23.797 ; 24.644 ; 24.581 ;
; b1         ; p15         ; 24.868 ; 24.981 ; 25.539 ; 25.765 ;
; b2         ; p2          ; 9.637  ; 9.567  ; 10.103 ; 10.024 ;
; b2         ; p3          ; 11.391 ; 11.393 ; 11.901 ; 11.844 ;
; b2         ; p4          ; 12.573 ; 12.525 ; 13.047 ; 12.999 ;
; b2         ; p5          ; 14.652 ; 14.594 ; 15.126 ; 15.068 ;
; b2         ; p6          ; 16.144 ; 16.097 ; 16.618 ; 16.571 ;
; b2         ; p7          ; 17.855 ; 17.834 ; 18.329 ; 18.308 ;
; b2         ; p8          ; 19.448 ; 19.421 ; 20.084 ; 20.057 ;
; b2         ; p9          ; 19.371 ; 19.316 ; 20.020 ; 19.965 ;
; b2         ; p10         ; 22.024 ; 22.079 ; 22.673 ; 22.728 ;
; b2         ; p11         ; 21.365 ; 21.266 ; 22.014 ; 21.915 ;
; b2         ; p12         ; 22.972 ; 22.988 ; 23.621 ; 23.637 ;
; b2         ; p13         ; 23.328 ; 23.234 ; 23.977 ; 23.883 ;
; b2         ; p14         ; 23.242 ; 23.179 ; 23.891 ; 23.828 ;
; b2         ; p15         ; 24.250 ; 24.363 ; 24.899 ; 25.012 ;
; b3         ; p3          ; 9.139  ; 9.083  ; 9.531  ; 9.466  ;
; b3         ; p4          ; 10.341 ; 10.293 ; 10.734 ; 10.686 ;
; b3         ; p5          ; 12.420 ; 12.362 ; 12.813 ; 12.755 ;
; b3         ; p6          ; 13.912 ; 13.865 ; 14.305 ; 14.258 ;
; b3         ; p7          ; 15.623 ; 15.602 ; 16.016 ; 15.995 ;
; b3         ; p8          ; 17.108 ; 17.028 ; 17.501 ; 17.421 ;
; b3         ; p9          ; 16.941 ; 16.925 ; 17.334 ; 17.318 ;
; b3         ; p10         ; 19.694 ; 19.751 ; 20.087 ; 20.144 ;
; b3         ; p11         ; 19.038 ; 18.940 ; 19.431 ; 19.333 ;
; b3         ; p12         ; 20.564 ; 20.600 ; 20.957 ; 20.993 ;
; b3         ; p13         ; 20.973 ; 20.861 ; 21.366 ; 21.254 ;
; b3         ; p14         ; 20.887 ; 20.824 ; 21.280 ; 21.217 ;
; b3         ; p15         ; 21.856 ; 22.008 ; 22.249 ; 22.401 ;
; b4         ; p4          ; 9.205  ; 9.179  ; 9.638  ; 9.522  ;
; b4         ; p5          ; 11.214 ; 11.198 ; 11.698 ; 11.640 ;
; b4         ; p6          ; 12.748 ; 12.701 ; 13.190 ; 13.143 ;
; b4         ; p7          ; 14.459 ; 14.438 ; 14.901 ; 14.880 ;
; b4         ; p8          ; 15.944 ; 15.864 ; 16.386 ; 16.306 ;
; b4         ; p9          ; 15.777 ; 15.761 ; 16.219 ; 16.203 ;
; b4         ; p10         ; 18.530 ; 18.587 ; 18.972 ; 19.029 ;
; b4         ; p11         ; 17.874 ; 17.776 ; 18.316 ; 18.218 ;
; b4         ; p12         ; 19.400 ; 19.436 ; 19.842 ; 19.878 ;
; b4         ; p13         ; 19.809 ; 19.697 ; 20.251 ; 20.139 ;
; b4         ; p14         ; 19.723 ; 19.660 ; 20.165 ; 20.102 ;
; b4         ; p15         ; 20.692 ; 20.844 ; 21.134 ; 21.286 ;
; b5         ; p5          ; 9.051  ; 8.979  ; 9.468  ; 9.433  ;
; b5         ; p6          ; 10.556 ; 10.549 ; 11.057 ; 11.010 ;
; b5         ; p7          ; 12.296 ; 12.255 ; 12.768 ; 12.747 ;
; b5         ; p8          ; 13.761 ; 13.681 ; 14.253 ; 14.173 ;
; b5         ; p9          ; 13.594 ; 13.578 ; 14.086 ; 14.070 ;
; b5         ; p10         ; 16.289 ; 16.323 ; 16.850 ; 16.907 ;
; b5         ; p11         ; 15.630 ; 15.531 ; 16.194 ; 16.096 ;
; b5         ; p12         ; 17.130 ; 17.192 ; 17.720 ; 17.756 ;
; b5         ; p13         ; 17.565 ; 17.453 ; 18.129 ; 18.017 ;
; b5         ; p14         ; 17.479 ; 17.416 ; 18.043 ; 17.980 ;
; b5         ; p15         ; 18.422 ; 18.600 ; 19.012 ; 19.164 ;
; b6         ; p6          ; 9.079  ; 9.081  ; 9.497  ; 9.469  ;
; b6         ; p7          ; 10.772 ; 10.751 ; 11.182 ; 11.141 ;
; b6         ; p8          ; 12.257 ; 12.177 ; 12.647 ; 12.567 ;
; b6         ; p9          ; 12.090 ; 12.074 ; 12.480 ; 12.464 ;
; b6         ; p10         ; 14.785 ; 14.819 ; 15.175 ; 15.209 ;
; b6         ; p11         ; 14.126 ; 14.027 ; 14.516 ; 14.417 ;
; b6         ; p12         ; 15.623 ; 15.688 ; 16.013 ; 16.078 ;
; b6         ; p13         ; 16.061 ; 15.949 ; 16.451 ; 16.339 ;
; b6         ; p14         ; 15.975 ; 15.912 ; 16.365 ; 16.302 ;
; b6         ; p15         ; 16.742 ; 17.096 ; 17.197 ; 17.486 ;
; b7         ; p7          ; 8.647  ; 8.568  ; 9.029  ; 8.941  ;
; b7         ; p8          ; 10.096 ; 10.081 ; 10.529 ; 10.449 ;
; b7         ; p9          ; 9.968  ; 9.912  ; 10.362 ; 10.346 ;
; b7         ; p10         ; 12.577 ; 12.676 ; 13.057 ; 13.091 ;
; b7         ; p11         ; 11.899 ; 11.809 ; 12.398 ; 12.299 ;
; b7         ; p12         ; 13.433 ; 13.458 ; 13.895 ; 13.960 ;
; b7         ; p13         ; 13.772 ; 13.709 ; 14.333 ; 14.221 ;
; b7         ; p14         ; 13.621 ; 13.574 ; 14.247 ; 14.184 ;
; b7         ; p15         ; 14.725 ;        ;        ; 15.368 ;
+------------+-------------+--------+--------+--------+--------+


+----------------------------------------------------------+
; Minimum Progagation Delay                                ;
+------------+-------------+-------+-------+-------+-------+
; Input Port ; Output Port ; RR    ; RF    ; FR    ; FF    ;
+------------+-------------+-------+-------+-------+-------+
; a0         ; p0          ; 4.120 ;       ;       ; 4.781 ;
; a0         ; p1          ; 4.446 ; 4.523 ; 5.043 ; 5.138 ;
; a0         ; p2          ; 4.583 ; 4.667 ; 5.213 ; 5.292 ;
; a0         ; p3          ; 4.370 ; 4.447 ; 4.974 ; 5.069 ;
; a0         ; p4          ; 4.245 ; 4.312 ; 4.849 ; 4.935 ;
; a0         ; p5          ; 4.107 ; 4.173 ; 4.687 ; 4.748 ;
; a0         ; p6          ; 4.126 ; 4.214 ; 4.741 ; 4.798 ;
; a0         ; p7          ; 4.157 ; 4.217 ; 4.730 ; 4.808 ;
; a0         ; p8          ; 4.740 ; 4.871 ; 5.363 ; 5.477 ;
; a0         ; p9          ; 4.650 ; 4.699 ; 5.286 ; 5.354 ;
; a0         ; p10         ; 5.935 ; 6.092 ; 6.630 ; 6.770 ;
; a0         ; p11         ; 5.417 ; 5.474 ; 6.152 ; 6.204 ;
; a0         ; p12         ; 6.118 ; 6.247 ; 6.876 ; 7.024 ;
; a0         ; p13         ; 6.154 ; 6.235 ; 6.968 ; 7.033 ;
; a0         ; p14         ; 6.041 ; 6.077 ; 6.883 ; 6.904 ;
; a0         ; p15         ; 6.588 ; 7.160 ; 7.632 ; 7.552 ;
; a1         ; p1          ; 4.180 ; 4.281 ; 4.766 ; 4.822 ;
; a1         ; p2          ; 4.413 ; 4.505 ; 5.025 ; 5.100 ;
; a1         ; p3          ; 4.734 ; 4.822 ; 5.309 ; 5.397 ;
; a1         ; p4          ; 4.578 ; 4.670 ; 5.187 ; 5.279 ;
; a1         ; p5          ; 4.713 ; 4.787 ; 5.283 ; 5.357 ;
; a1         ; p6          ; 4.736 ; 4.799 ; 5.348 ; 5.411 ;
; a1         ; p7          ; 4.425 ; 4.496 ; 4.983 ; 5.054 ;
; a1         ; p8          ; 4.379 ; 4.502 ; 4.933 ; 5.051 ;
; a1         ; p9          ; 4.285 ; 4.334 ; 4.854 ; 4.922 ;
; a1         ; p10         ; 5.570 ; 5.727 ; 6.198 ; 6.338 ;
; a1         ; p11         ; 5.052 ; 5.109 ; 5.720 ; 5.772 ;
; a1         ; p12         ; 5.753 ; 5.882 ; 6.444 ; 6.592 ;
; a1         ; p13         ; 5.789 ; 5.870 ; 6.536 ; 6.601 ;
; a1         ; p14         ; 5.676 ; 5.712 ; 6.451 ; 6.472 ;
; a1         ; p15         ; 6.223 ; 6.837 ; 7.245 ; 7.120 ;
; a2         ; p2          ; 4.597 ; 4.677 ; 5.205 ; 5.304 ;
; a2         ; p3          ; 5.052 ; 5.140 ; 5.669 ; 5.757 ;
; a2         ; p4          ; 4.693 ; 4.785 ; 5.299 ; 5.391 ;
; a2         ; p5          ; 5.120 ; 5.194 ; 5.726 ; 5.800 ;
; a2         ; p6          ; 5.060 ; 5.123 ; 5.657 ; 5.720 ;
; a2         ; p7          ; 4.512 ; 4.583 ; 5.091 ; 5.162 ;
; a2         ; p8          ; 4.666 ; 4.785 ; 5.243 ; 5.362 ;
; a2         ; p9          ; 4.483 ; 4.543 ; 5.134 ; 5.178 ;
; a2         ; p10         ; 5.768 ; 5.925 ; 6.435 ; 6.592 ;
; a2         ; p11         ; 5.250 ; 5.307 ; 5.917 ; 5.974 ;
; a2         ; p12         ; 5.951 ; 6.080 ; 6.618 ; 6.747 ;
; a2         ; p13         ; 5.987 ; 6.068 ; 6.654 ; 6.735 ;
; a2         ; p14         ; 5.874 ; 5.910 ; 6.541 ; 6.577 ;
; a2         ; p15         ; 6.421 ; 6.798 ; 7.088 ; 7.376 ;
; a3         ; p3          ; 4.773 ; 4.861 ; 5.345 ; 5.433 ;
; a3         ; p4          ; 4.817 ; 4.909 ; 5.432 ; 5.524 ;
; a3         ; p5          ; 5.191 ; 5.265 ; 5.799 ; 5.873 ;
; a3         ; p6          ; 4.961 ; 5.024 ; 5.506 ; 5.569 ;
; a3         ; p7          ; 4.771 ; 4.842 ; 5.316 ; 5.387 ;
; a3         ; p8          ; 5.091 ; 5.210 ; 5.636 ; 5.755 ;
; a3         ; p9          ; 3.970 ; 4.023 ; 4.517 ; 4.570 ;
; a3         ; p10         ; 4.996 ; 5.141 ; 5.552 ; 5.716 ;
; a3         ; p11         ; 4.479 ; 4.536 ; 5.096 ; 5.148 ;
; a3         ; p12         ; 5.180 ; 5.309 ; 5.820 ; 5.968 ;
; a3         ; p13         ; 5.216 ; 5.297 ; 5.912 ; 5.977 ;
; a3         ; p14         ; 5.103 ; 5.139 ; 5.827 ; 5.848 ;
; a3         ; p15         ; 5.650 ; 6.167 ; 6.454 ; 6.496 ;
; a4         ; p4          ; 4.592 ; 4.684 ; 5.147 ; 5.239 ;
; a4         ; p5          ; 5.019 ; 5.093 ; 5.574 ; 5.648 ;
; a4         ; p6          ; 5.278 ; 5.341 ; 5.833 ; 5.896 ;
; a4         ; p7          ; 5.035 ; 5.106 ; 5.582 ; 5.653 ;
; a4         ; p8          ; 5.199 ; 5.318 ; 5.749 ; 5.868 ;
; a4         ; p9          ; 4.454 ; 4.507 ; 5.004 ; 5.057 ;
; a4         ; p10         ; 5.459 ; 5.608 ; 6.053 ; 6.202 ;
; a4         ; p11         ; 4.445 ; 4.510 ; 5.064 ; 5.112 ;
; a4         ; p12         ; 5.143 ; 5.272 ; 5.782 ; 5.930 ;
; a4         ; p13         ; 5.179 ; 5.260 ; 5.874 ; 5.939 ;
; a4         ; p14         ; 5.066 ; 5.102 ; 5.789 ; 5.810 ;
; a4         ; p15         ; 5.613 ; 5.848 ; 6.355 ; 6.458 ;
; a5         ; p5          ; 5.371 ; 5.445 ; 5.951 ; 6.025 ;
; a5         ; p6          ; 5.656 ; 5.719 ; 6.236 ; 6.299 ;
; a5         ; p7          ; 5.690 ; 5.761 ; 6.253 ; 6.324 ;
; a5         ; p8          ; 5.407 ; 5.526 ; 5.959 ; 6.078 ;
; a5         ; p9          ; 4.662 ; 4.715 ; 5.214 ; 5.267 ;
; a5         ; p10         ; 5.422 ; 5.571 ; 6.011 ; 6.160 ;
; a5         ; p11         ; 4.162 ; 4.226 ; 4.715 ; 4.779 ;
; a5         ; p12         ; 4.672 ; 4.805 ; 5.273 ; 5.401 ;
; a5         ; p13         ; 4.710 ; 4.791 ; 5.346 ; 5.411 ;
; a5         ; p14         ; 4.597 ; 4.633 ; 5.261 ; 5.282 ;
; a5         ; p15         ; 5.144 ; 5.381 ; 5.825 ; 5.930 ;
; a6         ; p6          ; 5.889 ; 5.952 ; 6.508 ; 6.571 ;
; a6         ; p7          ; 5.784 ; 5.855 ; 6.403 ; 6.474 ;
; a6         ; p8          ; 6.072 ; 6.191 ; 6.647 ; 6.766 ;
; a6         ; p9          ; 5.204 ; 5.257 ; 5.784 ; 5.837 ;
; a6         ; p10         ; 5.530 ; 5.679 ; 6.089 ; 6.238 ;
; a6         ; p11         ; 4.480 ; 4.533 ; 5.039 ; 5.092 ;
; a6         ; p12         ; 4.545 ; 4.686 ; 5.116 ; 5.257 ;
; a6         ; p13         ; 4.432 ; 4.514 ; 5.046 ; 5.111 ;
; a6         ; p14         ; 4.322 ; 4.358 ; 4.964 ; 4.985 ;
; a6         ; p15         ; 4.869 ; 5.174 ; 5.594 ; 5.633 ;
; a7         ; p7          ; 6.029 ; 6.100 ; 6.612 ; 6.683 ;
; a7         ; p8          ; 6.085 ; 6.204 ; 6.661 ; 6.780 ;
; a7         ; p9          ; 5.508 ; 5.561 ; 6.084 ; 6.137 ;
; a7         ; p10         ; 6.000 ; 6.149 ; 6.599 ; 6.748 ;
; a7         ; p11         ; 4.950 ; 5.003 ; 5.549 ; 5.602 ;
; a7         ; p12         ; 5.025 ; 5.166 ; 5.610 ; 5.751 ;
; a7         ; p13         ; 4.508 ; 4.578 ; 5.113 ; 5.183 ;
; a7         ; p14         ; 3.949 ; 3.982 ; 4.540 ; 4.560 ;
; a7         ; p15         ; 4.495 ; 5.100 ; 5.550 ; 5.206 ;
; b0         ; p0          ; 3.879 ;       ;       ; 4.508 ;
; b0         ; p1          ; 4.112 ; 4.192 ; 4.690 ; 4.765 ;
; b0         ; p2          ; 4.340 ; 4.432 ; 4.951 ; 5.026 ;
; b0         ; p3          ; 4.752 ; 4.840 ; 5.355 ; 5.443 ;
; b0         ; p4          ; 4.665 ; 4.757 ; 5.233 ; 5.325 ;
; b0         ; p5          ; 5.092 ; 5.166 ; 5.660 ; 5.734 ;
; b0         ; p6          ; 5.351 ; 5.414 ; 5.919 ; 5.982 ;
; b0         ; p7          ; 5.630 ; 5.701 ; 6.230 ; 6.301 ;
; b0         ; p8          ; 5.979 ; 6.109 ; 6.579 ; 6.709 ;
; b0         ; p9          ; 5.750 ; 5.811 ; 6.350 ; 6.411 ;
; b0         ; p10         ; 6.708 ; 6.857 ; 7.387 ; 7.536 ;
; b0         ; p11         ; 5.658 ; 5.711 ; 6.337 ; 6.390 ;
; b0         ; p12         ; 6.196 ; 6.337 ; 6.948 ; 7.089 ;
; b0         ; p13         ; 5.930 ; 6.004 ; 6.682 ; 6.756 ;
; b0         ; p14         ; 5.647 ; 5.672 ; 6.448 ; 6.492 ;
; b0         ; p15         ; 6.191 ; 6.496 ; 7.032 ; 7.137 ;
; b1         ; p1          ; 4.270 ; 4.364 ; 4.905 ; 4.954 ;
; b1         ; p2          ; 4.402 ; 4.493 ; 5.045 ; 5.120 ;
; b1         ; p3          ; 4.853 ; 4.941 ; 5.453 ; 5.541 ;
; b1         ; p4          ; 4.719 ; 4.811 ; 5.345 ; 5.437 ;
; b1         ; p5          ; 5.146 ; 5.220 ; 5.772 ; 5.846 ;
; b1         ; p6          ; 5.405 ; 5.468 ; 6.031 ; 6.094 ;
; b1         ; p7          ; 5.716 ; 5.787 ; 6.342 ; 6.413 ;
; b1         ; p8          ; 6.065 ; 6.195 ; 6.691 ; 6.821 ;
; b1         ; p9          ; 5.586 ; 5.639 ; 6.211 ; 6.264 ;
; b1         ; p10         ; 6.325 ; 6.474 ; 6.924 ; 7.073 ;
; b1         ; p11         ; 5.275 ; 5.328 ; 5.874 ; 5.927 ;
; b1         ; p12         ; 5.905 ; 6.046 ; 6.504 ; 6.645 ;
; b1         ; p13         ; 5.639 ; 5.713 ; 6.238 ; 6.312 ;
; b1         ; p14         ; 5.356 ; 5.381 ; 5.955 ; 5.980 ;
; b1         ; p15         ; 5.900 ; 6.138 ; 6.499 ; 6.737 ;
; b2         ; p2          ; 4.354 ; 4.438 ; 4.955 ; 5.034 ;
; b2         ; p3          ; 4.813 ; 4.901 ; 5.408 ; 5.496 ;
; b2         ; p4          ; 4.424 ; 4.516 ; 4.983 ; 5.075 ;
; b2         ; p5          ; 4.851 ; 4.925 ; 5.410 ; 5.484 ;
; b2         ; p6          ; 5.110 ; 5.173 ; 5.669 ; 5.732 ;
; b2         ; p7          ; 5.355 ; 5.426 ; 5.936 ; 6.007 ;
; b2         ; p8          ; 5.704 ; 5.834 ; 6.285 ; 6.415 ;
; b2         ; p9          ; 5.289 ; 5.342 ; 5.820 ; 5.873 ;
; b2         ; p10         ; 5.938 ; 6.087 ; 6.488 ; 6.637 ;
; b2         ; p11         ; 4.888 ; 4.941 ; 5.438 ; 5.491 ;
; b2         ; p12         ; 5.426 ; 5.567 ; 6.049 ; 6.190 ;
; b2         ; p13         ; 5.160 ; 5.234 ; 5.783 ; 5.857 ;
; b2         ; p14         ; 4.877 ; 4.902 ; 5.530 ; 5.555 ;
; b2         ; p15         ; 5.421 ; 5.726 ; 6.074 ; 6.238 ;
; b3         ; p3          ; 4.185 ; 4.265 ; 4.758 ; 4.833 ;
; b3         ; p4          ; 4.544 ; 4.636 ; 5.146 ; 5.238 ;
; b3         ; p5          ; 4.815 ; 4.889 ; 5.386 ; 5.460 ;
; b3         ; p6          ; 5.090 ; 5.153 ; 5.664 ; 5.727 ;
; b3         ; p7          ; 4.985 ; 5.056 ; 5.559 ; 5.630 ;
; b3         ; p8          ; 5.334 ; 5.464 ; 5.908 ; 6.038 ;
; b3         ; p9          ; 4.952 ; 5.005 ; 5.488 ; 5.541 ;
; b3         ; p10         ; 5.563 ; 5.712 ; 6.100 ; 6.249 ;
; b3         ; p11         ; 4.513 ; 4.566 ; 5.050 ; 5.103 ;
; b3         ; p12         ; 5.048 ; 5.189 ; 5.637 ; 5.778 ;
; b3         ; p13         ; 4.782 ; 4.856 ; 5.371 ; 5.445 ;
; b3         ; p14         ; 4.499 ; 4.524 ; 5.137 ; 5.181 ;
; b3         ; p15         ; 5.043 ; 5.348 ; 5.745 ; 5.826 ;
; b4         ; p4          ; 4.168 ; 4.253 ; 4.777 ; 4.817 ;
; b4         ; p5          ; 4.844 ; 4.918 ; 5.443 ; 5.517 ;
; b4         ; p6          ; 5.103 ; 5.166 ; 5.743 ; 5.806 ;
; b4         ; p7          ; 5.180 ; 5.251 ; 5.796 ; 5.867 ;
; b4         ; p8          ; 5.517 ; 5.636 ; 6.116 ; 6.235 ;
; b4         ; p9          ; 5.092 ; 5.145 ; 5.691 ; 5.744 ;
; b4         ; p10         ; 6.180 ; 6.336 ; 6.779 ; 6.935 ;
; b4         ; p11         ; 5.156 ; 5.209 ; 5.791 ; 5.844 ;
; b4         ; p12         ; 5.599 ; 5.740 ; 6.280 ; 6.421 ;
; b4         ; p13         ; 5.333 ; 5.407 ; 6.014 ; 6.088 ;
; b4         ; p14         ; 5.050 ; 5.075 ; 5.780 ; 5.824 ;
; b4         ; p15         ; 5.594 ; 5.899 ; 6.409 ; 6.469 ;
; b5         ; p5          ; 4.106 ; 4.169 ; 4.679 ; 4.760 ;
; b5         ; p6          ; 4.698 ; 4.761 ; 5.322 ; 5.385 ;
; b5         ; p7          ; 4.522 ; 4.593 ; 5.122 ; 5.193 ;
; b5         ; p8          ; 4.871 ; 5.001 ; 5.471 ; 5.601 ;
; b5         ; p9          ; 4.791 ; 4.840 ; 5.391 ; 5.440 ;
; b5         ; p10         ; 5.311 ; 5.460 ; 5.882 ; 6.031 ;
; b5         ; p11         ; 4.261 ; 4.314 ; 4.832 ; 4.885 ;
; b5         ; p12         ; 4.836 ; 4.976 ; 5.368 ; 5.508 ;
; b5         ; p13         ; 4.645 ; 4.719 ; 5.239 ; 5.313 ;
; b5         ; p14         ; 4.437 ; 4.462 ; 5.078 ; 5.115 ;
; b5         ; p15         ; 4.981 ; 5.214 ; 5.634 ; 5.767 ;
; b6         ; p6          ; 4.083 ; 4.172 ; 4.694 ; 4.749 ;
; b6         ; p7          ; 4.554 ; 4.625 ; 5.147 ; 5.218 ;
; b6         ; p8          ; 4.656 ; 4.775 ; 5.223 ; 5.342 ;
; b6         ; p9          ; 4.145 ; 4.198 ; 4.700 ; 4.753 ;
; b6         ; p10         ; 5.346 ; 5.495 ; 5.904 ; 6.053 ;
; b6         ; p11         ; 4.333 ; 4.397 ; 4.892 ; 4.956 ;
; b6         ; p12         ; 4.538 ; 4.679 ; 5.083 ; 5.224 ;
; b6         ; p13         ; 4.333 ; 4.403 ; 4.923 ; 4.993 ;
; b6         ; p14         ; 3.980 ; 4.005 ; 4.571 ; 4.615 ;
; b6         ; p15         ; 4.524 ; 4.925 ; 5.360 ; 5.260 ;
; b7         ; p7          ; 3.931 ; 3.994 ; 4.485 ; 4.543 ;
; b7         ; p8          ; 4.522 ; 4.651 ; 5.108 ; 5.222 ;
; b7         ; p9          ; 4.258 ; 4.318 ; 4.875 ; 4.919 ;
; b7         ; p10         ; 5.191 ; 5.336 ; 5.780 ; 5.944 ;
; b7         ; p11         ; 4.346 ; 4.411 ; 4.954 ; 5.002 ;
; b7         ; p12         ; 4.522 ; 4.655 ; 5.112 ; 5.240 ;
; b7         ; p13         ; 4.306 ; 4.388 ; 4.901 ; 4.966 ;
; b7         ; p14         ; 3.706 ; 3.735 ; 4.268 ; 4.292 ;
; b7         ; p15         ; 4.254 ;       ;       ; 4.942 ;
+------------+-------------+-------+-------+-------+-------+


+------------------------------------------------------------------------------------------------------------------------------------------------------------------------------------------------------------------------------------------------------------------------------------------------------------------------------------------------------------------------------------------------------------------+
; Board Trace Model Assignments                                                                                                                                                                                                                                                                                                                                                                                    ;
+---------------+--------------+-------------------+-------------------------+-------------------------+---------------+---------------------+----------------+------------------+--------+------------------+------------------------+------------------------+--------------+---------------+-----------------+-------+---------------------+--------------------+---------------+-----------------+-------------+
; Pin           ; I/O Standard ; Near Tline Length ; Near Tline L per Length ; Near Tline C per Length ; Near Series R ; Near Differential R ; Near Pull-up R ; Near Pull-down R ; Near C ; Far Tline Length ; Far Tline L per Length ; Far Tline C per Length ; Far Series R ; Far Pull-up R ; Far Pull-down R ; Far C ; Termination Voltage ; Far Differential R ; EBD File Name ; EBD Signal Name ; EBD Far-end ;
+---------------+--------------+-------------------+-------------------------+-------------------------+---------------+---------------------+----------------+------------------+--------+------------------+------------------------+------------------------+--------------+---------------+-----------------+-------+---------------------+--------------------+---------------+-----------------+-------------+
; p0            ; 2.5 V        ; 0 in              ; 0 H/in                  ; 0 F/in                  ; short         ; -                   ; open           ; open             ; open   ; 0 in             ; 0 H/in                 ; 0 F/in                 ; short        ; open          ; open            ; open  ; 0 V                 ; -                  ; n/a           ; n/a             ; n/a         ;
; p1            ; 2.5 V        ; 0 in              ; 0 H/in                  ; 0 F/in                  ; short         ; -                   ; open           ; open             ; open   ; 0 in             ; 0 H/in                 ; 0 F/in                 ; short        ; open          ; open            ; open  ; 0 V                 ; -                  ; n/a           ; n/a             ; n/a         ;
; p2            ; 2.5 V        ; 0 in              ; 0 H/in                  ; 0 F/in                  ; short         ; -                   ; open           ; open             ; open   ; 0 in             ; 0 H/in                 ; 0 F/in                 ; short        ; open          ; open            ; open  ; 0 V                 ; -                  ; n/a           ; n/a             ; n/a         ;
; p3            ; 2.5 V        ; 0 in              ; 0 H/in                  ; 0 F/in                  ; short         ; -                   ; open           ; open             ; open   ; 0 in             ; 0 H/in                 ; 0 F/in                 ; short        ; open          ; open            ; open  ; 0 V                 ; -                  ; n/a           ; n/a             ; n/a         ;
; p4            ; 2.5 V        ; 0 in              ; 0 H/in                  ; 0 F/in                  ; short         ; -                   ; open           ; open             ; open   ; 0 in             ; 0 H/in                 ; 0 F/in                 ; short        ; open          ; open            ; open  ; 0 V                 ; -                  ; n/a           ; n/a             ; n/a         ;
; p5            ; 2.5 V        ; 0 in              ; 0 H/in                  ; 0 F/in                  ; short         ; -                   ; open           ; open             ; open   ; 0 in             ; 0 H/in                 ; 0 F/in                 ; short        ; open          ; open            ; open  ; 0 V                 ; -                  ; n/a           ; n/a             ; n/a         ;
; p6            ; 2.5 V        ; 0 in              ; 0 H/in                  ; 0 F/in                  ; short         ; -                   ; open           ; open             ; open   ; 0 in             ; 0 H/in                 ; 0 F/in                 ; short        ; open          ; open            ; open  ; 0 V                 ; -                  ; n/a           ; n/a             ; n/a         ;
; p7            ; 2.5 V        ; 0 in              ; 0 H/in                  ; 0 F/in                  ; short         ; -                   ; open           ; open             ; open   ; 0 in             ; 0 H/in                 ; 0 F/in                 ; short        ; open          ; open            ; open  ; 0 V                 ; -                  ; n/a           ; n/a             ; n/a         ;
; p8            ; 2.5 V        ; 0 in              ; 0 H/in                  ; 0 F/in                  ; short         ; -                   ; open           ; open             ; open   ; 0 in             ; 0 H/in                 ; 0 F/in                 ; short        ; open          ; open            ; open  ; 0 V                 ; -                  ; n/a           ; n/a             ; n/a         ;
; p9            ; 2.5 V        ; 0 in              ; 0 H/in                  ; 0 F/in                  ; short         ; -                   ; open           ; open             ; open   ; 0 in             ; 0 H/in                 ; 0 F/in                 ; short        ; open          ; open            ; open  ; 0 V                 ; -                  ; n/a           ; n/a             ; n/a         ;
; p10           ; 2.5 V        ; 0 in              ; 0 H/in                  ; 0 F/in                  ; short         ; -                   ; open           ; open             ; open   ; 0 in             ; 0 H/in                 ; 0 F/in                 ; short        ; open          ; open            ; open  ; 0 V                 ; -                  ; n/a           ; n/a             ; n/a         ;
; p11           ; 2.5 V        ; 0 in              ; 0 H/in                  ; 0 F/in                  ; short         ; -                   ; open           ; open             ; open   ; 0 in             ; 0 H/in                 ; 0 F/in                 ; short        ; open          ; open            ; open  ; 0 V                 ; -                  ; n/a           ; n/a             ; n/a         ;
; p12           ; 2.5 V        ; 0 in              ; 0 H/in                  ; 0 F/in                  ; short         ; -                   ; open           ; open             ; open   ; 0 in             ; 0 H/in                 ; 0 F/in                 ; short        ; open          ; open            ; open  ; 0 V                 ; -                  ; n/a           ; n/a             ; n/a         ;
; p13           ; 2.5 V        ; 0 in              ; 0 H/in                  ; 0 F/in                  ; short         ; -                   ; open           ; open             ; open   ; 0 in             ; 0 H/in                 ; 0 F/in                 ; short        ; open          ; open            ; open  ; 0 V                 ; -                  ; n/a           ; n/a             ; n/a         ;
; p14           ; 2.5 V        ; 0 in              ; 0 H/in                  ; 0 F/in                  ; short         ; -                   ; open           ; open             ; open   ; 0 in             ; 0 H/in                 ; 0 F/in                 ; short        ; open          ; open            ; open  ; 0 V                 ; -                  ; n/a           ; n/a             ; n/a         ;
; p15           ; 2.5 V        ; 0 in              ; 0 H/in                  ; 0 F/in                  ; short         ; -                   ; open           ; open             ; open   ; 0 in             ; 0 H/in                 ; 0 F/in                 ; short        ; open          ; open            ; open  ; 0 V                 ; -                  ; n/a           ; n/a             ; n/a         ;
; ~ALTERA_DCLK~ ; 2.5 V        ; 0 in              ; 0 H/in                  ; 0 F/in                  ; short         ; -                   ; open           ; open             ; open   ; 0 in             ; 0 H/in                 ; 0 F/in                 ; short        ; open          ; open            ; open  ; 0 V                 ; -                  ; n/a           ; n/a             ; n/a         ;
; ~ALTERA_nCEO~ ; 2.5 V        ; 0 in              ; 0 H/in                  ; 0 F/in                  ; short         ; -                   ; open           ; open             ; open   ; 0 in             ; 0 H/in                 ; 0 F/in                 ; short        ; open          ; open            ; open  ; 0 V                 ; -                  ; n/a           ; n/a             ; n/a         ;
+---------------+--------------+-------------------+-------------------------+-------------------------+---------------+---------------------+----------------+------------------+--------+------------------+------------------------+------------------------+--------------+---------------+-----------------+-------+---------------------+--------------------+---------------+-----------------+-------------+


+----------------------------------------------------------------------------+
; Input Transition Times                                                     ;
+-------------------------+--------------+-----------------+-----------------+
; Pin                     ; I/O Standard ; 10-90 Rise Time ; 90-10 Fall Time ;
+-------------------------+--------------+-----------------+-----------------+
; a0                      ; 2.5 V        ; 2000 ps         ; 2000 ps         ;
; b0                      ; 2.5 V        ; 2000 ps         ; 2000 ps         ;
; a1                      ; 2.5 V        ; 2000 ps         ; 2000 ps         ;
; b1                      ; 2.5 V        ; 2000 ps         ; 2000 ps         ;
; b2                      ; 2.5 V        ; 2000 ps         ; 2000 ps         ;
; a2                      ; 2.5 V        ; 2000 ps         ; 2000 ps         ;
; a3                      ; 2.5 V        ; 2000 ps         ; 2000 ps         ;
; b3                      ; 2.5 V        ; 2000 ps         ; 2000 ps         ;
; a4                      ; 2.5 V        ; 2000 ps         ; 2000 ps         ;
; b4                      ; 2.5 V        ; 2000 ps         ; 2000 ps         ;
; a5                      ; 2.5 V        ; 2000 ps         ; 2000 ps         ;
; b5                      ; 2.5 V        ; 2000 ps         ; 2000 ps         ;
; a6                      ; 2.5 V        ; 2000 ps         ; 2000 ps         ;
; b6                      ; 2.5 V        ; 2000 ps         ; 2000 ps         ;
; a7                      ; 2.5 V        ; 2000 ps         ; 2000 ps         ;
; b7                      ; 2.5 V        ; 2000 ps         ; 2000 ps         ;
; ~ALTERA_ASDO_DATA1~     ; 2.5 V        ; 2000 ps         ; 2000 ps         ;
; ~ALTERA_FLASH_nCE_nCSO~ ; 2.5 V        ; 2000 ps         ; 2000 ps         ;
; ~ALTERA_DATA0~          ; 2.5 V        ; 2000 ps         ; 2000 ps         ;
+-------------------------+--------------+-----------------+-----------------+


+--------------------------------------------------------------------------------------------------------------------------------------------------------------------------------------------------------------------------------------------------------------------------------------------------------------------------------------------------------------------------------------------------------------------------------------------------------------------------------------------------------------------------------------------------------------------------------------------------------------------------------------------------------------------------------------------+
; Signal Integrity Metrics (Slow 1200mv n40c Model)                                                                                                                                                                                                                                                                                                                                                                                                                                                                                                                                                                                                                                          ;
+---------------+--------------+---------------------+---------------------+------------------------------+------------------------------+---------------------+---------------------+--------------------------------------+--------------------------------------+-----------------------------+-----------------------------+----------------------------+----------------------------+-----------------------------+-----------------------------+--------------------+--------------------+-------------------------------------+-------------------------------------+----------------------------+----------------------------+---------------------------+---------------------------+
; Pin           ; I/O Standard ; Board Delay on Rise ; Board Delay on Fall ; Steady State Voh at FPGA Pin ; Steady State Vol at FPGA Pin ; Voh Max at FPGA Pin ; Vol Min at FPGA Pin ; Ringback Voltage on Rise at FPGA Pin ; Ringback Voltage on Fall at FPGA Pin ; 10-90 Rise Time at FPGA Pin ; 90-10 Fall Time at FPGA Pin ; Monotonic Rise at FPGA Pin ; Monotonic Fall at FPGA Pin ; Steady State Voh at Far-end ; Steady State Vol at Far-end ; Voh Max at Far-end ; Vol Min at Far-end ; Ringback Voltage on Rise at Far-end ; Ringback Voltage on Fall at Far-end ; 10-90 Rise Time at Far-end ; 90-10 Fall Time at Far-end ; Monotonic Rise at Far-end ; Monotonic Fall at Far-end ;
+---------------+--------------+---------------------+---------------------+------------------------------+------------------------------+---------------------+---------------------+--------------------------------------+--------------------------------------+-----------------------------+-----------------------------+----------------------------+----------------------------+-----------------------------+-----------------------------+--------------------+--------------------+-------------------------------------+-------------------------------------+----------------------------+----------------------------+---------------------------+---------------------------+
; p0            ; 2.5 V        ; 0 s                 ; 0 s                 ; 2.32 V                       ; 1.4e-09 V                    ; 2.4 V               ; -0.0306 V           ; 0.178 V                              ; 0.087 V                              ; 2.81e-10 s                  ; 2.95e-10 s                  ; Yes                        ; Yes                        ; 2.32 V                      ; 1.4e-09 V                   ; 2.4 V              ; -0.0306 V          ; 0.178 V                             ; 0.087 V                             ; 2.81e-10 s                 ; 2.95e-10 s                 ; Yes                       ; Yes                       ;
; p1            ; 2.5 V        ; 0 s                 ; 0 s                 ; 2.32 V                       ; 1.74e-09 V                   ; 2.4 V               ; -0.0195 V           ; 0.196 V                              ; 0.023 V                              ; 2.87e-10 s                  ; 3.09e-10 s                  ; Yes                        ; Yes                        ; 2.32 V                      ; 1.74e-09 V                  ; 2.4 V              ; -0.0195 V          ; 0.196 V                             ; 0.023 V                             ; 2.87e-10 s                 ; 3.09e-10 s                 ; Yes                       ; Yes                       ;
; p2            ; 2.5 V        ; 0 s                 ; 0 s                 ; 2.32 V                       ; 1.74e-09 V                   ; 2.4 V               ; -0.0195 V           ; 0.196 V                              ; 0.023 V                              ; 2.87e-10 s                  ; 3.09e-10 s                  ; Yes                        ; Yes                        ; 2.32 V                      ; 1.74e-09 V                  ; 2.4 V              ; -0.0195 V          ; 0.196 V                             ; 0.023 V                             ; 2.87e-10 s                 ; 3.09e-10 s                 ; Yes                       ; Yes                       ;
; p3            ; 2.5 V        ; 0 s                 ; 0 s                 ; 2.32 V                       ; 1.4e-09 V                    ; 2.4 V               ; -0.0306 V           ; 0.178 V                              ; 0.087 V                              ; 2.81e-10 s                  ; 2.95e-10 s                  ; Yes                        ; Yes                        ; 2.32 V                      ; 1.4e-09 V                   ; 2.4 V              ; -0.0306 V          ; 0.178 V                             ; 0.087 V                             ; 2.81e-10 s                 ; 2.95e-10 s                 ; Yes                       ; Yes                       ;
; p4            ; 2.5 V        ; 0 s                 ; 0 s                 ; 2.32 V                       ; 1.4e-09 V                    ; 2.39 V              ; -0.0122 V           ; 0.154 V                              ; 0.017 V                              ; 4.74e-10 s                  ; 4.5e-10 s                   ; No                         ; Yes                        ; 2.32 V                      ; 1.4e-09 V                   ; 2.39 V             ; -0.0122 V          ; 0.154 V                             ; 0.017 V                             ; 4.74e-10 s                 ; 4.5e-10 s                  ; No                        ; Yes                       ;
; p5            ; 2.5 V        ; 0 s                 ; 0 s                 ; 2.32 V                       ; 1.4e-09 V                    ; 2.4 V               ; -0.0306 V           ; 0.178 V                              ; 0.087 V                              ; 2.81e-10 s                  ; 2.95e-10 s                  ; Yes                        ; Yes                        ; 2.32 V                      ; 1.4e-09 V                   ; 2.4 V              ; -0.0306 V          ; 0.178 V                             ; 0.087 V                             ; 2.81e-10 s                 ; 2.95e-10 s                 ; Yes                       ; Yes                       ;
; p6            ; 2.5 V        ; 0 s                 ; 0 s                 ; 2.32 V                       ; 1.4e-09 V                    ; 2.4 V               ; -0.0306 V           ; 0.178 V                              ; 0.087 V                              ; 2.81e-10 s                  ; 2.95e-10 s                  ; Yes                        ; Yes                        ; 2.32 V                      ; 1.4e-09 V                   ; 2.4 V              ; -0.0306 V          ; 0.178 V                             ; 0.087 V                             ; 2.81e-10 s                 ; 2.95e-10 s                 ; Yes                       ; Yes                       ;
; p7            ; 2.5 V        ; 0 s                 ; 0 s                 ; 2.32 V                       ; 1.74e-09 V                   ; 2.4 V               ; -0.0195 V           ; 0.196 V                              ; 0.023 V                              ; 2.87e-10 s                  ; 3.09e-10 s                  ; Yes                        ; Yes                        ; 2.32 V                      ; 1.74e-09 V                  ; 2.4 V              ; -0.0195 V          ; 0.196 V                             ; 0.023 V                             ; 2.87e-10 s                 ; 3.09e-10 s                 ; Yes                       ; Yes                       ;
; p8            ; 2.5 V        ; 0 s                 ; 0 s                 ; 2.32 V                       ; 1.74e-09 V                   ; 2.4 V               ; -0.0195 V           ; 0.196 V                              ; 0.023 V                              ; 2.87e-10 s                  ; 3.09e-10 s                  ; Yes                        ; Yes                        ; 2.32 V                      ; 1.74e-09 V                  ; 2.4 V              ; -0.0195 V          ; 0.196 V                             ; 0.023 V                             ; 2.87e-10 s                 ; 3.09e-10 s                 ; Yes                       ; Yes                       ;
; p9            ; 2.5 V        ; 0 s                 ; 0 s                 ; 2.32 V                       ; 1.74e-09 V                   ; 2.4 V               ; -0.0195 V           ; 0.196 V                              ; 0.023 V                              ; 2.87e-10 s                  ; 3.09e-10 s                  ; Yes                        ; Yes                        ; 2.32 V                      ; 1.74e-09 V                  ; 2.4 V              ; -0.0195 V          ; 0.196 V                             ; 0.023 V                             ; 2.87e-10 s                 ; 3.09e-10 s                 ; Yes                       ; Yes                       ;
; p10           ; 2.5 V        ; 0 s                 ; 0 s                 ; 2.32 V                       ; 1.4e-09 V                    ; 2.34 V              ; -0.00664 V          ; 0.204 V                              ; 0.106 V                              ; 2.63e-09 s                  ; 2.46e-09 s                  ; No                         ; Yes                        ; 2.32 V                      ; 1.4e-09 V                   ; 2.34 V             ; -0.00664 V         ; 0.204 V                             ; 0.106 V                             ; 2.63e-09 s                 ; 2.46e-09 s                 ; No                        ; Yes                       ;
; p11           ; 2.5 V        ; 0 s                 ; 0 s                 ; 2.32 V                       ; 1.74e-09 V                   ; 2.4 V               ; -0.0195 V           ; 0.196 V                              ; 0.023 V                              ; 2.87e-10 s                  ; 3.09e-10 s                  ; Yes                        ; Yes                        ; 2.32 V                      ; 1.74e-09 V                  ; 2.4 V              ; -0.0195 V          ; 0.196 V                             ; 0.023 V                             ; 2.87e-10 s                 ; 3.09e-10 s                 ; Yes                       ; Yes                       ;
; p12           ; 2.5 V        ; 0 s                 ; 0 s                 ; 2.32 V                       ; 1.74e-09 V                   ; 2.4 V               ; -0.0195 V           ; 0.196 V                              ; 0.023 V                              ; 2.87e-10 s                  ; 3.09e-10 s                  ; Yes                        ; Yes                        ; 2.32 V                      ; 1.74e-09 V                  ; 2.4 V              ; -0.0195 V          ; 0.196 V                             ; 0.023 V                             ; 2.87e-10 s                 ; 3.09e-10 s                 ; Yes                       ; Yes                       ;
; p13           ; 2.5 V        ; 0 s                 ; 0 s                 ; 2.32 V                       ; 1.74e-09 V                   ; 2.4 V               ; -0.0195 V           ; 0.196 V                              ; 0.023 V                              ; 2.87e-10 s                  ; 3.09e-10 s                  ; Yes                        ; Yes                        ; 2.32 V                      ; 1.74e-09 V                  ; 2.4 V              ; -0.0195 V          ; 0.196 V                             ; 0.023 V                             ; 2.87e-10 s                 ; 3.09e-10 s                 ; Yes                       ; Yes                       ;
; p14           ; 2.5 V        ; 0 s                 ; 0 s                 ; 2.32 V                       ; 1.74e-09 V                   ; 2.4 V               ; -0.0195 V           ; 0.196 V                              ; 0.023 V                              ; 2.87e-10 s                  ; 3.09e-10 s                  ; Yes                        ; Yes                        ; 2.32 V                      ; 1.74e-09 V                  ; 2.4 V              ; -0.0195 V          ; 0.196 V                             ; 0.023 V                             ; 2.87e-10 s                 ; 3.09e-10 s                 ; Yes                       ; Yes                       ;
; p15           ; 2.5 V        ; 0 s                 ; 0 s                 ; 2.32 V                       ; 1.74e-09 V                   ; 2.4 V               ; -0.0195 V           ; 0.196 V                              ; 0.023 V                              ; 2.87e-10 s                  ; 3.09e-10 s                  ; Yes                        ; Yes                        ; 2.32 V                      ; 1.74e-09 V                  ; 2.4 V              ; -0.0195 V          ; 0.196 V                             ; 0.023 V                             ; 2.87e-10 s                 ; 3.09e-10 s                 ; Yes                       ; Yes                       ;
; ~ALTERA_DCLK~ ; 2.5 V        ; 0 s                 ; 0 s                 ; 2.32 V                       ; 1.16e-09 V                   ; 2.39 V              ; -0.0798 V           ; 0.13 V                               ; 0.103 V                              ; 2.71e-10 s                  ; 2.5e-10 s                   ; Yes                        ; Yes                        ; 2.32 V                      ; 1.16e-09 V                  ; 2.39 V             ; -0.0798 V          ; 0.13 V                              ; 0.103 V                             ; 2.71e-10 s                 ; 2.5e-10 s                  ; Yes                       ; Yes                       ;
; ~ALTERA_nCEO~ ; 2.5 V        ; 0 s                 ; 0 s                 ; 2.32 V                       ; 1.64e-09 V                   ; 2.39 V              ; -0.00331 V          ; 0.132 V                              ; 0.006 V                              ; 4.59e-10 s                  ; 5.62e-10 s                  ; No                         ; Yes                        ; 2.32 V                      ; 1.64e-09 V                  ; 2.39 V             ; -0.00331 V         ; 0.132 V                             ; 0.006 V                             ; 4.59e-10 s                 ; 5.62e-10 s                 ; No                        ; Yes                       ;
+---------------+--------------+---------------------+---------------------+------------------------------+------------------------------+---------------------+---------------------+--------------------------------------+--------------------------------------+-----------------------------+-----------------------------+----------------------------+----------------------------+-----------------------------+-----------------------------+--------------------+--------------------+-------------------------------------+-------------------------------------+----------------------------+----------------------------+---------------------------+---------------------------+


+--------------------------------------------------------------------------------------------------------------------------------------------------------------------------------------------------------------------------------------------------------------------------------------------------------------------------------------------------------------------------------------------------------------------------------------------------------------------------------------------------------------------------------------------------------------------------------------------------------------------------------------------------------------------------------------------+
; Signal Integrity Metrics (Slow 1200mv 125c Model)                                                                                                                                                                                                                                                                                                                                                                                                                                                                                                                                                                                                                                          ;
+---------------+--------------+---------------------+---------------------+------------------------------+------------------------------+---------------------+---------------------+--------------------------------------+--------------------------------------+-----------------------------+-----------------------------+----------------------------+----------------------------+-----------------------------+-----------------------------+--------------------+--------------------+-------------------------------------+-------------------------------------+----------------------------+----------------------------+---------------------------+---------------------------+
; Pin           ; I/O Standard ; Board Delay on Rise ; Board Delay on Fall ; Steady State Voh at FPGA Pin ; Steady State Vol at FPGA Pin ; Voh Max at FPGA Pin ; Vol Min at FPGA Pin ; Ringback Voltage on Rise at FPGA Pin ; Ringback Voltage on Fall at FPGA Pin ; 10-90 Rise Time at FPGA Pin ; 90-10 Fall Time at FPGA Pin ; Monotonic Rise at FPGA Pin ; Monotonic Fall at FPGA Pin ; Steady State Voh at Far-end ; Steady State Vol at Far-end ; Voh Max at Far-end ; Vol Min at Far-end ; Ringback Voltage on Rise at Far-end ; Ringback Voltage on Fall at Far-end ; 10-90 Rise Time at Far-end ; 90-10 Fall Time at Far-end ; Monotonic Rise at Far-end ; Monotonic Fall at Far-end ;
+---------------+--------------+---------------------+---------------------+------------------------------+------------------------------+---------------------+---------------------+--------------------------------------+--------------------------------------+-----------------------------+-----------------------------+----------------------------+----------------------------+-----------------------------+-----------------------------+--------------------+--------------------+-------------------------------------+-------------------------------------+----------------------------+----------------------------+---------------------------+---------------------------+
; p0            ; 2.5 V        ; 0 s                 ; 0 s                 ; 2.32 V                       ; 2.91e-06 V                   ; 2.35 V              ; -0.00923 V          ; 0.127 V                              ; 0.041 V                              ; 4.74e-10 s                  ; 4.81e-10 s                  ; Yes                        ; Yes                        ; 2.32 V                      ; 2.91e-06 V                  ; 2.35 V             ; -0.00923 V         ; 0.127 V                             ; 0.041 V                             ; 4.74e-10 s                 ; 4.81e-10 s                 ; Yes                       ; Yes                       ;
; p1            ; 2.5 V        ; 0 s                 ; 0 s                 ; 2.32 V                       ; 4.32e-06 V                   ; 2.35 V              ; -0.0124 V           ; 0.057 V                              ; 0.05 V                               ; 4.87e-10 s                  ; 5.02e-10 s                  ; Yes                        ; Yes                        ; 2.32 V                      ; 4.32e-06 V                  ; 2.35 V             ; -0.0124 V          ; 0.057 V                             ; 0.05 V                              ; 4.87e-10 s                 ; 5.02e-10 s                 ; Yes                       ; Yes                       ;
; p2            ; 2.5 V        ; 0 s                 ; 0 s                 ; 2.32 V                       ; 4.32e-06 V                   ; 2.35 V              ; -0.0124 V           ; 0.057 V                              ; 0.05 V                               ; 4.87e-10 s                  ; 5.02e-10 s                  ; Yes                        ; Yes                        ; 2.32 V                      ; 4.32e-06 V                  ; 2.35 V             ; -0.0124 V          ; 0.057 V                             ; 0.05 V                              ; 4.87e-10 s                 ; 5.02e-10 s                 ; Yes                       ; Yes                       ;
; p3            ; 2.5 V        ; 0 s                 ; 0 s                 ; 2.32 V                       ; 2.91e-06 V                   ; 2.35 V              ; -0.00923 V          ; 0.127 V                              ; 0.041 V                              ; 4.74e-10 s                  ; 4.81e-10 s                  ; Yes                        ; Yes                        ; 2.32 V                      ; 2.91e-06 V                  ; 2.35 V             ; -0.00923 V         ; 0.127 V                             ; 0.041 V                             ; 4.74e-10 s                 ; 4.81e-10 s                 ; Yes                       ; Yes                       ;
; p4            ; 2.5 V        ; 0 s                 ; 0 s                 ; 2.32 V                       ; 2.91e-06 V                   ; 2.34 V              ; -0.0096 V           ; 0.063 V                              ; 0.023 V                              ; 6.92e-10 s                  ; 6.75e-10 s                  ; Yes                        ; Yes                        ; 2.32 V                      ; 2.91e-06 V                  ; 2.34 V             ; -0.0096 V          ; 0.063 V                             ; 0.023 V                             ; 6.92e-10 s                 ; 6.75e-10 s                 ; Yes                       ; Yes                       ;
; p5            ; 2.5 V        ; 0 s                 ; 0 s                 ; 2.32 V                       ; 2.91e-06 V                   ; 2.35 V              ; -0.00923 V          ; 0.127 V                              ; 0.041 V                              ; 4.74e-10 s                  ; 4.81e-10 s                  ; Yes                        ; Yes                        ; 2.32 V                      ; 2.91e-06 V                  ; 2.35 V             ; -0.00923 V         ; 0.127 V                             ; 0.041 V                             ; 4.74e-10 s                 ; 4.81e-10 s                 ; Yes                       ; Yes                       ;
; p6            ; 2.5 V        ; 0 s                 ; 0 s                 ; 2.32 V                       ; 2.91e-06 V                   ; 2.35 V              ; -0.00923 V          ; 0.127 V                              ; 0.041 V                              ; 4.74e-10 s                  ; 4.81e-10 s                  ; Yes                        ; Yes                        ; 2.32 V                      ; 2.91e-06 V                  ; 2.35 V             ; -0.00923 V         ; 0.127 V                             ; 0.041 V                             ; 4.74e-10 s                 ; 4.81e-10 s                 ; Yes                       ; Yes                       ;
; p7            ; 2.5 V        ; 0 s                 ; 0 s                 ; 2.32 V                       ; 4.32e-06 V                   ; 2.35 V              ; -0.0124 V           ; 0.057 V                              ; 0.05 V                               ; 4.87e-10 s                  ; 5.02e-10 s                  ; Yes                        ; Yes                        ; 2.32 V                      ; 4.32e-06 V                  ; 2.35 V             ; -0.0124 V          ; 0.057 V                             ; 0.05 V                              ; 4.87e-10 s                 ; 5.02e-10 s                 ; Yes                       ; Yes                       ;
; p8            ; 2.5 V        ; 0 s                 ; 0 s                 ; 2.32 V                       ; 4.32e-06 V                   ; 2.35 V              ; -0.0124 V           ; 0.057 V                              ; 0.05 V                               ; 4.87e-10 s                  ; 5.02e-10 s                  ; Yes                        ; Yes                        ; 2.32 V                      ; 4.32e-06 V                  ; 2.35 V             ; -0.0124 V          ; 0.057 V                             ; 0.05 V                              ; 4.87e-10 s                 ; 5.02e-10 s                 ; Yes                       ; Yes                       ;
; p9            ; 2.5 V        ; 0 s                 ; 0 s                 ; 2.32 V                       ; 4.32e-06 V                   ; 2.35 V              ; -0.0124 V           ; 0.057 V                              ; 0.05 V                               ; 4.87e-10 s                  ; 5.02e-10 s                  ; Yes                        ; Yes                        ; 2.32 V                      ; 4.32e-06 V                  ; 2.35 V             ; -0.0124 V          ; 0.057 V                             ; 0.05 V                              ; 4.87e-10 s                 ; 5.02e-10 s                 ; Yes                       ; Yes                       ;
; p10           ; 2.5 V        ; 0 s                 ; 0 s                 ; 2.32 V                       ; 2.91e-06 V                   ; 2.33 V              ; -0.00204 V          ; 0.091 V                              ; 0.053 V                              ; 3.77e-09 s                  ; 3.59e-09 s                  ; Yes                        ; Yes                        ; 2.32 V                      ; 2.91e-06 V                  ; 2.33 V             ; -0.00204 V         ; 0.091 V                             ; 0.053 V                             ; 3.77e-09 s                 ; 3.59e-09 s                 ; Yes                       ; Yes                       ;
; p11           ; 2.5 V        ; 0 s                 ; 0 s                 ; 2.32 V                       ; 4.32e-06 V                   ; 2.35 V              ; -0.0124 V           ; 0.057 V                              ; 0.05 V                               ; 4.87e-10 s                  ; 5.02e-10 s                  ; Yes                        ; Yes                        ; 2.32 V                      ; 4.32e-06 V                  ; 2.35 V             ; -0.0124 V          ; 0.057 V                             ; 0.05 V                              ; 4.87e-10 s                 ; 5.02e-10 s                 ; Yes                       ; Yes                       ;
; p12           ; 2.5 V        ; 0 s                 ; 0 s                 ; 2.32 V                       ; 4.32e-06 V                   ; 2.35 V              ; -0.0124 V           ; 0.057 V                              ; 0.05 V                               ; 4.87e-10 s                  ; 5.02e-10 s                  ; Yes                        ; Yes                        ; 2.32 V                      ; 4.32e-06 V                  ; 2.35 V             ; -0.0124 V          ; 0.057 V                             ; 0.05 V                              ; 4.87e-10 s                 ; 5.02e-10 s                 ; Yes                       ; Yes                       ;
; p13           ; 2.5 V        ; 0 s                 ; 0 s                 ; 2.32 V                       ; 4.32e-06 V                   ; 2.35 V              ; -0.0124 V           ; 0.057 V                              ; 0.05 V                               ; 4.87e-10 s                  ; 5.02e-10 s                  ; Yes                        ; Yes                        ; 2.32 V                      ; 4.32e-06 V                  ; 2.35 V             ; -0.0124 V          ; 0.057 V                             ; 0.05 V                              ; 4.87e-10 s                 ; 5.02e-10 s                 ; Yes                       ; Yes                       ;
; p14           ; 2.5 V        ; 0 s                 ; 0 s                 ; 2.32 V                       ; 4.32e-06 V                   ; 2.35 V              ; -0.0124 V           ; 0.057 V                              ; 0.05 V                               ; 4.87e-10 s                  ; 5.02e-10 s                  ; Yes                        ; Yes                        ; 2.32 V                      ; 4.32e-06 V                  ; 2.35 V             ; -0.0124 V          ; 0.057 V                             ; 0.05 V                              ; 4.87e-10 s                 ; 5.02e-10 s                 ; Yes                       ; Yes                       ;
; p15           ; 2.5 V        ; 0 s                 ; 0 s                 ; 2.32 V                       ; 4.32e-06 V                   ; 2.35 V              ; -0.0124 V           ; 0.057 V                              ; 0.05 V                               ; 4.87e-10 s                  ; 5.02e-10 s                  ; Yes                        ; Yes                        ; 2.32 V                      ; 4.32e-06 V                  ; 2.35 V             ; -0.0124 V          ; 0.057 V                             ; 0.05 V                              ; 4.87e-10 s                 ; 5.02e-10 s                 ; Yes                       ; Yes                       ;
; ~ALTERA_DCLK~ ; 2.5 V        ; 0 s                 ; 0 s                 ; 2.32 V                       ; 2.33e-06 V                   ; 2.35 V              ; -0.00598 V          ; 0.095 V                              ; 0.012 V                              ; 4.54e-10 s                  ; 3.98e-10 s                  ; Yes                        ; Yes                        ; 2.32 V                      ; 2.33e-06 V                  ; 2.35 V             ; -0.00598 V         ; 0.095 V                             ; 0.012 V                             ; 4.54e-10 s                 ; 3.98e-10 s                 ; Yes                       ; Yes                       ;
; ~ALTERA_nCEO~ ; 2.5 V        ; 0 s                 ; 0 s                 ; 2.32 V                       ; 3.86e-06 V                   ; 2.34 V              ; -0.00776 V          ; 0.107 V                              ; 0.033 V                              ; 6.63e-10 s                  ; 8.55e-10 s                  ; Yes                        ; Yes                        ; 2.32 V                      ; 3.86e-06 V                  ; 2.34 V             ; -0.00776 V         ; 0.107 V                             ; 0.033 V                             ; 6.63e-10 s                 ; 8.55e-10 s                 ; Yes                       ; Yes                       ;
+---------------+--------------+---------------------+---------------------+------------------------------+------------------------------+---------------------+---------------------+--------------------------------------+--------------------------------------+-----------------------------+-----------------------------+----------------------------+----------------------------+-----------------------------+-----------------------------+--------------------+--------------------+-------------------------------------+-------------------------------------+----------------------------+----------------------------+---------------------------+---------------------------+


+--------------------------------------------------------------------------------------------------------------------------------------------------------------------------------------------------------------------------------------------------------------------------------------------------------------------------------------------------------------------------------------------------------------------------------------------------------------------------------------------------------------------------------------------------------------------------------------------------------------------------------------------------------------------------------------------+
; Signal Integrity Metrics (Fast 1200mv n40c Model)                                                                                                                                                                                                                                                                                                                                                                                                                                                                                                                                                                                                                                          ;
+---------------+--------------+---------------------+---------------------+------------------------------+------------------------------+---------------------+---------------------+--------------------------------------+--------------------------------------+-----------------------------+-----------------------------+----------------------------+----------------------------+-----------------------------+-----------------------------+--------------------+--------------------+-------------------------------------+-------------------------------------+----------------------------+----------------------------+---------------------------+---------------------------+
; Pin           ; I/O Standard ; Board Delay on Rise ; Board Delay on Fall ; Steady State Voh at FPGA Pin ; Steady State Vol at FPGA Pin ; Voh Max at FPGA Pin ; Vol Min at FPGA Pin ; Ringback Voltage on Rise at FPGA Pin ; Ringback Voltage on Fall at FPGA Pin ; 10-90 Rise Time at FPGA Pin ; 90-10 Fall Time at FPGA Pin ; Monotonic Rise at FPGA Pin ; Monotonic Fall at FPGA Pin ; Steady State Voh at Far-end ; Steady State Vol at Far-end ; Voh Max at Far-end ; Vol Min at Far-end ; Ringback Voltage on Rise at Far-end ; Ringback Voltage on Fall at Far-end ; 10-90 Rise Time at Far-end ; 90-10 Fall Time at Far-end ; Monotonic Rise at Far-end ; Monotonic Fall at Far-end ;
+---------------+--------------+---------------------+---------------------+------------------------------+------------------------------+---------------------+---------------------+--------------------------------------+--------------------------------------+-----------------------------+-----------------------------+----------------------------+----------------------------+-----------------------------+-----------------------------+--------------------+--------------------+-------------------------------------+-------------------------------------+----------------------------+----------------------------+---------------------------+---------------------------+
; p0            ; 2.5 V        ; 0 s                 ; 0 s                 ; 2.62 V                       ; 2.24e-09 V                   ; 2.76 V              ; -0.0537 V           ; 0.17 V                               ; 0.079 V                              ; 2.61e-10 s                  ; 2.39e-10 s                  ; No                         ; Yes                        ; 2.62 V                      ; 2.24e-09 V                  ; 2.76 V             ; -0.0537 V          ; 0.17 V                              ; 0.079 V                             ; 2.61e-10 s                 ; 2.39e-10 s                 ; No                        ; Yes                       ;
; p1            ; 2.5 V        ; 0 s                 ; 0 s                 ; 2.62 V                       ; 3.18e-09 V                   ; 2.74 V              ; -0.0527 V           ; 0.162 V                              ; 0.083 V                              ; 2.61e-10 s                  ; 2.44e-10 s                  ; Yes                        ; Yes                        ; 2.62 V                      ; 3.18e-09 V                  ; 2.74 V             ; -0.0527 V          ; 0.162 V                             ; 0.083 V                             ; 2.61e-10 s                 ; 2.44e-10 s                 ; Yes                       ; Yes                       ;
; p2            ; 2.5 V        ; 0 s                 ; 0 s                 ; 2.62 V                       ; 3.18e-09 V                   ; 2.74 V              ; -0.0527 V           ; 0.162 V                              ; 0.083 V                              ; 2.61e-10 s                  ; 2.44e-10 s                  ; Yes                        ; Yes                        ; 2.62 V                      ; 3.18e-09 V                  ; 2.74 V             ; -0.0527 V          ; 0.162 V                             ; 0.083 V                             ; 2.61e-10 s                 ; 2.44e-10 s                 ; Yes                       ; Yes                       ;
; p3            ; 2.5 V        ; 0 s                 ; 0 s                 ; 2.62 V                       ; 2.24e-09 V                   ; 2.76 V              ; -0.0537 V           ; 0.17 V                               ; 0.079 V                              ; 2.61e-10 s                  ; 2.39e-10 s                  ; No                         ; Yes                        ; 2.62 V                      ; 2.24e-09 V                  ; 2.76 V             ; -0.0537 V          ; 0.17 V                              ; 0.079 V                             ; 2.61e-10 s                 ; 2.39e-10 s                 ; No                        ; Yes                       ;
; p4            ; 2.5 V        ; 0 s                 ; 0 s                 ; 2.62 V                       ; 2.24e-09 V                   ; 2.74 V              ; -0.0529 V           ; 0.285 V                              ; 0.071 V                              ; 2.99e-10 s                  ; 3.3e-10 s                   ; No                         ; Yes                        ; 2.62 V                      ; 2.24e-09 V                  ; 2.74 V             ; -0.0529 V          ; 0.285 V                             ; 0.071 V                             ; 2.99e-10 s                 ; 3.3e-10 s                  ; No                        ; Yes                       ;
; p5            ; 2.5 V        ; 0 s                 ; 0 s                 ; 2.62 V                       ; 2.24e-09 V                   ; 2.76 V              ; -0.0537 V           ; 0.17 V                               ; 0.079 V                              ; 2.61e-10 s                  ; 2.39e-10 s                  ; No                         ; Yes                        ; 2.62 V                      ; 2.24e-09 V                  ; 2.76 V             ; -0.0537 V          ; 0.17 V                              ; 0.079 V                             ; 2.61e-10 s                 ; 2.39e-10 s                 ; No                        ; Yes                       ;
; p6            ; 2.5 V        ; 0 s                 ; 0 s                 ; 2.62 V                       ; 2.24e-09 V                   ; 2.76 V              ; -0.0537 V           ; 0.17 V                               ; 0.079 V                              ; 2.61e-10 s                  ; 2.39e-10 s                  ; No                         ; Yes                        ; 2.62 V                      ; 2.24e-09 V                  ; 2.76 V             ; -0.0537 V          ; 0.17 V                              ; 0.079 V                             ; 2.61e-10 s                 ; 2.39e-10 s                 ; No                        ; Yes                       ;
; p7            ; 2.5 V        ; 0 s                 ; 0 s                 ; 2.62 V                       ; 3.18e-09 V                   ; 2.74 V              ; -0.0527 V           ; 0.162 V                              ; 0.083 V                              ; 2.61e-10 s                  ; 2.44e-10 s                  ; Yes                        ; Yes                        ; 2.62 V                      ; 3.18e-09 V                  ; 2.74 V             ; -0.0527 V          ; 0.162 V                             ; 0.083 V                             ; 2.61e-10 s                 ; 2.44e-10 s                 ; Yes                       ; Yes                       ;
; p8            ; 2.5 V        ; 0 s                 ; 0 s                 ; 2.62 V                       ; 3.18e-09 V                   ; 2.74 V              ; -0.0527 V           ; 0.162 V                              ; 0.083 V                              ; 2.61e-10 s                  ; 2.44e-10 s                  ; Yes                        ; Yes                        ; 2.62 V                      ; 3.18e-09 V                  ; 2.74 V             ; -0.0527 V          ; 0.162 V                             ; 0.083 V                             ; 2.61e-10 s                 ; 2.44e-10 s                 ; Yes                       ; Yes                       ;
; p9            ; 2.5 V        ; 0 s                 ; 0 s                 ; 2.62 V                       ; 3.18e-09 V                   ; 2.74 V              ; -0.0527 V           ; 0.162 V                              ; 0.083 V                              ; 2.61e-10 s                  ; 2.44e-10 s                  ; Yes                        ; Yes                        ; 2.62 V                      ; 3.18e-09 V                  ; 2.74 V             ; -0.0527 V          ; 0.162 V                             ; 0.083 V                             ; 2.61e-10 s                 ; 2.44e-10 s                 ; Yes                       ; Yes                       ;
; p10           ; 2.5 V        ; 0 s                 ; 0 s                 ; 2.62 V                       ; 2.24e-09 V                   ; 2.65 V              ; -0.0149 V           ; 0.207 V                              ; 0.176 V                              ; 2.15e-09 s                  ; 2.03e-09 s                  ; No                         ; Yes                        ; 2.62 V                      ; 2.24e-09 V                  ; 2.65 V             ; -0.0149 V          ; 0.207 V                             ; 0.176 V                             ; 2.15e-09 s                 ; 2.03e-09 s                 ; No                        ; Yes                       ;
; p11           ; 2.5 V        ; 0 s                 ; 0 s                 ; 2.62 V                       ; 3.18e-09 V                   ; 2.74 V              ; -0.0527 V           ; 0.162 V                              ; 0.083 V                              ; 2.61e-10 s                  ; 2.44e-10 s                  ; Yes                        ; Yes                        ; 2.62 V                      ; 3.18e-09 V                  ; 2.74 V             ; -0.0527 V          ; 0.162 V                             ; 0.083 V                             ; 2.61e-10 s                 ; 2.44e-10 s                 ; Yes                       ; Yes                       ;
; p12           ; 2.5 V        ; 0 s                 ; 0 s                 ; 2.62 V                       ; 3.18e-09 V                   ; 2.74 V              ; -0.0527 V           ; 0.162 V                              ; 0.083 V                              ; 2.61e-10 s                  ; 2.44e-10 s                  ; Yes                        ; Yes                        ; 2.62 V                      ; 3.18e-09 V                  ; 2.74 V             ; -0.0527 V          ; 0.162 V                             ; 0.083 V                             ; 2.61e-10 s                 ; 2.44e-10 s                 ; Yes                       ; Yes                       ;
; p13           ; 2.5 V        ; 0 s                 ; 0 s                 ; 2.62 V                       ; 3.18e-09 V                   ; 2.74 V              ; -0.0527 V           ; 0.162 V                              ; 0.083 V                              ; 2.61e-10 s                  ; 2.44e-10 s                  ; Yes                        ; Yes                        ; 2.62 V                      ; 3.18e-09 V                  ; 2.74 V             ; -0.0527 V          ; 0.162 V                             ; 0.083 V                             ; 2.61e-10 s                 ; 2.44e-10 s                 ; Yes                       ; Yes                       ;
; p14           ; 2.5 V        ; 0 s                 ; 0 s                 ; 2.62 V                       ; 3.18e-09 V                   ; 2.74 V              ; -0.0527 V           ; 0.162 V                              ; 0.083 V                              ; 2.61e-10 s                  ; 2.44e-10 s                  ; Yes                        ; Yes                        ; 2.62 V                      ; 3.18e-09 V                  ; 2.74 V             ; -0.0527 V          ; 0.162 V                             ; 0.083 V                             ; 2.61e-10 s                 ; 2.44e-10 s                 ; Yes                       ; Yes                       ;
; p15           ; 2.5 V        ; 0 s                 ; 0 s                 ; 2.62 V                       ; 3.18e-09 V                   ; 2.74 V              ; -0.0527 V           ; 0.162 V                              ; 0.083 V                              ; 2.61e-10 s                  ; 2.44e-10 s                  ; Yes                        ; Yes                        ; 2.62 V                      ; 3.18e-09 V                  ; 2.74 V             ; -0.0527 V          ; 0.162 V                             ; 0.083 V                             ; 2.61e-10 s                 ; 2.44e-10 s                 ; Yes                       ; Yes                       ;
; ~ALTERA_DCLK~ ; 2.5 V        ; 0 s                 ; 0 s                 ; 2.62 V                       ; 1.87e-09 V                   ; 2.79 V              ; -0.0524 V           ; 0.19 V                               ; 0.066 V                              ; 2.63e-10 s                  ; 1.96e-10 s                  ; No                         ; Yes                        ; 2.62 V                      ; 1.87e-09 V                  ; 2.79 V             ; -0.0524 V          ; 0.19 V                              ; 0.066 V                             ; 2.63e-10 s                 ; 1.96e-10 s                 ; No                        ; Yes                       ;
; ~ALTERA_nCEO~ ; 2.5 V        ; 0 s                 ; 0 s                 ; 2.62 V                       ; 2.91e-09 V                   ; 2.73 V              ; -0.0159 V           ; 0.231 V                              ; 0.026 V                              ; 2.89e-10 s                  ; 4.54e-10 s                  ; Yes                        ; Yes                        ; 2.62 V                      ; 2.91e-09 V                  ; 2.73 V             ; -0.0159 V          ; 0.231 V                             ; 0.026 V                             ; 2.89e-10 s                 ; 4.54e-10 s                 ; Yes                       ; Yes                       ;
+---------------+--------------+---------------------+---------------------+------------------------------+------------------------------+---------------------+---------------------+--------------------------------------+--------------------------------------+-----------------------------+-----------------------------+----------------------------+----------------------------+-----------------------------+-----------------------------+--------------------+--------------------+-------------------------------------+-------------------------------------+----------------------------+----------------------------+---------------------------+---------------------------+


-------------------
; Clock Transfers ;
-------------------
Nothing to report.


---------------
; Report TCCS ;
---------------
No dedicated SERDES Transmitter circuitry present in device or used in design


---------------
; Report RSKM ;
---------------
No dedicated SERDES Receiver circuitry present in device or used in design


+------------------------------------------------+
; Unconstrained Paths                            ;
+---------------------------------+-------+------+
; Property                        ; Setup ; Hold ;
+---------------------------------+-------+------+
; Illegal Clocks                  ; 0     ; 0    ;
; Unconstrained Clocks            ; 0     ; 0    ;
; Unconstrained Input Ports       ; 16    ; 16   ;
; Unconstrained Input Port Paths  ; 200   ; 200  ;
; Unconstrained Output Ports      ; 16    ; 16   ;
; Unconstrained Output Port Paths ; 200   ; 200  ;
+---------------------------------+-------+------+


+------------------------------------+
; TimeQuest Timing Analyzer Messages ;
+------------------------------------+
Info: *******************************************************************
Info: Running Quartus II 64-Bit TimeQuest Timing Analyzer
    Info: Version 13.0.1 Build 232 06/12/2013 Service Pack 1 SJ Full Version
    Info: Processing started: Mon Nov 11 19:56:16 2024
Info: Command: quartus_sta METRIX -c METRIX
Info: qsta_default_script.tcl version: #1
Info (11104): Parallel Compilation has detected 8 hyper-threaded processors. However, the extra hyper-threaded processors will not be used by default. Parallel Compilation will use 4 of the 4 physical processors detected instead.
Info (21077): Low junction temperature is -40 degrees C
Info (21077): High junction temperature is 125 degrees C
Critical Warning (332012): Synopsys Design Constraints File file not found: 'METRIX.sdc'. A Synopsys Design Constraints File is required by the TimeQuest Timing Analyzer to get proper timing constraints. Without it, the Compiler will not properly optimize the design.
Info (332142): No user constrained base clocks found in the design. Calling "derive_clocks -period 1.0"
Info (332096): The command derive_clocks did not find any clocks to derive.  No clocks were created or changed.
Warning (332068): No clocks defined in design.
Info (332143): No user constrained clock uncertainty found in the design. Calling "derive_clock_uncertainty"
Info (332154): The derive_clock_uncertainty command did not apply clock uncertainty to any clock-to-clock transfers.
Info: Found TIMEQUEST_REPORT_SCRIPT_INCLUDE_DEFAULT_ANALYSIS = ON
Info (332159): No clocks to report
Info: Analyzing Slow 1200mV 125C Model
Info (332140): No fmax paths to report
Info (332140): No Setup paths to report
Info (332140): No Hold paths to report
Info (332140): No Recovery paths to report
Info (332140): No Removal paths to report
Info (332140): No Minimum Pulse Width paths to report
Info: Analyzing Slow 1200mV -40C Model
Info (334003): Started post-fitting delay annotation
Info (334004): Delay annotation completed successfully
Info (332142): No user constrained base clocks found in the design. Calling "derive_clocks -period 1.0"
Info (332096): The command derive_clocks did not find any clocks to derive.  No clocks were created or changed.
Warning (332068): No clocks defined in design.
Info (332154): The derive_clock_uncertainty command did not apply clock uncertainty to any clock-to-clock transfers.
Info (332140): No fmax paths to report
Info (332140): No Setup paths to report
Info (332140): No Hold paths to report
Info (332140): No Recovery paths to report
Info (332140): No Removal paths to report
Info (332140): No Minimum Pulse Width paths to report
Info: Analyzing Fast 1200mV -40C Model
Info (332142): No user constrained base clocks found in the design. Calling "derive_clocks -period 1.0"
Info (332096): The command derive_clocks did not find any clocks to derive.  No clocks were created or changed.
Warning (332068): No clocks defined in design.
Info (332154): The derive_clock_uncertainty command did not apply clock uncertainty to any clock-to-clock transfers.
Info (332140): No Setup paths to report
Info (332140): No Hold paths to report
Info (332140): No Recovery paths to report
Info (332140): No Removal paths to report
Info (332140): No Minimum Pulse Width paths to report
Info (332102): Design is not fully constrained for setup requirements
Info (332102): Design is not fully constrained for hold requirements
Info: Quartus II 64-Bit TimeQuest Timing Analyzer was successful. 0 errors, 4 warnings
    Info: Peak virtual memory: 458 megabytes
    Info: Processing ended: Mon Nov 11 19:56:18 2024
    Info: Elapsed time: 00:00:02
    Info: Total CPU time (on all processors): 00:00:01


